Source;Word;Article;Forms;Wortart;Genus;URL;nur_im_Plural
A1;%;;;Symbol;;https://www.dwds.de/wb/%25;0.0
A1;&;;;Symbol;;https://www.dwds.de/wb/%26;0.0
BW3;(ein) bisschen;;;;;;
BW3;(ein) paar;;;;;;
BW3;(sich) freuen;;du freust dich, Freude;;;;
B1;-weis;;;Affix;;https://www.dwds.de/wb/-weis;0.0
B1;-weise;;;Affix;;https://www.dwds.de/wb/-weise;0.0
B1;Abbildung;die;;Substantiv;fem.;https://www.dwds.de/wb/Abbildung;0.0
A1,BW3;Abend;der;die Abende, abends;Substantiv;mask.;https://www.dwds.de/wb/Abend;0.0
BW3;Abendessen;das;;Substantiv;;;
B1;Abenteuer;das;;Substantiv;neutr.;https://www.dwds.de/wb/Abenteuer;0.0
A1;Abfahrt;die;;Substantiv;fem.;https://www.dwds.de/wb/Abfahrt;0.0
B1;Abfall;der;;Substantiv;mask.;https://www.dwds.de/wb/Abfall;0.0
B1;Abfalleimer;der;;Substantiv;mask.;https://www.dwds.de/wb/Abfalleimer;0.0
A1;Abflug;der;;Substantiv;mask.;https://www.dwds.de/wb/Abflug;0.0
B1;Abgas;das;;Substantiv;neutr.;https://www.dwds.de/wb/Abgas;0.0
B1;Abitur;das;;Substantiv;neutr.;https://www.dwds.de/wb/Abitur;0.0
B1;Abonnement;das;;Substantiv;neutr.;https://www.dwds.de/wb/Abonnement;0.0
B1;Abschied;der;;Substantiv;mask.;https://www.dwds.de/wb/Abschied;0.0
B1;Abschluss;der;;Substantiv;mask.;https://www.dwds.de/wb/Abschluss;0.0
B1;Abschnitt;der;;Substantiv;mask.;https://www.dwds.de/wb/Abschnitt;0.0
A1;Absender;der;;Substantiv;mask.;https://www.dwds.de/wb/Absender;0.0
B1;Absenderin;die;;Substantiv;fem.;https://www.dwds.de/wb/Absenderin;0.0
B1;Abt;der;;Substantiv;mask.;https://www.dwds.de/wb/Abt;0.0
B1;Abteilung;die;;Substantiv;fem.;https://www.dwds.de/wb/Abteilung;0.0
B1;Abwart;der;;Substantiv;mask.;https://www.dwds.de/wb/Abwart;0.0
B1;Abwartin;die;;Substantiv;fem.;https://www.dwds.de/wb/Abwartin;0.0
A1;Achtung;die;;Substantiv;fem.;https://www.dwds.de/wb/Achtung;0.0
A1;Adresse;die;;Substantiv;fem.;https://www.dwds.de/wb/Adresse;0.0
BW3;Advent;der;;Substantiv;;;
A2;Ahnung;die;;Substantiv;fem.;https://www.dwds.de/wb/Ahnung;0.0
B1;Aktion;die;;Substantiv;fem.;https://www.dwds.de/wb/Aktion;0.0
B1;Aktivität;die;;Substantiv;fem.;https://www.dwds.de/wb/Aktivit%C3%A4t;0.0
B1;Alarm;der;;Substantiv;mask.;https://www.dwds.de/wb/Alarm;0.0
B1;Alkohol;der;;Substantiv;mask.;https://www.dwds.de/wb/Alkohol;0.0
B1;Alltag;der;;Substantiv;mask.;https://www.dwds.de/wb/Alltag;0.0
B1;Alphabet;das;;Substantiv;neutr.;https://www.dwds.de/wb/Alphabet;0.0
B1;Altenheim;das;;Substantiv;neutr.;https://www.dwds.de/wb/Altenheim;0.0
A1;Alter;das;;Substantiv;neutr.;https://www.dwds.de/wb/Alter;0.0
B1;Alternative;die;;Substantiv;fem.;https://www.dwds.de/wb/Alternative#1;0.0
B1;Altersheim;das;;Substantiv;neutr.;https://www.dwds.de/wb/Altersheim;0.0
BW1;Ameise;die;;Substantiv;;;
A2,BW1;Ampel;die;;Substantiv;fem.;https://www.dwds.de/wb/Ampel;0.0
BW1;Amsel;die;;Substantiv;;;
B1;Amt;das;;Substantiv;neutr.;https://www.dwds.de/wb/Amt;0.0
B1;Anbieter;der;;Substantiv;mask.;https://www.dwds.de/wb/Anbieter;0.0
A1,BW1;Anfang;der;Anfänge;Substantiv;mask.;https://www.dwds.de/wb/Anfang;0.0
B1;Angabe;die;;Substantiv;fem.;https://www.dwds.de/wb/Angabe;0.0
A1;Angebot;das;;Substantiv;neutr.;https://www.dwds.de/wb/Angebot;0.0
B1;Angehörige;;;Substantiv;fem., mask.;https://www.dwds.de/wb/Angeh%C3%B6rige;0.0
B1;Angestellte;;;Substantiv;mask., fem.;https://www.dwds.de/wb/Angestellte;0.0
A2;Angst;die;;Substantiv;fem.;https://www.dwds.de/wb/Angst;0.0
A1;Ankunft;die;;Substantiv;fem.;https://www.dwds.de/wb/Ankunft;0.0
B1;Anlage;die;;Substantiv;fem.;https://www.dwds.de/wb/Anlage;0.0
B1;Anleitung;die;;Substantiv;fem.;https://www.dwds.de/wb/Anleitung;0.0
A1;Anmeldung;die;;Substantiv;fem.;https://www.dwds.de/wb/Anmeldung;0.0
B1;Annonce;die;;Substantiv;fem.;https://www.dwds.de/wb/Annonce;0.0
A1;Anrede;die;;Substantiv;fem.;https://www.dwds.de/wb/Anrede;0.0
A1;Anruf;der;;Substantiv;mask.;https://www.dwds.de/wb/Anruf;0.0
A1;Anrufbeantworter;der;;Substantiv;mask.;https://www.dwds.de/wb/Anrufbeantworter;0.0
A1;Ansage;die;;Substantiv;fem.;https://www.dwds.de/wb/Ansage;0.0
A1;Anschluss;der;;Substantiv;mask.;https://www.dwds.de/wb/Anschluss;0.0
B1;Anspruch;der;;Substantiv;mask.;https://www.dwds.de/wb/Anspruch;0.0
B1;Antrag;der;;Substantiv;mask.;https://www.dwds.de/wb/Antrag;0.0
A1;Antwort;die;;Substantiv;fem.;https://www.dwds.de/wb/Antwort;0.0
B1;Anwalt;der;;Substantiv;mask.;https://www.dwds.de/wb/Anwalt;0.0
B1;Anwältin;die;;Substantiv;fem.;https://www.dwds.de/wb/Anw%C3%A4ltin;0.0
B1;Anzahl;die;;Substantiv;fem.;https://www.dwds.de/wb/Anzahl;0.0
A1;Anzeige;die;;Substantiv;fem.;https://www.dwds.de/wb/Anzeige;0.0
A2;Anzug;der;;Substantiv;mask.;https://www.dwds.de/wb/Anzug;0.0
A1;Apartment;das;;Substantiv;neutr.;https://www.dwds.de/wb/Apartment;0.0
A1,BW1;Apfel;der;Äpfel;Substantiv;mask.;https://www.dwds.de/wb/Apfel;0.0
A2;Apotheke;die;;Substantiv;fem.;https://www.dwds.de/wb/Apotheke;0.0
A2;Apparat;der;;Substantiv;mask.;https://www.dwds.de/wb/Apparat;0.0
A1;Appartement;das;;Substantiv;neutr.;https://www.dwds.de/wb/Appartement;0.0
A1;Appetit;der;;Substantiv;mask.;https://www.dwds.de/wb/Appetit;0.0
B1;Aprikose;die;;Substantiv;fem.;https://www.dwds.de/wb/Aprikose;0.0
A1,BW1;April;der;;Substantiv;mask.;https://www.dwds.de/wb/April;0.0
BW3;Aquarium;das;Aquarien;Substantiv;;;
A1;Arbeit;die;;Substantiv;fem.;https://www.dwds.de/wb/Arbeit;0.0
B1;Arbeiter;der;;Substantiv;mask.;https://www.dwds.de/wb/Arbeiter;0.0
B1;Arbeiterin;die;;Substantiv;fem.;https://www.dwds.de/wb/Arbeiterin;0.0
B1;Arbeitserlaubnis;die;;Substantiv;fem.;https://www.dwds.de/wb/Arbeitserlaubnis;0.0
B1;Arbeitslosigkeit;die;;Substantiv;fem.;https://www.dwds.de/wb/Arbeitslosigkeit;0.0
A1;Arbeitsplatz;der;;Substantiv;mask.;https://www.dwds.de/wb/Arbeitsplatz;0.0
B1;Arbeitsstelle;die;;Substantiv;fem.;https://www.dwds.de/wb/Arbeitsstelle;0.0
B1;Architekt;der;;Substantiv;mask.;https://www.dwds.de/wb/Architekt;0.0
B1;Architektin;die;;Substantiv;fem.;https://www.dwds.de/wb/Architektin;0.0
A1,BW1;Arm;der;;Substantiv;mask.;https://www.dwds.de/wb/Arm;0.0
B1;Art;die;;Substantiv;fem.;https://www.dwds.de/wb/Art;0.0
A2;Artikel;der;;Substantiv;mask.;https://www.dwds.de/wb/Artikel;0.0
A1,BW3;Arzt;der;Ärzte, Ärztin;Substantiv;mask.;https://www.dwds.de/wb/Arzt;0.0
BW1;Ast;der;Äste;Substantiv;;;
B1;Asyl;das;;Substantiv;neutr.;https://www.dwds.de/wb/Asyl;0.0
B1;Atem;der;;Substantiv;mask.;https://www.dwds.de/wb/Atem;0.0
B1;Au;;;Symbol;;https://www.dwds.de/wb/Au#3;0.0
B1;Aufenthalt;der;;Substantiv;mask.;https://www.dwds.de/wb/Aufenthalt;0.0
B1;Aufforderung;die;;Substantiv;fem.;https://www.dwds.de/wb/Aufforderung;0.0
A1,BW1;Aufgabe;die;;Substantiv;fem.;https://www.dwds.de/wb/Aufgabe;0.0
B1;Aufnahme;die;;Substantiv;fem.;https://www.dwds.de/wb/Aufnahme;0.0
B1;Auftrag;der;;Substantiv;mask.;https://www.dwds.de/wb/Auftrag;0.0
B1;Auftritt;der;;Substantiv;mask.;https://www.dwds.de/wb/Auftritt;0.0
A1;Aufzug;der;;Substantiv;mask.;https://www.dwds.de/wb/Aufzug;0.0
A1;Auge;das;;Substantiv;neutr.;https://www.dwds.de/wb/Auge;0.0
B1;Augenblick;der;;Substantiv;mask.;https://www.dwds.de/wb/Augenblick;0.0
A1,BW1;August;der;;Substantiv;mask.;https://www.dwds.de/wb/August#1;0.0
A2;Ausbildung;die;;Substantiv;fem.;https://www.dwds.de/wb/Ausbildung;0.0
B1;Ausdruck;der;;Substantiv;mask.;https://www.dwds.de/wb/Ausdruck#1;0.0
B1;Ausfahrt;die;;Substantiv;fem.;https://www.dwds.de/wb/Ausfahrt;0.0
A1;Ausflug;der;;Substantiv;mask.;https://www.dwds.de/wb/Ausflug;0.0
B1;Ausgabe;die;;Substantiv;fem.;https://www.dwds.de/wb/Ausgabe;0.0
A1;Ausgang;der;;Substantiv;mask.;https://www.dwds.de/wb/Ausgang;0.0
B1;Aushilfe;die;;Substantiv;fem.;https://www.dwds.de/wb/Aushilfe;0.0
A1;Auskunft;die;;Substantiv;fem.;https://www.dwds.de/wb/Auskunft;0.0
A1;Ausland;das;;Substantiv;neutr.;https://www.dwds.de/wb/Ausland;0.0
A1;Ausländer;der;;Substantiv;mask.;https://www.dwds.de/wb/Ausl%C3%A4nder;0.0
B1;Ausnahme;die;;Substantiv;fem.;https://www.dwds.de/wb/Ausnahme;0.0
A1;Aussage;die;;Substantiv;fem.;https://www.dwds.de/wb/Aussage;0.0
B1;Aussprache;die;;Substantiv;fem.;https://www.dwds.de/wb/Aussprache;0.0
A2;Ausstellung;die;;Substantiv;fem.;https://www.dwds.de/wb/Ausstellung;0.0
B1;Auswahl;die;;Substantiv;fem.;https://www.dwds.de/wb/Auswahl;0.0
A1;Ausweis;der;;Substantiv;mask.;https://www.dwds.de/wb/Ausweis;0.0
A1;Auto;das;;Substantiv;neutr.;https://www.dwds.de/wb/Auto;0.0
A1;Autobahn;die;;Substantiv;fem.;https://www.dwds.de/wb/Autobahn;0.0
A1;Automat;der;;Substantiv;mask.;https://www.dwds.de/wb/Automat;0.0
B1;Autor;der;;Substantiv;mask.;https://www.dwds.de/wb/Autor;0.0
B1;Autorin;die;;Substantiv;fem.;https://www.dwds.de/wb/Autorin;0.0
BW3;Axt;die;Äxte;Substantiv;;;
A1,BW1;Baby;das;Babys;Substantiv;neutr.;https://www.dwds.de/wb/Baby;0.0
A2;Babysitter;der;;Substantiv;mask.;https://www.dwds.de/wb/Babysitter;0.0
BW1;Bach;der;Bäche;Substantiv;;;
B1;Backofen;der;;Substantiv;mask.;https://www.dwds.de/wb/Backofen;0.0
B1;Backrohr;das;;Substantiv;neutr.;https://www.dwds.de/wb/Backrohr;0.0
A1,BW3;Bad;das;Bäder;Substantiv;neutr.;https://www.dwds.de/wb/Bad;0.0
B1;Badewanne;die;;Substantiv;fem.;https://www.dwds.de/wb/Badewanne;0.0
A1;Bahn;die;;Substantiv;fem.;https://www.dwds.de/wb/Bahn;0.0
A1;Bahnhof;der;;Substantiv;mask.;https://www.dwds.de/wb/Bahnhof;0.0
A1;Bahnsteig;der;;Substantiv;mask.;https://www.dwds.de/wb/Bahnsteig;0.0
A1;Balkon;der;;Substantiv;mask.;https://www.dwds.de/wb/Balkon;0.0
A2,BW3;Ball;der;Bälle;Substantiv;mask.;https://www.dwds.de/wb/Ball#1;0.0
B1;Ballett;das;;Substantiv;neutr.;https://www.dwds.de/wb/Ballett;0.0
A1;Banane;die;;Substantiv;fem.;https://www.dwds.de/wb/Banane;0.0
B1;Bancomat;der;;Substantiv;mask.;https://www.dwds.de/wb/Bancomat;0.0
B1;Bancomatkarte;die;;Substantiv;fem.;https://www.dwds.de/wb/Bancomatkarte;0.0
A2,BW3;Band;die;Bänder;Substantiv;fem.;https://www.dwds.de/wb/Band#3;0.0
A1,BW1;Bank;die;Bänke;Substantiv;fem.;https://www.dwds.de/wb/Bank#1;0.0
B1;Bankleitzahl;die;;Substantiv;fem.;https://www.dwds.de/wb/Bankleitzahl;0.0
B1;Bankomat;der;;Substantiv;mask.;https://www.dwds.de/wb/Bankomat;0.0
B1;Bankomatkarte;die;;Substantiv;fem.;https://www.dwds.de/wb/Bankomatkarte;0.0
B1;Bar;die;;Substantiv;fem.;https://www.dwds.de/wb/Bar#1;0.0
B1;Bargeld;das;;Substantiv;neutr.;https://www.dwds.de/wb/Bargeld;0.0
B1;Bart;der;;Substantiv;mask.;https://www.dwds.de/wb/Bart;0.0
A2;Basketball;der;;Substantiv;mask., neutr.;https://www.dwds.de/wb/Basketball;0.0
B1;Batterie;die;;Substantiv;fem.;https://www.dwds.de/wb/Batterie#1;0.0
B1;Bau;der;;Substantiv;mask.;https://www.dwds.de/wb/Bau;0.0
A1;Bauch;der;;Substantiv;mask.;https://www.dwds.de/wb/Bauch;0.0
B1;Bauer;der;;Substantiv;mask.;https://www.dwds.de/wb/Bauer#1;0.0
B1;Bauernhof;der;;Substantiv;mask.;https://www.dwds.de/wb/Bauernhof;0.0
A1,BW1;Baum;der;Bäume;Substantiv;mask.;https://www.dwds.de/wb/Baum;0.0
A2;Baustelle;die;;Substantiv;fem.;https://www.dwds.de/wb/Baustelle;0.0
A1;Beamte;;;Substantiv;mask., fem.;https://www.dwds.de/wb/Beamte;0.0
B1;Beamtin;die;;Substantiv;fem.;https://www.dwds.de/wb/Beamtin;0.0
B1;Bedarf;der;;Substantiv;mask.;https://www.dwds.de/wb/Bedarf;0.0
B1;Bedeutung;die;;Substantiv;fem.;https://www.dwds.de/wb/Bedeutung;0.0
B1;Bedienungsanleitung;die;;Substantiv;fem.;https://www.dwds.de/wb/Bedienungsanleitung;0.0
B1;Bedingung;die;;Substantiv;fem.;https://www.dwds.de/wb/Bedingung;0.0
BW3;Beere;die;;Substantiv;;;
B1;Beginn;der;;Substantiv;mask.;https://www.dwds.de/wb/Beginn;0.0
B1;Begründung;die;;Substantiv;fem.;https://www.dwds.de/wb/Begr%C3%BCndung;0.0
B1;Behörde;die;;Substantiv;fem.;https://www.dwds.de/wb/Beh%C3%B6rde;0.0
A1,BW1;Bein;das;;Substantiv;neutr.;https://www.dwds.de/wb/Bein;0.0
A1;Beispiel;das;;Substantiv;neutr.;https://www.dwds.de/wb/Beispiel;0.0
B1;Beitrag;der;;Substantiv;mask.;https://www.dwds.de/wb/Beitrag;0.0
A1;Bekannte;;;Substantiv;fem., mask.;https://www.dwds.de/wb/Bekannte;0.0
B1;Beleg;der;;Substantiv;mask.;https://www.dwds.de/wb/Beleg;0.0
B1;Benzin;das;;Substantiv;neutr., mask.;https://www.dwds.de/wb/Benzin;0.0
B1;Beratung;die;;Substantiv;fem.;https://www.dwds.de/wb/Beratung;0.0
B1;Bereich;der;;Substantiv;mask., neutr.;https://www.dwds.de/wb/Bereich;0.0
A2,BW3;Berg;der;Berge, bergig;Substantiv;mask.;https://www.dwds.de/wb/Berg;0.0
B1;Bericht;der;;Substantiv;mask.;https://www.dwds.de/wb/Bericht;0.0
A1;Beruf;der;;Substantiv;mask.;https://www.dwds.de/wb/Beruf;0.0
A2;Bescheid;der;;Substantiv;mask.;https://www.dwds.de/wb/Bescheid;0.0
B1;Beschreibung;die;;Substantiv;fem.;https://www.dwds.de/wb/Beschreibung;0.0
B1;Beschäftigung;die;;Substantiv;fem.;https://www.dwds.de/wb/Besch%C3%A4ftigung;0.0
BW1;Besen;der;;Substantiv;;;
B1;Besprechung;die;;Substantiv;fem.;https://www.dwds.de/wb/Besprechung;0.0
B1;Besserung;die;;Substantiv;fem.;https://www.dwds.de/wb/Besserung;0.0
B1;Bestätigung;die;;Substantiv;fem.;https://www.dwds.de/wb/Best%C3%A4tigung;0.0
A2;Besuch;der;;Substantiv;mask.;https://www.dwds.de/wb/Besuch;0.0
B1;Betrag;der;;Substantiv;mask.;https://www.dwds.de/wb/Betrag;0.0
B1;Betreuer;der;;Substantiv;mask.;https://www.dwds.de/wb/Betreuer;0.0
B1;Betreuerin;die;;Substantiv;fem.;https://www.dwds.de/wb/Betreuerin;0.0
B1;Betreuung;die;;Substantiv;fem.;https://www.dwds.de/wb/Betreuung;0.0
B1;Betrieb;der;;Substantiv;mask.;https://www.dwds.de/wb/Betrieb;0.0
B1;Betriebsrat;der;;Substantiv;mask.;https://www.dwds.de/wb/Betriebsrat;0.0
B1;Betriebsrätin;die;;Substantiv;fem.;https://www.dwds.de/wb/Betriebsr%C3%A4tin;0.0
A1,BW3;Bett;das;;Substantiv;neutr.;https://www.dwds.de/wb/Bett;0.0
B1;Bevölkerung;die;;Substantiv;fem.;https://www.dwds.de/wb/Bev%C3%B6lkerung;0.0
B1;Beweis;der;;Substantiv;mask.;https://www.dwds.de/wb/Beweis;0.0
A2;Bewerbung;die;;Substantiv;fem.;https://www.dwds.de/wb/Bewerbung;0.0
B1;Bewohner;der;;Substantiv;mask.;https://www.dwds.de/wb/Bewohner;0.0
B1;Bewohnerin;die;;Substantiv;fem.;https://www.dwds.de/wb/Bewohnerin;0.0
B1;Beziehung;die;;Substantiv;fem.;https://www.dwds.de/wb/Beziehung;0.0
BW3;Biber;der;;Substantiv;;;
A2;Bibliothek;die;;Substantiv;fem.;https://www.dwds.de/wb/Bibliothek;0.0
A1;Bier;das;;Substantiv;neutr.;https://www.dwds.de/wb/Bier;0.0
A1;Bild;das;;Substantiv;neutr.;https://www.dwds.de/wb/Bild;0.0
B1;Bildschirm;der;;Substantiv;mask.;https://www.dwds.de/wb/Bildschirm;0.0
B1;Billet;das;;Substantiv;neutr.;https://www.dwds.de/wb/Billet;0.0
B1;Billett;das;;Substantiv;neutr.;https://www.dwds.de/wb/Billett;0.0
B1;Biologie;die;;Substantiv;fem.;https://www.dwds.de/wb/Biologie;0.0
A1,BW1;Birne;die;;Substantiv;fem.;https://www.dwds.de/wb/Birne;0.0
A1;Bitte;die;;Substantiv;fem.;https://www.dwds.de/wb/Bitte;0.0
A2;Blatt;das;;Substantiv;neutr.;https://www.dwds.de/wb/Blatt;0.0
A1;Bleistift;der;;Substantiv;mask.;https://www.dwds.de/wb/Bleistift;0.0
A1;Blick;der;;Substantiv;mask.;https://www.dwds.de/wb/Blick#1;0.0
B1;Blitz;der;;Substantiv;mask.;https://www.dwds.de/wb/Blitz;0.0
A2;Blog;;;Substantiv;neutr., mask.;https://www.dwds.de/wb/Blog;0.0
A1,BW1;Blume;die;;Substantiv;fem.;https://www.dwds.de/wb/Blume;0.0
A2;Bluse;die;;Substantiv;fem.;https://www.dwds.de/wb/Bluse;0.0
BW1;Blüte;die;;Substantiv;;;
B1;Boden;der;;Substantiv;mask.;https://www.dwds.de/wb/Boden;0.0
A1;Bogen;der;;Substantiv;mask.;https://www.dwds.de/wb/Bogen#2;0.0
A2;Bohne;die;;Substantiv;fem.;https://www.dwds.de/wb/Bohne;0.0
B1,BW3;Boot;das;;Substantiv;neutr.;https://www.dwds.de/wb/Boot#1;0.0
B1;Botschaft;die;;Substantiv;fem.;https://www.dwds.de/wb/Botschaft;0.0
B1;Braten;der;;Substantiv;mask.;https://www.dwds.de/wb/Braten;0.0
B1;Bremse;die;;Substantiv;fem.;https://www.dwds.de/wb/Bremse#1;0.0
A1,BW1;Brief;der;;Substantiv;mask.;https://www.dwds.de/wb/Brief;0.0
B1;Briefkasten;der;;Substantiv;mask.;https://www.dwds.de/wb/Briefkasten;0.0
A1;Briefmarke;die;;Substantiv;fem.;https://www.dwds.de/wb/Briefmarke;0.0
B1;Brieftasche;die;;Substantiv;fem.;https://www.dwds.de/wb/Brieftasche;0.0
B1;Briefträger;der;;Substantiv;mask.;https://www.dwds.de/wb/Brieftr%C3%A4ger;0.0
B1;Briefträgerin;die;;Substantiv;fem.;https://www.dwds.de/wb/Brieftr%C3%A4gerin;0.0
B1;Briefumschlag;der;;Substantiv;mask.;https://www.dwds.de/wb/Briefumschlag;0.0
A2,BW3;Brille;die;;Substantiv;fem.;https://www.dwds.de/wb/Brille;0.0
B1;Broschüre;die;;Substantiv;fem.;https://www.dwds.de/wb/Brosch%C3%BCre;0.0
A1,BW1;Brot;das;;Substantiv;neutr.;https://www.dwds.de/wb/Brot;0.0
A1,BW1;Bruder;der;Brüder;Substantiv;mask.;https://www.dwds.de/wb/Bruder;0.0
B1;Brust;die;;Substantiv;fem.;https://www.dwds.de/wb/Brust;0.0
A1;Brötchen;das;;Substantiv;neutr.;https://www.dwds.de/wb/Br%C3%B6tchen;0.0
B1;Brötli;das;;Substantiv;neutr.;https://www.dwds.de/wb/Br%C3%B6tli;0.0
A2,BW3;Brücke;die;;Substantiv;fem.;https://www.dwds.de/wb/Br%C3%BCcke;0.0
B1;Bub;der;;Substantiv;mask.;https://www.dwds.de/wb/Bub;0.0
A1,BW1;Buch;das;Bücher;Substantiv;neutr.;https://www.dwds.de/wb/Buch;0.0
B1;Buchhandlung;die;;Substantiv;fem.;https://www.dwds.de/wb/Buchhandlung;0.0
A1;Buchstabe;der;;Substantiv;mask.;https://www.dwds.de/wb/Buchstabe;0.0
B1;Buffet;das;;Substantiv;neutr.;https://www.dwds.de/wb/Buffet;0.0
B1,BW3;Burg;die;Burgen;Substantiv;fem.;https://www.dwds.de/wb/Burg;0.0
A1;Bus;der;;Substantiv;mask.;https://www.dwds.de/wb/Bus;0.0
A1,BW1;Butter;die;;Substantiv;fem., mask.;https://www.dwds.de/wb/Butter;0.0
BW3;Bäcker;der;du backst;Substantiv;;;
A1;Bäckerei;die;;Substantiv;fem.;https://www.dwds.de/wb/B%C3%A4ckerei;0.0
BW1;Bär;der;;Substantiv;;;
B1;Büchse;die;;Substantiv;fem.;https://www.dwds.de/wb/B%C3%BCchse#1;0.0
B1;Büfett;das;;Substantiv;neutr.;https://www.dwds.de/wb/B%C3%BCfett;0.0
B1;Bühne;die;;Substantiv;fem.;https://www.dwds.de/wb/B%C3%BChne;0.0
B1;Bürger;der;;Substantiv;mask.;https://www.dwds.de/wb/B%C3%BCrger;0.0
B1;Bürgerin;die;;Substantiv;fem.;https://www.dwds.de/wb/B%C3%BCrgerin;0.0
A2;Büro;das;;Substantiv;neutr.;https://www.dwds.de/wb/B%C3%BCro;0.0
B1;Bürste;die;;Substantiv;fem.;https://www.dwds.de/wb/B%C3%BCrste;0.0
A1;CD;die;;Substantiv;fem.;https://www.dwds.de/wb/CD#1;0.0
A2;Cafeteria;die;;Substantiv;fem.;https://www.dwds.de/wb/Cafeteria;0.0
A1;Café;das;;Substantiv;neutr.;https://www.dwds.de/wb/Caf%C3%A9;0.0
A1,BW1;Cent;der;;Substantiv;mask.;https://www.dwds.de/wb/Cent;0.0
B1;Chance;die;;Substantiv;fem.;https://www.dwds.de/wb/Chance;0.0
A1;Chef;der;;Substantiv;mask.;https://www.dwds.de/wb/Chef;0.0
A2;Chefin;die;;Substantiv;fem.;https://www.dwds.de/wb/Chefin;0.0
B1;Chipkarte;die;;Substantiv;fem.;https://www.dwds.de/wb/Chipkarte;0.0
A2;Circus;der;;Substantiv;mask.;https://www.dwds.de/wb/Circus;0.0
BW3;Clown;der;;Substantiv;;;
A2;Club;der;;Substantiv;mask.;https://www.dwds.de/wb/Club;0.0
B1;Coiffeur;der;;Substantiv;mask.;https://www.dwds.de/wb/Coiffeur;0.0
B1;Coiffeuse;die;;Substantiv;fem.;https://www.dwds.de/wb/Coiffeuse;0.0
A2,BW1;Comic;der;;Substantiv;mask.;https://www.dwds.de/wb/Comic;0.0
A1;Computer;der;;Substantiv;mask.;https://www.dwds.de/wb/Computer;0.0
B1;Couch;die;;Substantiv;fem.;https://www.dwds.de/wb/Couch;0.0
B1;Cousin;der;;Substantiv;mask.;https://www.dwds.de/wb/Cousin;0.0
B1;Cousine;die;;Substantiv;fem.;https://www.dwds.de/wb/Cousine;0.0
B1;Couvert;das;;Substantiv;neutr.;https://www.dwds.de/wb/Couvert;0.0
A2;Creme;die;;Substantiv;fem.;https://www.dwds.de/wb/Creme;0.0
A2;Crème;die;;Substantiv;fem.;https://www.dwds.de/wb/Cr%C3%A8me;0.0
B1;Dach;das;;Substantiv;neutr.;https://www.dwds.de/wb/Dach;0.0
BW1;Dachs;der;;Substantiv;;;
A2;Dame;die;;Substantiv;fem.;https://www.dwds.de/wb/Dame;0.0
A1;Dank;der;;Substantiv;mask.;https://www.dwds.de/wb/Dank;0.0
B1;Darstellung;die;;Substantiv;fem.;https://www.dwds.de/wb/Darstellung;0.0
A2;Datei;die;;Substantiv;fem.;https://www.dwds.de/wb/Datei;0.0
B1;Daten;;;Substantiv;;https://www.dwds.de/wb/Daten;1.0
A1;Datum;das;;Substantiv;neutr.;https://www.dwds.de/wb/Datum;0.0
B1;Dauer;die;;Substantiv;fem.;https://www.dwds.de/wb/Dauer;0.0
BW1;Daumen;der;;Substantiv;;;
B1,BW1;Decke;die;;Substantiv;fem.;https://www.dwds.de/wb/Decke;0.0
B1;Denkmal;das;;Substantiv;neutr.;https://www.dwds.de/wb/Denkmal;0.0
B1;Dessert;das;;Substantiv;neutr.;https://www.dwds.de/wb/Dessert;0.0
B1;Detail;das;;Substantiv;neutr.;https://www.dwds.de/wb/Detail;0.0
A1;Deutsche;;;Substantiv;fem., mask.;https://www.dwds.de/wb/Deutsche#2;0.0
A1;Deutschland;das;;Substantiv;neutr.;https://www.dwds.de/wb/Deutschland;0.0
A1,BW1;Dezember;der;;Substantiv;mask.;https://www.dwds.de/wb/Dezember;0.0
B1;Dialekt;der;;Substantiv;mask.;https://www.dwds.de/wb/Dialekt;0.0
B1;Dialog;der;;Substantiv;mask.;https://www.dwds.de/wb/Dialog;0.0
B1,BW1;Dieb;der;Diebe;Substantiv;mask.;https://www.dwds.de/wb/Dieb;0.0
B1;Dienst;der;;Substantiv;mask.;https://www.dwds.de/wb/Dienst;0.0
A1,BW1;Dienstag;der;;Substantiv;mask.;https://www.dwds.de/wb/Dienstag;0.0
A2;Ding;das;;Substantiv;neutr.;https://www.dwds.de/wb/Ding#1;0.0
B1;Diplom;das;;Substantiv;neutr.;https://www.dwds.de/wb/Diplom;0.0
B1;Direktor;der;;Substantiv;mask.;https://www.dwds.de/wb/Direktor;0.0
B1;Direktorin;die;;Substantiv;fem.;https://www.dwds.de/wb/Direktorin;0.0
A2;Disco;die;;Substantiv;fem.;https://www.dwds.de/wb/Disco#1;0.0
A2;Disko;die;;Substantiv;fem.;https://www.dwds.de/wb/Disko#1;0.0
B1;Diskothek;die;;Substantiv;fem.;https://www.dwds.de/wb/Diskothek;0.0
B1;Diskussion;die;;Substantiv;fem.;https://www.dwds.de/wb/Diskussion;0.0
B1;Distanz;die;;Substantiv;fem.;https://www.dwds.de/wb/Distanz;0.0
B1;Diät;die;;Substantiv;fem.;https://www.dwds.de/wb/Di%C3%A4t;0.0
A1;Doktor;der;;Substantiv;mask.;https://www.dwds.de/wb/Doktor;0.0
B1;Doktorin;die;;Substantiv;fem.;https://www.dwds.de/wb/Doktorin;0.0
B1;Dokument;das;;Substantiv;neutr.;https://www.dwds.de/wb/Dokument;0.0
B1;Donner;der;;Substantiv;mask.;https://www.dwds.de/wb/Donner;0.0
A1,BW1;Donnerstag;der;;Substantiv;mask.;https://www.dwds.de/wb/Donnerstag;0.0
A1;Doppelzimmer;das;;Substantiv;neutr.;https://www.dwds.de/wb/Doppelzimmer;0.0
A1;Dorf;das;;Substantiv;neutr.;https://www.dwds.de/wb/Dorf;0.0
B1,BW1;Dose;die;;Substantiv;fem.;https://www.dwds.de/wb/Dose;0.0
BW1;Drache;der;;Substantiv;;;
B1;Dreck;der;;Substantiv;mask.;https://www.dwds.de/wb/Dreck;0.0
B1;Droge;die;;Substantiv;fem.;https://www.dwds.de/wb/Droge;0.0
B1;Drogerie;die;;Substantiv;fem.;https://www.dwds.de/wb/Drogerie;0.0
B1;Druck;der;;Substantiv;mask.;https://www.dwds.de/wb/Druck#1;0.0
A1;Drucker;der;;Substantiv;mask.;https://www.dwds.de/wb/Drucker;0.0
A1;Durchsage;die;;Substantiv;fem.;https://www.dwds.de/wb/Durchsage;0.0
B1;Durchschnitt;der;;Substantiv;mask.;https://www.dwds.de/wb/Durchschnitt;0.0
A1;Durst;der;;Substantiv;mask.;https://www.dwds.de/wb/Durst;0.0
A1,BW1;Dusche;die;duschen;Substantiv;fem.;https://www.dwds.de/wb/Dusche;0.0
A2;E-Book;das;;Substantiv;neutr.;https://www.dwds.de/wb/E-Book;0.0
A1,BW3;E-Mail;die;;Substantiv;fem., neutr.;https://www.dwds.de/wb/E-Mail;0.0
B1;EC-Karte;die;;Substantiv;fem.;https://www.dwds.de/wb/EC-Karte;0.0
B1;Eck;das;;Substantiv;neutr.;https://www.dwds.de/wb/Eck;0.0
A1;Ecke;die;;Substantiv;fem.;https://www.dwds.de/wb/Ecke;0.0
B1;Ehe;die;;Substantiv;fem.;https://www.dwds.de/wb/Ehe;0.0
A1;Ehefrau;die;;Substantiv;fem.;https://www.dwds.de/wb/Ehefrau;0.0
A1;Ehemann;der;;Substantiv;mask.;https://www.dwds.de/wb/Ehemann;0.0
B1;Ehepaar;das;;Substantiv;neutr.;https://www.dwds.de/wb/Ehepaar;0.0
A2;Ehepartner;der;;Substantiv;mask.;https://www.dwds.de/wb/Ehepartner;0.0
A1;Ei;das;;Substantiv;neutr.;https://www.dwds.de/wb/Ei;0.0
B1;Eile;die;;Substantiv;fem.;https://www.dwds.de/wb/Eile;0.0
BW1;Eimer;der;;Substantiv;;;
B1;Einbahnstraße;die;;Substantiv;fem.;https://www.dwds.de/wb/Einbahnstra%C3%9Fe;0.0
B1;Einbrecher;der;;Substantiv;mask.;https://www.dwds.de/wb/Einbrecher;0.0
B1;Einbrecherin;die;;Substantiv;fem.;https://www.dwds.de/wb/Einbrecherin;0.0
B1;Einbruch;der;;Substantiv;mask.;https://www.dwds.de/wb/Einbruch;0.0
B1;Eindruck;der;;Substantiv;mask.;https://www.dwds.de/wb/Eindruck;0.0
B1;Einfahrt;die;;Substantiv;fem.;https://www.dwds.de/wb/Einfahrt;0.0
B1;Einfall;der;;Substantiv;mask.;https://www.dwds.de/wb/Einfall;0.0
B1;Einfluss;der;;Substantiv;mask.;https://www.dwds.de/wb/Einfluss;0.0
B1;Einführung;die;;Substantiv;fem.;https://www.dwds.de/wb/Einf%C3%BChrung;0.0
A1;Eingang;der;;Substantiv;mask.;https://www.dwds.de/wb/Eingang;0.0
B1;Einkauf;der;;Substantiv;mask.;https://www.dwds.de/wb/Einkauf;0.0
A2;Einkaufszentrum;das;;Substantiv;neutr.;https://www.dwds.de/wb/Einkaufszentrum;0.0
B1;Einkommen;das;;Substantiv;neutr.;https://www.dwds.de/wb/Einkommen;0.0
A1;Einladung;die;;Substantiv;fem.;https://www.dwds.de/wb/Einladung;0.0
B1;Einnahme;die;;Substantiv;fem.;https://www.dwds.de/wb/Einnahme;0.0
B1;Einrichtung;die;;Substantiv;fem.;https://www.dwds.de/wb/Einrichtung;0.0
B1;Einschreiben;das;;Substantiv;neutr.;https://www.dwds.de/wb/Einschreiben;0.0
A1;Eintritt;der;;Substantiv;mask.;https://www.dwds.de/wb/Eintritt;0.0
B1;Einwohner;der;;Substantiv;mask.;https://www.dwds.de/wb/Einwohner;0.0
B1;Einwohnerin;die;;Substantiv;fem.;https://www.dwds.de/wb/Einwohnerin;0.0
B1;Einzahlung;die;;Substantiv;fem.;https://www.dwds.de/wb/Einzahlung;0.0
B1;Einzelheit;die;;Substantiv;fem.;https://www.dwds.de/wb/Einzelheit;0.0
A1;Einzelzimmer;das;;Substantiv;neutr.;https://www.dwds.de/wb/Einzelzimmer;0.0
A2,BW1;Eis;das;;Substantiv;neutr.;https://www.dwds.de/wb/Eis#1;0.0
B1;Eisenbahn;die;;Substantiv;fem.;https://www.dwds.de/wb/Eisenbahn;0.0
A1,BW3;Eltern;die;;Substantiv;;https://www.dwds.de/wb/Eltern;1.0
B1;Empfang;der;;Substantiv;mask.;https://www.dwds.de/wb/Empfang;0.0
B1;Empfehlung;die;;Substantiv;fem.;https://www.dwds.de/wb/Empfehlung;0.0
A1;Empfänger;der;;Substantiv;mask.;https://www.dwds.de/wb/Empf%C3%A4nger;0.0
A1,BW1;Ende;das;;Substantiv;neutr.;https://www.dwds.de/wb/Ende;0.0
B1;Energie;die;;Substantiv;fem.;https://www.dwds.de/wb/Energie;0.0
BW1;Engel;der;;Substantiv;;;
B1,BW1;Enkel;der;;Substantiv;mask.;https://www.dwds.de/wb/Enkel;0.0
B1;Enkelin;die;;Substantiv;fem.;https://www.dwds.de/wb/Enkelin;0.0
BW1;Ente;die;;Substantiv;;;
B1;Entfernung;die;;Substantiv;fem.;https://www.dwds.de/wb/Entfernung;0.0
B1;Entlassung;die;;Substantiv;fem.;https://www.dwds.de/wb/Entlassung;0.0
B1;Entscheidung;die;;Substantiv;fem.;https://www.dwds.de/wb/Entscheidung;0.0
A1;Entschuldigung;die;;Substantiv;fem.;https://www.dwds.de/wb/Entschuldigung;0.0
B1;Enttäuschung;die;;Substantiv;fem.;https://www.dwds.de/wb/Entt%C3%A4uschung;0.0
B1;Entwickelung;die;;Substantiv;fem.;https://www.dwds.de/wb/Entwickelung;0.0
B1;Entwicklung;die;;Substantiv;fem.;https://www.dwds.de/wb/Entwicklung;0.0
B1;Erdapfel;der;;Substantiv;mask.;https://www.dwds.de/wb/Erdapfel;0.0
B1,BW1;Erde;die;;Substantiv;fem.;https://www.dwds.de/wb/Erde;0.0
A2;Erdgeschoss;das;;Substantiv;neutr.;https://www.dwds.de/wb/Erdgeschoss;0.0
B1,BW3;Ereignis;das;Ereignisse;Substantiv;neutr.;https://www.dwds.de/wb/Ereignis;0.0
A2;Erfahrung;die;;Substantiv;fem.;https://www.dwds.de/wb/Erfahrung;0.0
B1;Erfindung;die;;Substantiv;fem.;https://www.dwds.de/wb/Erfindung;0.0
B1,BW3;Erfolg;der;Erfolge;Substantiv;mask.;https://www.dwds.de/wb/Erfolg;0.0
A1,BW3;Ergebnis;das;Ergebnisse;Substantiv;neutr.;https://www.dwds.de/wb/Ergebnis;0.0
B1;Erholung;die;;Substantiv;fem.;https://www.dwds.de/wb/Erholung;0.0
B1;Erhöhung;die;;Substantiv;fem.;https://www.dwds.de/wb/Erh%C3%B6hung;0.0
B1;Erinnerung;die;;Substantiv;fem.;https://www.dwds.de/wb/Erinnerung;0.0
B1;Erklärung;die;;Substantiv;fem.;https://www.dwds.de/wb/Erkl%C3%A4rung;0.0
B1;Erkältung;die;;Substantiv;fem.;https://www.dwds.de/wb/Erk%C3%A4ltung;0.0
A2;Erlaubnis;die;;Substantiv;fem.;https://www.dwds.de/wb/Erlaubnis;0.0
B1,BW3;Erlebnis;das;Erlebnisse, erleben;Substantiv;neutr.;https://www.dwds.de/wb/Erlebnis;0.0
A2;Ermäßigung;die;;Substantiv;fem.;https://www.dwds.de/wb/Erm%C3%A4%C3%9Figung;0.0
B1;Ernte;die;;Substantiv;fem.;https://www.dwds.de/wb/Ernte;0.0
B1;Ernährung;die;;Substantiv;fem.;https://www.dwds.de/wb/Ern%C3%A4hrung;0.0
B1;Ersatz;der;;Substantiv;mask.;https://www.dwds.de/wb/Ersatz;0.0
A1;Erwachsene;;;Substantiv;fem., mask.;https://www.dwds.de/wb/Erwachsene;0.0
B1;Erziehung;die;;Substantiv;fem.;https://www.dwds.de/wb/Erziehung;0.0
B1;Erzählung;die;;Substantiv;fem.;https://www.dwds.de/wb/Erz%C3%A4hlung;0.0
B1;Eröffnung;die;;Substantiv;fem.;https://www.dwds.de/wb/Er%C3%B6ffnung;0.0
BW1;Esel;der;;Substantiv;;;
A1;Essen;das;;Substantiv;neutr.;https://www.dwds.de/wb/Essen;0.0
B1;Essig;der;;Substantiv;mask.;https://www.dwds.de/wb/Essig;0.0
B1;Etage;die;;Substantiv;fem.;https://www.dwds.de/wb/Etage;0.0
A1;Euro;der;;Substantiv;mask.;https://www.dwds.de/wb/Euro#1;0.0
A1;Europa;das;;Substantiv;neutr.;https://www.dwds.de/wb/Europa;0.0
A1;Europäer;der;;Substantiv;mask.;https://www.dwds.de/wb/Europ%C3%A4er;0.0
B1;Experte;der;;Substantiv;mask.;https://www.dwds.de/wb/Experte;0.0
B1;Export;der;;Substantiv;mask.;https://www.dwds.de/wb/Export;0.0
B1;Fabrik;die;;Substantiv;fem.;https://www.dwds.de/wb/Fabrik;0.0
A2,BW1;Fach;das;Fächer;Substantiv;neutr.;https://www.dwds.de/wb/Fach#2;0.0
B1;Fachfrau;die;;Substantiv;fem.;https://www.dwds.de/wb/Fachfrau;0.0
B1;Fachleute;;;Substantiv;;https://www.dwds.de/wb/Fachleute;1.0
B1;Fachmann;der;;Substantiv;mask.;https://www.dwds.de/wb/Fachmann;0.0
BW1;Faden;der;Fäden;Substantiv;;;
B1;Fahrbahn;die;;Substantiv;fem.;https://www.dwds.de/wb/Fahrbahn;0.0
A1;Fahrer;der;;Substantiv;mask.;https://www.dwds.de/wb/Fahrer;0.0
A1;Fahrkarte;die;;Substantiv;fem.;https://www.dwds.de/wb/Fahrkarte;0.0
A2;Fahrplan;der;;Substantiv;mask.;https://www.dwds.de/wb/Fahrplan;0.0
A1,BW3;Fahrrad;das;;Substantiv;neutr.;https://www.dwds.de/wb/Fahrrad;0.0
B1;Fahrzeug;das;;Substantiv;neutr.;https://www.dwds.de/wb/Fahrzeug;0.0
B1;Faktor;der;;Substantiv;mask.;https://www.dwds.de/wb/Faktor;0.0
B1;Fall;der;;Substantiv;mask.;https://www.dwds.de/wb/Fall#2;0.0
A1;Familie;die;;Substantiv;fem.;https://www.dwds.de/wb/Familie;0.0
A1;Familienname;der;;Substantiv;mask.;https://www.dwds.de/wb/Familienname;0.0
A1;Familienstand;der;;Substantiv;mask.;https://www.dwds.de/wb/Familienstand;0.0
A2;Fan;der;;Substantiv;mask.;https://www.dwds.de/wb/Fan;0.0
B1;Fantasie;die;;Substantiv;fem.;https://www.dwds.de/wb/Fantasie;0.0
A1,BW1;Farbe;die;;Substantiv;fem.;https://www.dwds.de/wb/Farbe;0.0
B1;Faschierte;das;;Substantiv;neutr.;https://www.dwds.de/wb/Faschierte;0.0
B1;Fasching;der;;Substantiv;mask.;https://www.dwds.de/wb/Fasching;0.0
B1;Fasnacht;die;;Substantiv;fem.;https://www.dwds.de/wb/Fasnacht;0.0
BW3;Faust;die;Fäuste;Substantiv;;;
B1;Fauteuil;der;;Substantiv;mask.;https://www.dwds.de/wb/Fauteuil;0.0
A1;Fax;das;;Substantiv;neutr.;https://www.dwds.de/wb/Fax;0.0
B1;Feber;der;;Substantiv;mask.;https://www.dwds.de/wb/Feber;0.0
A1,BW1;Februar;der;;Substantiv;mask.;https://www.dwds.de/wb/Februar;0.0
BW1;Feder;die;;Substantiv;;;
A1,BW3;Fehler;der;fehlen;Substantiv;mask.;https://www.dwds.de/wb/Fehler;0.0
A2;Feier;die;;Substantiv;fem.;https://www.dwds.de/wb/Feier;0.0
A1;Feierabend;der;;Substantiv;mask.;https://www.dwds.de/wb/Feierabend;0.0
A1;Feiertag;der;;Substantiv;mask.;https://www.dwds.de/wb/Feiertag;0.0
B1,BW3;Feld;das;Felder;Substantiv;neutr.;https://www.dwds.de/wb/Feld;0.0
A2,BW1;Fenster;das;;Substantiv;neutr.;https://www.dwds.de/wb/Fenster;0.0
A2;Ferien;;;Substantiv;;https://www.dwds.de/wb/Ferien;1.0
B1;Fernbedienung;die;;Substantiv;fem.;https://www.dwds.de/wb/Fernbedienung;0.0
B1;Fernsehen;das;;Substantiv;neutr.;https://www.dwds.de/wb/Fernsehen;0.0
B1;Fernseher;der;;Substantiv;mask.;https://www.dwds.de/wb/Fernseher;0.0
A2,BW1;Fest;das;;Substantiv;neutr.;https://www.dwds.de/wb/Fest;0.0
A2;Festival;das;;Substantiv;neutr.;https://www.dwds.de/wb/Festival;0.0
B1;Festplatte;die;;Substantiv;fem.;https://www.dwds.de/wb/Festplatte;0.0
B1;Fett;das;;Substantiv;neutr.;https://www.dwds.de/wb/Fett;0.0
A1;Feuer;das;;Substantiv;neutr.;https://www.dwds.de/wb/Feuer;0.0
B1;Feuerwehr;die;;Substantiv;fem.;https://www.dwds.de/wb/Feuerwehr;0.0
B1;Feuerzeug;das;;Substantiv;neutr.;https://www.dwds.de/wb/Feuerzeug;0.0
A1,BW1;Fieber;das;;Substantiv;neutr.;https://www.dwds.de/wb/Fieber;0.0
B1;Figur;die;;Substantiv;fem.;https://www.dwds.de/wb/Figur;0.0
A1,BW3;Film;der;;Substantiv;mask.;https://www.dwds.de/wb/Film;0.0
B1,BW1;Finger;der;;Substantiv;mask.;https://www.dwds.de/wb/Finger;0.0
A1;Firma;die;;Substantiv;fem.;https://www.dwds.de/wb/Firma;0.0
A1,BW1;Fisch;der;;Substantiv;mask.;https://www.dwds.de/wb/Fisch;0.0
A1,BW1;Flasche;die;;Substantiv;fem.;https://www.dwds.de/wb/Flasche;0.0
B1,BW3;Fleck;der;fleckig;Substantiv;mask.;https://www.dwds.de/wb/Fleck#1;0.0
A1;Fleisch;das;;Substantiv;neutr.;https://www.dwds.de/wb/Fleisch;0.0
B1;Fleischhauer;der;;Substantiv;mask.;https://www.dwds.de/wb/Fleischhauer;0.0
BW1;Fliege;die;du fliegst, ich flog, fliegen;Substantiv;;;
A2;Flohmarkt;der;;Substantiv;mask.;https://www.dwds.de/wb/Flohmarkt;0.0
BW3;Flosse;die;;Substantiv;;;
B1;Flucht;die;;Substantiv;fem.;https://www.dwds.de/wb/Flucht#1;0.0
A2;Flug;der;;Substantiv;mask.;https://www.dwds.de/wb/Flug;0.0
A1;Flughafen;der;;Substantiv;mask.;https://www.dwds.de/wb/Flughafen;0.0
A1;Flugzeug;das;;Substantiv;neutr.;https://www.dwds.de/wb/Flugzeug;0.0
B1;Flur;der;;Substantiv;mask.;https://www.dwds.de/wb/Flur#1;0.0
A2,BW3;Fluss;der;Flüsse;Substantiv;mask.;https://www.dwds.de/wb/Fluss;0.0
B1;Fläche;die;;Substantiv;fem.;https://www.dwds.de/wb/Fl%C3%A4che;0.0
B1,BW1;Flöte;die;;Substantiv;fem.;https://www.dwds.de/wb/Fl%C3%B6te;0.0
B1;Flüssigkeit;die;;Substantiv;fem.;https://www.dwds.de/wb/Fl%C3%BCssigkeit;0.0
B1;Folge;die;;Substantiv;fem.;https://www.dwds.de/wb/Folge;0.0
B1;Forderung;die;;Substantiv;fem.;https://www.dwds.de/wb/Forderung;0.0
B1;Form;die;;Substantiv;fem.;https://www.dwds.de/wb/Form;0.0
A1;Formular;das;;Substantiv;neutr.;https://www.dwds.de/wb/Formular;0.0
B1;Forschung;die;;Substantiv;fem.;https://www.dwds.de/wb/Forschung;0.0
B1;Fortbildung;die;;Substantiv;fem.;https://www.dwds.de/wb/Fortbildung;0.0
B1;Fortschritt;der;;Substantiv;mask.;https://www.dwds.de/wb/Fortschritt;0.0
B1;Fortsetzung;die;;Substantiv;fem.;https://www.dwds.de/wb/Fortsetzung;0.0
B1;Forum;das;;Substantiv;neutr.;https://www.dwds.de/wb/Forum;0.0
A1;Foto;das;;Substantiv;neutr., fem.;https://www.dwds.de/wb/Foto#1;0.0
A2;Fotoapparat;der;;Substantiv;mask.;https://www.dwds.de/wb/Fotoapparat;0.0
B1;Fotograf;der;;Substantiv;mask.;https://www.dwds.de/wb/Fotograf;0.0
B1;Fotografie;die;;Substantiv;fem.;https://www.dwds.de/wb/Fotografie;0.0
A1,BW1;Frage;die;fragen, du fragst;Substantiv;fem.;https://www.dwds.de/wb/Frage;0.0
A1,BW1;Frau;die;;Substantiv;fem.;https://www.dwds.de/wb/Frau;0.0
B1,BW3;Freiheit;die;frei;Substantiv;fem.;https://www.dwds.de/wb/Freiheit;0.0
A1,BW1;Freitag;der;;Substantiv;mask.;https://www.dwds.de/wb/Freitag;0.0
A1;Freizeit;die;;Substantiv;fem.;https://www.dwds.de/wb/Freizeit;0.0
B1;Fremdsprache;die;;Substantiv;fem.;https://www.dwds.de/wb/Fremdsprache;0.0
B1,BW1;Freude;die;(sich) freuen, du freust dich;Substantiv;fem.;https://www.dwds.de/wb/Freude;0.0
A1,BW1;Freund;der;Freunde, Freundin, freundlich;Substantiv;mask.;https://www.dwds.de/wb/Freund;0.0
A1;Freundin;die;;Substantiv;fem.;https://www.dwds.de/wb/Freundin;0.0
B1;Freundschaft;die;;Substantiv;fem.;https://www.dwds.de/wb/Freundschaft;0.0
B1;Friede;der;;Substantiv;mask.;https://www.dwds.de/wb/Friede;0.0
B1;Frieden;der;;Substantiv;mask.;https://www.dwds.de/wb/Frieden;0.0
B1;Friseur;der;;Substantiv;mask.;https://www.dwds.de/wb/Friseur;0.0
B1;Frist;die;;Substantiv;fem.;https://www.dwds.de/wb/Frist;0.0
B1;Frisur;die;;Substantiv;fem.;https://www.dwds.de/wb/Frisur;0.0
B1;Frisör;der;;Substantiv;mask.;https://www.dwds.de/wb/Fris%C3%B6r;0.0
BW1;Frosch;der;Frösche;Substantiv;;;
B1,BW3;Frucht;die;Früchte;Substantiv;fem.;https://www.dwds.de/wb/Frucht;0.0
A1;Frühjahr;das;;Substantiv;neutr.;https://www.dwds.de/wb/Fr%C3%BChjahr;0.0
A1,BW1;Frühling;der;;Substantiv;mask.;https://www.dwds.de/wb/Fr%C3%BChling;0.0
A1,BW3;Frühstück;das;;Substantiv;neutr.;https://www.dwds.de/wb/Fr%C3%BChst%C3%BCck;0.0
BW1;Fuchs;der;Füchse;Substantiv;;;
B1;Fundbüro;das;;Substantiv;neutr.;https://www.dwds.de/wb/Fundb%C3%BCro;0.0
A2;Fundsache;die;;Substantiv;fem.;https://www.dwds.de/wb/Fundsache;0.0
A1,BW1;Fuß;der;Füße;Substantiv;mask.;https://www.dwds.de/wb/Fu%C3%9F;0.0
A1,BW3;Fußball;der;Fäuste;Substantiv;mask.;https://www.dwds.de/wb/Fu%C3%9Fball;0.0
B1;Fußgänger;der;;Substantiv;mask.;https://www.dwds.de/wb/Fu%C3%9Fg%C3%A4nger;0.0
B1;Fußgängerin;die;;Substantiv;fem.;https://www.dwds.de/wb/Fu%C3%9Fg%C3%A4ngerin;0.0
B1;Fußgängerzone;die;;Substantiv;fem.;https://www.dwds.de/wb/Fu%C3%9Fg%C3%A4ngerzone;0.0
B1;Fähigkeit;die;;Substantiv;fem.;https://www.dwds.de/wb/F%C3%A4higkeit;0.0
B1;Fähre;die;;Substantiv;fem.;https://www.dwds.de/wb/F%C3%A4hre;0.0
B1;Führerausweis;der;;Substantiv;mask.;https://www.dwds.de/wb/F%C3%BChrerausweis;0.0
A2;Führerschein;der;;Substantiv;mask.;https://www.dwds.de/wb/F%C3%BChrerschein;0.0
A1;Führung;die;;Substantiv;fem.;https://www.dwds.de/wb/F%C3%BChrung;0.0
BW1;Füller;der;;Substantiv;;;
A2,BW1;Gabel;die;;Substantiv;fem.;https://www.dwds.de/wb/Gabel;0.0
B1;Galerie;die;;Substantiv;fem.;https://www.dwds.de/wb/Galerie;0.0
B1;Gang;der;;Substantiv;mask.;https://www.dwds.de/wb/Gang#1;0.0
A2;Garage;die;;Substantiv;fem.;https://www.dwds.de/wb/Garage;0.0
B1;Garantie;die;;Substantiv;fem.;https://www.dwds.de/wb/Garantie;0.0
B1;Garderobe;die;;Substantiv;fem.;https://www.dwds.de/wb/Garderobe;0.0
A1,BW1;Garten;der;Gärten;Substantiv;mask.;https://www.dwds.de/wb/Garten;0.0
B1;Gas;das;;Substantiv;neutr.;https://www.dwds.de/wb/Gas;0.0
A1,BW1;Gast;der;Gäste;Substantiv;mask.;https://www.dwds.de/wb/Gast#1;0.0
B1;Gasthaus;das;;Substantiv;neutr.;https://www.dwds.de/wb/Gasthaus;0.0
B1;Gaststätte;die;;Substantiv;fem.;https://www.dwds.de/wb/Gastst%C3%A4tte;0.0
B1;Gebiet;das;;Substantiv;neutr.;https://www.dwds.de/wb/Gebiet;0.0
B1;Gebirge;das;;Substantiv;neutr.;https://www.dwds.de/wb/Gebirge;0.0
B1;Gebrauchsanweisung;die;;Substantiv;fem.;https://www.dwds.de/wb/Gebrauchsanweisung;0.0
B1,BW3;Geburt;die;;Substantiv;fem.;https://www.dwds.de/wb/Geburt;0.0
A1;Geburtsjahr;das;;Substantiv;neutr.;https://www.dwds.de/wb/Geburtsjahr;0.0
A1;Geburtsort;der;;Substantiv;mask.;https://www.dwds.de/wb/Geburtsort;0.0
A1,BW3;Geburtstag;der;;Substantiv;mask.;https://www.dwds.de/wb/Geburtstag;0.0
B1;Gebäck;das;;Substantiv;neutr.;https://www.dwds.de/wb/Geb%C3%A4ck;0.0
B1,BW3;Gebäude;das;bauen;Substantiv;neutr.;https://www.dwds.de/wb/Geb%C3%A4ude;0.0
B1;Gebühr;die;;Substantiv;fem.;https://www.dwds.de/wb/Geb%C3%BChr;0.0
B1;Gedanke;der;;Substantiv;mask.;https://www.dwds.de/wb/Gedanke;0.0
B1;Gedicht;das;;Substantiv;neutr.;https://www.dwds.de/wb/Gedicht;0.0
B1;Geduld;die;;Substantiv;fem.;https://www.dwds.de/wb/Geduld;0.0
B1;Gefahr;die;;Substantiv;fem.;https://www.dwds.de/wb/Gefahr;0.0
B1;Gefängnis;das;;Substantiv;neutr.;https://www.dwds.de/wb/Gef%C3%A4ngnis;0.0
B1;Gefühl;das;;Substantiv;neutr.;https://www.dwds.de/wb/Gef%C3%BChl;0.0
B1;Gegend;die;;Substantiv;fem.;https://www.dwds.de/wb/Gegend;0.0
B1;Gegensatz;der;;Substantiv;mask.;https://www.dwds.de/wb/Gegensatz;0.0
B1;Gegenstand;der;;Substantiv;mask.;https://www.dwds.de/wb/Gegenstand;0.0
A2;Gegenteil;das;;Substantiv;neutr.;https://www.dwds.de/wb/Gegenteil;0.0
B1;Gegner;der;;Substantiv;mask.;https://www.dwds.de/wb/Gegner;0.0
A2;Gehalt;das;;Substantiv;neutr., mask.;https://www.dwds.de/wb/Gehalt#2;0.0
B1,BW3;Geheimnis;das;;Substantiv;neutr.;https://www.dwds.de/wb/Geheimnis;0.0
B1;Gehsteig;der;;Substantiv;mask.;https://www.dwds.de/wb/Gehsteig;0.0
A1,BW3;Geld;das;Gelder;Substantiv;neutr.;https://www.dwds.de/wb/Geld;0.0
B1;Geldautomat;der;;Substantiv;mask.;https://www.dwds.de/wb/Geldautomat;0.0
A2;Geldbörse;die;;Substantiv;fem.;https://www.dwds.de/wb/Geldb%C3%B6rse;0.0
B1;Gelegenheit;die;;Substantiv;fem.;https://www.dwds.de/wb/Gelegenheit;0.0
B1;Gemeinschaft;die;;Substantiv;fem.;https://www.dwds.de/wb/Gemeinschaft;0.0
A1,BW1;Gemüse;das;;Substantiv;neutr.;https://www.dwds.de/wb/Gem%C3%BCse;0.0
B1;Generation;die;;Substantiv;fem.;https://www.dwds.de/wb/Generation;0.0
A1;Gepäck;das;;Substantiv;neutr.;https://www.dwds.de/wb/Gep%C3%A4ck;0.0
A2;Gericht;das;;Substantiv;neutr.;https://www.dwds.de/wb/Gericht#1;0.0
A2;Gerät;das;;Substantiv;neutr.;https://www.dwds.de/wb/Ger%C3%A4t;0.0
A1,BW1;Geschenk;das;schenken;Substantiv;neutr.;https://www.dwds.de/wb/Geschenk;0.0
A2;Geschichte;die;;Substantiv;fem.;https://www.dwds.de/wb/Geschichte;0.0
A2;Geschirr;das;;Substantiv;neutr.;https://www.dwds.de/wb/Geschirr#1;0.0
B1;Geschlecht;das;;Substantiv;neutr.;https://www.dwds.de/wb/Geschlecht;0.0
B1;Geschmack;der;;Substantiv;mask.;https://www.dwds.de/wb/Geschmack;0.0
B1;Geschwindigkeit;die;;Substantiv;fem.;https://www.dwds.de/wb/Geschwindigkeit;0.0
B1;Geschwindigkeitsbeschränkung;die;;Substantiv;fem.;https://www.dwds.de/wb/Geschwindigkeitsbeschr%C3%A4nkung;0.0
A1;Geschwister;das;;Substantiv;neutr.;https://www.dwds.de/wb/Geschwister;0.0
A1;Geschäft;das;;Substantiv;neutr.;https://www.dwds.de/wb/Gesch%C3%A4ft;0.0
B1;Gesellschaft;die;;Substantiv;fem.;https://www.dwds.de/wb/Gesellschaft;0.0
B1;Gesetz;das;;Substantiv;neutr.;https://www.dwds.de/wb/Gesetz;0.0
BW1;Gesicht;das;Gesichter;Substantiv;;;
A1;Gespräch;das;;Substantiv;neutr.;https://www.dwds.de/wb/Gespr%C3%A4ch;0.0
A2;Gesundheit;die;;Substantiv;fem.;https://www.dwds.de/wb/Gesundheit;0.0
A1;Getränk;das;;Substantiv;neutr.;https://www.dwds.de/wb/Getr%C3%A4nk;0.0
B1;Gewalt;die;;Substantiv;fem.;https://www.dwds.de/wb/Gewalt;0.0
B1;Gewerkschaft;die;;Substantiv;fem.;https://www.dwds.de/wb/Gewerkschaft;0.0
A1;Gewicht;das;;Substantiv;neutr.;https://www.dwds.de/wb/Gewicht;0.0
B1;Gewinn;der;;Substantiv;mask.;https://www.dwds.de/wb/Gewinn;0.0
B1;Gewissen;das;;Substantiv;neutr.;https://www.dwds.de/wb/Gewissen;0.0
A2;Gewitter;das;;Substantiv;neutr.;https://www.dwds.de/wb/Gewitter;0.0
B1;Gewohnheit;die;;Substantiv;fem.;https://www.dwds.de/wb/Gewohnheit;0.0
B1;Gewürz;das;;Substantiv;neutr.;https://www.dwds.de/wb/Gew%C3%BCrz;0.0
B1;Gift;das;;Substantiv;neutr.;https://www.dwds.de/wb/Gift#1;0.0
B1;Girokonto;das;;Substantiv;neutr.;https://www.dwds.de/wb/Girokonto;0.0
A2;Gitarre;die;;Substantiv;fem.;https://www.dwds.de/wb/Gitarre;0.0
B1;Glace;die;;Substantiv;fem.;https://www.dwds.de/wb/Glace#1;0.0
B1;Glacé;die;;Substantiv;fem., neutr.;https://www.dwds.de/wb/Glac%C3%A9;0.0
A1,BW1;Glas;das;Gläser;Substantiv;neutr.;https://www.dwds.de/wb/Glas#1;0.0
A1;Gleis;das;;Substantiv;neutr.;https://www.dwds.de/wb/Gleis;0.0
A1;Glück;das;;Substantiv;neutr.;https://www.dwds.de/wb/Gl%C3%BCck;0.0
A1;Glückwunsch;der;;Substantiv;mask.;https://www.dwds.de/wb/Gl%C3%BCckwunsch;0.0
B1;Gold;das;;Substantiv;neutr.;https://www.dwds.de/wb/Gold;0.0
B1;Golf;das;;Substantiv;neutr.;https://www.dwds.de/wb/Golf#2;0.0
B1;Gott;der;;Substantiv;mask.;https://www.dwds.de/wb/Gott;0.0
A1;Grad;der;;Substantiv;mask., neutr.;https://www.dwds.de/wb/Grad;0.0
B1;Grafik;die;;Substantiv;fem.;https://www.dwds.de/wb/Grafik;0.0
A1;Gramm;das;;Substantiv;neutr.;https://www.dwds.de/wb/Gramm;0.0
B1;Graphik;die;;Substantiv;fem.;https://www.dwds.de/wb/Graphik;0.0
B1,BW1,BW3;Gras;das;Gräser;Substantiv;neutr.;https://www.dwds.de/wb/Gras;0.0
B1;Gratulation;die;;Substantiv;fem.;https://www.dwds.de/wb/Gratulation;0.0
B1;Grenze;die;;Substantiv;fem.;https://www.dwds.de/wb/Grenze;0.0
B1;Grill;der;;Substantiv;mask.;https://www.dwds.de/wb/Grill;0.0
A2;Grippe;die;;Substantiv;fem.;https://www.dwds.de/wb/Grippe;0.0
A1;Großeltern;;;Substantiv;;https://www.dwds.de/wb/Gro%C3%9Feltern;1.0
A1;Großmutter;die;;Substantiv;fem.;https://www.dwds.de/wb/Gro%C3%9Fmutter;0.0
A1;Großvater;der;;Substantiv;mask.;https://www.dwds.de/wb/Gro%C3%9Fvater;0.0
B1;Grund;der;;Substantiv;mask.;https://www.dwds.de/wb/Grund;0.0
B1;Grundstück;das;;Substantiv;neutr.;https://www.dwds.de/wb/Grundst%C3%BCck;0.0
A1;Gruppe;die;;Substantiv;fem.;https://www.dwds.de/wb/Gruppe;0.0
A1,BW3;Gruß;der;Grüße, grüßen, begrüßen;Substantiv;mask.;https://www.dwds.de/wb/Gru%C3%9F;0.0
A1;Größe;die;;Substantiv;fem.;https://www.dwds.de/wb/Gr%C3%B6%C3%9Fe;0.0
B1;Gymnastik;die;;Substantiv;fem.;https://www.dwds.de/wb/Gymnastik;0.0
A1,BW3;Haar;das;;Substantiv;neutr.;https://www.dwds.de/wb/Haar;0.0
B1;Hackfleisch;das;;Substantiv;neutr.;https://www.dwds.de/wb/Hackfleisch;0.0
B1;Hafen;der;;Substantiv;mask.;https://www.dwds.de/wb/Hafen#1;0.0
BW3;Hai;der;Haie;Substantiv;;;
A1;Halbpension;die;;Substantiv;fem.;https://www.dwds.de/wb/Halbpension;0.0
A1;Halle;die;;Substantiv;fem.;https://www.dwds.de/wb/Halle;0.0
B1;Hallenbad;das;;Substantiv;neutr.;https://www.dwds.de/wb/Hallenbad;0.0
A2,BW3;Hals;der;Hälse;Substantiv;mask.;https://www.dwds.de/wb/Hals#1;0.0
B1;Halt;der;;Substantiv;mask.;https://www.dwds.de/wb/Halt;0.0
A1;Haltestelle;die;;Substantiv;fem.;https://www.dwds.de/wb/Haltestelle;0.0
A2;Hamburger;der;;Substantiv;mask.;https://www.dwds.de/wb/Hamburger#3;0.0
B1;Hammer;der;;Substantiv;mask.;https://www.dwds.de/wb/Hammer;0.0
BW1;Hamster;der;;Substantiv;;;
A1,BW3;Hand;die;Hände;Substantiv;fem.;https://www.dwds.de/wb/Hand;0.0
B1;Handel;der;;Substantiv;mask.;https://www.dwds.de/wb/Handel#1;0.0
A2;Handtuch;das;;Substantiv;neutr.;https://www.dwds.de/wb/Handtuch;0.0
B1;Handwerker;der;;Substantiv;mask.;https://www.dwds.de/wb/Handwerker;0.0
A1,BW1;Handy;das;Handys;Substantiv;neutr.;https://www.dwds.de/wb/Handy;0.0
BW1;Hase;der;;Substantiv;;;
B1;Hauptbahnhof;der;;Substantiv;mask.;https://www.dwds.de/wb/Hauptbahnhof;0.0
A2;Hauptstadt;die;;Substantiv;fem.;https://www.dwds.de/wb/Hauptstadt;0.0
A1,BW1;Haus;das;Häuser;Substantiv;neutr.;https://www.dwds.de/wb/Haus;0.0
A1;Hausaufgabe;die;;Substantiv;fem.;https://www.dwds.de/wb/Hausaufgabe;0.0
A1;Hausfrau;die;;Substantiv;fem.;https://www.dwds.de/wb/Hausfrau;0.0
A2;Haushalt;der;;Substantiv;mask.;https://www.dwds.de/wb/Haushalt;0.0
A1;Hausmann;der;;Substantiv;mask.;https://www.dwds.de/wb/Hausmann;0.0
B1;Hausmeister;der;;Substantiv;mask.;https://www.dwds.de/wb/Hausmeister;0.0
B1;Hausmeisterin;die;;Substantiv;fem.;https://www.dwds.de/wb/Hausmeisterin;0.0
B1;Haustier;das;;Substantiv;neutr.;https://www.dwds.de/wb/Haustier;0.0
B1,BW3;Haut;die;Häute;Substantiv;fem.;https://www.dwds.de/wb/Haut;0.0
A2;Heft;das;;Substantiv;neutr.;https://www.dwds.de/wb/Heft#1;0.0
B1;Heim;das;;Substantiv;neutr.;https://www.dwds.de/wb/Heim;0.0
A1;Heimat;die;;Substantiv;fem.;https://www.dwds.de/wb/Heimat;0.0
B1;Heimweh;das;;Substantiv;neutr.;https://www.dwds.de/wb/Heimweh;0.0
A2,BW3;Heizung;die;heizen;Substantiv;fem.;https://www.dwds.de/wb/Heizung;0.0
B1;Held;der;;Substantiv;mask.;https://www.dwds.de/wb/Held;0.0
B1;Heldin;die;;Substantiv;fem.;https://www.dwds.de/wb/Heldin;0.0
A2;Hemd;das;;Substantiv;neutr.;https://www.dwds.de/wb/Hemd;0.0
B1;Henderl;das;;Substantiv;neutr.;https://www.dwds.de/wb/Henderl;0.0
B1;Hendl;das;;Substantiv;neutr.;https://www.dwds.de/wb/Hendl;0.0
B1;Herausforderung;die;;Substantiv;fem.;https://www.dwds.de/wb/Herausforderung;0.0
A1,BW1;Herbst;der;;Substantiv;mask.;https://www.dwds.de/wb/Herbst;0.0
A1;Herd;der;;Substantiv;mask.;https://www.dwds.de/wb/Herd;0.0
B1;Herkunft;die;;Substantiv;fem.;https://www.dwds.de/wb/Herkunft;0.0
A1,BW3;Herr;der;;Substantiv;mask.;https://www.dwds.de/wb/Herr;0.0
B1;Hersteller;der;;Substantiv;mask.;https://www.dwds.de/wb/Hersteller;0.0
B1,BW1;Herz;das;herzlich;Substantiv;neutr.;https://www.dwds.de/wb/Herz;0.0
BW1;Hexe;die;;Substantiv;;;
A1;Hilfe;die;;Substantiv;fem.;https://www.dwds.de/wb/Hilfe;0.0
A2,BW1;Himmel;der;;Substantiv;mask.;https://www.dwds.de/wb/Himmel;0.0
B1;Hinweis;der;;Substantiv;mask.;https://www.dwds.de/wb/Hinweis;0.0
B1,BW1;Hitze;die;;Substantiv;fem.;https://www.dwds.de/wb/Hitze;0.0
A1,BW3;Hobby;das;Hobbys;Substantiv;neutr.;https://www.dwds.de/wb/Hobby;0.0
A1;Hochzeit;die;;Substantiv;fem.;https://www.dwds.de/wb/Hochzeit#1;0.0
B1;Hof;der;;Substantiv;mask.;https://www.dwds.de/wb/Hof;0.0
B1;Hoffnung;die;;Substantiv;fem.;https://www.dwds.de/wb/Hoffnung;0.0
B1;Holz;das;;Substantiv;neutr.;https://www.dwds.de/wb/Holz;0.0
A2;Homepage;die;;Substantiv;fem.;https://www.dwds.de/wb/Homepage;0.0
B1;Honig;der;;Substantiv;mask.;https://www.dwds.de/wb/Honig;0.0
A2,BW1;Hose;die;;Substantiv;fem.;https://www.dwds.de/wb/Hose;0.0
A1;Hotel;das;;Substantiv;neutr.;https://www.dwds.de/wb/Hotel;0.0
BW3;Huhn;das;Hühner;Substantiv;;;
B1;Humor;der;;Substantiv;mask.;https://www.dwds.de/wb/Humor;0.0
A1,BW1;Hund;der;Hunde;Substantiv;mask.;https://www.dwds.de/wb/Hund#1;0.0
A1,BW1;Hunger;der;hungrig;Substantiv;mask.;https://www.dwds.de/wb/Hunger;0.0
B1;Husten;der;;Substantiv;mask.;https://www.dwds.de/wb/Husten;0.0
B1;Hut;der;;Substantiv;mask.;https://www.dwds.de/wb/Hut#1;0.0
A1;Hähnchen;das;;Substantiv;neutr.;https://www.dwds.de/wb/H%C3%A4hnchen;0.0
B1;Hälfte;die;;Substantiv;fem.;https://www.dwds.de/wb/H%C3%A4lfte;0.0
A2;Händetuch;das;;Substantiv;neutr.;https://www.dwds.de/wb/H%C3%A4ndetuch;0.0
B1;Händler;der;;Substantiv;mask.;https://www.dwds.de/wb/H%C3%A4ndler;0.0
B1;Händlerin;die;;Substantiv;fem.;https://www.dwds.de/wb/H%C3%A4ndlerin;0.0
B1;Höhe;die;;Substantiv;fem.;https://www.dwds.de/wb/H%C3%B6he;0.0
BW3;Höhle;die;hohl;Substantiv;;;
B1;Hörer;der;;Substantiv;mask.;https://www.dwds.de/wb/H%C3%B6rer;0.0
B1;Hörerin;die;;Substantiv;fem.;https://www.dwds.de/wb/H%C3%B6rerin;0.0
B1;Hügel;der;;Substantiv;mask.;https://www.dwds.de/wb/H%C3%BCgel;0.0
B1;Hühnchen;das;;Substantiv;neutr.;https://www.dwds.de/wb/H%C3%BChnchen;0.0
B1;Hütte;die;;Substantiv;fem.;https://www.dwds.de/wb/H%C3%BCtte#1;0.0
A2;Idee;die;;Substantiv;fem.;https://www.dwds.de/wb/Idee;0.0
BW3;Igel;der;;Substantiv;;;
B1;Imbiss;der;;Substantiv;mask.;https://www.dwds.de/wb/Imbiss;0.0
BW3;Impfung;die;impfen;Substantiv;;;
B1;Import;der;;Substantiv;mask.;https://www.dwds.de/wb/Import;0.0
B1;Industrie;die;;Substantiv;fem.;https://www.dwds.de/wb/Industrie;0.0
B1;Infektion;die;;Substantiv;fem.;https://www.dwds.de/wb/Infektion;0.0
A1;Information;die;;Substantiv;fem.;https://www.dwds.de/wb/Information;0.0
B1;Ingenieur;der;;Substantiv;mask.;https://www.dwds.de/wb/Ingenieur;0.0
B1;Inhalt;der;;Substantiv;mask.;https://www.dwds.de/wb/Inhalt;0.0
A2,BW1;Insel;die;;Substantiv;fem.;https://www.dwds.de/wb/Insel;0.0
B1;Inserat;das;;Substantiv;neutr.;https://www.dwds.de/wb/Inserat;0.0
B1;Institut;das;;Substantiv;neutr.;https://www.dwds.de/wb/Institut;0.0
A2;Instrument;das;;Substantiv;neutr.;https://www.dwds.de/wb/Instrument;0.0
B1;Integration;die;;Substantiv;fem.;https://www.dwds.de/wb/Integration;0.0
B1;Intelligenz;die;;Substantiv;fem.;https://www.dwds.de/wb/Intelligenz;0.0
B1;Intensivkurs;der;;Substantiv;mask.;https://www.dwds.de/wb/Intensivkurs;0.0
A2;Interesse;das;;Substantiv;neutr.;https://www.dwds.de/wb/Interesse;0.0
A1;Internet;das;;Substantiv;neutr.;https://www.dwds.de/wb/Internet;0.0
A2;Interview;das;;Substantiv;neutr.;https://www.dwds.de/wb/Interview;0.0
A1,BW1;Jacke;die;;Substantiv;fem.;https://www.dwds.de/wb/Jacke;0.0
A1,BW3;Jahr;das;jährlich;Substantiv;neutr.;https://www.dwds.de/wb/Jahr;0.0
A1,BW1;Januar;der;;Substantiv;mask.;https://www.dwds.de/wb/Januar;0.0
B1;Jause;die;;Substantiv;fem.;https://www.dwds.de/wb/Jause;0.0
A2;Jeans;die;;Substantiv;fem.;https://www.dwds.de/wb/Jeans;0.0
A1;Job;der;;Substantiv;mask.;https://www.dwds.de/wb/Job;0.0
B1;Journalist;der;;Substantiv;mask.;https://www.dwds.de/wb/Journalist;0.0
B1;Journalistin;die;;Substantiv;fem.;https://www.dwds.de/wb/Journalistin;0.0
B1;Jugend;die;;Substantiv;fem.;https://www.dwds.de/wb/Jugend;0.0
A2;Jugendherberge;die;;Substantiv;fem.;https://www.dwds.de/wb/Jugendherberge;0.0
A1;Jugendliche;;;Substantiv;fem., mask.;https://www.dwds.de/wb/Jugendliche;0.0
A1,BW1;Juli;der;;Substantiv;mask.;https://www.dwds.de/wb/Juli;0.0
A1,BW1;Junge;der;jung;Substantiv;mask.;https://www.dwds.de/wb/Junge#1;0.0
A1,BW1;Juni;der;;Substantiv;mask.;https://www.dwds.de/wb/Juni;0.0
B1;Kabel;das;;Substantiv;neutr.;https://www.dwds.de/wb/Kabel;0.0
B1;Kabine;die;;Substantiv;fem.;https://www.dwds.de/wb/Kabine;0.0
A1;Kaffee;der;;Substantiv;mask.;https://www.dwds.de/wb/Kaffee#1;0.0
B1;Kaffeehaus;das;;Substantiv;neutr.;https://www.dwds.de/wb/Kaffeehaus;0.0
BW3;Kaiser;der;;Substantiv;;;
B1;Kakao;der;;Substantiv;mask.;https://www.dwds.de/wb/Kakao;0.0
A2;Kalender;der;;Substantiv;mask.;https://www.dwds.de/wb/Kalender;0.0
A2;Kamera;die;;Substantiv;fem.;https://www.dwds.de/wb/Kamera;0.0
B1;Kampf;der;;Substantiv;mask.;https://www.dwds.de/wb/Kampf;0.0
B1;Kanal;der;;Substantiv;mask.;https://www.dwds.de/wb/Kanal;0.0
B1;Kandidat;der;;Substantiv;mask.;https://www.dwds.de/wb/Kandidat;0.0
B1;Kanne;die;;Substantiv;fem.;https://www.dwds.de/wb/Kanne;0.0
B1;Kantine;die;;Substantiv;fem.;https://www.dwds.de/wb/Kantine;0.0
B1;Kapitel;das;;Substantiv;neutr.;https://www.dwds.de/wb/Kapitel;0.0
B1;Karneval;der;;Substantiv;mask.;https://www.dwds.de/wb/Karneval;0.0
B1;Karotte;die;;Substantiv;fem.;https://www.dwds.de/wb/Karotte;0.0
B1;Karriere;die;;Substantiv;fem.;https://www.dwds.de/wb/Karriere;0.0
A1,BW1;Karte;die;;Substantiv;fem.;https://www.dwds.de/wb/Karte;0.0
A1;Kartoffel;die;;Substantiv;fem.;https://www.dwds.de/wb/Kartoffel;0.0
A1;Kasse;die;;Substantiv;fem.;https://www.dwds.de/wb/Kasse;0.0
B1;Kassette;die;;Substantiv;fem.;https://www.dwds.de/wb/Kassette;0.0
B1;Kasten;der;;Substantiv;mask.;https://www.dwds.de/wb/Kasten;0.0
B1;Katalog;der;;Substantiv;mask.;https://www.dwds.de/wb/Katalog;0.0
B1;Katastrophe;die;;Substantiv;fem.;https://www.dwds.de/wb/Katastrophe;0.0
BW1;Kater;der;;Substantiv;;;
A2,BW1;Katze;die;;Substantiv;fem.;https://www.dwds.de/wb/Katze;0.0
B1;Kauf;der;;Substantiv;mask.;https://www.dwds.de/wb/Kauf;0.0
A2;Kaufhaus;das;;Substantiv;neutr.;https://www.dwds.de/wb/Kaufhaus;0.0
A2;Keller;der;;Substantiv;mask.;https://www.dwds.de/wb/Keller;0.0
B1;Kellner;der;;Substantiv;mask.;https://www.dwds.de/wb/Kellner;0.0
B1;Kellnerin;die;;Substantiv;fem.;https://www.dwds.de/wb/Kellnerin;0.0
A2;Kenntnis;die;;Substantiv;fem.;https://www.dwds.de/wb/Kenntnis;0.0
B1;Kennzeichen;das;;Substantiv;neutr.;https://www.dwds.de/wb/Kennzeichen;0.0
B1,BW1;Kerze;die;;Substantiv;fem.;https://www.dwds.de/wb/Kerze;0.0
A2;Kette;die;;Substantiv;fem.;https://www.dwds.de/wb/Kette;0.0
A1;Kilo;das;;Substantiv;neutr.;https://www.dwds.de/wb/Kilo;0.0
A1;Kilogramm;das;;Substantiv;neutr.;https://www.dwds.de/wb/Kilogramm;0.0
A1;Kilometer;der;;Substantiv;mask., neutr.;https://www.dwds.de/wb/Kilometer;0.0
A1,BW1;Kind;das;Kinder;Substantiv;neutr.;https://www.dwds.de/wb/Kind;0.0
A1;Kindergarten;der;;Substantiv;mask.;https://www.dwds.de/wb/Kindergarten;0.0
B1;Kindheit;die;;Substantiv;fem.;https://www.dwds.de/wb/Kindheit;0.0
A1,BW3;Kino;das;;Substantiv;neutr.;https://www.dwds.de/wb/Kino;0.0
A1;Kiosk;der;;Substantiv;mask.;https://www.dwds.de/wb/Kiosk;0.0
A2,BW1;Kirche;die;;Substantiv;fem.;https://www.dwds.de/wb/Kirche;0.0
BW1;Kirsche;die;;Substantiv;;;
B1,BW1;Kissen;das;;Substantiv;neutr.;https://www.dwds.de/wb/Kissen;0.0
B1;Kiste;die;;Substantiv;fem.;https://www.dwds.de/wb/Kiste;0.0
A1,BW1;Klasse;die;;Substantiv;fem.;https://www.dwds.de/wb/Klasse;0.0
B1;Klassenarbeit;die;;Substantiv;fem.;https://www.dwds.de/wb/Klassenarbeit;0.0
A2;Klavier;das;;Substantiv;neutr.;https://www.dwds.de/wb/Klavier;0.0
A2,BW1;Kleid;das;Kleider, Kleidung;Substantiv;neutr.;https://www.dwds.de/wb/Kleid;0.0
A1,BW3;Kleidung;die;Kleid, Kleider;Substantiv;fem.;https://www.dwds.de/wb/Kleidung;0.0
B1;Klick;;;Substantiv;mask., neutr.;https://www.dwds.de/wb/Klick;0.0
B1;Klima;das;;Substantiv;neutr.;https://www.dwds.de/wb/Klima;0.0
B1;Klimaanlage;die;;Substantiv;fem.;https://www.dwds.de/wb/Klimaanlage;0.0
B1;Klingel;die;;Substantiv;fem.;https://www.dwds.de/wb/Klingel;0.0
B1;Klinik;die;;Substantiv;fem.;https://www.dwds.de/wb/Klinik;0.0
B1;Kloß;der;;Substantiv;mask.;https://www.dwds.de/wb/Klo%C3%9F;0.0
A2;Klub;der;;Substantiv;mask.;https://www.dwds.de/wb/Klub;0.0
B1;Kneipe;die;;Substantiv;fem.;https://www.dwds.de/wb/Kneipe;0.0
B1,BW1;Knie;das;knien;Substantiv;neutr.;https://www.dwds.de/wb/Knie;0.0
B1;Knochen;der;;Substantiv;mask.;https://www.dwds.de/wb/Knochen;0.0
B1,BW1;Knopf;der;Knöpfe;Substantiv;mask.;https://www.dwds.de/wb/Knopf;0.0
B1;Knödel;der;;Substantiv;mask.;https://www.dwds.de/wb/Kn%C3%B6del;0.0
B1;Koch;der;;Substantiv;mask.;https://www.dwds.de/wb/Koch#1;0.0
A1,BW1;Koffer;der;;Substantiv;mask.;https://www.dwds.de/wb/Koffer;0.0
A1;Kollege;der;;Substantiv;mask.;https://www.dwds.de/wb/Kollege;0.0
A2;Kollegin;die;;Substantiv;fem.;https://www.dwds.de/wb/Kollegin;0.0
B1;Kommunikation;die;;Substantiv;fem.;https://www.dwds.de/wb/Kommunikation;0.0
B1;Kompromiss;der;;Substantiv;mask., neutr.;https://www.dwds.de/wb/Kompromiss;0.0
B1;Konferenz;die;;Substantiv;fem.;https://www.dwds.de/wb/Konferenz;0.0
B1;Konfitüre;die;;Substantiv;fem.;https://www.dwds.de/wb/Konfit%C3%BCre;0.0
B1;Konflikt;der;;Substantiv;mask.;https://www.dwds.de/wb/Konflikt;0.0
B1;Konkurrenz;die;;Substantiv;fem.;https://www.dwds.de/wb/Konkurrenz;0.0
B1;Konsulat;das;;Substantiv;neutr.;https://www.dwds.de/wb/Konsulat;0.0
B1;Konsum;der;;Substantiv;mask.;https://www.dwds.de/wb/Konsum#1;0.0
A2;Kontakt;der;;Substantiv;mask.;https://www.dwds.de/wb/Kontakt;0.0
A1;Konto;das;;Substantiv;neutr.;https://www.dwds.de/wb/Konto;0.0
B1;Kontrolle;die;;Substantiv;fem.;https://www.dwds.de/wb/Kontrolle;0.0
A2;Konzert;das;;Substantiv;neutr.;https://www.dwds.de/wb/Konzert;0.0
A1,BW1;Kopf;der;Köpfe;Substantiv;mask.;https://www.dwds.de/wb/Kopf;0.0
B1;Kopie;die;;Substantiv;fem.;https://www.dwds.de/wb/Kopie;0.0
B1;Kopierer;der;;Substantiv;mask.;https://www.dwds.de/wb/Kopierer;0.0
B1;Korridor;der;;Substantiv;mask.;https://www.dwds.de/wb/Korridor;0.0
A2;Kosmetik;die;;Substantiv;fem.;https://www.dwds.de/wb/Kosmetik;0.0
B1;Kosten;;;Substantiv;;https://www.dwds.de/wb/Kosten;1.0
B1;Kostüm;das;;Substantiv;neutr.;https://www.dwds.de/wb/Kost%C3%BCm;0.0
B1;Kraft;die;;Substantiv;fem.;https://www.dwds.de/wb/Kraft;0.0
B1;Kraftfahrzeug;das;;Substantiv;neutr.;https://www.dwds.de/wb/Kraftfahrzeug;0.0
B1;Kraftwerk;das;;Substantiv;neutr.;https://www.dwds.de/wb/Kraftwerk;0.0
B1;Kranke;;;Substantiv;fem., mask.;https://www.dwds.de/wb/Kranke;0.0
A2;Krankenhaus;das;;Substantiv;neutr.;https://www.dwds.de/wb/Krankenhaus;0.0
A2;Krankenkasse;die;;Substantiv;fem.;https://www.dwds.de/wb/Krankenkasse;0.0
B1;Krankenpfleger;der;;Substantiv;mask.;https://www.dwds.de/wb/Krankenpfleger;0.0
B1;Krankenschwester;die;;Substantiv;fem.;https://www.dwds.de/wb/Krankenschwester;0.0
B1;Krankenwagen;der;;Substantiv;mask.;https://www.dwds.de/wb/Krankenwagen;0.0
A2;Krankheit;die;;Substantiv;fem.;https://www.dwds.de/wb/Krankheit;0.0
A2;Kredit;der;;Substantiv;mask.;https://www.dwds.de/wb/Kredit#1;0.0
A1;Kreditkarte;die;;Substantiv;fem.;https://www.dwds.de/wb/Kreditkarte;0.0
B1;Kreis;der;;Substantiv;mask.;https://www.dwds.de/wb/Kreis;0.0
B1;Kreuz;das;;Substantiv;neutr.;https://www.dwds.de/wb/Kreuz;0.0
A2,BW3;Kreuzung;die;Kreuz, kreuzen;Substantiv;fem.;https://www.dwds.de/wb/Kreuzung;0.0
B1;Krieg;der;;Substantiv;mask.;https://www.dwds.de/wb/Krieg;0.0
A2;Krimi;der;;Substantiv;mask.;https://www.dwds.de/wb/Krimi;0.0
B1;Kriminalpolizei;die;;Substantiv;fem.;https://www.dwds.de/wb/Kriminalpolizei;0.0
B1;Krise;die;;Substantiv;fem.;https://www.dwds.de/wb/Krise;0.0
B1;Kritik;die;;Substantiv;fem.;https://www.dwds.de/wb/Kritik;0.0
BW1;Krone;die;;Substantiv;;;
A1;Kuchen;der;;Substantiv;mask.;https://www.dwds.de/wb/Kuchen;0.0
A1;Kugelschreiber;der;;Substantiv;mask.;https://www.dwds.de/wb/Kugelschreiber;0.0
BW3;Kuh;die;Kühe;Substantiv;;;
B1;Kuli;der;;Substantiv;mask.;https://www.dwds.de/wb/Kuli#2;0.0
A2;Kultur;die;;Substantiv;fem.;https://www.dwds.de/wb/Kultur;0.0
A1;Kunde;der;;Substantiv;mask.;https://www.dwds.de/wb/Kunde#1;0.0
A1;Kundin;die;;Substantiv;fem.;https://www.dwds.de/wb/Kundin;0.0
A2;Kunst;die;;Substantiv;fem.;https://www.dwds.de/wb/Kunst;0.0
B1;Kunststoff;der;;Substantiv;mask.;https://www.dwds.de/wb/Kunststoff;0.0
A1;Kurs;der;;Substantiv;mask.;https://www.dwds.de/wb/Kurs#2;0.0
B1;Kursleiter;der;;Substantiv;mask.;https://www.dwds.de/wb/Kursleiter;0.0
B1;Kursleiterin;die;;Substantiv;fem.;https://www.dwds.de/wb/Kursleiterin;0.0
B1;Kurve;die;;Substantiv;fem.;https://www.dwds.de/wb/Kurve;0.0
B1;Kuss;der;;Substantiv;mask.;https://www.dwds.de/wb/Kuss;0.0
B1;Kuvert;das;;Substantiv;neutr.;https://www.dwds.de/wb/Kuvert;0.0
BW3;Käfer;der;;Substantiv;;;
BW3;Käfig;der;;Substantiv;;;
B1,BW3;Kälte;die;kalt, kälter;Substantiv;fem.;https://www.dwds.de/wb/K%C3%A4lte;0.0
A2,BW1;Käse;der;;Substantiv;mask.;https://www.dwds.de/wb/K%C3%A4se;0.0
B1;Käufer;der;;Substantiv;mask.;https://www.dwds.de/wb/K%C3%A4ufer;0.0
B1;Käuferin;die;;Substantiv;fem.;https://www.dwds.de/wb/K%C3%A4uferin;0.0
B1;Köchin;die;;Substantiv;fem.;https://www.dwds.de/wb/K%C3%B6chin;0.0
B1;König;der;;Substantiv;mask.;https://www.dwds.de/wb/K%C3%B6nig;0.0
A2,BW1;Körper;der;;Substantiv;mask.;https://www.dwds.de/wb/K%C3%B6rper;0.0
A1;Küche;die;;Substantiv;fem.;https://www.dwds.de/wb/K%C3%BCche;0.0
A1;Kühlschrank;der;;Substantiv;mask.;https://www.dwds.de/wb/K%C3%BChlschrank;0.0
B1;Kündigung;die;;Substantiv;fem.;https://www.dwds.de/wb/K%C3%BCndigung;0.0
B1;Künstler;der;;Substantiv;mask.;https://www.dwds.de/wb/K%C3%BCnstler;0.0
B1;Künstlerin;die;;Substantiv;fem.;https://www.dwds.de/wb/K%C3%BCnstlerin;0.0
B1;Küste;die;;Substantiv;fem.;https://www.dwds.de/wb/K%C3%BCste;0.0
A1;LKW;der;;Substantiv;mask.;https://www.dwds.de/wb/LKW;0.0
A1;Laden;der;;Substantiv;mask.;https://www.dwds.de/wb/Laden;0.0
B1;Lage;die;;Substantiv;fem.;https://www.dwds.de/wb/Lage;0.0
B1;Lager;das;;Substantiv;neutr.;https://www.dwds.de/wb/Lager;0.0
A2,BW1;Lampe;die;;Substantiv;fem.;https://www.dwds.de/wb/Lampe#1;0.0
A1,BW3;Land;das;Länder;Substantiv;neutr.;https://www.dwds.de/wb/Land;0.0
A2;Landschaft;die;;Substantiv;fem.;https://www.dwds.de/wb/Landschaft;0.0
B1;Landung;die;;Substantiv;fem.;https://www.dwds.de/wb/Landung;0.0
B1;Landwirtschaft;die;;Substantiv;fem.;https://www.dwds.de/wb/Landwirtschaft;0.0
B1;Langeweile;die;;Substantiv;fem.;https://www.dwds.de/wb/Langeweile;0.0
B1;Langweile;die;;Substantiv;fem.;https://www.dwds.de/wb/Langweile;0.0
A2;Laptop;der;;Substantiv;mask., neutr.;https://www.dwds.de/wb/Laptop;0.0
B1;Laster;der;;Substantiv;mask.;https://www.dwds.de/wb/Laster#2;0.0
B1;Laufwerk;das;;Substantiv;neutr.;https://www.dwds.de/wb/Laufwerk;0.0
B1;Laune;die;;Substantiv;fem.;https://www.dwds.de/wb/Laune;0.0
B1;Lautsprecher;der;;Substantiv;mask.;https://www.dwds.de/wb/Lautsprecher;0.0
A1;Leben;das;;Substantiv;neutr.;https://www.dwds.de/wb/Leben;0.0
B1;Lebenslauf;der;;Substantiv;mask.;https://www.dwds.de/wb/Lebenslauf;0.0
A1;Lebensmittel;das;;Substantiv;neutr.;https://www.dwds.de/wb/Lebensmittel;0.0
B1;Leder;das;;Substantiv;neutr.;https://www.dwds.de/wb/Leder;0.0
B1;Lehre;die;;Substantiv;fem.;https://www.dwds.de/wb/Lehre#1;0.0
A1;Lehrer;der;;Substantiv;mask.;https://www.dwds.de/wb/Lehrer;0.0
B1;Lehrerin;die;;Substantiv;fem.;https://www.dwds.de/wb/Lehrerin;0.0
B1;Lehrling;der;;Substantiv;mask.;https://www.dwds.de/wb/Lehrling;0.0
B1;Lehrstelle;die;;Substantiv;fem.;https://www.dwds.de/wb/Lehrstelle;0.0
B1;Leistung;die;;Substantiv;fem.;https://www.dwds.de/wb/Leistung;0.0
B1,BW1;Leiter;die;;Substantiv;fem.;https://www.dwds.de/wb/Leiter#1;0.0
B1;Leiterin;die;;Substantiv;fem.;https://www.dwds.de/wb/Leiterin;0.0
B1;Leitung;die;;Substantiv;fem.;https://www.dwds.de/wb/Leitung;0.0
B1;Lerner;der;;Substantiv;mask.;https://www.dwds.de/wb/Lerner;0.0
B1;Lernerin;die;;Substantiv;fem.;https://www.dwds.de/wb/Lernerin;0.0
B1;Leser;der;;Substantiv;mask.;https://www.dwds.de/wb/Leser#1;0.0
B1;Leserin;die;;Substantiv;fem.;https://www.dwds.de/wb/Leserin#1;0.0
A1;Leute;;;Substantiv;;https://www.dwds.de/wb/Leute;1.0
B1,BW3;Lexikon;das;Lexika;Substantiv;neutr.;https://www.dwds.de/wb/Lexikon;0.0
A1,BW1;Licht;das;;Substantiv;neutr.;https://www.dwds.de/wb/Licht;0.0
A2;Liebe;die;;Substantiv;fem.;https://www.dwds.de/wb/Liebe;0.0
A1;Lieblingslied;das;;Substantiv;neutr.;https://www.dwds.de/wb/Lieblingslied;0.0
A1,BW1;Lied;das;Lieder;Substantiv;neutr.;https://www.dwds.de/wb/Lied;0.0
B1;Lieferung;die;;Substantiv;fem.;https://www.dwds.de/wb/Lieferung;0.0
B1;Lift;der;;Substantiv;mask.;https://www.dwds.de/wb/Lift;0.0
B1;Limonade;die;;Substantiv;fem.;https://www.dwds.de/wb/Limonade;0.0
B1;Linie;die;;Substantiv;fem.;https://www.dwds.de/wb/Linie;0.0
A2;Link;der;;Substantiv;mask., neutr.;https://www.dwds.de/wb/Link;0.0
B1;Lippe;die;;Substantiv;fem.;https://www.dwds.de/wb/Lippe;0.0
B1;Liste;die;;Substantiv;fem.;https://www.dwds.de/wb/Liste;0.0
A1;Liter;;;Substantiv;mask., neutr.;https://www.dwds.de/wb/Liter;0.0
B1;Literatur;die;;Substantiv;fem.;https://www.dwds.de/wb/Literatur;0.0
A1;Lkw;der;;Substantiv;mask.;https://www.dwds.de/wb/Lkw;0.0
BW3;Lob;das;loben;Substantiv;;;
B1,BW1;Loch;das;Löcher;Substantiv;neutr.;https://www.dwds.de/wb/Loch;0.0
B1;Lohn;der;;Substantiv;mask.;https://www.dwds.de/wb/Lohn;0.0
A1;Lokal;das;;Substantiv;neutr.;https://www.dwds.de/wb/Lokal;0.0
BW1;Luchs;der;;Substantiv;;;
B1;Luft;die;;Substantiv;fem.;https://www.dwds.de/wb/Luft;0.0
A2;Lust;die;;Substantiv;fem.;https://www.dwds.de/wb/Lust;0.0
B1,BW3;Länge;die;lang, länger;Substantiv;fem.;https://www.dwds.de/wb/L%C3%A4nge;0.0
B1,BW3;Lärm;der;;Substantiv;mask.;https://www.dwds.de/wb/L%C3%A4rm;0.0
A2,BW1;Löffel;der;;Substantiv;mask.;https://www.dwds.de/wb/L%C3%B6ffel;0.0
A1;Lösung;die;;Substantiv;fem.;https://www.dwds.de/wb/L%C3%B6sung;0.0
BW1;Löwe;der;;Substantiv;;;
A2;Lüge;die;;Substantiv;fem.;https://www.dwds.de/wb/L%C3%BCge;0.0
B1;Magazin;das;;Substantiv;neutr.;https://www.dwds.de/wb/Magazin;0.0
A2;Magen;der;;Substantiv;mask.;https://www.dwds.de/wb/Magen;0.0
B1;Mahlzeit;die;;Substantiv;fem.;https://www.dwds.de/wb/Mahlzeit;0.0
B1;Mahnung;die;;Substantiv;fem.;https://www.dwds.de/wb/Mahnung;0.0
A1,BW1;Mai;der;;Substantiv;mask.;https://www.dwds.de/wb/Mai;0.0
A2;Mail;die;;Substantiv;fem., neutr.;https://www.dwds.de/wb/Mail;0.0
A2;Mailbox;die;;Substantiv;fem.;https://www.dwds.de/wb/Mailbox;0.0
BW3;Mais;der;;Substantiv;;;
B1;Mal;das;;Substantiv;neutr.;https://www.dwds.de/wb/Mal#2;0.0
B1;Maler;der;;Substantiv;mask.;https://www.dwds.de/wb/Maler;0.0
B1;Malerin;die;;Substantiv;fem.;https://www.dwds.de/wb/Malerin;0.0
BW3;Mandarine;die;;Substantiv;;;
B1;Mangel;der;;Substantiv;mask.;https://www.dwds.de/wb/Mangel#1;0.0
A1,BW3;Mann;der;Männer;Substantiv;mask.;https://www.dwds.de/wb/Mann;0.0
A2,BW3;Mannschaft;die;;Substantiv;fem.;https://www.dwds.de/wb/Mannschaft;0.0
A2,BW1;Mantel;der;Mäntel;Substantiv;mask.;https://www.dwds.de/wb/Mantel;0.0
B1;Mappe;die;;Substantiv;fem.;https://www.dwds.de/wb/Mappe;0.0
B1;Margarine;die;;Substantiv;fem.;https://www.dwds.de/wb/Margarine;0.0
B1;Marille;die;;Substantiv;fem.;https://www.dwds.de/wb/Marille;0.0
B1;Marke;die;;Substantiv;fem.;https://www.dwds.de/wb/Marke;0.0
A2;Markt;der;;Substantiv;mask.;https://www.dwds.de/wb/Markt;0.0
B1;Marmelade;die;;Substantiv;fem.;https://www.dwds.de/wb/Marmelade;0.0
A1,BW3;Maschine;die;;Substantiv;fem.;https://www.dwds.de/wb/Maschine;0.0
B1;Material;das;;Substantiv;neutr.;https://www.dwds.de/wb/Material;0.0
B1;Matura;die;;Substantiv;fem.;https://www.dwds.de/wb/Matura;0.0
B1;Mauer;die;;Substantiv;fem.;https://www.dwds.de/wb/Mauer;0.0
B1;Mechaniker;der;;Substantiv;mask.;https://www.dwds.de/wb/Mechaniker;0.0
B1;Mechanikerin;die;;Substantiv;fem.;https://www.dwds.de/wb/Mechanikerin;0.0
A2;Medikament;das;;Substantiv;neutr.;https://www.dwds.de/wb/Medikament;0.0
B1;Medium;das;;Substantiv;neutr.;https://www.dwds.de/wb/Medium;0.0
B1;Medizin;die;;Substantiv;fem.;https://www.dwds.de/wb/Medizin;0.0
A1,BW3;Meer;das;;Substantiv;neutr.;https://www.dwds.de/wb/Meer;0.0
B1;Mehl;das;;Substantiv;neutr.;https://www.dwds.de/wb/Mehl;0.0
B1;Mehrheit;die;;Substantiv;fem.;https://www.dwds.de/wb/Mehrheit;0.0
B1;Mehrwertsteuer;die;;Substantiv;fem.;https://www.dwds.de/wb/Mehrwertsteuer;0.0
A2,BW3;Meinung;die;meinen;Substantiv;fem.;https://www.dwds.de/wb/Meinung;0.0
B1;Meister;der;;Substantiv;mask.;https://www.dwds.de/wb/Meister;0.0
B1;Meldung;die;;Substantiv;fem.;https://www.dwds.de/wb/Meldung;0.0
A2;Menge;die;;Substantiv;fem.;https://www.dwds.de/wb/Menge;0.0
B1;Mensa;die;;Substantiv;fem.;https://www.dwds.de/wb/Mensa;0.0
A1;Mensch;der;;Substantiv;mask.;https://www.dwds.de/wb/Mensch#1;0.0
B1;Menü;das;;Substantiv;neutr.;https://www.dwds.de/wb/Men%C3%BC;0.0
A2;Messe;die;;Substantiv;fem.;https://www.dwds.de/wb/Messe#1;0.0
A2,BW1;Messer;das;;Substantiv;neutr.;https://www.dwds.de/wb/Messer#1;0.0
B1;Metall;das;;Substantiv;neutr.;https://www.dwds.de/wb/Metall;0.0
A1,BW1;Meter;der;;Substantiv;mask., neutr.;https://www.dwds.de/wb/Meter;0.0
B1;Methode;die;;Substantiv;fem.;https://www.dwds.de/wb/Methode;0.0
B1;Metropole;die;;Substantiv;fem.;https://www.dwds.de/wb/Metropole;0.0
B1;Metzger;der;;Substantiv;mask.;https://www.dwds.de/wb/Metzger;0.0
A1;Miete;die;;Substantiv;fem.;https://www.dwds.de/wb/Miete#1;0.0
B1;Mieter;der;;Substantiv;mask.;https://www.dwds.de/wb/Mieter;0.0
B1;Mieterin;die;;Substantiv;fem.;https://www.dwds.de/wb/Mieterin;0.0
B1;Migrant;der;;Substantiv;mask.;https://www.dwds.de/wb/Migrant;0.0
B1;Migrantin;die;;Substantiv;fem.;https://www.dwds.de/wb/Migrantin;0.0
B1;Migration;die;;Substantiv;fem.;https://www.dwds.de/wb/Migration;0.0
A1,BW1;Milch;die;;Substantiv;fem.;https://www.dwds.de/wb/Milch;0.0
A1;Milliarde;die;;Substantiv;fem.;https://www.dwds.de/wb/Milliarde;0.0
A1;Million;die;;Substantiv;fem.;https://www.dwds.de/wb/Million;0.0
B1;Minderheit;die;;Substantiv;fem.;https://www.dwds.de/wb/Minderheit;0.0
A2;Mineralwasser;das;;Substantiv;neutr.;https://www.dwds.de/wb/Mineralwasser;0.0
A1;Minute;die;;Substantiv;fem.;https://www.dwds.de/wb/Minute;0.0
A2;Mitarbeiter;der;;Substantiv;mask.;https://www.dwds.de/wb/Mitarbeiter;0.0
B1;Mitarbeiterin;die;;Substantiv;fem.;https://www.dwds.de/wb/Mitarbeiterin;0.0
B1;Mitglied;das;;Substantiv;neutr.;https://www.dwds.de/wb/Mitglied;0.0
A1,BW3;Mittag;der;Mittage;Substantiv;mask.;https://www.dwds.de/wb/Mittag#1;0.0
A2,BW3;Mittagessen;das;;Substantiv;neutr.;https://www.dwds.de/wb/Mittagessen;0.0
A1,BW3;Mitte;die;;Substantiv;fem.;https://www.dwds.de/wb/Mitte;0.0
A2;Mittel;das;;Substantiv;neutr.;https://www.dwds.de/wb/Mittel;0.0
A1,BW1;Mittwoch;der;;Substantiv;mask.;https://www.dwds.de/wb/Mittwoch;0.0
A1;Mo;;;Symbol;;https://www.dwds.de/wb/Mo#1;0.0
B1;Mobilbox;die;;Substantiv;fem.;https://www.dwds.de/wb/Mobilbox;0.0
B1;Mobilität;die;;Substantiv;fem.;https://www.dwds.de/wb/Mobilit%C3%A4t;0.0
A2;Mobiltelefon;das;;Substantiv;neutr.;https://www.dwds.de/wb/Mobiltelefon;0.0
A2;Mode;die;;Substantiv;fem.;https://www.dwds.de/wb/Mode;0.0
B1;Modell;das;;Substantiv;neutr.;https://www.dwds.de/wb/Modell;0.0
A1;Moment;der;;Substantiv;mask.;https://www.dwds.de/wb/Moment#1;0.0
B1,BW3;Mond;der;Monde;Substantiv;mask.;https://www.dwds.de/wb/Mond;0.0
B1;Monitor;der;;Substantiv;mask.;https://www.dwds.de/wb/Monitor;0.0
A1,BW1;Montag;der;;Substantiv;mask.;https://www.dwds.de/wb/Montag;0.0
BW3;Moos;das;;Substantiv;;;
A1;Morgen;der;;Substantiv;mask.;https://www.dwds.de/wb/Morgen;0.0
A2;Motor;der;;Substantiv;mask.;https://www.dwds.de/wb/Motor;0.0
B1;Motorrad;das;;Substantiv;neutr.;https://www.dwds.de/wb/Motorrad;0.0
A2;Motorroller;der;;Substantiv;mask.;https://www.dwds.de/wb/Motorroller;0.0
A1,BW3;Mund;der;Münder;Substantiv;mask.;https://www.dwds.de/wb/Mund#1;0.0
BW1;Muschel;die;;Substantiv;;;
A2;Museum;das;;Substantiv;neutr.;https://www.dwds.de/wb/Museum;0.0
A2;Musik;die;;Substantiv;fem.;https://www.dwds.de/wb/Musik;0.0
B1;Musiker;der;;Substantiv;mask.;https://www.dwds.de/wb/Musiker;0.0
B1;Musikerin;die;;Substantiv;fem.;https://www.dwds.de/wb/Musikerin;0.0
B1;Muskel;der;;Substantiv;mask.;https://www.dwds.de/wb/Muskel;0.0
B1;Mut;der;;Substantiv;mask.;https://www.dwds.de/wb/Mut;0.0
A1,BW1;Mutter;die;Mütter;Substantiv;fem.;https://www.dwds.de/wb/Mutter;0.0
B1;Muttersprache;die;;Substantiv;fem.;https://www.dwds.de/wb/Muttersprache;0.0
A1,BW3;Mädchen;das;;Substantiv;neutr.;https://www.dwds.de/wb/M%C3%A4dchen;0.0
B1,BW3;Märchen;das;;Substantiv;neutr.;https://www.dwds.de/wb/M%C3%A4rchen;0.0
A1,BW1;März;der;;Substantiv;mask.;https://www.dwds.de/wb/M%C3%A4rz;0.0
A1;Möbel;das;;Substantiv;neutr.;https://www.dwds.de/wb/M%C3%B6bel;0.0
B1;Möglichkeit;die;;Substantiv;fem.;https://www.dwds.de/wb/M%C3%B6glichkeit;0.0
B1;Möhre;die;;Substantiv;fem.;https://www.dwds.de/wb/M%C3%B6hre;0.0
B1;Müesli;das;;Substantiv;neutr.;https://www.dwds.de/wb/M%C3%BCesli;0.0
B1,BW3;Mühe;die;;Substantiv;fem.;https://www.dwds.de/wb/M%C3%BChe;0.0
A2,BW3;Müll;der;;Substantiv;mask.;https://www.dwds.de/wb/M%C3%BCll;0.0
B1;Müllabfuhr;die;;Substantiv;fem.;https://www.dwds.de/wb/M%C3%BCllabfuhr;0.0
B1;Mülltonne;die;;Substantiv;fem.;https://www.dwds.de/wb/M%C3%BClltonne;0.0
B1;Münze;die;;Substantiv;fem.;https://www.dwds.de/wb/M%C3%BCnze;0.0
B1;Müsli;das;;Substantiv;neutr.;https://www.dwds.de/wb/M%C3%BCsli;0.0
A2,BW1;Mütze;die;;Substantiv;fem.;https://www.dwds.de/wb/M%C3%BCtze;0.0
A2;Nachbar;der;;Substantiv;mask.;https://www.dwds.de/wb/Nachbar;0.0
A2;Nachbarin;die;;Substantiv;fem.;https://www.dwds.de/wb/Nachbarin;0.0
B1;Nachfrage;die;;Substantiv;fem.;https://www.dwds.de/wb/Nachfrage;0.0
B1;Nachhilfe;die;;Substantiv;fem.;https://www.dwds.de/wb/Nachhilfe;0.0
A1,BW3;Nachmittag;der;;Substantiv;mask.;https://www.dwds.de/wb/Nachmittag;0.0
A2;Nachricht;die;;Substantiv;fem.;https://www.dwds.de/wb/Nachricht;0.0
B1;Nachspeise;die;;Substantiv;fem.;https://www.dwds.de/wb/Nachspeise;0.0
B1;Nacht;die;;Substantiv;fem.;https://www.dwds.de/wb/Nacht;0.0
B1;Nachteil;der;;Substantiv;mask.;https://www.dwds.de/wb/Nachteil;0.0
B1;Nachwuchs;der;;Substantiv;mask.;https://www.dwds.de/wb/Nachwuchs;0.0
B1,BW1;Nadel;die;;Substantiv;fem.;https://www.dwds.de/wb/Nadel;0.0
B1;Nagel;der;;Substantiv;mask.;https://www.dwds.de/wb/Nagel;0.0
BW3;Nahrung;die;Ernährung, ernähren;Substantiv;;;
B1;Nahrungsmittel;das;;Substantiv;neutr.;https://www.dwds.de/wb/Nahrungsmittel;0.0
A1,BW1;Name;der;;Substantiv;mask.;https://www.dwds.de/wb/Name;0.0
A1;Namen;der;;Substantiv;mask.;https://www.dwds.de/wb/Namen;0.0
B1,BW1;Nase;die;;Substantiv;fem.;https://www.dwds.de/wb/Nase;0.0
A2;Natur;die;;Substantiv;fem.;https://www.dwds.de/wb/Natur;0.0
B1;Nebel;der;;Substantiv;mask.;https://www.dwds.de/wb/Nebel;0.0
B1;Neffe;der;;Substantiv;mask.;https://www.dwds.de/wb/Neffe;0.0
B1;Nerv;der;;Substantiv;mask.;https://www.dwds.de/wb/Nerv;0.0
B1;Netz;das;;Substantiv;neutr.;https://www.dwds.de/wb/Netz;0.0
B1;Netzwerk;das;;Substantiv;neutr.;https://www.dwds.de/wb/Netzwerk;0.0
B1;Neuigkeit;die;;Substantiv;fem.;https://www.dwds.de/wb/Neuigkeit;0.0
B1;Nichte;die;;Substantiv;fem.;https://www.dwds.de/wb/Nichte;0.0
B1;Nichtraucher;;;Substantiv;mask., neutr.;https://www.dwds.de/wb/Nichtraucher;0.0
B1;Nichtraucherin;die;;Substantiv;fem.;https://www.dwds.de/wb/Nichtraucherin;0.0
A1;Norden;der;;Substantiv;mask.;https://www.dwds.de/wb/Norden;0.0
B1;Nordsee;die;;Substantiv;fem.;https://www.dwds.de/wb/Nordsee;0.0
B1;Not;die;;Substantiv;fem.;https://www.dwds.de/wb/Not;0.0
B1;Notaufnahme;die;;Substantiv;fem.;https://www.dwds.de/wb/Notaufnahme;0.0
B1;Notausgang;der;;Substantiv;mask.;https://www.dwds.de/wb/Notausgang;0.0
A2;Note;die;;Substantiv;fem.;https://www.dwds.de/wb/Note;0.0
B1;Notfall;der;;Substantiv;mask.;https://www.dwds.de/wb/Notfall;0.0
A2;Notiz;die;;Substantiv;fem.;https://www.dwds.de/wb/Notiz;0.0
B1;Notruf;der;;Substantiv;mask.;https://www.dwds.de/wb/Notruf;0.0
A1,BW1;November;der;;Substantiv;mask.;https://www.dwds.de/wb/November;0.0
A2,BW1;Nudel;die;Nudeln;Substantiv;fem.;https://www.dwds.de/wb/Nudel;0.0
A1;Nummer;die;;Substantiv;fem.;https://www.dwds.de/wb/Nummer;0.0
BW3;Nuss;die;Nüsse, nussig;Substantiv;;;
A2;Nächste;der;;Substantiv;mask.;https://www.dwds.de/wb/N%C3%A4chste;0.0
A2;Nähe;die;;Substantiv;fem.;https://www.dwds.de/wb/N%C3%A4he;0.0
B1;Ober;der;;Substantiv;mask.;https://www.dwds.de/wb/Ober#1;0.0
B1;Obers;das;;Substantiv;neutr.;https://www.dwds.de/wb/Obers;0.0
A1,BW3;Obst;das;;Substantiv;neutr.;https://www.dwds.de/wb/Obst;0.0
B1;Ofen;der;;Substantiv;mask.;https://www.dwds.de/wb/Ofen;0.0
A2,BW3;Ohr;das;;Substantiv;neutr.;https://www.dwds.de/wb/Ohr;0.0
A1,BW1;Oktober;der;;Substantiv;mask.;https://www.dwds.de/wb/Oktober;0.0
A1;Oma;die;;Substantiv;fem.;https://www.dwds.de/wb/Oma;0.0
B1,BW1;Onkel;der;;Substantiv;mask.;https://www.dwds.de/wb/Onkel#1;0.0
A1;Opa;der;;Substantiv;mask.;https://www.dwds.de/wb/Opa;0.0
B1;Oper;die;;Substantiv;fem.;https://www.dwds.de/wb/Oper;0.0
B1;Operation;die;;Substantiv;fem.;https://www.dwds.de/wb/Operation;0.0
B1;Opfer;das;;Substantiv;neutr.;https://www.dwds.de/wb/Opfer;0.0
A2;Orange;die;;Substantiv;fem.;https://www.dwds.de/wb/Orange#1;0.0
B1;Orchester;das;;Substantiv;neutr.;https://www.dwds.de/wb/Orchester;0.0
B1;Ordination;die;;Substantiv;fem.;https://www.dwds.de/wb/Ordination;0.0
B1;Ordner;der;;Substantiv;mask.;https://www.dwds.de/wb/Ordner;0.0
A1,BW3;Ordnung;die;ordentlich;Substantiv;fem.;https://www.dwds.de/wb/Ordnung;0.0
B1;Organisation;die;;Substantiv;fem.;https://www.dwds.de/wb/Organisation;0.0
B1;Original;das;;Substantiv;neutr.;https://www.dwds.de/wb/Original;0.0
A1;Ort;der;;Substantiv;mask.;https://www.dwds.de/wb/Ort#1;0.0
A1;Osten;der;;Substantiv;mask.;https://www.dwds.de/wb/Osten;0.0
BW3;Ostern;das;;Substantiv;;;
B1;Ostsee;die;;Substantiv;fem.;https://www.dwds.de/wb/Ostsee;0.0
B1;Ozean;der;;Substantiv;mask.;https://www.dwds.de/wb/Ozean;0.0
A2,BW3;Paar;das;;Substantiv;neutr.;https://www.dwds.de/wb/Paar;0.0
A2;Paket;das;;Substantiv;neutr.;https://www.dwds.de/wb/Paket;0.0
B1;Panne;die;;Substantiv;fem.;https://www.dwds.de/wb/Panne;0.0
A1,BW1;Papier;das;;Substantiv;neutr.;https://www.dwds.de/wb/Papier;0.0
B1;Paradeiser;der;;Substantiv;mask.;https://www.dwds.de/wb/Paradeiser;0.0
A2;Parfum;das;;Substantiv;neutr.;https://www.dwds.de/wb/Parfum;0.0
A2;Parfüm;das;;Substantiv;neutr.;https://www.dwds.de/wb/Parf%C3%BCm;0.0
A2;Park;der;;Substantiv;mask.;https://www.dwds.de/wb/Park;0.0
A1;Partner;der;;Substantiv;mask.;https://www.dwds.de/wb/Partner;0.0
A1;Partnerin;die;;Substantiv;fem.;https://www.dwds.de/wb/Partnerin;0.0
A1,BW3;Party;die;Partys;Substantiv;fem.;https://www.dwds.de/wb/Party;0.0
A1;Pass;der;;Substantiv;mask.;https://www.dwds.de/wb/Pass#1;0.0
B1;Passagier;der;;Substantiv;mask.;https://www.dwds.de/wb/Passagier;0.0
B1;Passagierin;die;;Substantiv;fem.;https://www.dwds.de/wb/Passagierin;0.0
A2;Passwort;das;;Substantiv;neutr.;https://www.dwds.de/wb/Passwort;0.0
B1;Patient;der;;Substantiv;mask.;https://www.dwds.de/wb/Patient;0.0
B1;Patientin;die;;Substantiv;fem.;https://www.dwds.de/wb/Patientin;0.0
A1;Pause;die;;Substantiv;fem.;https://www.dwds.de/wb/Pause#1;0.0
B1;Pech;das;;Substantiv;neutr.;https://www.dwds.de/wb/Pech#2;0.0
B1;Pension;die;;Substantiv;fem.;https://www.dwds.de/wb/Pension#1;0.0
B1;Pensionist;der;;Substantiv;mask.;https://www.dwds.de/wb/Pensionist;0.0
B1;Pensionistin;die;;Substantiv;fem.;https://www.dwds.de/wb/Pensionistin;0.0
B1;Perron;der;;Substantiv;mask., neutr.;https://www.dwds.de/wb/Perron;0.0
A2;Person;die;;Substantiv;fem.;https://www.dwds.de/wb/Person;0.0
B1;Personal;das;;Substantiv;neutr.;https://www.dwds.de/wb/Personal;0.0
B1;Personalie;die;;Substantiv;fem.;https://www.dwds.de/wb/Personalie;0.0
B1;Personenstand;der;;Substantiv;mask.;https://www.dwds.de/wb/Personenstand;0.0
B1;Pfanne;die;;Substantiv;fem.;https://www.dwds.de/wb/Pfanne;0.0
B1;Pfeffer;der;;Substantiv;mask.;https://www.dwds.de/wb/Pfeffer;0.0
BW1;Pfeil;der;;Substantiv;;;
A2,BW3;Pferd;das;Pferde;Substantiv;neutr.;https://www.dwds.de/wb/Pferd;0.0
A2,BW3;Pflanze;die;pflanzen;Substantiv;fem.;https://www.dwds.de/wb/Pflanze;0.0
B1;Pflaster;das;;Substantiv;neutr.;https://www.dwds.de/wb/Pflaster;0.0
B1;Pflaume;die;;Substantiv;fem.;https://www.dwds.de/wb/Pflaume;0.0
B1;Pfleger;der;;Substantiv;mask.;https://www.dwds.de/wb/Pfleger;0.0
B1;Pflegerin;die;;Substantiv;fem.;https://www.dwds.de/wb/Pflegerin;0.0
B1;Pflicht;die;;Substantiv;fem.;https://www.dwds.de/wb/Pflicht;0.0
BW1;Pfote;die;;Substantiv;;;
A1;Pfund;das;;Substantiv;neutr.;https://www.dwds.de/wb/Pfund;0.0
BW3;Pfütze;die;;Substantiv;;;
B1;Phantasie;die;;Substantiv;fem.;https://www.dwds.de/wb/Phantasie;0.0
B1;Photograph;der;;Substantiv;mask.;https://www.dwds.de/wb/Photograph;0.0
B1;Photographie;die;;Substantiv;fem.;https://www.dwds.de/wb/Photographie;0.0
B1;Picknick;das;;Substantiv;neutr.;https://www.dwds.de/wb/Picknick;0.0
B1;Pille;die;;Substantiv;fem.;https://www.dwds.de/wb/Pille;0.0
B1;Pilz;der;;Substantiv;mask.;https://www.dwds.de/wb/Pilz;0.0
BW1;Pinsel;der;;Substantiv;;;
A2,BW3;Pizza;die;;Substantiv;fem.;https://www.dwds.de/wb/Pizza;0.0
A2;Plakat;das;;Substantiv;neutr.;https://www.dwds.de/wb/Plakat;0.0
A1;Plan;der;;Substantiv;mask.;https://www.dwds.de/wb/Plan#1;0.0
B1;Planung;die;;Substantiv;fem.;https://www.dwds.de/wb/Planung;0.0
B1;Plastik;;;Substantiv;neutr., mask.;https://www.dwds.de/wb/Plastik#2;0.0
A1,BW3;Platz;der;Plätze;Substantiv;mask.;https://www.dwds.de/wb/Platz;0.0
B1;Politik;die;;Substantiv;fem.;https://www.dwds.de/wb/Politik;0.0
B1;Politiker;der;;Substantiv;mask.;https://www.dwds.de/wb/Politiker;0.0
B1;Politikerin;die;;Substantiv;fem.;https://www.dwds.de/wb/Politikerin;0.0
A1;Polizei;die;;Substantiv;fem.;https://www.dwds.de/wb/Polizei;0.0
B1;Polizist;der;;Substantiv;mask.;https://www.dwds.de/wb/Polizist;0.0
B1;Polizistin;die;;Substantiv;fem.;https://www.dwds.de/wb/Polizistin;0.0
A1;Pommes frites;;;Mehrwortausdruck;;https://www.dwds.de/wb/Pommes%20frites;1.0
BW1;Pony;das;Ponys;Substantiv;;;
B1;Portemonnaie;das;;Substantiv;neutr.;https://www.dwds.de/wb/Portemonnaie;0.0
A2;Portion;die;;Substantiv;fem.;https://www.dwds.de/wb/Portion;0.0
B1;Portmonee;das;;Substantiv;neutr.;https://www.dwds.de/wb/Portmonee;0.0
A1;Post;die;;Substantiv;fem.;https://www.dwds.de/wb/Post#1;0.0
A2;Poster;das;;Substantiv;neutr., mask.;https://www.dwds.de/wb/Poster#1;0.0
A2;Postkarte;die;;Substantiv;fem.;https://www.dwds.de/wb/Postkarte;0.0
A1;Postleitzahl;die;;Substantiv;fem.;https://www.dwds.de/wb/Postleitzahl;0.0
B1;Poulet;das;;Substantiv;neutr.;https://www.dwds.de/wb/Poulet;0.0
B1;Praktikant;der;;Substantiv;mask.;https://www.dwds.de/wb/Praktikant;0.0
B1;Praktikantin;die;;Substantiv;fem.;https://www.dwds.de/wb/Praktikantin;0.0
A1;Praktikum;das;;Substantiv;neutr.;https://www.dwds.de/wb/Praktikum;0.0
A1;Praxis;die;;Substantiv;fem.;https://www.dwds.de/wb/Praxis;0.0
A1,BW3;Preis;der;;Substantiv;mask.;https://www.dwds.de/wb/Preis;0.0
A1;Problem;das;;Substantiv;neutr.;https://www.dwds.de/wb/Problem;0.0
A2;Produkt;das;;Substantiv;neutr.;https://www.dwds.de/wb/Produkt;0.0
B1;Produktion;die;;Substantiv;fem.;https://www.dwds.de/wb/Produktion;0.0
B1;Professor;der;;Substantiv;mask.;https://www.dwds.de/wb/Professor;0.0
B1;Professorin;die;;Substantiv;fem.;https://www.dwds.de/wb/Professorin;0.0
B1;Profi;der;;Substantiv;mask.;https://www.dwds.de/wb/Profi;0.0
B1;Profisportler;der;;Substantiv;mask.;https://www.dwds.de/wb/Profisportler;0.0
B1;Profisportlerin;die;;Substantiv;fem.;https://www.dwds.de/wb/Profisportlerin;0.0
A2;Programm;das;;Substantiv;neutr.;https://www.dwds.de/wb/Programm;0.0
A2;Projekt;das;;Substantiv;neutr.;https://www.dwds.de/wb/Projekt;0.0
A1;Prospekt;der;;Substantiv;mask., neutr.;https://www.dwds.de/wb/Prospekt;0.0
B1;Protest;der;;Substantiv;mask.;https://www.dwds.de/wb/Protest;0.0
A1;Prozent;das;;Substantiv;neutr.;https://www.dwds.de/wb/Prozent;0.0
B1;Prozess;der;;Substantiv;mask.;https://www.dwds.de/wb/Prozess;0.0
B1;Präsentation;die;;Substantiv;fem.;https://www.dwds.de/wb/Pr%C3%A4sentation;0.0
A1;Prüfung;die;;Substantiv;fem.;https://www.dwds.de/wb/Pr%C3%BCfung;0.0
B1;Publikum;das;;Substantiv;neutr.;https://www.dwds.de/wb/Publikum;0.0
A2;Pullover;der;;Substantiv;mask.;https://www.dwds.de/wb/Pullover;0.0
B1,BW3;Punkt;der;;Substantiv;mask.;https://www.dwds.de/wb/Punkt;0.0
B1,BW1;Puppe;die;;Substantiv;fem.;https://www.dwds.de/wb/Puppe;0.0
BW3;Pyramide;die;;Substantiv;;;
BW3;Päckchen;das;packen, du packst, Gepäck;Substantiv;;;
BW3;Quader;der;;Substantiv;;;
BW3;Quadrat;das;quadratisch;Substantiv;;;
A1;Quadratmeter;der;;Substantiv;mask., neutr.;https://www.dwds.de/wb/Quadratmeter;0.0
B1;Qualifikation;die;;Substantiv;fem.;https://www.dwds.de/wb/Qualifikation;0.0
A2;Qualität;die;;Substantiv;fem.;https://www.dwds.de/wb/Qualit%C3%A4t;0.0
BW1;Qualm;der;qualmen;Substantiv;;;
B1;Quartier;das;;Substantiv;neutr.;https://www.dwds.de/wb/Quartier;0.0
BW3;Quatsch;der;;Substantiv;;;
BW3;Quelle;die;;Substantiv;;;
B1;Quittung;die;;Substantiv;fem.;https://www.dwds.de/wb/Quittung;0.0
A2;Quiz;das;;Substantiv;neutr.;https://www.dwds.de/wb/Quiz;0.0
B1;Rabatt;der;;Substantiv;mask.;https://www.dwds.de/wb/Rabatt;0.0
A2,BW3;Rad;das;Räder;Substantiv;neutr.;https://www.dwds.de/wb/Rad;0.0
A1;Rad fahren;;;Mehrwortausdruck;;https://www.dwds.de/wb/Rad%20fahren;0.0
B1;Radfahrer;der;;Substantiv;mask.;https://www.dwds.de/wb/Radfahrer;0.0
B1;Radfahrerin;die;;Substantiv;fem.;https://www.dwds.de/wb/Radfahrerin;0.0
A2;Radio;das;;Substantiv;neutr., mask.;https://www.dwds.de/wb/Radio;0.0
B1;Rahm;der;;Substantiv;mask.;https://www.dwds.de/wb/Rahm;0.0
B1;Rand;der;;Substantiv;mask.;https://www.dwds.de/wb/Rand;0.0
B1;Rasen;der;;Substantiv;mask.;https://www.dwds.de/wb/Rasen;0.0
B1;Rat;der;;Substantiv;mask.;https://www.dwds.de/wb/Rat;0.0
A2;Rathaus;das;;Substantiv;neutr.;https://www.dwds.de/wb/Rathaus;0.0
B1;Ratschlag;der;;Substantiv;mask.;https://www.dwds.de/wb/Ratschlag;0.0
B1;Raucher;;;Substantiv;mask., neutr.;https://www.dwds.de/wb/Raucher;0.0
B1;Raucherin;die;;Substantiv;fem.;https://www.dwds.de/wb/Raucherin;0.0
A1,BW1;Raum;der;Räume;Substantiv;mask.;https://www.dwds.de/wb/Raum;0.0
B1;Reaktion;die;;Substantiv;fem.;https://www.dwds.de/wb/Reaktion;0.0
B1;Realität;die;;Substantiv;fem.;https://www.dwds.de/wb/Realit%C3%A4t;0.0
B1;Recherche;die;;Substantiv;fem.;https://www.dwds.de/wb/Recherche;0.0
B1;Rechner;der;;Substantiv;mask.;https://www.dwds.de/wb/Rechner;0.0
A1,BW3;Rechnung;die;rechnen, du rechnest;Substantiv;fem.;https://www.dwds.de/wb/Rechnung;0.0
B1;Recht;das;;Substantiv;neutr.;https://www.dwds.de/wb/Recht;0.0
B1;Rede;die;;Substantiv;fem.;https://www.dwds.de/wb/Rede;0.0
B1;Referat;das;;Substantiv;neutr.;https://www.dwds.de/wb/Referat;0.0
B1;Reform;die;;Substantiv;fem.;https://www.dwds.de/wb/Reform;0.0
B1;Regal;das;;Substantiv;neutr.;https://www.dwds.de/wb/Regal#1;0.0
B1;Regel;die;;Substantiv;fem.;https://www.dwds.de/wb/Regel;0.0
A1,BW1;Regen;der;;Substantiv;mask.;https://www.dwds.de/wb/Regen;0.0
B1;Region;die;;Substantiv;fem.;https://www.dwds.de/wb/Region;0.0
BW3;Reh;das;;Substantiv;;;
A2;Reifen;der;;Substantiv;mask.;https://www.dwds.de/wb/Reifen;0.0
A2,BW3;Reihe;die;;Substantiv;fem.;https://www.dwds.de/wb/Reihe;0.0
B1;Reihenfolge;die;;Substantiv;fem.;https://www.dwds.de/wb/Reihenfolge;0.0
A2;Reinigung;die;;Substantiv;fem.;https://www.dwds.de/wb/Reinigung;0.0
A1;Reis;der;;Substantiv;mask.;https://www.dwds.de/wb/Reis#1;0.0
A1,BW1;Reise;die;reisen;Substantiv;fem.;https://www.dwds.de/wb/Reise;0.0
A1;Reisebüro;das;;Substantiv;neutr.;https://www.dwds.de/wb/Reiseb%C3%BCro;0.0
A1;Reiseführer;der;;Substantiv;mask.;https://www.dwds.de/wb/Reisef%C3%BChrer;0.0
B1;Reklame;die;;Substantiv;fem.;https://www.dwds.de/wb/Reklame;0.0
B1;Rekord;der;;Substantiv;mask.;https://www.dwds.de/wb/Rekord;0.0
B1;Religion;die;;Substantiv;fem.;https://www.dwds.de/wb/Religion;0.0
B1;Rente;die;;Substantiv;fem.;https://www.dwds.de/wb/Rente;0.0
A2;Rentner;der;;Substantiv;mask.;https://www.dwds.de/wb/Rentner;0.0
A2;Rentnerin;die;;Substantiv;fem.;https://www.dwds.de/wb/Rentnerin;0.0
A1;Reparatur;die;;Substantiv;fem.;https://www.dwds.de/wb/Reparatur;0.0
B1;Reportage;die;;Substantiv;fem.;https://www.dwds.de/wb/Reportage;0.0
B1;Reporter;der;;Substantiv;mask.;https://www.dwds.de/wb/Reporter;0.0
B1;Reporterin;die;;Substantiv;fem.;https://www.dwds.de/wb/Reporterin;0.0
B1;Reservierung;die;;Substantiv;fem.;https://www.dwds.de/wb/Reservierung;0.0
B1;Respekt;der;;Substantiv;mask.;https://www.dwds.de/wb/Respekt;0.0
A2;Rest;der;;Substantiv;mask.;https://www.dwds.de/wb/Rest;0.0
A1;Restaurant;das;;Substantiv;neutr.;https://www.dwds.de/wb/Restaurant;0.0
A2;Rezept;das;;Substantiv;neutr.;https://www.dwds.de/wb/Rezept;0.0
A1;Rezeption;die;;Substantiv;fem.;https://www.dwds.de/wb/Rezeption;0.0
B1;Richter;der;;Substantiv;mask.;https://www.dwds.de/wb/Richter;0.0
B1;Richterin;die;;Substantiv;fem.;https://www.dwds.de/wb/Richterin;0.0
B1,BW3;Richtung;die;;Substantiv;fem.;https://www.dwds.de/wb/Richtung;0.0
A2;Rind;das;;Substantiv;neutr.;https://www.dwds.de/wb/Rind;0.0
A2,BW1;Ring;der;;Substantiv;mask.;https://www.dwds.de/wb/Ring;0.0
B1;Risiko;das;;Substantiv;neutr.;https://www.dwds.de/wb/Risiko;0.0
A2,BW3;Rock;der;Röcke;Substantiv;mask.;https://www.dwds.de/wb/Rock#1;0.0
B1;Rohr;das;;Substantiv;neutr.;https://www.dwds.de/wb/Rohr;0.0
B1;Rolle;die;;Substantiv;fem.;https://www.dwds.de/wb/Rolle#2;0.0
B1;Roman;der;;Substantiv;mask.;https://www.dwds.de/wb/Roman;0.0
A2,BW1;Rose;die;;Substantiv;fem.;https://www.dwds.de/wb/Rose;0.0
A2;Rucksack;der;;Substantiv;mask.;https://www.dwds.de/wb/Rucksack;0.0
B1;Rufnummer;die;;Substantiv;fem.;https://www.dwds.de/wb/Rufnummer;0.0
A2;Ruhe;die;;Substantiv;fem.;https://www.dwds.de/wb/Ruhe;0.0
B1;Runde;die;;Substantiv;fem.;https://www.dwds.de/wb/Runde;0.0
B1;Rundfahrt;die;;Substantiv;fem.;https://www.dwds.de/wb/Rundfahrt;0.0
A2;Rundgang;der;;Substantiv;mask.;https://www.dwds.de/wb/Rundgang;0.0
A2,BW3;Rätsel;das;rätseln;Substantiv;neutr.;https://www.dwds.de/wb/R%C3%A4tsel;0.0
BW3;Räuber;der;rauben;Substantiv;;;
A2,BW3;Rücken;der;;Substantiv;mask.;https://www.dwds.de/wb/R%C3%BCcken#1;0.0
B1;Rückfahrt;die;;Substantiv;fem.;https://www.dwds.de/wb/R%C3%BCckfahrt;0.0
B1;Rückkehr;die;;Substantiv;fem.;https://www.dwds.de/wb/R%C3%BCckkehr;0.0
A1;S-Bahn;die;;Substantiv;fem.;https://www.dwds.de/wb/S-Bahn;0.0
B1,BW3;Saal;der;Säle;Substantiv;mask.;https://www.dwds.de/wb/Saal;0.0
A2,BW1;Sache;die;;Substantiv;fem.;https://www.dwds.de/wb/Sache;0.0
B1;Sack;der;;Substantiv;mask.;https://www.dwds.de/wb/Sack;0.0
A1,BW1;Saft;der;Säfte, saftig;Substantiv;mask.;https://www.dwds.de/wb/Saft;0.0
B1;Sahne;die;;Substantiv;fem.;https://www.dwds.de/wb/Sahne;0.0
B1;Saison;die;;Substantiv;fem.;https://www.dwds.de/wb/Saison;0.0
A1;Salat;der;;Substantiv;mask.;https://www.dwds.de/wb/Salat;0.0
B1;Salbe;die;;Substantiv;fem.;https://www.dwds.de/wb/Salbe;0.0
B1;Salon;der;;Substantiv;mask.;https://www.dwds.de/wb/Salon;0.0
A1;Salz;das;;Substantiv;neutr.;https://www.dwds.de/wb/Salz;0.0
A1,BW1;Samstag;der;;Substantiv;mask.;https://www.dwds.de/wb/Samstag;0.0
B1;Sand;der;;Substantiv;mask.;https://www.dwds.de/wb/Sand;0.0
A1,BW3;Satz;der;Sätze;Substantiv;mask.;https://www.dwds.de/wb/Satz;0.0
B1;Sauce;die;;Substantiv;fem.;https://www.dwds.de/wb/Sauce;0.0
B1;Schachtel;die;;Substantiv;fem.;https://www.dwds.de/wb/Schachtel;0.0
B1;Schade;der;;Substantiv;mask.;https://www.dwds.de/wb/Schade;0.0
B1;Schaden;der;;Substantiv;mask.;https://www.dwds.de/wb/Schaden;0.0
BW1;Schaf;das;;Substantiv;;;
A1;Schalter;der;;Substantiv;mask.;https://www.dwds.de/wb/Schalter;0.0
B1;Schatten;der;;Substantiv;mask.;https://www.dwds.de/wb/Schatten;0.0
BW3;Schatz;der;Schätze;Substantiv;;;
BW1;Schaufel;die;;Substantiv;;;
B1;Schaufenster;das;;Substantiv;neutr.;https://www.dwds.de/wb/Schaufenster;0.0
BW1;Schaukel;die;schaukeln;Substantiv;;;
B1;Schauspieler;der;;Substantiv;mask.;https://www.dwds.de/wb/Schauspieler;0.0
B1;Schauspielerin;die;;Substantiv;fem.;https://www.dwds.de/wb/Schauspielerin;0.0
B1;Scheibe;die;;Substantiv;fem.;https://www.dwds.de/wb/Scheibe;0.0
B1;Scheidung;die;;Substantiv;fem.;https://www.dwds.de/wb/Scheidung;0.0
B1;Schein;der;;Substantiv;mask.;https://www.dwds.de/wb/Schein#2;0.0
A2,BW1;Schere;die;;Substantiv;fem.;https://www.dwds.de/wb/Schere;0.0
B1;Schi;der;;Substantiv;mask.;https://www.dwds.de/wb/Schi;0.0
A2,BW3;Schiff;das;;Substantiv;neutr.;https://www.dwds.de/wb/Schiff;0.0
A1;Schild;das;;Substantiv;neutr.;https://www.dwds.de/wb/Schild#1;0.0
A1;Schinken;der;;Substantiv;mask.;https://www.dwds.de/wb/Schinken;0.0
A2;Schirm;der;;Substantiv;mask.;https://www.dwds.de/wb/Schirm;0.0
B1;Schlaf;der;;Substantiv;mask.;https://www.dwds.de/wb/Schlaf;0.0
A2;Schlafzimmer;das;;Substantiv;neutr.;https://www.dwds.de/wb/Schlafzimmer;0.0
B1;Schlagobers;das;;Substantiv;neutr.;https://www.dwds.de/wb/Schlagobers;0.0
B1;Schlagrahm;der;;Substantiv;mask.;https://www.dwds.de/wb/Schlagrahm;0.0
B1;Schlagsahne;die;;Substantiv;fem.;https://www.dwds.de/wb/Schlagsahne;0.0
B1,BW1;Schlange;die;;Substantiv;fem.;https://www.dwds.de/wb/Schlange;0.0
BW1;Schlitten;der;;Substantiv;;;
A2,BW3;Schloss;das;Schlösser;Substantiv;neutr.;https://www.dwds.de/wb/Schloss#1;0.0
A1,BW3;Schluss;der;Schlüsse;Substantiv;mask.;https://www.dwds.de/wb/Schluss;0.0
A1,BW1;Schlüssel;der;;Substantiv;mask.;https://www.dwds.de/wb/Schl%C3%BCssel;0.0
A2;Schmerz;der;;Substantiv;mask.;https://www.dwds.de/wb/Schmerz;0.0
B1;Schmerzmittel;das;;Substantiv;neutr.;https://www.dwds.de/wb/Schmerzmittel;0.0
B1;Schmuck;der;;Substantiv;mask.;https://www.dwds.de/wb/Schmuck;0.0
B1;Schmutz;der;;Substantiv;mask.;https://www.dwds.de/wb/Schmutz;0.0
BW1;Schnecke;die;;Substantiv;;;
A2,BW3;Schnee;der;;Substantiv;mask.;https://www.dwds.de/wb/Schnee;0.0
BW3;Schneemann;der;;Substantiv;;;
B1;Schnupfen;der;;Substantiv;mask.;https://www.dwds.de/wb/Schnupfen;0.0
A2;Schokolade;die;;Substantiv;fem.;https://www.dwds.de/wb/Schokolade;0.0
A1,BW1;Schrank;der;Schränke;Substantiv;mask.;https://www.dwds.de/wb/Schrank;0.0
B1,BW3;Schreck;der;erschrecken, schrecklich;Substantiv;mask.;https://www.dwds.de/wb/Schreck;0.0
B1;Schrecken;der;;Substantiv;mask.;https://www.dwds.de/wb/Schrecken;0.0
B1;Schreiben;das;;Substantiv;neutr.;https://www.dwds.de/wb/Schreiben;0.0
BW3;Schreibtisch;der;;Substantiv;;;
B1;Schrift;die;;Substantiv;fem.;https://www.dwds.de/wb/Schrift;0.0
B1;Schriftsteller;der;;Substantiv;mask.;https://www.dwds.de/wb/Schriftsteller;0.0
B1;Schriftstellerin;die;;Substantiv;fem.;https://www.dwds.de/wb/Schriftstellerin;0.0
B1;Schritt;der;;Substantiv;mask.;https://www.dwds.de/wb/Schritt;0.0
A1,BW3;Schuh;der;Schuhe;Substantiv;mask.;https://www.dwds.de/wb/Schuh;0.0
B1;Schularbeit;die;;Substantiv;fem.;https://www.dwds.de/wb/Schularbeit;0.0
B1;Schuld;die;;Substantiv;fem.;https://www.dwds.de/wb/Schuld;0.0
A1;Schule;die;;Substantiv;fem.;https://www.dwds.de/wb/Schule;0.0
B1;Schulter;die;;Substantiv;fem.;https://www.dwds.de/wb/Schulter;0.0
B1;Schutz;der;;Substantiv;mask.;https://www.dwds.de/wb/Schutz;0.0
B1;Schwammerl;;;Substantiv;mask., neutr.;https://www.dwds.de/wb/Schwammerl;0.0
B1;Schwangerschaft;die;;Substantiv;fem.;https://www.dwds.de/wb/Schwangerschaft;0.0
A2;Schwein;das;;Substantiv;neutr.;https://www.dwds.de/wb/Schwein;0.0
A1,BW1;Schwester;die;;Substantiv;fem.;https://www.dwds.de/wb/Schwester;0.0
B1;Schwierigkeit;die;;Substantiv;fem.;https://www.dwds.de/wb/Schwierigkeit;0.0
A1,BW3;Schwimmbad;das;;Substantiv;neutr.;https://www.dwds.de/wb/Schwimmbad;0.0
A1;Schüler;der;;Substantiv;mask.;https://www.dwds.de/wb/Sch%C3%BCler;0.0
A2;Schülerin;die;;Substantiv;fem.;https://www.dwds.de/wb/Sch%C3%BClerin;0.0
B1;Schüssel;die;;Substantiv;fem.;https://www.dwds.de/wb/Sch%C3%BCssel;0.0
A1,BW3;See;der;Seen;Substantiv;mask.;https://www.dwds.de/wb/See#1;0.0
A1;Sehenswürdigkeit;die;;Substantiv;fem.;https://www.dwds.de/wb/Sehensw%C3%BCrdigkeit;0.0
A2,BW1;Seife;die;;Substantiv;fem.;https://www.dwds.de/wb/Seife#1;0.0
A2,BW1;Seite;die;;Substantiv;fem.;https://www.dwds.de/wb/Seite;0.0
B1;Sekretär;der;;Substantiv;mask.;https://www.dwds.de/wb/Sekret%C3%A4r#1;0.0
B1;Sekretärin;die;;Substantiv;fem.;https://www.dwds.de/wb/Sekret%C3%A4rin;0.0
A1;Sekunde;die;;Substantiv;fem.;https://www.dwds.de/wb/Sekunde;0.0
B1;Semester;das;;Substantiv;neutr.;https://www.dwds.de/wb/Semester;0.0
B1;Seminar;das;;Substantiv;neutr.;https://www.dwds.de/wb/Seminar;0.0
B1;Semmel;die;;Substantiv;fem.;https://www.dwds.de/wb/Semmel;0.0
B1;Sender;der;;Substantiv;mask.;https://www.dwds.de/wb/Sender;0.0
A2;Sendung;die;;Substantiv;fem.;https://www.dwds.de/wb/Sendung;0.0
B1;Senior;der;;Substantiv;mask.;https://www.dwds.de/wb/Senior;0.0
B1;Seniorin;die;;Substantiv;fem.;https://www.dwds.de/wb/Seniorin;0.0
A1,BW1;September;der;;Substantiv;mask.;https://www.dwds.de/wb/September;0.0
B1;Serie;die;;Substantiv;fem.;https://www.dwds.de/wb/Serie;0.0
A2;Service;der;;Substantiv;mask., neutr.;https://www.dwds.de/wb/Service#2;0.0
B1;Serviceangestellte;;;Substantiv;fem., mask.;https://www.dwds.de/wb/Serviceangestellte;0.0
B1;Sessel;der;;Substantiv;mask.;https://www.dwds.de/wb/Sessel;0.0
B1;Sicherheit;die;;Substantiv;fem.;https://www.dwds.de/wb/Sicherheit;0.0
A1;Sie;;;Personalpronomen;;https://www.dwds.de/wb/Sie;0.0
B1;Sieg;der;;Substantiv;mask.;https://www.dwds.de/wb/Sieg;0.0
B1;Sieger;der;;Substantiv;mask.;https://www.dwds.de/wb/Sieger;0.0
B1;Siegerin;die;;Substantiv;fem.;https://www.dwds.de/wb/Siegerin;0.0
BW3;Silvester;das;;Substantiv;;;
B1;Sinn;der;;Substantiv;mask.;https://www.dwds.de/wb/Sinn;0.0
A2;Situation;die;;Substantiv;fem.;https://www.dwds.de/wb/Situation;0.0
B1;Sitz;der;;Substantiv;mask.;https://www.dwds.de/wb/Sitz;0.0
B1;Ski;der;;Substantiv;mask.;https://www.dwds.de/wb/Ski;0.0
B1,BW1;Socke;die;;Substantiv;fem.;https://www.dwds.de/wb/Socke;0.0
A1;Sofa;das;;Substantiv;neutr.;https://www.dwds.de/wb/Sofa;0.0
A1,BW3;Sohn;der;Söhne;Substantiv;mask.;https://www.dwds.de/wb/Sohn;0.0
A1,BW1;Sommer;der;;Substantiv;mask.;https://www.dwds.de/wb/Sommer;0.0
B1;Sonderangebot;das;;Substantiv;neutr.;https://www.dwds.de/wb/Sonderangebot;0.0
A1;Sonnabend;der;;Substantiv;mask.;https://www.dwds.de/wb/Sonnabend;0.0
A1,BW1;Sonne;die;sonnig;Substantiv;fem.;https://www.dwds.de/wb/Sonne;0.0
A1,BW1;Sonntag;der;;Substantiv;mask.;https://www.dwds.de/wb/Sonntag;0.0
B1;Sorge;die;;Substantiv;fem.;https://www.dwds.de/wb/Sorge;0.0
B1;Souvenir;das;;Substantiv;neutr.;https://www.dwds.de/wb/Souvenir;0.0
B1;Sozialarbeiter;der;;Substantiv;mask.;https://www.dwds.de/wb/Sozialarbeiter;0.0
B1;Sozialarbeiterin;die;;Substantiv;fem.;https://www.dwds.de/wb/Sozialarbeiterin;0.0
B1;Soße;die;;Substantiv;fem.;https://www.dwds.de/wb/So%C3%9Fe;0.0
A2;Spass;der;;Substantiv;mask.;https://www.dwds.de/wb/Spass;0.0
BW1;Spaten;der;;Substantiv;;;
BW3;Spatz;der;;Substantiv;;;
A2;Spaziergang;der;;Substantiv;mask.;https://www.dwds.de/wb/Spaziergang;0.0
A2;Spaß;der;;Substantiv;mask.;https://www.dwds.de/wb/Spa%C3%9F;0.0
B1;Speise;die;;Substantiv;fem.;https://www.dwds.de/wb/Speise#1;0.0
A1;Speisekarte;die;;Substantiv;fem.;https://www.dwds.de/wb/Speisekarte;0.0
A1;Speisenkarte;die;;Substantiv;fem.;https://www.dwds.de/wb/Speisenkarte;0.0
B1;Speisewagen;der;;Substantiv;mask.;https://www.dwds.de/wb/Speisewagen;0.0
B1;Spezialist;der;;Substantiv;mask.;https://www.dwds.de/wb/Spezialist;0.0
B1;Spezialistin;die;;Substantiv;fem.;https://www.dwds.de/wb/Spezialistin;0.0
B1,BW1;Spiegel;der;;Substantiv;mask.;https://www.dwds.de/wb/Spiegel;0.0
A2,BW1;Spiel;das;spielen, du spielst;Substantiv;neutr.;https://www.dwds.de/wb/Spiel;0.0
B1;Spieler;der;;Substantiv;mask.;https://www.dwds.de/wb/Spieler;0.0
B1;Spielerin;die;;Substantiv;fem.;https://www.dwds.de/wb/Spielerin;0.0
B1;Spielplatz;der;;Substantiv;mask.;https://www.dwds.de/wb/Spielplatz;0.0
B1;Spielzeug;das;;Substantiv;neutr.;https://www.dwds.de/wb/Spielzeug;0.0
BW1;Spinne;die;;Substantiv;;;
BW1;Spitze;die;spitz;Substantiv;;;
A1;Sport;der;;Substantiv;mask.;https://www.dwds.de/wb/Sport;0.0
B1;Sportart;die;;Substantiv;fem.;https://www.dwds.de/wb/Sportart;0.0
B1;Sportler;der;;Substantiv;mask.;https://www.dwds.de/wb/Sportler;0.0
B1;Sportlerin;die;;Substantiv;fem.;https://www.dwds.de/wb/Sportlerin;0.0
A2;Sportplatz;der;;Substantiv;mask.;https://www.dwds.de/wb/Sportplatz;0.0
A1,BW3;Sprache;die;;Substantiv;fem.;https://www.dwds.de/wb/Sprache;0.0
A2;Sprechstunde;die;;Substantiv;fem.;https://www.dwds.de/wb/Sprechstunde;0.0
B1;Spritze;die;;Substantiv;fem.;https://www.dwds.de/wb/Spritze;0.0
B1;Spur;die;;Substantiv;fem.;https://www.dwds.de/wb/Spur;0.0
B1;Stadion;das;;Substantiv;neutr.;https://www.dwds.de/wb/Stadion;0.0
A1,BW3;Stadt;die;Städte;Substantiv;fem.;https://www.dwds.de/wb/Stadt;0.0
A2;Stadtplan;der;;Substantiv;mask.;https://www.dwds.de/wb/Stadtplan;0.0
B1;Standpunkt;der;;Substantiv;mask.;https://www.dwds.de/wb/Standpunkt;0.0
A2;Star;der;;Substantiv;mask.;https://www.dwds.de/wb/Star#3;0.0
B1;Start;der;;Substantiv;mask.;https://www.dwds.de/wb/Start;0.0
B1;Station;die;;Substantiv;fem.;https://www.dwds.de/wb/Station;0.0
B1;Statistik;die;;Substantiv;fem.;https://www.dwds.de/wb/Statistik;0.0
B1;Stau;der;;Substantiv;mask.;https://www.dwds.de/wb/Stau;0.0
B1;Staub;der;;Substantiv;mask.;https://www.dwds.de/wb/Staub;0.0
B1;Staub saugen;;;Verb;;https://www.dwds.de/wb/Staub%20saugen;0.0
B1;Steckdose;die;;Substantiv;fem.;https://www.dwds.de/wb/Steckdose;0.0
B1;Stecker;der;;Substantiv;mask.;https://www.dwds.de/wb/Stecker;0.0
B1,BW1;Stein;der;;Substantiv;mask.;https://www.dwds.de/wb/Stein;0.0
A1;Stelle;die;;Substantiv;fem.;https://www.dwds.de/wb/Stelle;0.0
B1,BW1;Stempel;der;;Substantiv;mask.;https://www.dwds.de/wb/Stempel;0.0
B1,BW1;Stern;der;;Substantiv;mask.;https://www.dwds.de/wb/Stern;0.0
B1;Steuer;die;;Substantiv;fem.;https://www.dwds.de/wb/Steuer#2;0.0
B1;Steward;der;;Substantiv;mask.;https://www.dwds.de/wb/Steward;0.0
B1;Stewardess;die;;Substantiv;fem.;https://www.dwds.de/wb/Stewardess;0.0
A2,BW1;Stiefel;der;;Substantiv;mask.;https://www.dwds.de/wb/Stiefel;0.0
B1;Stiege;die;;Substantiv;fem.;https://www.dwds.de/wb/Stiege#1;0.0
B1;Stiegenhaus;das;;Substantiv;neutr.;https://www.dwds.de/wb/Stiegenhaus;0.0
A2,BW1;Stift;der;;Substantiv;mask.;https://www.dwds.de/wb/Stift#1;0.0
B1;Stil;der;;Substantiv;mask.;https://www.dwds.de/wb/Stil;0.0
B1;Stimme;die;;Substantiv;fem.;https://www.dwds.de/wb/Stimme;0.0
B1;Stimmung;die;;Substantiv;fem.;https://www.dwds.de/wb/Stimmung;0.0
A2;Stipendium;das;;Substantiv;neutr.;https://www.dwds.de/wb/Stipendium;0.0
A1;Stock;der;;Substantiv;mask.;https://www.dwds.de/wb/Stock#2;0.0
A2;Stockwerk;das;;Substantiv;neutr.;https://www.dwds.de/wb/Stockwerk;0.0
B1,BW3;Stoff;der;;Substantiv;mask.;https://www.dwds.de/wb/Stoff;0.0
B1,BW3;Strafe;die;;Substantiv;fem.;https://www.dwds.de/wb/Strafe;0.0
B1;Strafzettel;der;;Substantiv;mask.;https://www.dwds.de/wb/Strafzettel;0.0
A2,BW3;Strand;der;Strände;Substantiv;mask.;https://www.dwds.de/wb/Strand;0.0
A1,BW3;Straße;die;;Substantiv;fem.;https://www.dwds.de/wb/Stra%C3%9Fe;0.0
A1;Straßenbahn;die;;Substantiv;fem.;https://www.dwds.de/wb/Stra%C3%9Fenbahn;0.0
B1;Strecke;die;;Substantiv;fem.;https://www.dwds.de/wb/Strecke;0.0
B1;Streichholz;das;;Substantiv;neutr.;https://www.dwds.de/wb/Streichholz;0.0
BW3;Streifen;der;;Substantiv;;;
B1;Streik;der;;Substantiv;mask.;https://www.dwds.de/wb/Streik;0.0
B1;Streit;der;;Substantiv;mask.;https://www.dwds.de/wb/Streit;0.0
A2;Stress;der;;Substantiv;mask.;https://www.dwds.de/wb/Stress;0.0
B1,BW3;Strom;der;;Substantiv;mask.;https://www.dwds.de/wb/Strom;0.0
B1;Strumpf;der;;Substantiv;mask.;https://www.dwds.de/wb/Strumpf;0.0
A1;Student;der;;Substantiv;mask.;https://www.dwds.de/wb/Student;0.0
A2;Studentin;die;;Substantiv;fem.;https://www.dwds.de/wb/Studentin;0.0
B1;Studie;die;;Substantiv;fem.;https://www.dwds.de/wb/Studie;0.0
B1;Studierende;;;Substantiv;fem., mask.;https://www.dwds.de/wb/Studierende;0.0
B1;Studio;das;;Substantiv;neutr.;https://www.dwds.de/wb/Studio;0.0
A1;Studium;das;;Substantiv;neutr.;https://www.dwds.de/wb/Studium;0.0
B1,BW1;Stufe;die;;Substantiv;fem.;https://www.dwds.de/wb/Stufe;0.0
A2,BW3;Stuhl;der;Stühle;Substantiv;mask.;https://www.dwds.de/wb/Stuhl;0.0
A1,BW1;Stunde;die;;Substantiv;fem.;https://www.dwds.de/wb/Stunde;0.0
B1,BW3;Sturm;der;stürmisch;Substantiv;mask.;https://www.dwds.de/wb/Sturm;0.0
B1;Störung;die;;Substantiv;fem.;https://www.dwds.de/wb/St%C3%B6rung;0.0
A2,BW3;Stück;das;;Substantiv;neutr.;https://www.dwds.de/wb/St%C3%BCck;0.0
B1;Sucht;die;;Substantiv;fem.;https://www.dwds.de/wb/Sucht;0.0
B1;Suchtmittel;das;;Substantiv;neutr.;https://www.dwds.de/wb/Suchtmittel;0.0
B1;Summe;die;;Substantiv;fem.;https://www.dwds.de/wb/Summe;0.0
A2;Supermarkt;der;;Substantiv;mask.;https://www.dwds.de/wb/Supermarkt;0.0
A2,BW1;Suppe;die;;Substantiv;fem.;https://www.dwds.de/wb/Suppe;0.0
B1;Symbol;das;;Substantiv;neutr.;https://www.dwds.de/wb/Symbol;0.0
B1;System;das;;Substantiv;neutr.;https://www.dwds.de/wb/System;0.0
B1;Szene;die;;Substantiv;fem.;https://www.dwds.de/wb/Szene;0.0
BW1;Säge;die;sägen;Substantiv;;;
B1;Sänger;der;;Substantiv;mask.;https://www.dwds.de/wb/S%C3%A4nger;0.0
B1;Sängerin;die;;Substantiv;fem.;https://www.dwds.de/wb/S%C3%A4ngerin;0.0
A1;Süden;der;;Substantiv;mask.;https://www.dwds.de/wb/S%C3%BCden;0.0
A2,BW3;Süßigkeit;die;;Substantiv;fem.;https://www.dwds.de/wb/S%C3%BC%C3%9Figkeit;0.0
A2;T-Shirt;das;;Substantiv;neutr.;https://www.dwds.de/wb/T-Shirt;0.0
B1;Tabelle;die;;Substantiv;fem.;https://www.dwds.de/wb/Tabelle;0.0
A2;Tablet;;;Substantiv;neutr., mask.;https://www.dwds.de/wb/Tablet;0.0
A2;Tablette;die;;Substantiv;fem.;https://www.dwds.de/wb/Tablette;0.0
A2,BW1;Tafel;die;;Substantiv;fem.;https://www.dwds.de/wb/Tafel;0.0
A1,BW1;Tag;der;Tage, täglich;Substantiv;mask.;https://www.dwds.de/wb/Tag#1;0.0
B1;Tagesablauf;der;;Substantiv;mask.;https://www.dwds.de/wb/Tagesablauf;0.0
B1;Tal;das;;Substantiv;neutr.;https://www.dwds.de/wb/Tal;0.0
B1;Talent;das;;Substantiv;neutr.;https://www.dwds.de/wb/Talent;0.0
B1;Tankstelle;die;;Substantiv;fem.;https://www.dwds.de/wb/Tankstelle;0.0
B1,BW1;Tante;die;;Substantiv;fem.;https://www.dwds.de/wb/Tante;0.0
B1;Tanz;der;;Substantiv;mask.;https://www.dwds.de/wb/Tanz;0.0
A1,BW1;Tasche;die;;Substantiv;fem.;https://www.dwds.de/wb/Tasche;0.0
A2;Taschengeld;das;;Substantiv;neutr.;https://www.dwds.de/wb/Taschengeld;0.0
B1;Taschentuch;das;;Substantiv;neutr.;https://www.dwds.de/wb/Taschentuch;0.0
A2;Tasse;die;;Substantiv;fem.;https://www.dwds.de/wb/Tasse;0.0
B1;Tastatur;die;;Substantiv;fem.;https://www.dwds.de/wb/Tastatur;0.0
B1;Taste;die;;Substantiv;fem.;https://www.dwds.de/wb/Taste;0.0
B1;Tat;die;;Substantiv;fem.;https://www.dwds.de/wb/Tat;0.0
B1;Tatsache;die;;Substantiv;fem.;https://www.dwds.de/wb/Tatsache;0.0
A1,BW1;Taxi;das;;Substantiv;neutr., mask.;https://www.dwds.de/wb/Taxi;0.0
A2;Team;das;;Substantiv;neutr.;https://www.dwds.de/wb/Team;0.0
B1;Technik;die;;Substantiv;fem.;https://www.dwds.de/wb/Technik;0.0
B1;Technologie;die;;Substantiv;fem.;https://www.dwds.de/wb/Technologie;0.0
BW3;Teddy;der;Teddys;Substantiv;;;
A1,BW3;Tee;der;;Substantiv;mask.;https://www.dwds.de/wb/Tee#1;0.0
A1;Teil;;;Substantiv;mask., neutr.;https://www.dwds.de/wb/Teil;0.0
B1;Teilnahme;die;;Substantiv;fem.;https://www.dwds.de/wb/Teilnahme;0.0
B1;Teilnehmer;der;;Substantiv;mask.;https://www.dwds.de/wb/Teilnehmer;0.0
B1;Teilnehmerin;die;;Substantiv;fem.;https://www.dwds.de/wb/Teilnehmerin;0.0
B1;Teilzeit;die;;Substantiv;fem.;https://www.dwds.de/wb/Teilzeit;0.0
A1;Telefon;das;;Substantiv;neutr.;https://www.dwds.de/wb/Telefon;0.0
A2,BW1;Teller;der;;Substantiv;mask.;https://www.dwds.de/wb/Teller;0.0
B1;Temperatur;die;;Substantiv;fem.;https://www.dwds.de/wb/Temperatur;0.0
B1;Tempo;das;;Substantiv;neutr.;https://www.dwds.de/wb/Tempo#1;0.0
A2;Tennis;das;;Substantiv;neutr.;https://www.dwds.de/wb/Tennis;0.0
B1;Teppich;der;;Substantiv;mask.;https://www.dwds.de/wb/Teppich;0.0
A1;Termin;der;;Substantiv;mask.;https://www.dwds.de/wb/Termin;0.0
B1;Terminkalender;der;;Substantiv;mask.;https://www.dwds.de/wb/Terminkalender;0.0
B1;Terrasse;die;;Substantiv;fem.;https://www.dwds.de/wb/Terrasse;0.0
A1;Test;der;;Substantiv;mask.;https://www.dwds.de/wb/Test;0.0
A1,BW3;Text;der;;Substantiv;mask.;https://www.dwds.de/wb/Text;0.0
A2,BW3;Theater;das;;Substantiv;neutr.;https://www.dwds.de/wb/Theater;0.0
A1,BW3;Thema;das;Themen;Substantiv;neutr.;https://www.dwds.de/wb/Thema;0.0
B1;Theorie;die;;Substantiv;fem.;https://www.dwds.de/wb/Theorie;0.0
B1;Therapie;die;;Substantiv;fem.;https://www.dwds.de/wb/Therapie;0.0
BW3;Thermometer;das;;Substantiv;;;
A1;Ticket;das;;Substantiv;neutr.;https://www.dwds.de/wb/Ticket;0.0
A2,BW1;Tier;das;;Substantiv;neutr.;https://www.dwds.de/wb/Tier;0.0
B1;Tierpark;der;;Substantiv;mask.;https://www.dwds.de/wb/Tierpark;0.0
BW3;Tiger;der;;Substantiv;;;
A2;Tipp;der;;Substantiv;mask.;https://www.dwds.de/wb/Tipp#1;0.0
A1,BW1;Tisch;der;;Substantiv;mask.;https://www.dwds.de/wb/Tisch;0.0
A2;Titel;der;;Substantiv;mask.;https://www.dwds.de/wb/Titel;0.0
A1,BW1;Tochter;die;;Substantiv;fem.;https://www.dwds.de/wb/Tochter;0.0
B1;Tod;der;;Substantiv;mask.;https://www.dwds.de/wb/Tod;0.0
A1;Toilette;die;;Substantiv;fem.;https://www.dwds.de/wb/Toilette;0.0
A1;Tomate;die;;Substantiv;fem.;https://www.dwds.de/wb/Tomate;0.0
A2,BW1;Topf;der;Töpfe;Substantiv;mask.;https://www.dwds.de/wb/Topf;0.0
B1,BW1;Tor;das;;Substantiv;neutr.;https://www.dwds.de/wb/Tor#1;0.0
A2;Torte;die;;Substantiv;fem.;https://www.dwds.de/wb/Torte;0.0
B1;Tote;;;Substantiv;fem., mask.;https://www.dwds.de/wb/Tote;0.0
A2;Tour;die;;Substantiv;fem.;https://www.dwds.de/wb/Tour;0.0
B1;Tourismus;der;;Substantiv;mask.;https://www.dwds.de/wb/Tourismus;0.0
A2;Tourist;der;;Substantiv;mask.;https://www.dwds.de/wb/Tourist;0.0
A2;Touristin;die;;Substantiv;fem.;https://www.dwds.de/wb/Touristin;0.0
B1;Tradition;die;;Substantiv;fem.;https://www.dwds.de/wb/Tradition;0.0
B1;Trainer;der;;Substantiv;mask.;https://www.dwds.de/wb/Trainer;0.0
B1;Trainerin;die;;Substantiv;fem.;https://www.dwds.de/wb/Trainerin;0.0
A2;Training;das;;Substantiv;neutr.;https://www.dwds.de/wb/Training;0.0
B1;Tram;die;;Substantiv;fem., neutr.;https://www.dwds.de/wb/Tram#1;0.0
B1;Transport;der;;Substantiv;mask.;https://www.dwds.de/wb/Transport;0.0
A2,BW1;Traum;der;Träume, träumen;Substantiv;mask.;https://www.dwds.de/wb/Traum;0.0
B1;Treffpunkt;der;;Substantiv;mask.;https://www.dwds.de/wb/Treffpunkt;0.0
B1;Trennung;die;;Substantiv;fem.;https://www.dwds.de/wb/Trennung;0.0
A1,BW1;Treppe;die;;Substantiv;fem.;https://www.dwds.de/wb/Treppe;0.0
B1;Treppenhaus;das;;Substantiv;neutr.;https://www.dwds.de/wb/Treppenhaus;0.0
B1;Trinkgeld;das;;Substantiv;neutr.;https://www.dwds.de/wb/Trinkgeld;0.0
B1;Tropfen;der;;Substantiv;mask.;https://www.dwds.de/wb/Tropfen;0.0
B1;Trottoir;das;;Substantiv;neutr.;https://www.dwds.de/wb/Trottoir;0.0
B1,BW3;Träne;die;;Substantiv;fem.;https://www.dwds.de/wb/Tr%C3%A4ne;0.0
A1;Tschüss;;;Interjektion;;https://www.dwds.de/wb/Tsch%C3%BCss;0.0
B1;Tuch;das;;Substantiv;neutr.;https://www.dwds.de/wb/Tuch;0.0
B1;Turm;der;;Substantiv;mask.;https://www.dwds.de/wb/Turm;0.0
B1;Typ;der;;Substantiv;mask.;https://www.dwds.de/wb/Typ;0.0
B1;Täter;der;;Substantiv;mask.;https://www.dwds.de/wb/T%C3%A4ter;0.0
B1;Täterin;die;;Substantiv;fem.;https://www.dwds.de/wb/T%C3%A4terin;0.0
B1;Tätigkeit;die;;Substantiv;fem.;https://www.dwds.de/wb/T%C3%A4tigkeit;0.0
A2,BW1;Tür;die;;Substantiv;fem.;https://www.dwds.de/wb/T%C3%BCr;0.0
B1;Tüte;die;;Substantiv;fem.;https://www.dwds.de/wb/T%C3%BCte;0.0
B1;U-Bahn;die;;Substantiv;fem.;https://www.dwds.de/wb/U-Bahn;0.0
B1;Ufer;das;;Substantiv;neutr.;https://www.dwds.de/wb/Ufer;0.0
A1,BW3;Uhr;die;;Substantiv;fem.;https://www.dwds.de/wb/Uhr;0.0
B1;Umfrage;die;;Substantiv;fem.;https://www.dwds.de/wb/Umfrage;0.0
B1;Umgebung;die;;Substantiv;fem.;https://www.dwds.de/wb/Umgebung;0.0
B1;Umleitung;die;;Substantiv;fem.;https://www.dwds.de/wb/Umleitung;0.0
B1;Umtausch;der;;Substantiv;mask.;https://www.dwds.de/wb/Umtausch;0.0
B1;Umwelt;die;;Substantiv;fem.;https://www.dwds.de/wb/Umwelt;0.0
B1;Umweltschutz;der;;Substantiv;mask.;https://www.dwds.de/wb/Umweltschutz;0.0
B1;Umweltverschmutzung;die;;Substantiv;fem.;https://www.dwds.de/wb/Umweltverschmutzung;0.0
A2;Umzug;der;;Substantiv;mask.;https://www.dwds.de/wb/Umzug;0.0
A2;Unfall;der;;Substantiv;mask.;https://www.dwds.de/wb/Unfall;0.0
B1;Unglück;das;;Substantiv;neutr.;https://www.dwds.de/wb/Ungl%C3%BCck;0.0
B1;Uniform;die;;Substantiv;fem.;https://www.dwds.de/wb/Uniform;0.0
A2;Universität;die;;Substantiv;fem.;https://www.dwds.de/wb/Universit%C3%A4t;0.0
B1;Unterhaltung;die;;Substantiv;fem.;https://www.dwds.de/wb/Unterhaltung;0.0
A2;Unterkunft;die;;Substantiv;fem.;https://www.dwds.de/wb/Unterkunft;0.0
B1;Unterlage;die;;Substantiv;fem.;https://www.dwds.de/wb/Unterlage;0.0
B1;Unternehmer;der;;Substantiv;mask.;https://www.dwds.de/wb/Unternehmer;0.0
B1;Unternehmerin;die;;Substantiv;fem.;https://www.dwds.de/wb/Unternehmerin;0.0
A1;Unterricht;der;;Substantiv;mask.;https://www.dwds.de/wb/Unterricht;0.0
A2;Unterschied;der;;Substantiv;mask.;https://www.dwds.de/wb/Unterschied;0.0
A1;Unterschrift;die;;Substantiv;fem.;https://www.dwds.de/wb/Unterschrift;0.0
B1;Unterstützung;die;;Substantiv;fem.;https://www.dwds.de/wb/Unterst%C3%BCtzung;0.0
B1;Untersuchung;die;;Substantiv;fem.;https://www.dwds.de/wb/Untersuchung;0.0
B1;Urkunde;die;;Substantiv;fem.;https://www.dwds.de/wb/Urkunde;0.0
A1,BW3;Urlaub;der;Urlaube;Substantiv;mask.;https://www.dwds.de/wb/Urlaub;0.0
B1;Ursache;die;;Substantiv;fem.;https://www.dwds.de/wb/Ursache;0.0
B1;Urteil;das;;Substantiv;neutr.;https://www.dwds.de/wb/Urteil;0.0
B1,BW1;Vase;die;;Substantiv;fem.;https://www.dwds.de/wb/Vase;0.0
A1,BW1;Vater;der;Väter;Substantiv;mask.;https://www.dwds.de/wb/Vater;0.0
B1;Velo;das;;Substantiv;neutr.;https://www.dwds.de/wb/Velo;0.0
B1;Verabredung;die;;Substantiv;fem.;https://www.dwds.de/wb/Verabredung;0.0
A2;Veranstaltung;die;;Substantiv;fem.;https://www.dwds.de/wb/Veranstaltung;0.0
B1;Verantwortung;die;;Substantiv;fem.;https://www.dwds.de/wb/Verantwortung;0.0
B1;Verbindung;die;;Substantiv;fem.;https://www.dwds.de/wb/Verbindung;0.0
B1;Verbot;das;;Substantiv;neutr.;https://www.dwds.de/wb/Verbot;0.0
B1;Verbrecher;der;;Substantiv;mask.;https://www.dwds.de/wb/Verbrecher;0.0
B1;Verbrecherin;die;;Substantiv;fem.;https://www.dwds.de/wb/Verbrecherin;0.0
B1;Verdacht;der;;Substantiv;mask.;https://www.dwds.de/wb/Verdacht;0.0
A1,BW3;Verein;der;du vergisst, ich vergaß, vergesslich;Substantiv;mask.;https://www.dwds.de/wb/Verein;0.0
B1;Vergangenheit;die;;Substantiv;fem.;https://www.dwds.de/wb/Vergangenheit;0.0
B1;Vergleich;der;;Substantiv;mask.;https://www.dwds.de/wb/Vergleich;0.0
B1;Vergnügen;das;;Substantiv;neutr.;https://www.dwds.de/wb/Vergn%C3%BCgen;0.0
B1;Verhalten;das;;Substantiv;neutr.;https://www.dwds.de/wb/Verhalten;0.0
B1;Verhältnis;das;;Substantiv;neutr.;https://www.dwds.de/wb/Verh%C3%A4ltnis;0.0
A2;Verkehr;der;;Substantiv;mask.;https://www.dwds.de/wb/Verkehr;0.0
A2;Verkehrsmittel;das;;Substantiv;neutr.;https://www.dwds.de/wb/Verkehrsmittel;0.0
B1;Verkehrszeichen;das;;Substantiv;neutr.;https://www.dwds.de/wb/Verkehrszeichen;0.0
A1;Verkäufer;der;;Substantiv;mask.;https://www.dwds.de/wb/Verk%C3%A4ufer;0.0
B1;Verkäuferin;die;;Substantiv;fem.;https://www.dwds.de/wb/Verk%C3%A4uferin;0.0
B1;Verlag;der;;Substantiv;mask.;https://www.dwds.de/wb/Verlag;0.0
B1;Verletzung;die;;Substantiv;fem.;https://www.dwds.de/wb/Verletzung;0.0
B1;Verlierer;der;;Substantiv;mask.;https://www.dwds.de/wb/Verlierer;0.0
B1;Verlust;der;;Substantiv;mask.;https://www.dwds.de/wb/Verlust;0.0
A1;Vermieter;der;;Substantiv;mask.;https://www.dwds.de/wb/Vermieter;0.0
A2;Vermieterin;die;;Substantiv;fem.;https://www.dwds.de/wb/Vermieterin;0.0
B1;Vermietung;die;;Substantiv;fem.;https://www.dwds.de/wb/Vermietung;0.0
B1;Vermittlung;die;;Substantiv;fem.;https://www.dwds.de/wb/Vermittlung;0.0
B1;Versammlung;die;;Substantiv;fem.;https://www.dwds.de/wb/Versammlung;0.0
B1;Versichertenkarte;die;;Substantiv;fem.;https://www.dwds.de/wb/Versichertenkarte;0.0
B1;Versicherung;die;;Substantiv;fem.;https://www.dwds.de/wb/Versicherung;0.0
A2;Verspätung;die;;Substantiv;fem.;https://www.dwds.de/wb/Versp%C3%A4tung;0.0
B1;Verständnis;das;;Substantiv;neutr.;https://www.dwds.de/wb/Verst%C3%A4ndnis;0.0
B1;Versuch;der;;Substantiv;mask.;https://www.dwds.de/wb/Versuch;0.0
A2;Vertrag;der;;Substantiv;mask.;https://www.dwds.de/wb/Vertrag;0.0
B1;Vertrauen;das;;Substantiv;neutr.;https://www.dwds.de/wb/Vertrauen;0.0
B1;Vertreter;der;;Substantiv;mask.;https://www.dwds.de/wb/Vertreter;0.0
B1;Vertreterin;die;;Substantiv;fem.;https://www.dwds.de/wb/Vertreterin;0.0
B1;Vertretung;die;;Substantiv;fem.;https://www.dwds.de/wb/Vertretung;0.0
B1;Verwaltung;die;;Substantiv;fem.;https://www.dwds.de/wb/Verwaltung;0.0
A1;Verwandte;;;Substantiv;fem., mask.;https://www.dwds.de/wb/Verwandte;0.0
B1;Verzeihung;die;;Substantiv;fem.;https://www.dwds.de/wb/Verzeihung;0.0
B1;Video;das;;Substantiv;neutr.;https://www.dwds.de/wb/Video;0.0
A1;Viertel;das;;Substantiv;neutr., mask.;https://www.dwds.de/wb/Viertel#1;0.0
B1,BW3;Virus;das;Viren;Substantiv;neutr., mask.;https://www.dwds.de/wb/Virus;0.0
B1;Visitenkarte;die;;Substantiv;fem.;https://www.dwds.de/wb/Visitenkarte;0.0
B1;Visum;das;;Substantiv;neutr.;https://www.dwds.de/wb/Visum;0.0
B1;Vitamin;das;;Substantiv;neutr.;https://www.dwds.de/wb/Vitamin;0.0
A2,BW1;Vogel;der;Vögel;Substantiv;mask.;https://www.dwds.de/wb/Vogel;0.0
A2;Volleyball;;;Substantiv;mask., neutr.;https://www.dwds.de/wb/Volleyball;0.0
B1;Vollzeit;die;;Substantiv;fem.;https://www.dwds.de/wb/Vollzeit;0.0
B1;Voraussetzung;die;;Substantiv;fem.;https://www.dwds.de/wb/Voraussetzung;0.0
B1;Vorbereitung;die;;Substantiv;fem.;https://www.dwds.de/wb/Vorbereitung;0.0
B1;Vorfahrt;die;;Substantiv;fem.;https://www.dwds.de/wb/Vorfahrt;0.0
A1;Vormittag;der;;Substantiv;mask.;https://www.dwds.de/wb/Vormittag;0.0
A1;Vorname;der;;Substantiv;mask.;https://www.dwds.de/wb/Vorname;0.0
B1;Vorort;der;;Substantiv;mask.;https://www.dwds.de/wb/Vorort;0.0
A2;Vorschlag;der;;Substantiv;mask.;https://www.dwds.de/wb/Vorschlag;0.0
B1;Vorschrift;die;;Substantiv;fem.;https://www.dwds.de/wb/Vorschrift;0.0
A1;Vorsicht;die;;Substantiv;fem.;https://www.dwds.de/wb/Vorsicht;0.0
B1;Vorspeise;die;;Substantiv;fem.;https://www.dwds.de/wb/Vorspeise;0.0
B1;Vorstellung;die;;Substantiv;fem.;https://www.dwds.de/wb/Vorstellung;0.0
B1;Vorstellungsgespräch;das;;Substantiv;neutr.;https://www.dwds.de/wb/Vorstellungsgespr%C3%A4ch;0.0
B1;Vorteil;der;;Substantiv;mask.;https://www.dwds.de/wb/Vorteil;0.0
B1;Vortrag;der;;Substantiv;mask.;https://www.dwds.de/wb/Vortrag;0.0
A1;Vorwahl;die;;Substantiv;fem.;https://www.dwds.de/wb/Vorwahl;0.0
B1;Vorwurf;der;;Substantiv;mask.;https://www.dwds.de/wb/Vorwurf;0.0
BW1;Vulkan;der;;Substantiv;;;
BW3;Waage;die;;Substantiv;;;
A1;Wagen;der;;Substantiv;mask.;https://www.dwds.de/wb/Wagen;0.0
B1;Wahl;die;;Substantiv;fem.;https://www.dwds.de/wb/Wahl;0.0
B1;Wahrheit;die;;Substantiv;fem.;https://www.dwds.de/wb/Wahrheit;0.0
A2,BW3;Wald;der;Wälder;Substantiv;mask.;https://www.dwds.de/wb/Wald;0.0
B1,BW3;Wand;die;Wände;Substantiv;fem.;https://www.dwds.de/wb/Wand;0.0
B1;Wanderung;die;;Substantiv;fem.;https://www.dwds.de/wb/Wanderung;0.0
B1;Wandrung;die;;Substantiv;fem.;https://www.dwds.de/wb/Wandrung;0.0
B1;Ware;die;;Substantiv;fem.;https://www.dwds.de/wb/Ware;0.0
B1;Waschmittel;das;;Substantiv;neutr.;https://www.dwds.de/wb/Waschmittel;0.0
A1,BW1;Wasser;das;;Substantiv;neutr.;https://www.dwds.de/wb/Wasser;0.0
A2;Web-Seite;die;;Substantiv;fem.;https://www.dwds.de/wb/Web-Seite;0.0
A2;Webseite;die;;Substantiv;fem.;https://www.dwds.de/wb/Webseite;0.0
B1,BW3;Wecker;der;wecken;Substantiv;mask.;https://www.dwds.de/wb/Wecker;0.0
A2,BW1;Weg;der;Wege;Substantiv;mask.;https://www.dwds.de/wb/Weg;0.0
A1;Wein;der;;Substantiv;mask.;https://www.dwds.de/wb/Wein;0.0
B1;Weiterbildung;die;;Substantiv;fem.;https://www.dwds.de/wb/Weiterbildung;0.0
A1;Welt;die;;Substantiv;fem.;https://www.dwds.de/wb/Welt;0.0
B1;Werbung;die;;Substantiv;fem.;https://www.dwds.de/wb/Werbung;0.0
B1;Werk;das;;Substantiv;neutr.;https://www.dwds.de/wb/Werk;0.0
A2;Werkstatt;die;;Substantiv;fem.;https://www.dwds.de/wb/Werkstatt;0.0
B1;Werkzeug;das;;Substantiv;neutr.;https://www.dwds.de/wb/Werkzeug;0.0
B1;Wert;der;;Substantiv;mask.;https://www.dwds.de/wb/Wert;0.0
A1;Westen;der;;Substantiv;mask.;https://www.dwds.de/wb/Westen;0.0
A2;Wettbewerb;der;;Substantiv;mask.;https://www.dwds.de/wb/Wettbewerb;0.0
A1,BW1;Wetter;das;;Substantiv;neutr.;https://www.dwds.de/wb/Wetter;0.0
B1;Wetterbericht;der;;Substantiv;mask.;https://www.dwds.de/wb/Wetterbericht;0.0
B1;Wettervorhersage;die;;Substantiv;fem.;https://www.dwds.de/wb/Wettervorhersage;0.0
B1;Wiederholung;die;;Substantiv;fem.;https://www.dwds.de/wb/Wiederholung;0.0
A1;Wiederhören;das;;Substantiv;neutr.;https://www.dwds.de/wb/Wiederh%C3%B6ren;0.0
A1;Wiedersehen;das;;Substantiv;neutr.;https://www.dwds.de/wb/Wiedersehen;0.0
B1,BW1;Wiese;die;;Substantiv;fem.;https://www.dwds.de/wb/Wiese;0.0
A1;Wind;der;;Substantiv;mask.;https://www.dwds.de/wb/Wind;0.0
A1,BW1;Winter;der;;Substantiv;mask.;https://www.dwds.de/wb/Winter;0.0
B1;Wirklichkeit;die;;Substantiv;fem.;https://www.dwds.de/wb/Wirklichkeit;0.0
B1;Wirkung;die;;Substantiv;fem.;https://www.dwds.de/wb/Wirkung;0.0
B1;Wirt;der;;Substantiv;mask.;https://www.dwds.de/wb/Wirt;0.0
B1;Wirtin;die;;Substantiv;fem.;https://www.dwds.de/wb/Wirtin;0.0
B1;Wirtschaft;die;;Substantiv;fem.;https://www.dwds.de/wb/Wirtschaft;0.0
B1;Wissen;das;;Substantiv;neutr.;https://www.dwds.de/wb/Wissen;0.0
B1;Wissenschaftler;der;;Substantiv;mask.;https://www.dwds.de/wb/Wissenschaftler;0.0
B1;Wissenschaftlerin;die;;Substantiv;fem.;https://www.dwds.de/wb/Wissenschaftlerin;0.0
A2;Witz;der;;Substantiv;mask.;https://www.dwds.de/wb/Witz;0.0
A1,BW1;Woche;die;;Substantiv;fem.;https://www.dwds.de/wb/Woche;0.0
A1;Wochenende;das;;Substantiv;neutr.;https://www.dwds.de/wb/Wochenende;0.0
A1;Wochentag;der;;Substantiv;mask.;https://www.dwds.de/wb/Wochentag;0.0
B1;Wohnort;der;;Substantiv;mask.;https://www.dwds.de/wb/Wohnort;0.0
B1;Wohnsitz;der;;Substantiv;mask.;https://www.dwds.de/wb/Wohnsitz;0.0
A1,BW3;Wohnung;die;;Substantiv;fem.;https://www.dwds.de/wb/Wohnung;0.0
A2;Wohnzimmer;das;;Substantiv;neutr.;https://www.dwds.de/wb/Wohnzimmer;0.0
A2,BW1;Wolke;die;bewölkt;Substantiv;fem.;https://www.dwds.de/wb/Wolke;0.0
B1;Wolle;die;;Substantiv;fem.;https://www.dwds.de/wb/Wolle;0.0
A2;Workshop;der;;Substantiv;mask.;https://www.dwds.de/wb/Workshop;0.0
A1,BW1;Wort;das;Wörter;Substantiv;neutr.;https://www.dwds.de/wb/Wort;0.0
B1;Wunde;die;;Substantiv;fem.;https://www.dwds.de/wb/Wunde;0.0
B1;Wunder;das;;Substantiv;neutr.;https://www.dwds.de/wb/Wunder;0.0
A2;Wunsch;der;;Substantiv;mask.;https://www.dwds.de/wb/Wunsch;0.0
BW1;Wurm;der;Würmer;Substantiv;;;
A2,BW3;Wurst;die;Würste;Substantiv;fem.;https://www.dwds.de/wb/Wurst;0.0
B1,BW3;Wärme;die;warm, wärmer;Substantiv;fem.;https://www.dwds.de/wb/W%C3%A4rme;0.0
A2,BW3;Wäsche;die;waschen;Substantiv;fem.;https://www.dwds.de/wb/W%C3%A4sche;0.0
B1;Wörterbuch;das;;Substantiv;neutr.;https://www.dwds.de/wb/W%C3%B6rterbuch;0.0
BW1;Würfel;der;würfeln;Substantiv;;;
A2;Zahl;die;;Substantiv;fem.;https://www.dwds.de/wb/Zahl;0.0
B1;Zahlung;die;;Substantiv;fem.;https://www.dwds.de/wb/Zahlung;0.0
A2;Zahn;der;;Substantiv;mask.;https://www.dwds.de/wb/Zahn;0.0
B1;Zahnbürste;die;;Substantiv;fem.;https://www.dwds.de/wb/Zahnb%C3%BCrste;0.0
B1;Zahncreme;die;;Substantiv;fem.;https://www.dwds.de/wb/Zahncreme;0.0
B1;Zahncrème;die;;Substantiv;fem.;https://www.dwds.de/wb/Zahncr%C3%A8me;0.0
B1;Zahnpasta;die;;Substantiv;fem.;https://www.dwds.de/wb/Zahnpasta;0.0
B1;Zange;die;;Substantiv;fem.;https://www.dwds.de/wb/Zange;0.0
BW1;Zaun;der;Zäune;Substantiv;;;
B1;Zeichen;das;;Substantiv;neutr.;https://www.dwds.de/wb/Zeichen;0.0
B1;Zeichnung;die;;Substantiv;fem.;https://www.dwds.de/wb/Zeichnung;0.0
B1;Zeile;die;;Substantiv;fem.;https://www.dwds.de/wb/Zeile;0.0
A1,BW1;Zeit;die;;Substantiv;fem.;https://www.dwds.de/wb/Zeit;0.0
B1;Zeitpunkt;der;;Substantiv;mask.;https://www.dwds.de/wb/Zeitpunkt;0.0
A2;Zeitschrift;die;;Substantiv;fem.;https://www.dwds.de/wb/Zeitschrift;0.0
A1;Zeitung;die;;Substantiv;fem.;https://www.dwds.de/wb/Zeitung;0.0
A2;Zelt;das;;Substantiv;neutr.;https://www.dwds.de/wb/Zelt;0.0
A1;Zentimeter;der;;Substantiv;mask., neutr.;https://www.dwds.de/wb/Zentimeter;0.0
A2;Zentrum;das;;Substantiv;neutr.;https://www.dwds.de/wb/Zentrum;0.0
B1;Zertifikat;das;;Substantiv;neutr.;https://www.dwds.de/wb/Zertifikat;0.0
A2;Zettel;der;;Substantiv;mask.;https://www.dwds.de/wb/Zettel#1;0.0
B1;Zeug;das;;Substantiv;neutr.;https://www.dwds.de/wb/Zeug;0.0
B1;Zeuge;der;;Substantiv;mask.;https://www.dwds.de/wb/Zeuge;0.0
B1;Zeugin;die;;Substantiv;fem.;https://www.dwds.de/wb/Zeugin;0.0
A2;Zeugnis;das;;Substantiv;neutr.;https://www.dwds.de/wb/Zeugnis;0.0
A2;Ziel;das;;Substantiv;neutr.;https://www.dwds.de/wb/Ziel;0.0
A1;Zigarette;die;;Substantiv;fem.;https://www.dwds.de/wb/Zigarette;0.0
A1,BW1;Zimmer;das;;Substantiv;neutr.;https://www.dwds.de/wb/Zimmer;0.0
B1;Zins;der;;Substantiv;mask.;https://www.dwds.de/wb/Zins;0.0
A2;Zirkus;der;;Substantiv;mask.;https://www.dwds.de/wb/Zirkus;0.0
A2;Zitrone;die;;Substantiv;fem.;https://www.dwds.de/wb/Zitrone;0.0
B1;Zivilstand;der;;Substantiv;mask.;https://www.dwds.de/wb/Zivilstand;0.0
B1;Znüni;;;Substantiv;neutr., mask.;https://www.dwds.de/wb/Zn%C3%BCni;0.0
A1;Zoll;der;;Substantiv;mask.;https://www.dwds.de/wb/Zoll#2;0.0
B1;Zone;die;;Substantiv;fem.;https://www.dwds.de/wb/Zone;0.0
A2;Zoo;der;;Substantiv;mask.;https://www.dwds.de/wb/Zoo;0.0
A2;Zucker;der;;Substantiv;mask.;https://www.dwds.de/wb/Zucker;0.0
B1;Zufall;der;;Substantiv;mask.;https://www.dwds.de/wb/Zufall;0.0
A1;Zug;der;;Substantiv;mask.;https://www.dwds.de/wb/Zug#1;0.0
B1;Zugang;der;;Substantiv;mask.;https://www.dwds.de/wb/Zugang;0.0
B1;Zuhause;das;;Substantiv;neutr.;https://www.dwds.de/wb/Zuhause;0.0
B1;Zuhörer;der;;Substantiv;mask.;https://www.dwds.de/wb/Zuh%C3%B6rer;0.0
B1;Zuhörerin;die;;Substantiv;fem.;https://www.dwds.de/wb/Zuh%C3%B6rerin;0.0
B1;Zukunft;die;;Substantiv;fem.;https://www.dwds.de/wb/Zukunft;0.0
BW1;Zunge;die;;Substantiv;;;
B1;Zusammenarbeit;die;;Substantiv;fem.;https://www.dwds.de/wb/Zusammenarbeit;0.0
B1;Zusammenhang;der;;Substantiv;mask.;https://www.dwds.de/wb/Zusammenhang;0.0
B1;Zuschauer;der;;Substantiv;mask.;https://www.dwds.de/wb/Zuschauer;0.0
B1;Zuschauerin;die;;Substantiv;fem.;https://www.dwds.de/wb/Zuschauerin;0.0
B1;Zuschlag;der;;Substantiv;mask.;https://www.dwds.de/wb/Zuschlag;0.0
B1;Zustand;der;;Substantiv;mask.;https://www.dwds.de/wb/Zustand;0.0
B1;Zustimmung;die;;Substantiv;fem.;https://www.dwds.de/wb/Zustimmung;0.0
B1;Zutat;die;;Substantiv;fem.;https://www.dwds.de/wb/Zutat;0.0
B1;Zvieri;das;;Substantiv;neutr.;https://www.dwds.de/wb/Zvieri;0.0
B1;Zweck;der;;Substantiv;mask.;https://www.dwds.de/wb/Zweck;0.0
B1;Zweifel;der;;Substantiv;mask.;https://www.dwds.de/wb/Zweifel;0.0
B1;Zweitsprache;die;;Substantiv;fem.;https://www.dwds.de/wb/Zweitsprache;0.0
B1;Zwiebel;die;;Substantiv;fem.;https://www.dwds.de/wb/Zwiebel;0.0
B1;Zünder;der;;Substantiv;mask.;https://www.dwds.de/wb/Z%C3%BCnder;0.0
B1;Zündholz;das;;Substantiv;neutr.;https://www.dwds.de/wb/Z%C3%BCndholz;0.0
A1,BW1;ab;;;Präposition;;https://www.dwds.de/wb/ab#1;0.0
B1;abbiegen;;;Verb;;https://www.dwds.de/wb/abbiegen;0.0
A1,BW1;aber;;;Konjunktion;;https://www.dwds.de/wb/aber#1;0.0
A1;abfahren;;;Verb;;https://www.dwds.de/wb/abfahren;0.0
A1;abfliegen;;;Verb;;https://www.dwds.de/wb/abfliegen;0.0
A1;abgeben;;;Verb;;https://www.dwds.de/wb/abgeben;0.0
B1;abhangen;;;Verb;;https://www.dwds.de/wb/abhangen;0.0
B1;abheben;;;Verb;;https://www.dwds.de/wb/abheben;0.0
A1;abholen;;;Verb;;https://www.dwds.de/wb/abholen;0.0
B1;abhängen;;;Verb;;https://www.dwds.de/wb/abh%C3%A4ngen#1;0.0
B1;abhängig;;;Adjektiv;;https://www.dwds.de/wb/abh%C3%A4ngig;0.0
B1;ablehnen;;;Verb;;https://www.dwds.de/wb/ablehnen;0.0
B1;abmachen;;;Verb;;https://www.dwds.de/wb/abmachen;0.0
B1;abnehmen;;;Verb;;https://www.dwds.de/wb/abnehmen;0.0
B1;abonnieren;;;Verb;;https://www.dwds.de/wb/abonnieren;0.0
B1;absagen;;;Verb;;https://www.dwds.de/wb/absagen;0.0
A2;abschließen;;;Verb;;https://www.dwds.de/wb/abschlie%C3%9Fen;0.0
B1;abschreiben;;;Verb;;https://www.dwds.de/wb/abschreiben;0.0
B1;absolut;;;Adjektiv;;https://www.dwds.de/wb/absolut#1;0.0
B1;abstimmen;;;Verb;;https://www.dwds.de/wb/abstimmen;0.0
B1;abwaschen;;;Verb;;https://www.dwds.de/wb/abwaschen;0.0
B1;abwesend;;;Adjektiv;;https://www.dwds.de/wb/abwesend;0.0
B1;abwärts;;;Adverb;;https://www.dwds.de/wb/abw%C3%A4rts;0.0
A1,BW1;acht;;;Kardinalzahlwort;;https://www.dwds.de/wb/acht;0.0
B1;achten;;;Verb;;https://www.dwds.de/wb/achten;0.0
A1;achtzehn;;;Kardinalzahlwort;;https://www.dwds.de/wb/achtzehn;0.0
A1;achtzig;;;Kardinalzahlwort;;https://www.dwds.de/wb/achtzig;0.0
A2;aktiv;;;Adjektiv;;https://www.dwds.de/wb/aktiv;0.0
A2;aktuell;;;Adjektiv;;https://www.dwds.de/wb/aktuell;0.0
B1;akzeptieren;;;Verb;;https://www.dwds.de/wb/akzeptieren;0.0
A1;all;;;;;https://www.dwds.de/wb/all;0.0
BW3;all(-);;;;;;
A1,BW1;alle;;;Pronomen;;https://www.dwds.de/wb/alle#2;0.0
A1,BW3;allein;;;;;https://www.dwds.de/wb/allein;0.0
A1;alleine;;;;;https://www.dwds.de/wb/alleine;0.0
B1;aller-;;;Affix;;https://www.dwds.de/wb/aller-;0.0
B1;allerbest;;;Adjektiv;;https://www.dwds.de/wb/allerbest;0.0
B1;allerdings;;;Adverb;;https://www.dwds.de/wb/allerdings;0.0
B1;allerschönst;;;Adjektiv;;https://www.dwds.de/wb/allersch%C3%B6nst;0.0
A1,BW3;alles;;;Pronomen;;https://www.dwds.de/wb/alles;0.0
B1;allgemein;;;Adjektiv;;https://www.dwds.de/wb/allgemein;0.0
B1;alltäglich;;;Adjektiv;;https://www.dwds.de/wb/allt%C3%A4glich;0.0
A2,BW1;als;;;Konjunktion;;https://www.dwds.de/wb/als;0.0
A1,BW3;also;;;Konjunktion;;https://www.dwds.de/wb/also#1;0.0
A1,BW3;alt;;älter;Adjektiv;;https://www.dwds.de/wb/alt;0.0
B1;alternativ;;;Adjektiv;;https://www.dwds.de/wb/alternativ;0.0
A1,BW1;am;;;Präposition + Artikel;;https://www.dwds.de/wb/am;0.0
B1;amüsieren;;;Verb;;https://www.dwds.de/wb/am%C3%BCsieren;0.0
A1,BW1;an;;;Präposition;;https://www.dwds.de/wb/an#1;0.0
B1;analysieren;;;Verb;;https://www.dwds.de/wb/analysieren;0.0
A1;anbieten;;;Verb;;https://www.dwds.de/wb/anbieten;0.0
A1;ander;;;Indefinitpronomen;;https://www.dwds.de/wb/ander;0.0
B1;andererseits;;;Adverb;;https://www.dwds.de/wb/andererseits;0.0
A2,BW3;anders;;;Adverb;;https://www.dwds.de/wb/anders;0.0
B1;anderseits;;;Adverb;;https://www.dwds.de/wb/anderseits;0.0
B1;andrerseits;;;Adverb;;https://www.dwds.de/wb/andrerseits;0.0
B1;anerkennen;;;Verb;;https://www.dwds.de/wb/anerkennen;0.0
A1;anfangen;;;Verb;;https://www.dwds.de/wb/anfangen;0.0
B1;anfangs;;;Adverb;;https://www.dwds.de/wb/anfangs;0.0
B1;angeben;;;Verb;;https://www.dwds.de/wb/angeben;0.0
B1;angenehm;;;Adjektiv;;https://www.dwds.de/wb/angenehm;0.0
B1;anhaben;;;Verb;;https://www.dwds.de/wb/anhaben;0.0
A1;anklicken;;;Verb;;https://www.dwds.de/wb/anklicken;0.0
A1;ankommen;;;Verb;;https://www.dwds.de/wb/ankommen;0.0
A1;ankreuzen;;;Verb;;https://www.dwds.de/wb/ankreuzen;0.0
B1;ankündigen;;;Verb;;https://www.dwds.de/wb/ank%C3%BCndigen;0.0
A1;anmachen;;;Verb;;https://www.dwds.de/wb/anmachen;0.0
A1;anmelden;;;Verb;;https://www.dwds.de/wb/anmelden;0.0
B1;annehmen;;;Verb;;https://www.dwds.de/wb/annehmen;0.0
A1;anrufen;;;Verb;;https://www.dwds.de/wb/anrufen;0.0
B1;anschaffen;;;Verb;;https://www.dwds.de/wb/anschaffen;0.0
B1;anschließen;;;Verb;;https://www.dwds.de/wb/anschlie%C3%9Fen;0.0
B1;anschnallen;;;Verb;;https://www.dwds.de/wb/anschnallen;0.0
A2;ansehen;;;Verb;;https://www.dwds.de/wb/ansehen;0.0
B1;ansprechen;;;Verb;;https://www.dwds.de/wb/ansprechen;0.0
B1;anstellen;;;Verb;;https://www.dwds.de/wb/anstellen;0.0
B1;anstrengen;;;Verb;;https://www.dwds.de/wb/anstrengen;0.0
B1;anstrengend;;;partizipiales Adjektiv;;https://www.dwds.de/wb/anstrengend;0.0
A1,BW3;antworten;;du antwortest, Antwort;Verb;;https://www.dwds.de/wb/antworten;0.0
B1;anwenden;;;Verb;;https://www.dwds.de/wb/anwenden;0.0
B1;anwesend;;;Adjektiv;;https://www.dwds.de/wb/anwesend;0.0
B1;anzeigen;;;Verb;;https://www.dwds.de/wb/anzeigen;0.0
A1;anziehen;;;Verb;;https://www.dwds.de/wb/anziehen;0.0
A1,BW1;arbeiten;;du arbeitest;Verb;;https://www.dwds.de/wb/arbeiten;0.0
A1;arbeitslos;;;Adjektiv;;https://www.dwds.de/wb/arbeitslos;0.0
A2,BW1;arm;;ärmer;Adjektiv;;https://www.dwds.de/wb/arm;0.0
B1;atmen;;;Verb;;https://www.dwds.de/wb/atmen;0.0
A1,BW3;auch;;;Konjunktion;;https://www.dwds.de/wb/auch;0.0
A1,BW1;auf;;;Präposition;;https://www.dwds.de/wb/auf#1;0.0
A2;auf jeden Fall;;;Mehrwortausdruck;;https://www.dwds.de/wb/auf%20jeden%20Fall;0.0
A2;auf keinen Fall;;;Mehrwortausdruck;;https://www.dwds.de/wb/auf%20keinen%20Fall;0.0
A1;auf sein;;;Verb;;https://www.dwds.de/wb/auf%20sein;0.0
B1;auffallen;;;Verb;;https://www.dwds.de/wb/auffallen;0.0
B1;auffordern;;;Verb;;https://www.dwds.de/wb/auffordern;0.0
B1;aufführen;;;Verb;;https://www.dwds.de/wb/auff%C3%BChren;0.0
B1;aufgeben;;;Verb;;https://www.dwds.de/wb/aufgeben;0.0
B1;aufhalten;;;Verb;;https://www.dwds.de/wb/aufhalten;0.0
B1;aufheben;;;Verb;;https://www.dwds.de/wb/aufheben;0.0
A1;aufhören;;;Verb;;https://www.dwds.de/wb/aufh%C3%B6ren;0.0
B1;aufladen;;;Verb;;https://www.dwds.de/wb/aufladen;0.0
B1;auflösen;;;Verb;;https://www.dwds.de/wb/aufl%C3%B6sen;0.0
A2;aufmachen;;;Verb;;https://www.dwds.de/wb/aufmachen;0.0
B1;aufmerksam;;;Adjektiv;;https://www.dwds.de/wb/aufmerksam;0.0
B1;aufnehmen;;;Verb;;https://www.dwds.de/wb/aufnehmen;0.0
A2;aufpassen;;;Verb;;https://www.dwds.de/wb/aufpassen;0.0
A2;aufregen;;;Verb;;https://www.dwds.de/wb/aufregen;0.0
A2,BW3;aufräumen;;Raum;Verb;;https://www.dwds.de/wb/aufr%C3%A4umen;0.0
B1;aufschreiben;;;Verb;;https://www.dwds.de/wb/aufschreiben;0.0
A1;aufstehen;;;Verb;;https://www.dwds.de/wb/aufstehen;0.0
B1;auftreten;;;Verb;;https://www.dwds.de/wb/auftreten;0.0
B1,BW1;aufwachen;;du wachst auf;Verb;;https://www.dwds.de/wb/aufwachen;0.0
B1;aufwärts;;;Adverb;;https://www.dwds.de/wb/aufw%C3%A4rts;0.0
A1,BW1;aus;;;Präposition;;https://www.dwds.de/wb/aus#1;0.0
A1;aus sein;;;Verb;;https://www.dwds.de/wb/aus%20sein;0.0
B1;ausbilden;;;Verb;;https://www.dwds.de/wb/ausbilden;0.0
B1;ausdrucken;;;Verb;;https://www.dwds.de/wb/ausdrucken;0.0
B1;auseinander;;;Adverb;;https://www.dwds.de/wb/auseinander;0.0
B1;ausfallen;;;Verb;;https://www.dwds.de/wb/ausfallen;0.0
A1;ausfüllen;;;Verb;;https://www.dwds.de/wb/ausf%C3%BCllen;0.0
A2;ausgeben;;;Verb;;https://www.dwds.de/wb/ausgeben;0.0
A2;ausgehen;;;Verb;;https://www.dwds.de/wb/ausgehen;0.0
B1;ausgezeichnet;;;partizipiales Adjektiv;;https://www.dwds.de/wb/ausgezeichnet;0.0
A1;ausländisch;;;Adjektiv;;https://www.dwds.de/wb/ausl%C3%A4ndisch;0.0
A1;ausmachen;;;Verb;;https://www.dwds.de/wb/ausmachen;0.0
A2;auspacken;;;Verb;;https://www.dwds.de/wb/auspacken;0.0
B1;ausreichen;;;Verb;;https://www.dwds.de/wb/ausreichen;0.0
B1;ausrichten;;;Verb;;https://www.dwds.de/wb/ausrichten;0.0
A2;ausruhen;;;Verb;;https://www.dwds.de/wb/ausruhen;0.0
B1;ausschließen;;;Verb;;https://www.dwds.de/wb/ausschlie%C3%9Fen;0.0
B1;ausschließlich;;;Adverb;;https://www.dwds.de/wb/ausschlie%C3%9Flich#2;0.0
A1;aussehen;;;Verb;;https://www.dwds.de/wb/aussehen;0.0
A2;aussprechen;;;Verb;;https://www.dwds.de/wb/aussprechen;0.0
A1;aussteigen;;;Verb;;https://www.dwds.de/wb/aussteigen;0.0
B1;ausstellen;;;Verb;;https://www.dwds.de/wb/ausstellen;0.0
B1;aussuchen;;;Verb;;https://www.dwds.de/wb/aussuchen;0.0
A2;austauschen;;;Verb;;https://www.dwds.de/wb/austauschen;0.0
A2;austragen;;;Verb;;https://www.dwds.de/wb/austragen;0.0
B1;auswählen;;;Verb;;https://www.dwds.de/wb/ausw%C3%A4hlen;0.0
A1;ausziehen;;;Verb;;https://www.dwds.de/wb/ausziehen;0.0
A1;automatisch;;;Adjektiv;;https://www.dwds.de/wb/automatisch;0.0
B1;außen;;;Adverb;;https://www.dwds.de/wb/au%C3%9Fen;0.0
A2;außer;;;Präposition;;https://www.dwds.de/wb/au%C3%9Fer#1;0.0
A2;außerdem;;;Adverb;;https://www.dwds.de/wb/au%C3%9Ferdem;0.0
A2;außerhalb;;;Adverb;;https://www.dwds.de/wb/au%C3%9Ferhalb#2;0.0
A2,BW1;backen;;du backst, Bäcker;Verb;;https://www.dwds.de/wb/backen#1;0.0
A1,BW1;baden;;du badest, Bad, Bäder;Verb;;https://www.dwds.de/wb/baden;0.0
A1,BW3;bald;;;Adverb;;https://www.dwds.de/wb/bald;0.0
A1;bar;;;Adjektiv;;https://www.dwds.de/wb/bar#1;0.0
A2;basteln;;;Verb;;https://www.dwds.de/wb/basteln;0.0
A2;bauen;;;Verb;;https://www.dwds.de/wb/bauen#1;0.0
B1;beachten;;;Verb;;https://www.dwds.de/wb/beachten;0.0
B1;beantragen;;;Verb;;https://www.dwds.de/wb/beantragen;0.0
A2;beantworten;;;Verb;;https://www.dwds.de/wb/beantworten;0.0
A2;bedanken;;;Verb;;https://www.dwds.de/wb/bedanken;0.0
A1;bedeuten;;;Verb;;https://www.dwds.de/wb/bedeuten;0.0
B1;bedienen;;;Verb;;https://www.dwds.de/wb/bedienen;0.0
A2;beeilen;;;Verb;;https://www.dwds.de/wb/beeilen;0.0
B1;beeinflussen;;;Verb;;https://www.dwds.de/wb/beeinflussen;0.0
A2;beenden;;;Verb;;https://www.dwds.de/wb/beenden;0.0
B1;befinden;;;Verb;;https://www.dwds.de/wb/befinden;0.0
B1;befreit;;;partizipiales Adjektiv;;https://www.dwds.de/wb/befreit;0.0
B1;befriedigend;;;partizipiales Adjektiv;;https://www.dwds.de/wb/befriedigend;0.0
B1;begegnen;;;Verb;;https://www.dwds.de/wb/begegnen;0.0
B1;begeistert;;;partizipiales Adjektiv;;https://www.dwds.de/wb/begeistert;0.0
A1,BW3;beginnen;;du beginnst, ich begann;Verb;;https://www.dwds.de/wb/beginnen;0.0
B1;begleiten;;;Verb;;https://www.dwds.de/wb/begleiten;0.0
B1;begrenzt;;;partizipiales Adjektiv;;https://www.dwds.de/wb/begrenzt;0.0
A2;begründen;;;Verb;;https://www.dwds.de/wb/begr%C3%BCnden;0.0
B1;begrüßen;;;Verb;;https://www.dwds.de/wb/begr%C3%BC%C3%9Fen;0.0
B1;behalten;;;Verb;;https://www.dwds.de/wb/behalten;0.0
B1;behandeln;;;Verb;;https://www.dwds.de/wb/behandeln;0.0
B1;behaupten;;;Verb;;https://www.dwds.de/wb/behaupten;0.0
B1;behindern;;;Verb;;https://www.dwds.de/wb/behindern;0.0
A1,BW3;bei;;;Präposition;;https://www.dwds.de/wb/bei#1;0.0
A1;beide;;;;;https://www.dwds.de/wb/beide;0.0
BW3;beide(-);;;;;;
BW3;beim;;;;;;
B1;beinah;;;Adverb;;https://www.dwds.de/wb/beinah;0.0
B1;beinahe;;;Adverb;;https://www.dwds.de/wb/beinahe;0.0
B1;beißen;;;Verb;;https://www.dwds.de/wb/bei%C3%9Fen;0.0
A1;bekannt;;;partizipiales Adjektiv;;https://www.dwds.de/wb/bekannt;0.0
B1;bekannt geben;;;Verb;;https://www.dwds.de/wb/bekannt%20geben;0.0
B1;bekanntgeben;;;Verb;;https://www.dwds.de/wb/bekanntgeben;0.0
A1;bekommen;;;Verb;;https://www.dwds.de/wb/bekommen;0.0
B1;beleidigen;;;Verb;;https://www.dwds.de/wb/beleidigen;0.0
A2;beliebt;;;partizipiales Adjektiv;;https://www.dwds.de/wb/beliebt;0.0
B1;bemerken;;;Verb;;https://www.dwds.de/wb/bemerken;0.0
B1;bemühen;;;Verb;;https://www.dwds.de/wb/bem%C3%BChen;0.0
A1;benutzen;;;Verb;;https://www.dwds.de/wb/benutzen;0.0
B1;benötigen;;;Verb;;https://www.dwds.de/wb/ben%C3%B6tigen;0.0
B1;beobachten;;;Verb;;https://www.dwds.de/wb/beobachten;0.0
A2,BW1;bequem;;;Adjektiv;;https://www.dwds.de/wb/bequem;0.0
A2;beraten;;;Verb;;https://www.dwds.de/wb/beraten;0.0
B1;berechnen;;;Verb;;https://www.dwds.de/wb/berechnen;0.0
B1;bereit;;;Adjektiv;;https://www.dwds.de/wb/bereit;0.0
B1;bereits;;;Adverb;;https://www.dwds.de/wb/bereits;0.0
A2;berichten;;;Verb;;https://www.dwds.de/wb/berichten;0.0
B1;beruflich;;;Adjektiv;;https://www.dwds.de/wb/beruflich;0.0
B1;berufstätig;;;Adjektiv;;https://www.dwds.de/wb/berufst%C3%A4tig;0.0
B1;beruhigen;;;Verb;;https://www.dwds.de/wb/beruhigen;0.0
A2;berühmt;;;partizipiales Adjektiv;;https://www.dwds.de/wb/ber%C3%BChmt;0.0
B1;beschließen;;;Verb;;https://www.dwds.de/wb/beschlie%C3%9Fen;0.0
A2;beschreiben;;;Verb;;https://www.dwds.de/wb/beschreiben;0.0
B1;beschränken;;;Verb;;https://www.dwds.de/wb/beschr%C3%A4nken;0.0
A2;beschweren;;;Verb;;https://www.dwds.de/wb/beschweren#2;0.0
B1;beschädigen;;;Verb;;https://www.dwds.de/wb/besch%C3%A4digen;0.0
B1;beschäftigen;;;Verb;;https://www.dwds.de/wb/besch%C3%A4ftigen;0.0
B1;besetzen;;;Verb;;https://www.dwds.de/wb/besetzen;0.0
A1;besetzt;;;partizipiales Adjektiv;;https://www.dwds.de/wb/besetzt;0.0
A1;besichtigen;;;Verb;;https://www.dwds.de/wb/besichtigen;0.0
B1;besonder;;;Adjektiv;;https://www.dwds.de/wb/besonder;0.0
A2;besonders;;;Adverb;;https://www.dwds.de/wb/besonders;0.0
B1;besorgen;;;Verb;;https://www.dwds.de/wb/besorgen;0.0
B1;besprechen;;;Verb;;https://www.dwds.de/wb/besprechen;0.0
A1,BW3;besser;;;Komparativ;;https://www.dwds.de/wb/besser;0.0
A1;best;;;Superlativ;;https://www.dwds.de/wb/best;0.0
A2;bestehen;;;Verb;;https://www.dwds.de/wb/bestehen;0.0
A1;bestellen;;;Verb;;https://www.dwds.de/wb/bestellen;0.0
B1;bestimmt;;;partizipiales Adjektiv;;https://www.dwds.de/wb/bestimmt;0.0
B1;bestrafen;;;Verb;;https://www.dwds.de/wb/bestrafen;0.0
A2;bestätigen;;;Verb;;https://www.dwds.de/wb/best%C3%A4tigen;0.0
A1;besuchen;;;Verb;;https://www.dwds.de/wb/besuchen;0.0
A2;besucht;;;partizipiales Adjektiv;;https://www.dwds.de/wb/besucht;0.0
B1;beteiligen;;;Verb;;https://www.dwds.de/wb/beteiligen;0.0
B1;betreuen;;;Verb;;https://www.dwds.de/wb/betreuen;0.0
B1;betrunken;;;partizipiales Adjektiv;;https://www.dwds.de/wb/betrunken;0.0
B1;betrügen;;;Verb;;https://www.dwds.de/wb/betr%C3%BCgen;0.0
B1;bevor;;;Konjunktion;;https://www.dwds.de/wb/bevor;0.0
B1;beweisen;;;Verb;;https://www.dwds.de/wb/beweisen;0.0
A2;bewerben;;;Verb;;https://www.dwds.de/wb/bewerben;0.0
A2;bewölkt;;;partizipiales Adjektiv;;https://www.dwds.de/wb/bew%C3%B6lkt;0.0
A1;bezahlen;;;Verb;;https://www.dwds.de/wb/bezahlen;0.0
B1;bieten;;;Verb;;https://www.dwds.de/wb/bieten;0.0
A1;billig;;;Adjektiv;;https://www.dwds.de/wb/billig;0.0
B1;bio;;;Adjektiv;;https://www.dwds.de/wb/bio;0.0
B1;bio-;;;Affix;;https://www.dwds.de/wb/bio-;0.0
B1;biologisch;;;Adjektiv;;https://www.dwds.de/wb/biologisch;0.0
A1,BW1;bis;;;;;https://www.dwds.de/wb/bis;0.0
B1;bisher;;;Adverb;;https://www.dwds.de/wb/bisher;0.0
A1;bisschen;;;Adverb;;https://www.dwds.de/wb/bisschen;0.0
A1;bitte;;;Partikel;;https://www.dwds.de/wb/bitte;0.0
A1,BW1;bitten;;du bittest, ich bat, Bitte;Verb;;https://www.dwds.de/wb/bitten;0.0
A1;bitter;;;Adjektiv;;https://www.dwds.de/wb/bitter;0.0
B1;blass;;;Adjektiv;;https://www.dwds.de/wb/blass;0.0
A1,BW1;blau;;;Adjektiv;;https://www.dwds.de/wb/blau;0.0
A1,BW1;bleiben;;du bleibst, ich blieb;Verb;;https://www.dwds.de/wb/bleiben;0.0
B1,BW3;blind;;blinde;Adjektiv;;https://www.dwds.de/wb/blind;0.0
B1,BW3;blitzen;;es blitzt, Blitz;Verb;;https://www.dwds.de/wb/blitzen;0.0
A2,BW3;blond;;blonde;Adjektiv;;https://www.dwds.de/wb/blond;0.0
B1;bloß;;;Adverb;;https://www.dwds.de/wb/blo%C3%9F#2;0.0
B1,BW1;bluten;;du blutest, Blut;Verb;;https://www.dwds.de/wb/bluten;0.0
A2;blöd;;;Adjektiv;;https://www.dwds.de/wb/bl%C3%B6d;0.0
A2;blöde;;;Adjektiv;;https://www.dwds.de/wb/bl%C3%B6de;0.0
B1,BW3;blühen;;es blüht;Verb;;https://www.dwds.de/wb/bl%C3%BChen;0.0
BW1;boxen;;Boxer;;;;
A2;braten;;;Verb;;https://www.dwds.de/wb/braten;0.0
A1,BW1;brauchen;;du brauchst;Verb;;https://www.dwds.de/wb/brauchen;0.0
A1,BW1;braun;;;Adjektiv;;https://www.dwds.de/wb/braun;0.0
B1;brechen;;;Verb;;https://www.dwds.de/wb/brechen;0.0
A1;breit;;;Adjektiv;;https://www.dwds.de/wb/breit;0.0
B1;bremsen;;;Verb;;https://www.dwds.de/wb/bremsen;0.0
B1,BW3;brennen;;Brand, Verbrennung;Verb;;https://www.dwds.de/wb/brennen;0.0
A1,BW1;bringen;;du bringst, ich brachte;Verb;;https://www.dwds.de/wb/bringen;0.0
BW3;brüllen;;du brüllst;;;;
A2;buchen;;;Verb;;https://www.dwds.de/wb/buchen;0.0
A1;buchstabieren;;;Verb;;https://www.dwds.de/wb/buchstabieren;0.0
A2,BW3;bunt;;;Adjektiv;;https://www.dwds.de/wb/bunt;0.0
A1;bös;;;Adjektiv;;https://www.dwds.de/wb/b%C3%B6s;0.0
A1,BW1;böse;;;Adjektiv;;https://www.dwds.de/wb/b%C3%B6se;0.0
A2;chatten;;;Verb;;https://www.dwds.de/wb/chatten;0.0
B1;chic;;;Adjektiv;;https://www.dwds.de/wb/chic;0.0
A1;circa;;;Adverb;;https://www.dwds.de/wb/circa;0.0
A1;cm;;;Symbol;;https://www.dwds.de/wb/cm;0.0
A1,B1,BW1;da;;;Adverb;;https://www.dwds.de/wb/da#1;0.0
A2;dabei;;;Pronominaladverb;;https://www.dwds.de/wb/dabei;0.0
A2;dafür;;;Pronominaladverb;;https://www.dwds.de/wb/daf%C3%BCr;0.0
A2;dagegen;;;Pronominaladverb;;https://www.dwds.de/wb/dagegen;0.0
B1;daher;;;Pronominaladverb;;https://www.dwds.de/wb/daher;0.0
B1;dahin;;;Pronominaladverb;;https://www.dwds.de/wb/dahin;0.0
A2;damals;;;Adverb;;https://www.dwds.de/wb/damals;0.0
B1;damit;;;Pronominaladverb;;https://www.dwds.de/wb/damit#1;0.0
B1,BW3;danach;;;Pronominaladverb;;https://www.dwds.de/wb/danach;0.0
A1;daneben;;;Pronominaladverb;;https://www.dwds.de/wb/daneben;0.0
B1;dankbar;;;Adjektiv;;https://www.dwds.de/wb/dankbar;0.0
A1;danke;;;Partikel;;https://www.dwds.de/wb/danke;0.0
A1,BW1;danken;;du dankst, Dank;Verb;;https://www.dwds.de/wb/danken;0.0
A1,BW1;dann;;;Adverb;;https://www.dwds.de/wb/dann;0.0
A2;darauf;;;Pronominaladverb;;https://www.dwds.de/wb/darauf;0.0
B1;darstellen;;;Verb;;https://www.dwds.de/wb/darstellen;0.0
A2;darüber;;;Pronominaladverb;;https://www.dwds.de/wb/dar%C3%BCber;0.0
A1,BW1;das;;;bestimmter Artikel;neutr.;https://www.dwds.de/wb/das#1;0.0
A2;dass;;;Konjunktion;;https://www.dwds.de/wb/dass;0.0
B1;dasselbe;;;Demonstrativpronomen;neutr.;https://www.dwds.de/wb/dasselbe;0.0
A1;dauern;;;Verb;;https://www.dwds.de/wb/dauern#1;0.0
B1;dauernd;;;partizipiales Adjektiv;;https://www.dwds.de/wb/dauernd;0.0
A1;dein;;;Possessivpronomen;;https://www.dwds.de/wb/dein#1;0.0
BW3;dein(-);;;;;;
B1;dekorieren;;;Verb;;https://www.dwds.de/wb/dekorieren;0.0
BW1;dem;;;;;;
BW1;den;;;;;;
A2,BW1;denken;;du denkst, ich dachte, Gedanke;Verb;;https://www.dwds.de/wb/denken;0.0
A1,BW3;denn;;;Konjunktion;;https://www.dwds.de/wb/denn#1;0.0
A1,BW1;der;;;bestimmter Artikel;mask.;https://www.dwds.de/wb/der#1;0.0
B1;derselbe;;;Demonstrativpronomen;mask.;https://www.dwds.de/wb/derselbe;0.0
BW3;des;;;;;;
A2,BW3;deshalb;;;Konjunktion;;https://www.dwds.de/wb/deshalb;0.0
B1;desto;;;Konjunktion;;https://www.dwds.de/wb/desto;0.0
B1;deswegen;;;Konjunktion;;https://www.dwds.de/wb/deswegen;0.0
A2;deutlich;;;Adjektiv;;https://www.dwds.de/wb/deutlich;0.0
A1;deutsch;;;Adjektiv;;https://www.dwds.de/wb/deutsch;0.0
A1,BW1;dich;;;Pronomen;;https://www.dwds.de/wb/dich;0.0
B1;dicht;;;Adjektiv;;https://www.dwds.de/wb/dicht;0.0
A2,BW3;dick;;;Adjektiv;;https://www.dwds.de/wb/dick;0.0
A1,BW1;die;;;bestimmter Artikel;fem.;https://www.dwds.de/wb/die#1;0.0
B1;dienen;;;Verb;;https://www.dwds.de/wb/dienen;0.0
B1;dies;;;Demonstrativpronomen;neutr.;https://www.dwds.de/wb/dies;0.0
BW3;dies(-);;;;;;
B1;diese;;;Demonstrativpronomen;fem.;https://www.dwds.de/wb/diese;0.0
B1;dieselbe;;;Demonstrativpronomen;fem.;https://www.dwds.de/wb/dieselbe;0.0
B1;dieser;;;Demonstrativpronomen;mask.;https://www.dwds.de/wb/dieser;0.0
B1;dieses;;;Demonstrativpronomen;neutr.;https://www.dwds.de/wb/dieses;0.0
B1;diesmal;;;Adverb;;https://www.dwds.de/wb/diesmal;0.0
B1;digital;;;Adjektiv;;https://www.dwds.de/wb/digital;0.0
A1,BW1;dir;;;Pronomen;;https://www.dwds.de/wb/dir;0.0
A2;direkt;;;Adjektiv;;https://www.dwds.de/wb/direkt;0.0
A2;diskutieren;;;Verb;;https://www.dwds.de/wb/diskutieren;0.0
A2,BW3;doch;;;Adverb;;https://www.dwds.de/wb/doch#2;0.0
B1,BW3;donnern;;Donner;Verb;;https://www.dwds.de/wb/donnern;0.0
B1;doppel-;;;Affix;;https://www.dwds.de/wb/doppel-;0.0
B1,BW3;doppelt;;;Adjektiv;;https://www.dwds.de/wb/doppelt;0.0
A1,BW1;dort;;;Adverb;;https://www.dwds.de/wb/dort;0.0
A2;dorther;;;Pronominaladverb;;https://www.dwds.de/wb/dorther;0.0
A2;dorthin;;;Pronominaladverb;;https://www.dwds.de/wb/dorthin;0.0
A1,BW3;draußen;;;Adverb;;https://www.dwds.de/wb/drau%C3%9Fen;0.0
BW3;dreckig;;Dreck;;;;
B1,BW3;drehen;;du drehst;Verb;;https://www.dwds.de/wb/drehen;0.0
A1,BW1;drei;;;Kardinalzahlwort;;https://www.dwds.de/wb/drei;0.0
A1;dreizehn;;;Kardinalzahlwort;;https://www.dwds.de/wb/dreizehn;0.0
A1;dreißig;;;Kardinalzahlwort;;https://www.dwds.de/wb/drei%C3%9Fig;0.0
B1;drin;;;Pronominaladverb;;https://www.dwds.de/wb/drin;0.0
A2;dringend;;;partizipiales Adjektiv;;https://www.dwds.de/wb/dringend;0.0
A2;drinnen;;;Adverb;;https://www.dwds.de/wb/drinnen;0.0
A1;dritte;;;Ordinalzahlwort;;https://www.dwds.de/wb/dritte;0.0
A1;drucken;;;Verb;;https://www.dwds.de/wb/drucken;0.0
A2;drüben;;;Adverb;;https://www.dwds.de/wb/dr%C3%BCben;0.0
A1,BW3;drücken;;du drückst, Druck;Verb;;https://www.dwds.de/wb/dr%C3%BCcken;0.0
BW1;du;;;;;;
A2,BW3;dumm;;;Adjektiv;;https://www.dwds.de/wb/dumm;0.0
A2,BW1;dunkel;;Dunkelheit;Adjektiv;;https://www.dwds.de/wb/dunkel;0.0
A1,BW3;durch;;;Präposition;;https://www.dwds.de/wb/durch#1;0.0
B1;durcheinander;;;Adverb;;https://www.dwds.de/wb/durcheinander;0.0
B1;durchschnittlich;;;Adjektiv;;https://www.dwds.de/wb/durchschnittlich;0.0
B1;durstig;;;Adjektiv;;https://www.dwds.de/wb/durstig;0.0
A1;duschen;;;Verb;;https://www.dwds.de/wb/duschen;0.0
B1;duzen;;;Verb;;https://www.dwds.de/wb/duzen;0.0
A2,BW3;dünn;;;Adjektiv;;https://www.dwds.de/wb/d%C3%BCnn;0.0
A1,BW1,BW3;dürfen;;du darfst, ich durfte;Verb;;https://www.dwds.de/wb/d%C3%BCrfen;0.0
B1;eben;;;Adverb;;https://www.dwds.de/wb/eben#2;0.0
B1;ebenfalls;;;Konjunktion;;https://www.dwds.de/wb/ebenfalls;0.0
B1;ebenso;;;Adverb;;https://www.dwds.de/wb/ebenso;0.0
A2;echt;;;Adjektiv;;https://www.dwds.de/wb/echt;0.0
B1;eckig;;;Adjektiv;;https://www.dwds.de/wb/eckig;0.0
A2;egal;;;Adjektiv;;https://www.dwds.de/wb/egal#1;0.0
B1;eher;;;Komparativ;;https://www.dwds.de/wb/eher;0.0
B1,BW3;ehrlich;;;Adjektiv;;https://www.dwds.de/wb/ehrlich;0.0
A2;eigen;;;Adjektiv;;https://www.dwds.de/wb/eigen;0.0
A2;eigentlich;;;Adjektiv;;https://www.dwds.de/wb/eigentlich;0.0
B1;eignen;;;Verb;;https://www.dwds.de/wb/eignen#1;0.0
B1;eilen;;;Verb;;https://www.dwds.de/wb/eilen;0.0
A1;eilig;;;Adjektiv;;https://www.dwds.de/wb/eilig;0.0
A1;ein;;;unbestimmter Artikel;mask., neutr.;https://www.dwds.de/wb/ein#1;0.0
A2;ein Mal;;;Adverb;;https://www.dwds.de/wb/ein%20Mal;0.0
B1;ein paar;;;Indefinitpronomen;;https://www.dwds.de/wb/ein%20paar;0.0
BW1;ein(-);;;;;;
B1;einbrechen;;;Verb;;https://www.dwds.de/wb/einbrechen;0.0
B1;eindeutig;;;Adjektiv;;https://www.dwds.de/wb/eindeutig;0.0
A1;eine;;;unbestimmter Artikel;fem.;https://www.dwds.de/wb/eine#1;0.0
B1;einerseits;;;Adverb;;https://www.dwds.de/wb/einerseits;0.0
A1;einfach;;;Adjektiv;;https://www.dwds.de/wb/einfach;0.0
B1;einfallen;;;Verb;;https://www.dwds.de/wb/einfallen;0.0
B1;einfügen;;;Verb;;https://www.dwds.de/wb/einf%C3%BCgen;0.0
B1;einführen;;;Verb;;https://www.dwds.de/wb/einf%C3%BChren;0.0
B1;einheitlich;;;Adjektiv;;https://www.dwds.de/wb/einheitlich;0.0
A1;einhundert;;;Kardinalzahlwort;;https://www.dwds.de/wb/einhundert;0.0
A2,BW3;einige;;;Indefinitpronomen;;https://www.dwds.de/wb/einige;0.0
B1;einigen;;;Verb;;https://www.dwds.de/wb/einigen;0.0
A1;einkaufen;;;Verb;;https://www.dwds.de/wb/einkaufen;0.0
A1;einladen;;;Verb;;https://www.dwds.de/wb/einladen#2;0.0
A2,BW1;einmal;;;Adverb;;https://www.dwds.de/wb/einmal;0.0
B1;einnehmen;;;Verb;;https://www.dwds.de/wb/einnehmen;0.0
A2;einpacken;;;Verb;;https://www.dwds.de/wb/einpacken;0.0
B1;einrichten;;;Verb;;https://www.dwds.de/wb/einrichten;0.0
A1;eins;;;Kardinalzahlwort;;https://www.dwds.de/wb/eins;0.0
B1;einsam;;;Adjektiv;;https://www.dwds.de/wb/einsam;0.0
B1;einschalten;;;Verb;;https://www.dwds.de/wb/einschalten;0.0
B1;einschließlich;;;Präposition;;https://www.dwds.de/wb/einschlie%C3%9Flich#1;0.0
B1;einsetzen;;;Verb;;https://www.dwds.de/wb/einsetzen;0.0
A1;einsteigen;;;Verb;;https://www.dwds.de/wb/einsteigen;0.0
B1;einstellen;;;Verb;;https://www.dwds.de/wb/einstellen;0.0
A1;eintausend;;;Kardinalzahlwort;;https://www.dwds.de/wb/eintausend;0.0
A2;eintragen;;;Verb;;https://www.dwds.de/wb/eintragen;0.0
B1;eintreten;;;Verb;;https://www.dwds.de/wb/eintreten;0.0
A2;einverstanden;;;partizipiales Adjektiv;;https://www.dwds.de/wb/einverstanden;0.0
B1;einzahlen;;;Verb;;https://www.dwds.de/wb/einzahlen;0.0
B1;einzel-;;;Affix;;https://www.dwds.de/wb/einzel-;0.0
A2;einzeln;;;Adjektiv;;https://www.dwds.de/wb/einzeln;0.0
A2;einziehen;;;Verb;;https://www.dwds.de/wb/einziehen;0.0
B1;einzig;;;Adjektiv;;https://www.dwds.de/wb/einzig;0.0
B1;elegant;;;Adjektiv;;https://www.dwds.de/wb/elegant;0.0
B1;elektr-;;;Affix;;https://www.dwds.de/wb/elektr-;0.0
B1;elektrisch;;;Adjektiv;;https://www.dwds.de/wb/elektrisch;0.0
B1;elektro-;;;Affix;;https://www.dwds.de/wb/elektro-;0.0
B1;elektronisch;;;Adjektiv;;https://www.dwds.de/wb/elektronisch;0.0
A1;elf;;;Kardinalzahlwort;;https://www.dwds.de/wb/elf;0.0
B1;empfangen;;;Verb;;https://www.dwds.de/wb/empfangen;0.0
A1;empfehlen;;;Verb;;https://www.dwds.de/wb/empfehlen;0.0
BW3;empfindlich;;;;;;
A1;enden;;;Verb;;https://www.dwds.de/wb/enden;0.0
B1;endgültig;;;Adjektiv;;https://www.dwds.de/wb/endg%C3%BCltig;0.0
A2,BW3;endlich;;;Adverb;;https://www.dwds.de/wb/endlich;0.0
A2;eng;;;Adjektiv;;https://www.dwds.de/wb/eng;0.0
B1;entdecken;;;Verb;;https://www.dwds.de/wb/entdecken;0.0
B1;entfernen;;;Verb;;https://www.dwds.de/wb/entfernen;0.0
B1;entgegenkommen;;;Verb;;https://www.dwds.de/wb/entgegenkommen;0.0
B1;enthalten;;;Verb;;https://www.dwds.de/wb/enthalten;0.0
B1;entlang;;;;;https://www.dwds.de/wb/entlang;0.0
B1;entlassen;;;Verb;;https://www.dwds.de/wb/entlassen;0.0
B1;entscheiden;;;Verb;;https://www.dwds.de/wb/entscheiden;0.0
B1;entschließen;;;Verb;;https://www.dwds.de/wb/entschlie%C3%9Fen;0.0
B1;entschlossen;;;partizipiales Adjektiv;;https://www.dwds.de/wb/entschlossen;0.0
A1;entschuldigen;;;Verb;;https://www.dwds.de/wb/entschuldigen;0.0
B1;entsorgen;;;Verb;;https://www.dwds.de/wb/entsorgen;0.0
B1;entspannen;;;Verb;;https://www.dwds.de/wb/entspannen;0.0
B1;entstehen;;;Verb;;https://www.dwds.de/wb/entstehen;0.0
B1;enttäuschen;;;Verb;;https://www.dwds.de/wb/entt%C3%A4uschen;0.0
B1;entweder;;;Konjunktion;;https://www.dwds.de/wb/entweder;0.0
B1;entwickeln;;;Verb;;https://www.dwds.de/wb/entwickeln;0.0
A1,BW1;er;;;Personalpronomen;mask.;https://www.dwds.de/wb/er;0.0
B1;ereignen;;;Verb;;https://www.dwds.de/wb/ereignen;0.0
B1;erfahren;;;Verb;;https://www.dwds.de/wb/erfahren#1;0.0
B1;erfinden;;;Verb;;https://www.dwds.de/wb/erfinden;0.0
B1;erfolgreich;;;Adjektiv;;https://www.dwds.de/wb/erfolgreich;0.0
B1;erforderlich;;;Adjektiv;;https://www.dwds.de/wb/erforderlich;0.0
B1;erfordern;;;Verb;;https://www.dwds.de/wb/erfordern;0.0
B1;erfüllen;;;Verb;;https://www.dwds.de/wb/erf%C3%BCllen;0.0
B1;ergänzen;;;Verb;;https://www.dwds.de/wb/erg%C3%A4nzen;0.0
B1;erhalten;;;Verb;;https://www.dwds.de/wb/erhalten;0.0
B1;erholen;;;Verb;;https://www.dwds.de/wb/erholen;0.0
B1;erhöhen;;;Verb;;https://www.dwds.de/wb/erh%C3%B6hen;0.0
A2;erinnern;;;Verb;;https://www.dwds.de/wb/erinnern;0.0
B1;erkennen;;;Verb;;https://www.dwds.de/wb/erkennen;0.0
A1;erklären;;;Verb;;https://www.dwds.de/wb/erkl%C3%A4ren;0.0
B1;erkundigen;;;Verb;;https://www.dwds.de/wb/erkundigen;0.0
B1;erkälten;;;Verb;;https://www.dwds.de/wb/erk%C3%A4lten;0.0
A1;erlauben;;;Verb;;https://www.dwds.de/wb/erlauben;0.0
B1;erleben;;;Verb;;https://www.dwds.de/wb/erleben;0.0
B1;erledigen;;;Verb;;https://www.dwds.de/wb/erledigen;0.0
B1;erleichtern;;;Verb;;https://www.dwds.de/wb/erleichtern;0.0
B1;ernst;;;Adjektiv;;https://www.dwds.de/wb/ernst;0.0
B1;ernsthaft;;;Adjektiv;;https://www.dwds.de/wb/ernsthaft;0.0
B1;ernähren;;;Verb;;https://www.dwds.de/wb/ern%C3%A4hren;0.0
A2;erreichen;;;Verb;;https://www.dwds.de/wb/erreichen;0.0
B1,BW3;erschrecken;;du erschrickst, ich erschrak, Schreck;Verb;;https://www.dwds.de/wb/erschrecken#1;0.0
B1;erschöpft;;;partizipiales Adjektiv;;https://www.dwds.de/wb/ersch%C3%B6pft;0.0
B1;ersetzen;;;Verb;;https://www.dwds.de/wb/ersetzen;0.0
A2,BW1;erst;;;Adverb;;https://www.dwds.de/wb/erst;0.0
A1;erste;;;Ordinalzahlwort;;https://www.dwds.de/wb/erste;0.0
B1;erstellen;;;Verb;;https://www.dwds.de/wb/erstellen;0.0
B1;erwachsen;;;partizipiales Adjektiv;;https://www.dwds.de/wb/erwachsen#2;0.0
B1;erwarten;;;Verb;;https://www.dwds.de/wb/erwarten;0.0
B1;erziehen;;;Verb;;https://www.dwds.de/wb/erziehen;0.0
A1;erzählen;;;Verb;;https://www.dwds.de/wb/erz%C3%A4hlen;0.0
B1;eröffnen;;;Verb;;https://www.dwds.de/wb/er%C3%B6ffnen;0.0
A1,BW1;es;;;Personalpronomen;neutr.;https://www.dwds.de/wb/es#1;0.0
A1,BW1;essen;;du isst, ich aß;Verb;;https://www.dwds.de/wb/essen;0.0
B1;etwa;;;Adverb;;https://www.dwds.de/wb/etwa;0.0
A2,BW3;etwas;;;Indefinitpronomen;;https://www.dwds.de/wb/etwas;0.0
BW1;euch;;;;;;
A1,BW3;euer;;;Possessivpronomen;;https://www.dwds.de/wb/euer#1;0.0
BW1;eure(-);;;;;;
A1;europäisch;;;Adjektiv;;https://www.dwds.de/wb/europ%C3%A4isch;0.0
B1;eventuell;;;Adjektiv;;https://www.dwds.de/wb/eventuell;0.0
B1;ewig;;;Adjektiv;;https://www.dwds.de/wb/ewig;0.0
B1;extra;;;Adverb;;https://www.dwds.de/wb/extra;0.0
B1;extrem;;;Adjektiv;;https://www.dwds.de/wb/extrem;0.0
A1,BW3;fahren;;du fährst, ich fuhr;Verb;;https://www.dwds.de/wb/fahren;0.0
B1;fair;;;Adjektiv;;https://www.dwds.de/wb/fair;0.0
A2,BW1;fallen;;du fällst, ich fiel;Verb;;https://www.dwds.de/wb/fallen;0.0
B1;falls;;;Konjunktion;;https://www.dwds.de/wb/falls;0.0
A1;falsch;;;Adjektiv;;https://www.dwds.de/wb/falsch;0.0
B1,BW3;fangen;;du fängst, er fängt, ich fing;Verb;;https://www.dwds.de/wb/fangen;0.0
A2;fantastisch;;;Adjektiv;;https://www.dwds.de/wb/fantastisch;0.0
B1;farbig;;;Adjektiv;;https://www.dwds.de/wb/farbig;0.0
B1;fassen;;;Verb;;https://www.dwds.de/wb/fassen;0.0
A2;fast;;;Adverb;;https://www.dwds.de/wb/fast;0.0
A2;faul;;;Adjektiv;;https://www.dwds.de/wb/faul;0.0
B1;faulenzen;;;Verb;;https://www.dwds.de/wb/faulenzen;0.0
A1;fehlen;;;Verb;;https://www.dwds.de/wb/fehlen#1;0.0
A1;feiern;;;Verb;;https://www.dwds.de/wb/feiern;0.0
A1;fernsehen;;;Verb;;https://www.dwds.de/wb/fernsehen;0.0
A1;fertig;;;Adjektiv;;https://www.dwds.de/wb/fertig;0.0
B1;fest;;;Adjektiv;;https://www.dwds.de/wb/fest;0.0
B1;festhalten;;;Verb;;https://www.dwds.de/wb/festhalten;0.0
B1;festlegen;;;Verb;;https://www.dwds.de/wb/festlegen;0.0
B1;festnehmen;;;Verb;;https://www.dwds.de/wb/festnehmen;0.0
B1;festsetzen;;;Verb;;https://www.dwds.de/wb/festsetzen;0.0
B1;feststehen;;;Verb;;https://www.dwds.de/wb/feststehen;0.0
B1;feststellen;;;Verb;;https://www.dwds.de/wb/feststellen;0.0
A2;fett;;;Adjektiv;;https://www.dwds.de/wb/fett;0.0
B1;feucht;;;Adjektiv;;https://www.dwds.de/wb/feucht;0.0
B1;finanziell;;;Adjektiv;;https://www.dwds.de/wb/finanziell;0.0
B1;finanzieren;;;Verb;;https://www.dwds.de/wb/finanzieren;0.0
A1,BW1;finden;;du findest, ich fand;Verb;;https://www.dwds.de/wb/finden;0.0
A2;fit;;;Adjektiv;;https://www.dwds.de/wb/fit;0.0
B1;flach;;;Adjektiv;;https://www.dwds.de/wb/flach;0.0
A2,BW3;fleißig;;Fleiß;Adjektiv;;https://www.dwds.de/wb/flei%C3%9Fig;0.0
B1;flexibel;;;Adjektiv;;https://www.dwds.de/wb/flexibel;0.0
A1;fliegen;;;Verb;;https://www.dwds.de/wb/fliegen;0.0
B1;fliehen;;;Verb;;https://www.dwds.de/wb/fliehen;0.0
B1,BW1;fließen;;du fließt, ich floss;Verb;;https://www.dwds.de/wb/flie%C3%9Fen;0.0
B1;fließend;;;partizipiales Adjektiv;;https://www.dwds.de/wb/flie%C3%9Fend;0.0
BW3;flüssig;;;;;;
BW3;flüstern;;du flüsterst;;;;
B1;folgen;;;Verb;;https://www.dwds.de/wb/folgen;0.0
B1;folgend;;;partizipiales Adjektiv;;https://www.dwds.de/wb/folgend;0.0
B1;fordern;;;Verb;;https://www.dwds.de/wb/fordern;0.0
B1;fortsetzen;;;Verb;;https://www.dwds.de/wb/fortsetzen;0.0
A2;fotografieren;;;Verb;;https://www.dwds.de/wb/fotografieren;0.0
A1;fragen;;;Verb;;https://www.dwds.de/wb/fragen;0.0
B1;frech;;;Adjektiv;;https://www.dwds.de/wb/frech;0.0
A1;frei;;;Adjektiv;;https://www.dwds.de/wb/frei;0.0
A2;freiwillig;;;Adjektiv;;https://www.dwds.de/wb/freiwillig;0.0
A1;fremd;;;Adjektiv;;https://www.dwds.de/wb/fremd;0.0
B1,BW3;fressen;;du frisst, ich fraß;Verb;;https://www.dwds.de/wb/fressen;0.0
A1;freuen;;;Verb;;https://www.dwds.de/wb/freuen;0.0
A2,BW3;freundlich;;Freund, Freundin, Freunde;Adjektiv;;https://www.dwds.de/wb/freundlich;0.0
BW3;friedlich;;Frieden;;;;
B1,BW3;frieren;;du frierst, ich fror;Verb;;https://www.dwds.de/wb/frieren;0.0
A2;frisch;;;Adjektiv;;https://www.dwds.de/wb/frisch;0.0
A2;froh;;;Adjektiv;;https://www.dwds.de/wb/froh;0.0
B1,BW3;fröhlich;;froh;Adjektiv;;https://www.dwds.de/wb/fr%C3%B6hlich;0.0
A2,BW3;früh;;früher;Adjektiv;;https://www.dwds.de/wb/fr%C3%BCh;0.0
A1;früher;;;Adjektiv;;https://www.dwds.de/wb/fr%C3%BCher;0.0
A1;frühstücken;;;Verb;;https://www.dwds.de/wb/fr%C3%BChst%C3%BCcken;0.0
B1;funktionieren;;;Verb;;https://www.dwds.de/wb/funktionieren;0.0
A2;furchtbar;;;Adjektiv;;https://www.dwds.de/wb/furchtbar;0.0
B1;fällig;;;Adjektiv;;https://www.dwds.de/wb/f%C3%A4llig;0.0
B1;färbig;;;Adjektiv;;https://www.dwds.de/wb/f%C3%A4rbig;0.0
B1;fördern;;;Verb;;https://www.dwds.de/wb/f%C3%B6rdern;0.0
A2,BW3;fühlen;;du fühlst;Verb;;https://www.dwds.de/wb/f%C3%BChlen;0.0
B1;führen;;;Verb;;https://www.dwds.de/wb/f%C3%BChren;0.0
A1;fünf;;;Kardinalzahlwort;;https://www.dwds.de/wb/f%C3%BCnf;0.0
A1;fünfzehn;;;Kardinalzahlwort;;https://www.dwds.de/wb/f%C3%BCnfzehn;0.0
A1;fünfzig;;;Kardinalzahlwort;;https://www.dwds.de/wb/f%C3%BCnfzig;0.0
A1,BW1;für;;;Präposition;;https://www.dwds.de/wb/f%C3%BCr#1;0.0
B1;fürchten;;;Verb;;https://www.dwds.de/wb/f%C3%BCrchten;0.0
B1,BW3;füttern;;du fütterst, Futter;Verb;;https://www.dwds.de/wb/f%C3%BCttern#1;0.0
A1;g;;;Symbol;;https://www.dwds.de/wb/g#2;0.0
A2;ganz;;;Adjektiv;;https://www.dwds.de/wb/ganz;0.0
BW3;ganz(-);;;;;;
B1;gar;;;Adjektiv;;https://www.dwds.de/wb/gar#1;0.0
B1;garantieren;;;Verb;;https://www.dwds.de/wb/garantieren;0.0
A1;geben;;;Verb;;https://www.dwds.de/wb/geben;0.0
A1;geboren;;;partizipiales Adjektiv;;https://www.dwds.de/wb/geboren;0.0
B1;gebrauchen;;;Verb;;https://www.dwds.de/wb/gebrauchen;0.0
B1;geeignet;;;partizipiales Adjektiv;;https://www.dwds.de/wb/geeignet;0.0
A1,BW3;gefallen;;es gefällt;Verb;;https://www.dwds.de/wb/gefallen#1;0.0
A2,BW3;gefährlich;;Gefahr;Adjektiv;;https://www.dwds.de/wb/gef%C3%A4hrlich;0.0
A1,BW3;gegen;;;Präposition;;https://www.dwds.de/wb/gegen;0.0
A2;gegenüber;;;Präposition;;https://www.dwds.de/wb/gegen%C3%BCber#1;0.0
B1;geheim;;;Adjektiv;;https://www.dwds.de/wb/geheim;0.0
A1,BW3;gehen;;du gehst, ich ging;Verb;;https://www.dwds.de/wb/gehen;0.0
A1;gehören;;;Verb;;https://www.dwds.de/wb/geh%C3%B6ren;0.0
A1,BW3;gelb;;gelbe;Adjektiv;;https://www.dwds.de/wb/gelb;0.0
B1;gelingen;;;Verb;;https://www.dwds.de/wb/gelingen;0.0
B1;gelten;;;Verb;;https://www.dwds.de/wb/gelten;0.0
B1;gemeinsam;;;Adjektiv;;https://www.dwds.de/wb/gemeinsam;0.0
B1;gemütlich;;;Adjektiv;;https://www.dwds.de/wb/gem%C3%BCtlich;0.0
A2;genau;;;Adjektiv;;https://www.dwds.de/wb/genau;0.0
B1;genauso;;;Adverb;;https://www.dwds.de/wb/genauso;0.0
B1;genehmigen;;;Verb;;https://www.dwds.de/wb/genehmigen;0.0
B1;genießen;;;Verb;;https://www.dwds.de/wb/genie%C3%9Fen;0.0
A2;genug;;;Indefinitpronomen;;https://www.dwds.de/wb/genug;0.0
B1;genügen;;;Verb;;https://www.dwds.de/wb/gen%C3%BCgen;0.0
A1;gerade;;;Adverb;;https://www.dwds.de/wb/gerade#2;0.0
A1;geradeaus;;;Adverb;;https://www.dwds.de/wb/geradeaus;0.0
B1;gerecht;;;Adjektiv;;https://www.dwds.de/wb/gerecht;0.0
B1;gering;;;Adjektiv;;https://www.dwds.de/wb/gering;0.0
A1,BW1;gern;;;Adverb;;https://www.dwds.de/wb/gern;0.0
A1;gerne;;;Adverb;;https://www.dwds.de/wb/gerne;0.0
B1;gesamt;;;Adjektiv;;https://www.dwds.de/wb/gesamt;0.0
B1;geschehen;;;Verb;;https://www.dwds.de/wb/geschehen;0.0
B1;geschieden;;;partizipiales Adjektiv;;https://www.dwds.de/wb/geschieden;0.0
A1;geschlossen;;;partizipiales Adjektiv;;https://www.dwds.de/wb/geschlossen;0.0
B1;gespannt;;;partizipiales Adjektiv;;https://www.dwds.de/wb/gespannt;0.0
A1,BW3;gestern;;;Adverb;;https://www.dwds.de/wb/gestern;0.0
A2;gesund;;;Adjektiv;;https://www.dwds.de/wb/gesund;0.0
B1;getrennt;;;partizipiales Adjektiv;;https://www.dwds.de/wb/getrennt;0.0
A1,BW3;gewinnen;;Gewinn;Verb;;https://www.dwds.de/wb/gewinnen;0.0
B1;gewohnt;;;partizipiales Adjektiv;;https://www.dwds.de/wb/gewohnt;0.0
B1;gewöhnen;;;Verb;;https://www.dwds.de/wb/gew%C3%B6hnen;0.0
B1;gewöhnlich;;;Adjektiv;;https://www.dwds.de/wb/gew%C3%B6hnlich;0.0
B1;gießen;;;Verb;;https://www.dwds.de/wb/gie%C3%9Fen;0.0
B1;giftig;;;Adjektiv;;https://www.dwds.de/wb/giftig;0.0
B1,BW3;glatt;;Glätte;Adjektiv;;https://www.dwds.de/wb/glatt;0.0
A1,BW1;glauben;;du glaubst, Glaube;Verb;;https://www.dwds.de/wb/glauben;0.0
A1,BW1;gleich;;;Adjektiv;;https://www.dwds.de/wb/gleich#1;0.0
B1;gleichberechtigt;;;Adjektiv;;https://www.dwds.de/wb/gleichberechtigt;0.0
B1;gleichfalls;;;Konjunktion;;https://www.dwds.de/wb/gleichfalls;0.0
B1;gleichzeitig;;;Adjektiv;;https://www.dwds.de/wb/gleichzeitig;0.0
A1;glücklich;;;Adjektiv;;https://www.dwds.de/wb/gl%C3%BCcklich;0.0
BW1;graben;;du gräbst, ich grub;;;;
A1;grade;;;Adverb;;https://www.dwds.de/wb/grade#2;0.0
A1;gradeaus;;;Adverb;;https://www.dwds.de/wb/gradeaus;0.0
B1;gratis;;;Adverb;;https://www.dwds.de/wb/gratis;0.0
A1;gratulieren;;;Verb;;https://www.dwds.de/wb/gratulieren;0.0
A1,BW1;grau;;;Adjektiv;;https://www.dwds.de/wb/grau;0.0
B1;greifen;;;Verb;;https://www.dwds.de/wb/greifen;0.0
A1;grillen;;;Verb;;https://www.dwds.de/wb/grillen;0.0
B1;grillieren;;;Verb;;https://www.dwds.de/wb/grillieren;0.0
A1,BW3;groß;;größer, Größe;Adjektiv;;https://www.dwds.de/wb/gro%C3%9F;0.0
A1,BW1;grün;;;Adjektiv;;https://www.dwds.de/wb/gr%C3%BCn;0.0
B1;gründen;;;Verb;;https://www.dwds.de/wb/gr%C3%BCnden;0.0
B1;gründlich;;;Adjektiv;;https://www.dwds.de/wb/gr%C3%BCndlich;0.0
B1;grüßen;;;Verb;;https://www.dwds.de/wb/gr%C3%BC%C3%9Fen;0.0
B1;gucken;;;Verb;;https://www.dwds.de/wb/gucken;0.0
A1,BW1;gut;;;Adjektiv;;https://www.dwds.de/wb/gut;0.0
A1;gültig;;;Adjektiv;;https://www.dwds.de/wb/g%C3%BCltig;0.0
A1;günstig;;;Adjektiv;;https://www.dwds.de/wb/g%C3%BCnstig;0.0
A1;h;;;Symbol;;https://www.dwds.de/wb/h#2;0.0
A1;haben;;;Verb;;https://www.dwds.de/wb/haben;0.0
B1;hageln;;;Verb;;https://www.dwds.de/wb/hageln;0.0
A1;halb;;;Adjektiv;;https://www.dwds.de/wb/halb;0.0
B1;halbtags;;;Adverb;;https://www.dwds.de/wb/halbtags;0.0
A1;hallo;;;Interjektion;;https://www.dwds.de/wb/hallo;0.0
B1;halt;;;Partikel;;https://www.dwds.de/wb/halt#1;0.0
B1;haltbar;;;Adjektiv;;https://www.dwds.de/wb/haltbar;0.0
A1,BW3;halten;;du hältst, er hält, ich hielt;Verb;;https://www.dwds.de/wb/halten;0.0
B1;handeln;;;Verb;;https://www.dwds.de/wb/handeln#1;0.0
A2,BW1;hart;;härter, Härte;Adjektiv;;https://www.dwds.de/wb/hart#1;0.0
B1;hassen;;;Verb;;https://www.dwds.de/wb/hassen;0.0
B1;haupt-;;;Affix;;https://www.dwds.de/wb/haupt-;0.0
B1;heben;;;Verb;;https://www.dwds.de/wb/heben;0.0
B1;heim;;;Adverb;;https://www.dwds.de/wb/heim;0.0
B1,BW3;heimlich;;Geheimnis;Adjektiv;;https://www.dwds.de/wb/heimlich;0.0
A1;heiraten;;;Verb;;https://www.dwds.de/wb/heiraten;0.0
B1;heizen;;;Verb;;https://www.dwds.de/wb/heizen;0.0
A2,BW3;heiß;;;Adjektiv;;https://www.dwds.de/wb/hei%C3%9F;0.0
A1,BW3;heißen;;du heißt, ich hieß;Verb;;https://www.dwds.de/wb/hei%C3%9Fen#1;0.0
A1;helfen;;;Verb;;https://www.dwds.de/wb/helfen;0.0
A1,BW3;hell;;;Adjektiv;;https://www.dwds.de/wb/hell;0.0
A2;her;;;Adverb;;https://www.dwds.de/wb/her;0.0
A2;her-;;;Affix;;https://www.dwds.de/wb/her-;0.0
A2;heraus;;;Adverb;;https://www.dwds.de/wb/heraus;0.0
B1;herausfinden;;;Verb;;https://www.dwds.de/wb/herausfinden;0.0
A2;herein;;;Adverb;;https://www.dwds.de/wb/herein;0.0
B1;herein-;;;Affix;;https://www.dwds.de/wb/herein-;0.0
A2;herstellen;;;Verb;;https://www.dwds.de/wb/herstellen#2;0.0
B1;herunterfahren;;;Verb;;https://www.dwds.de/wb/herunterfahren;0.0
A2;herunterladen;;;Verb;;https://www.dwds.de/wb/herunterladen;0.0
A1,BW3;herzlich;;Herz;Adjektiv;;https://www.dwds.de/wb/herzlich;0.0
A1;heut;;;Adverb;;https://www.dwds.de/wb/heut;0.0
A1;heute;;;Adverb;;https://www.dwds.de/wb/heute;0.0
B1;hieher;;;Pronominaladverb;;https://www.dwds.de/wb/hieher;0.0
A1,BW1;hier;;;Adverb;;https://www.dwds.de/wb/hier;0.0
B1;hierher;;;Pronominaladverb;;https://www.dwds.de/wb/hierher;0.0
A2;hin;;;Adverb;;https://www.dwds.de/wb/hin;0.0
A2;hin-;;;Affix;;https://www.dwds.de/wb/hin-;0.0
A1;hinten;;;Adverb;;https://www.dwds.de/wb/hinten;0.0
A2;hinter;;;Präposition;;https://www.dwds.de/wb/hinter#1;0.0
B1;hinter-;;;Affix;;https://www.dwds.de/wb/hinter-;0.0
B1;hinterher;;;Adverb;;https://www.dwds.de/wb/hinterher;0.0
B1;hinterlassen;;;Verb;;https://www.dwds.de/wb/hinterlassen;0.0
B1;hinweisen;;;Verb;;https://www.dwds.de/wb/hinweisen;0.0
B1;historisch;;;Adjektiv;;https://www.dwds.de/wb/historisch;0.0
A1;hoch;;;Adjektiv;;https://www.dwds.de/wb/hoch;0.0
B1;hochladen;;;Verb;;https://www.dwds.de/wb/hochladen;0.0
A2;hoffen;;;Verb;;https://www.dwds.de/wb/hoffen;0.0
A2,BW3;hoffentlich;;;Adverb;;https://www.dwds.de/wb/hoffentlich;0.0
A1;holen;;;Verb;;https://www.dwds.de/wb/holen;0.0
A1,BW3;hundert;;;Kardinalzahlwort;;https://www.dwds.de/wb/hundert;0.0
B1,BW3;hungrig;;Hunger;Adjektiv;;https://www.dwds.de/wb/hungrig;0.0
B1;hupen;;;Verb;;https://www.dwds.de/wb/hupen;0.0
A2,BW1;husten;;Husten;Verb;;https://www.dwds.de/wb/husten;0.0
A2;hängen;;;Verb;;https://www.dwds.de/wb/h%C3%A4ngen#1;0.0
A2;hässlich;;;Adjektiv;;https://www.dwds.de/wb/h%C3%A4sslich;0.0
B1;häufig;;;Adjektiv;;https://www.dwds.de/wb/h%C3%A4ufig;0.0
B1;höchstens;;;Adverb;;https://www.dwds.de/wb/h%C3%B6chstens;0.0
B1,BW3;höflich;;;Adjektiv;;https://www.dwds.de/wb/h%C3%B6flich;0.0
A1,BW1;hören;;du hörst, Gehör;Verb;;https://www.dwds.de/wb/h%C3%B6ren;0.0
B1,BW3;hübsch;;;Adjektiv;;https://www.dwds.de/wb/h%C3%BCbsch;0.0
A1,BW1;ich;;;Personalpronomen;;https://www.dwds.de/wb/ich;0.0
B1;ideal;;;Adjektiv;;https://www.dwds.de/wb/ideal;0.0
A1,BW3;ihm;;;Personalpronomen;;https://www.dwds.de/wb/ihm;0.0
A1;ihn;;;Personalpronomen;;https://www.dwds.de/wb/ihn;0.0
BW3;ihn(-);;;;;;
A1;ihr;;;Personalpronomen;;https://www.dwds.de/wb/ihr#1;0.0
BW3;ihr(-);;;;;;
B1;illegal;;;Adjektiv;;https://www.dwds.de/wb/illegal;0.0
BW1;im;;;;;;
A1,BW1;immer;;;Adverb;;https://www.dwds.de/wb/immer;0.0
A1,BW1;in;;;Präposition;;https://www.dwds.de/wb/in#1;0.0
B1;indem;;;Konjunktion;;https://www.dwds.de/wb/indem#1;0.0
B1;individuell;;;Adjektiv;;https://www.dwds.de/wb/individuell;0.0
A2;informieren;;;Verb;;https://www.dwds.de/wb/informieren;0.0
B1;inklusive;;;Präposition;;https://www.dwds.de/wb/inklusive#1;0.0
B1;innen;;;Adverb;;https://www.dwds.de/wb/innen;0.0
B1;inner;;;Adjektiv;;https://www.dwds.de/wb/inner;0.0
B1;innerhalb;;;Präposition;;https://www.dwds.de/wb/innerhalb#1;0.0
A1,BW1;ins;;;Präposition + Artikel;;https://www.dwds.de/wb/ins;0.0
B1;insgesamt;;;Adverb;;https://www.dwds.de/wb/insgesamt;0.0
B1;installieren;;;Verb;;https://www.dwds.de/wb/installieren;0.0
B1;integrieren;;;Verb;;https://www.dwds.de/wb/integrieren;0.0
A2;intelligent;;;Adjektiv;;https://www.dwds.de/wb/intelligent;0.0
B1;intensiv;;;Adjektiv;;https://www.dwds.de/wb/intensiv;0.0
B1;interessant;;;Adjektiv;;https://www.dwds.de/wb/interessant;0.0
A2;interessieren;;;Verb;;https://www.dwds.de/wb/interessieren;0.0
B1;interessiert;;;partizipiales Adjektiv;;https://www.dwds.de/wb/interessiert;0.0
B1;interkulturell;;;Adjektiv;;https://www.dwds.de/wb/interkulturell;0.0
A1;international;;;Adjektiv;;https://www.dwds.de/wb/international;0.0
B1;inzwischen;;;Adverb;;https://www.dwds.de/wb/inzwischen;0.0
B1;irgendein;;;Indefinitpronomen;;https://www.dwds.de/wb/irgendein;0.0
B1;irgendwann;;;Adverb;;https://www.dwds.de/wb/irgendwann;0.0
B1;irren;;;Verb;;https://www.dwds.de/wb/irren;0.0
A1,BW1;ja;;;;;https://www.dwds.de/wb/ja;0.0
B1;je;;;Konjunktion;;https://www.dwds.de/wb/je#2;0.0
A1;jede;;;Indefinitpronomen;fem.;https://www.dwds.de/wb/jede;0.0
BW3;jede(-);;;;;;
A1;jeder;;;Indefinitpronomen;mask.;https://www.dwds.de/wb/jeder;0.0
B1;jederzeit;;;Adverb;;https://www.dwds.de/wb/jederzeit;0.0
A1;jedes;;;Indefinitpronomen;neutr.;https://www.dwds.de/wb/jedes;0.0
B1;jedes Mal;;;Adverb;;https://www.dwds.de/wb/jedes%20Mal;0.0
B1,BW3;jedoch;;;Konjunktion;;https://www.dwds.de/wb/jedoch;0.0
B1;jemals;;;Adverb;;https://www.dwds.de/wb/jemals;0.0
A2;jemand;;;Indefinitpronomen;;https://www.dwds.de/wb/jemand;0.0
BW3;jemand(-);;;;;;
A1,BW3;jetzt;;;Adverb;;https://www.dwds.de/wb/jetzt;0.0
B1;jeweils;;;Adverb;;https://www.dwds.de/wb/jeweils;0.0
A2;joggen;;;Verb;;https://www.dwds.de/wb/joggen;0.0
A1;jung;;;Adjektiv;;https://www.dwds.de/wb/jung;0.0
A2;kalt;;;Adjektiv;;https://www.dwds.de/wb/kalt;0.0
A1,BW3;kaputt;;;Adjektiv;;https://www.dwds.de/wb/kaputt;0.0
B1;kaputt machen;;;Verb;;https://www.dwds.de/wb/kaputt%20machen;0.0
B1;kaputtgehen;;;Verb;;https://www.dwds.de/wb/kaputtgehen;0.0
B1;kaputtmachen;;;Verb;;https://www.dwds.de/wb/kaputtmachen;0.0
A1,BW1;kaufen;;du kaufst;Verb;;https://www.dwds.de/wb/kaufen;0.0
B1;kaum;;;Adverb;;https://www.dwds.de/wb/kaum;0.0
A1;kein;;;Indefinitpronomen;;https://www.dwds.de/wb/kein;0.0
BW3;kein(-);;;;;;
A1,BW1;kennen;;du kennst, ich kannte;Verb;;https://www.dwds.de/wb/kennen;0.0
A1;kennen lernen;;;Verb;;https://www.dwds.de/wb/kennen%20lernen;0.0
A1;kennenlernen;;;Verb;;https://www.dwds.de/wb/kennenlernen;0.0
A1;kg;;;Symbol;;https://www.dwds.de/wb/kg;0.0
BW1;kicken;;du kickst;;;;
B1;klagen;;;Verb;;https://www.dwds.de/wb/klagen;0.0
A2;klappen;;;Verb;;https://www.dwds.de/wb/klappen;0.0
A1,BW1;klar;;klären;Adjektiv;;https://www.dwds.de/wb/klar;0.0
B1;klasse;;;Adjektiv;;https://www.dwds.de/wb/klasse;0.0
B1,BW1;kleben;;du klebst;Verb;;https://www.dwds.de/wb/kleben;0.0
A1,BW1;klein;;;Adjektiv;;https://www.dwds.de/wb/klein;0.0
B1,BW3;klettern;;du kletterst;Verb;;https://www.dwds.de/wb/klettern;0.0
B1;klicken;;;Verb;;https://www.dwds.de/wb/klicken;0.0
B1;klingeln;;;Verb;;https://www.dwds.de/wb/klingeln;0.0
B1;klingen;;;Verb;;https://www.dwds.de/wb/klingen;0.0
B1;klopfen;;;Verb;;https://www.dwds.de/wb/klopfen;0.0
A2,BW3;klug;;kluge;Adjektiv;;https://www.dwds.de/wb/klug;0.0
B1;klären;;;Verb;;https://www.dwds.de/wb/kl%C3%A4ren;0.0
A1;km;;;Symbol;;https://www.dwds.de/wb/km;0.0
B1;knapp;;;Adjektiv;;https://www.dwds.de/wb/knapp;0.0
A1,BW1;kochen;;du kochst, Koch;Verb;;https://www.dwds.de/wb/kochen;0.0
A2;komisch;;;Adjektiv;;https://www.dwds.de/wb/komisch;0.0
A1,BW1;kommen;;du kommst, ich kam;Verb;;https://www.dwds.de/wb/kommen;0.0
B1;komplett;;;Adjektiv;;https://www.dwds.de/wb/komplett;0.0
B1;kompliziert;;;partizipiales Adjektiv;;https://www.dwds.de/wb/kompliziert;0.0
B1;konsumieren;;;Verb;;https://www.dwds.de/wb/konsumieren;0.0
A2;kontrollieren;;;Verb;;https://www.dwds.de/wb/kontrollieren;0.0
B1;konzentrieren;;;Verb;;https://www.dwds.de/wb/konzentrieren;0.0
B1;kopieren;;;Verb;;https://www.dwds.de/wb/kopieren;0.0
B1;korrekt;;;Adjektiv;;https://www.dwds.de/wb/korrekt;0.0
B1;korrigieren;;;Verb;;https://www.dwds.de/wb/korrigieren;0.0
A1;kosten;;;Verb;;https://www.dwds.de/wb/kosten#2;0.0
A2;kostenlos;;;Adjektiv;;https://www.dwds.de/wb/kostenlos;0.0
A1;krank;;;Adjektiv;;https://www.dwds.de/wb/krank;0.0
BW3;kratzen;;du kratzt;;;;
B1;kreativ;;;Adjektiv;;https://www.dwds.de/wb/kreativ;0.0
BW3;kriechen;;du kriechst, ich kroch;;;;
A1;kriegen;;;Verb;;https://www.dwds.de/wb/kriegen#1;0.0
B1;kritisch;;;Adjektiv;;https://www.dwds.de/wb/kritisch;0.0
B1;kritisieren;;;Verb;;https://www.dwds.de/wb/kritisieren;0.0
BW3;krumm;;;;;;
B1,BW3;kräftig;;Kraft;Adjektiv;;https://www.dwds.de/wb/kr%C3%A4ftig;0.0
A1;kulturell;;;Adjektiv;;https://www.dwds.de/wb/kulturell;0.0
A1;kurz;;;Adjektiv;;https://www.dwds.de/wb/kurz;0.0
BW3;kämmen;;Kamm;;;;
B1,BW3;kämpfen;;Kampf;Verb;;https://www.dwds.de/wb/k%C3%A4mpfen;0.0
A1;können;;;Verb;;https://www.dwds.de/wb/k%C3%B6nnen;0.0
B1;körperlich;;;Adjektiv;;https://www.dwds.de/wb/k%C3%B6rperlich;0.0
A2,BW3;kühl;;;Adjektiv;;https://www.dwds.de/wb/k%C3%BChl;0.0
A1;kümmern;;;Verb;;https://www.dwds.de/wb/k%C3%BCmmern#1;0.0
A2;kündigen;;;Verb;;https://www.dwds.de/wb/k%C3%BCndigen;0.0
B1;künstlich;;;Adjektiv;;https://www.dwds.de/wb/k%C3%BCnstlich;0.0
B1;kürzlich;;;Adjektiv;;https://www.dwds.de/wb/k%C3%BCrzlich;0.0
B1,BW3;küssen;;du küsst, Kuss;Verb;;https://www.dwds.de/wb/k%C3%BCssen;0.0
A1,BW1;lachen;;du lachst;Verb;;https://www.dwds.de/wb/lachen;0.0
B1;landen;;;Verb;;https://www.dwds.de/wb/landen;0.0
A1,BW1;lang;;länger, Länge;Adjektiv;;https://www.dwds.de/wb/lang#1;0.0
A1;lange;;;Adverb;;https://www.dwds.de/wb/lange;0.0
A1,BW1;langsam;;;Adjektiv;;https://www.dwds.de/wb/langsam;0.0
B1;langweilen;;;Verb;;https://www.dwds.de/wb/langweilen;0.0
A2;langweilig;;;Adjektiv;;https://www.dwds.de/wb/langweilig;0.0
A2,BW1;lassen;;du lässt, ich ließ;Verb;;https://www.dwds.de/wb/lassen;0.0
A1,BW1,BW3;laufen;;er läuft, du läufst, ich lief;Verb;;https://www.dwds.de/wb/laufen;0.0
A1,BW1;laut;;;Adjektiv;;https://www.dwds.de/wb/laut#1;0.0
A1,BW1;leben;;du lebst;Verb;;https://www.dwds.de/wb/leben;0.0
B1,BW1;lecker;;;Adjektiv;;https://www.dwds.de/wb/lecker;0.0
A1;ledig;;;Adjektiv;;https://www.dwds.de/wb/ledig;0.0
A2;leer;;;Adjektiv;;https://www.dwds.de/wb/leer;0.0
A1;legen;;;Verb;;https://www.dwds.de/wb/legen;0.0
A1,BW1;leicht;;;Adjektiv;;https://www.dwds.de/wb/leicht;0.0
B1;leiden;;;Verb;;https://www.dwds.de/wb/leiden;0.0
A1;leider;;;Adverb;;https://www.dwds.de/wb/leider;0.0
A2;leidtun;;;Verb;;https://www.dwds.de/wb/leidtun;0.0
A2,BW3;leihen;;du leihst, ich lieh;Verb;;https://www.dwds.de/wb/leihen;0.0
A1,BW1;leise;;;Adjektiv;;https://www.dwds.de/wb/leise;0.0
B1;leisten;;;Verb;;https://www.dwds.de/wb/leisten;0.0
B1;leiten;;;Verb;;https://www.dwds.de/wb/leiten;0.0
BW1;lenken;;Lenker;;;;
A1,BW1;lernen;;du lernst;Verb;;https://www.dwds.de/wb/lernen;0.0
A1,BW1;lesen;;du liest, ich las;Verb;;https://www.dwds.de/wb/lesen#1;0.0
A1;letzt;;;Adjektiv;;https://www.dwds.de/wb/letzt;0.0
A1;lieb;;;Adjektiv;;https://www.dwds.de/wb/lieb;0.0
A1,BW1;lieben;;du liebst, Liebe;Verb;;https://www.dwds.de/wb/lieben;0.0
A1;lieber;;;Komparativ;;https://www.dwds.de/wb/lieber;0.0
A2;liefern;;;Verb;;https://www.dwds.de/wb/liefern;0.0
A1,BW1;liegen;;du liegst, ich lag;Verb;;https://www.dwds.de/wb/liegen;0.0
B1;link;;;Adjektiv;;https://www.dwds.de/wb/link;0.0
A1,BW3;links;;;Adverb;;https://www.dwds.de/wb/links#1;0.0
B1;loben;;;Verb;;https://www.dwds.de/wb/loben;0.0
B1;locker;;;Adjektiv;;https://www.dwds.de/wb/locker;0.0
B1;lohnen;;;Verb;;https://www.dwds.de/wb/lohnen;0.0
B1;los;;;Adverb;;https://www.dwds.de/wb/los;0.0
B1;losfahren;;;Verb;;https://www.dwds.de/wb/losfahren;0.0
A1,BW3;lustig;;Lust;Adjektiv;;https://www.dwds.de/wb/lustig;0.0
B1;lächeln;;;Verb;;https://www.dwds.de/wb/l%C3%A4cheln;0.0
B1;längst;;;Adverb;;https://www.dwds.de/wb/l%C3%A4ngst;0.0
B1;löschen;;;Verb;;https://www.dwds.de/wb/l%C3%B6schen#1;0.0
B1;lösen;;;Verb;;https://www.dwds.de/wb/l%C3%B6sen;0.0
A2;lügen;;;Verb;;https://www.dwds.de/wb/l%C3%BCgen;0.0
A1;m;;;Symbol;;https://www.dwds.de/wb/m#2;0.0
A1,BW1;machen;;du machst;Verb;;https://www.dwds.de/wb/machen;0.0
B1;mager;;;Adjektiv;;https://www.dwds.de/wb/mager;0.0
A2;mal;;;Adverb;;https://www.dwds.de/wb/mal;0.0
A2,BW1;malen;;du malst;Verb;;https://www.dwds.de/wb/malen;0.0
A1,BW1;man;;;Indefinitpronomen;;https://www.dwds.de/wb/man#1;0.0
A2;manch;;;Indefinitpronomen;;https://www.dwds.de/wb/manch;0.0
BW3;manch(-);;;;;;
A2,BW3;manchmal;;;Adverb;;https://www.dwds.de/wb/manchmal;0.0
B1;markieren;;;Verb;;https://www.dwds.de/wb/markieren;0.0
B1;maximal;;;Adjektiv;;https://www.dwds.de/wb/maximal;0.0
A1,BW3;mehr;;;Komparativ;;https://www.dwds.de/wb/mehr;0.0
B1;mehrere;;;Indefinitpronomen;;https://www.dwds.de/wb/mehrere;0.0
A1;mein;;;Possessivpronomen;;https://www.dwds.de/wb/mein#1;0.0
BW3;mein(-);;;;;;
A2;meinen;;;Verb;;https://www.dwds.de/wb/meinen;0.0
B1;meinetwegen;;;Pronominaladverb;;https://www.dwds.de/wb/meinetwegen;0.0
A1;meist;;;Superlativ;;https://www.dwds.de/wb/meist;0.0
A2;meistens;;;Adverb;;https://www.dwds.de/wb/meistens;0.0
B1;melden;;;Verb;;https://www.dwds.de/wb/melden;0.0
B1;menschlich;;;Adjektiv;;https://www.dwds.de/wb/menschlich;0.0
A2;merken;;;Verb;;https://www.dwds.de/wb/merken;0.0
B1;merkwürdig;;;Adjektiv;;https://www.dwds.de/wb/merkw%C3%BCrdig;0.0
B1;messen;;;Verb;;https://www.dwds.de/wb/messen;0.0
BW1;mich;;;;;;
A1;mieten;;;Verb;;https://www.dwds.de/wb/mieten;0.0
B1;mild;;;Adjektiv;;https://www.dwds.de/wb/mild;0.0
A2;mindestens;;;Adverb;;https://www.dwds.de/wb/mindestens;0.0
B1;minimal;;;Adjektiv;;https://www.dwds.de/wb/minimal;0.0
BW1;mir;;;;;;
B1;mischen;;;Verb;;https://www.dwds.de/wb/mischen;0.0
B1;miss-;;;Affix;;https://www.dwds.de/wb/miss-;0.0
A1,BW1;mit;;;Präposition;;https://www.dwds.de/wb/mit#1;0.0
A1;mitbringen;;;Verb;;https://www.dwds.de/wb/mitbringen;0.0
B1;miteinander;;;Adverb;;https://www.dwds.de/wb/miteinander;0.0
A1;mitkommen;;;Verb;;https://www.dwds.de/wb/mitkommen;0.0
A1;mitmachen;;;Verb;;https://www.dwds.de/wb/mitmachen;0.0
A1;mitnehmen;;;Verb;;https://www.dwds.de/wb/mitnehmen;0.0
B1;mitteilen;;;Verb;;https://www.dwds.de/wb/mitteilen;0.0
B1;mitten;;;Adverb;;https://www.dwds.de/wb/mitten;0.0
B1;mittler;;;Adjektiv;;https://www.dwds.de/wb/mittler;0.0
B1;mittlerweile;;;Adverb;;https://www.dwds.de/wb/mittlerweile;0.0
B1;mobil;;;Adjektiv;;https://www.dwds.de/wb/mobil;0.0
A2;modern;;;Adjektiv;;https://www.dwds.de/wb/modern#1;0.0
A1,BW1;morgen;;;Adverb;;https://www.dwds.de/wb/morgen;0.0
B1;musikalisch;;;Adjektiv;;https://www.dwds.de/wb/musikalisch;0.0
B1,BW3;mutig;;Mut;Adjektiv;;https://www.dwds.de/wb/mutig;0.0
A1;m²;;;Symbol;;https://www.dwds.de/wb/m%C2%B2;0.0
A1;männlich;;;Adjektiv;;https://www.dwds.de/wb/m%C3%A4nnlich;0.0
B1;möbliert;;;partizipiales Adjektiv;;https://www.dwds.de/wb/m%C3%B6bliert;0.0
A1,BW1;mögen;;du magst, ich mochte;Verb;;https://www.dwds.de/wb/m%C3%B6gen;0.0
A1;möglich;;;Adjektiv;;https://www.dwds.de/wb/m%C3%B6glich;0.0
B1;möglicherweise;;;Adverb;;https://www.dwds.de/wb/m%C3%B6glicherweise;0.0
B1;möglichst;;;Adverb;;https://www.dwds.de/wb/m%C3%B6glichst;0.0
A1;müde;;;Adjektiv;;https://www.dwds.de/wb/m%C3%BCde;0.0
B1;mündlich;;;Adjektiv;;https://www.dwds.de/wb/m%C3%BCndlich;0.0
A1;müssen;;;Verb;;https://www.dwds.de/wb/m%C3%BCssen;0.0
A1,BW3;nach;;;Präposition;;https://www.dwds.de/wb/nach#1;0.0
B1,BW3;nachdem;;;Konjunktion;;https://www.dwds.de/wb/nachdem;0.0
B1;nachdenken;;;Verb;;https://www.dwds.de/wb/nachdenken;0.0
B1;nachher;;;Adverb;;https://www.dwds.de/wb/nachher;0.0
B1;nachschlagen;;;Verb;;https://www.dwds.de/wb/nachschlagen;0.0
B1;nah;;;Adjektiv;;https://www.dwds.de/wb/nah;0.0
B1;nahe;;;Adjektiv;;https://www.dwds.de/wb/nahe;0.0
A2,BW3;nass;;Nässe;Adjektiv;;https://www.dwds.de/wb/nass;0.0
B1;national;;;Adjektiv;;https://www.dwds.de/wb/national;0.0
A2;natürlich;;;Adjektiv;;https://www.dwds.de/wb/nat%C3%BCrlich;0.0
A2;nebelig;;;Adjektiv;;https://www.dwds.de/wb/nebelig;0.0
A2,BW3;neben;;;Präposition;;https://www.dwds.de/wb/neben;0.0
A2;nebenan;;;Adverb;;https://www.dwds.de/wb/nebenan;0.0
B1;nebenbei;;;Adverb;;https://www.dwds.de/wb/nebenbei;0.0
A2;neblig;;;Adjektiv;;https://www.dwds.de/wb/neblig;0.0
B1;negativ;;;Adjektiv;;https://www.dwds.de/wb/negativ;0.0
A1,BW3;nehmen;;du nimmst, ich nahm;Verb;;https://www.dwds.de/wb/nehmen;0.0
A1,BW1;nein;;;Partikel;;https://www.dwds.de/wb/nein;0.0
A2;nennen;;;Verb;;https://www.dwds.de/wb/nennen;0.0
A2;nervös;;;Adjektiv;;https://www.dwds.de/wb/nerv%C3%B6s;0.0
A2,BW3;nett;;;Adjektiv;;https://www.dwds.de/wb/nett;0.0
A1,BW1;neu;;;Adjektiv;;https://www.dwds.de/wb/neu;0.0
B1;neugierig;;;Adjektiv;;https://www.dwds.de/wb/neugierig;0.0
B1;neulich;;;Adverb;;https://www.dwds.de/wb/neulich;0.0
A1;neun;;;Kardinalzahlwort;;https://www.dwds.de/wb/neun;0.0
A1;neunzehn;;;Kardinalzahlwort;;https://www.dwds.de/wb/neunzehn;0.0
A1;neunzig;;;Kardinalzahlwort;;https://www.dwds.de/wb/neunzig;0.0
A1,BW3;nicht;;;Adverb;;https://www.dwds.de/wb/nicht;0.0
A1,BW3;nichts;;;Indefinitpronomen;;https://www.dwds.de/wb/nichts;0.0
BW3;nicken;;du nickst;;;;
A1,BW1;nie;;;Adverb;;https://www.dwds.de/wb/nie;0.0
B1;niedrig;;;Adjektiv;;https://www.dwds.de/wb/niedrig;0.0
BW3;niemals;;;;;;
A2;niemand;;;Indefinitpronomen;;https://www.dwds.de/wb/niemand;0.0
BW3;niemand(-);;;;;;
BW1;niesen;;;;;;
A2;nirgends;;;Adverb;;https://www.dwds.de/wb/nirgends;0.0
B1;nirgendwo;;;Adverb;;https://www.dwds.de/wb/nirgendwo;0.0
A1,BW3;noch;;;Adverb;;https://www.dwds.de/wb/noch#1;0.0
B1;noch mal;;;Adverb;;https://www.dwds.de/wb/noch%20mal#1;0.0
B1;nochmal;;;Adverb;;https://www.dwds.de/wb/nochmal#1;0.0
B1;nochmals;;;Adverb;;https://www.dwds.de/wb/nochmals;0.0
A1;normal;;;Adjektiv;;https://www.dwds.de/wb/normal;0.0
B1;normalerweise;;;Adverb;;https://www.dwds.de/wb/normalerweise;0.0
A2;notieren;;;Verb;;https://www.dwds.de/wb/notieren;0.0
A2;notwendig;;;Adjektiv;;https://www.dwds.de/wb/notwendig;0.0
B1,BW1;nun;;;Adverb;;https://www.dwds.de/wb/nun#1;0.0
A1,BW1;nur;;;Adverb;;https://www.dwds.de/wb/nur;0.0
B1;nutzen;;;Verb;;https://www.dwds.de/wb/nutzen;0.0
A1;nächst;;;Superlativ;;https://www.dwds.de/wb/n%C3%A4chst;0.0
A2,BW3;nächste;der;;Substantiv;mask.;https://www.dwds.de/wb/n%C3%A4chste;0.0
B1;nähen;;;Verb;;https://www.dwds.de/wb/n%C3%A4hen;0.0
B1;nähern;;;Verb;;https://www.dwds.de/wb/n%C3%A4hern;0.0
B1,BW3;nämlich;;;Konjunktion;;https://www.dwds.de/wb/n%C3%A4mlich#2;0.0
B1;nötig;;;Adjektiv;;https://www.dwds.de/wb/n%C3%B6tig;0.0
B1;nützen;;;Verb;;https://www.dwds.de/wb/n%C3%BCtzen;0.0
A2;nützlich;;;Adjektiv;;https://www.dwds.de/wb/n%C3%BCtzlich;0.0
B1,BW1;ob;;;Konjunktion;;https://www.dwds.de/wb/ob#1;0.0
A1,BW1;oben;;;Adverb;;https://www.dwds.de/wb/oben;0.0
B1;ober-;;;Affix;;https://www.dwds.de/wb/ober-;0.0
B1;obwohl;;;Konjunktion;;https://www.dwds.de/wb/obwohl;0.0
A1,BW1;oder;;;Konjunktion;;https://www.dwds.de/wb/oder;0.0
A2,BW3;offen;;;Adjektiv;;https://www.dwds.de/wb/offen;0.0
B1;offenbar;;;Adjektiv;;https://www.dwds.de/wb/offenbar;0.0
B1;offiziell;;;Adjektiv;;https://www.dwds.de/wb/offiziell;0.0
A1,BW1;oft;;;Adverb;;https://www.dwds.de/wb/oft;0.0
A1,BW3;ohne;;;;;https://www.dwds.de/wb/ohne;0.0
A2;online;;;Adverb;;https://www.dwds.de/wb/online;0.0
B1;operieren;;;Verb;;https://www.dwds.de/wb/operieren;0.0
B1;optimistisch;;;Adjektiv;;https://www.dwds.de/wb/optimistisch;0.0
B1;ordentlich;;;Adjektiv;;https://www.dwds.de/wb/ordentlich;0.0
B1;ordnen;;;Verb;;https://www.dwds.de/wb/ordnen;0.0
A2;organisieren;;;Verb;;https://www.dwds.de/wb/organisieren;0.0
B1;original;;;Adjektiv;;https://www.dwds.de/wb/original;0.0
A2;paar;;;Indefinitpronomen;;https://www.dwds.de/wb/paar;0.0
A2,BW1;packen;;du packst, Päckchen, Gepäck;Verb;;https://www.dwds.de/wb/packen;0.0
B1;parallel;;;Adjektiv;;https://www.dwds.de/wb/parallel;0.0
A2;parken;;;Verb;;https://www.dwds.de/wb/parken;0.0
B1;parkieren;;;Verb;;https://www.dwds.de/wb/parkieren;0.0
A2,BW3;passen;;du passt;Verb;;https://www.dwds.de/wb/passen;0.0
A2;passieren;;;Verb;;https://www.dwds.de/wb/passieren#2;0.0
B1;passiv;;;Adjektiv;;https://www.dwds.de/wb/passiv;0.0
B1;pauschal;;;Adjektiv;;https://www.dwds.de/wb/pauschal;0.0
B1;peinlich;;;Adjektiv;;https://www.dwds.de/wb/peinlich;0.0
B1;pensionieren;;;Verb;;https://www.dwds.de/wb/pensionieren;0.0
B1;per;;;Präposition;;https://www.dwds.de/wb/per;0.0
B1;perfekt;;;Adjektiv;;https://www.dwds.de/wb/perfekt;0.0
B1;persönlich;;;Adjektiv;;https://www.dwds.de/wb/pers%C3%B6nlich;0.0
B1;pflanzen;;;Verb;;https://www.dwds.de/wb/pflanzen#1;0.0
B1;pflegen;;;Verb;;https://www.dwds.de/wb/pflegen#1;0.0
BW3;pflücken;;du pflückst;;;;
A2;phantastisch;;;Adjektiv;;https://www.dwds.de/wb/phantastisch;0.0
A2;planen;;;Verb;;https://www.dwds.de/wb/planen;0.0
A2,BW3;plötzlich;;;Adjektiv;;https://www.dwds.de/wb/pl%C3%B6tzlich;0.0
B1;politisch;;;Adjektiv;;https://www.dwds.de/wb/politisch;0.0
B1;populär;;;Adjektiv;;https://www.dwds.de/wb/popul%C3%A4r;0.0
B1;positiv;;;Adjektiv;;https://www.dwds.de/wb/positiv;0.0
A2;praktisch;;;Adjektiv;;https://www.dwds.de/wb/praktisch;0.0
A2;preiswert;;;Adjektiv;;https://www.dwds.de/wb/preiswert;0.0
B1;prima;;;Adjektiv;;https://www.dwds.de/wb/prima;0.0
A2;privat;;;Adjektiv;;https://www.dwds.de/wb/privat;0.0
A2;pro;;;Präposition;;https://www.dwds.de/wb/pro#1;0.0
BW3;proben;;du probst, Probe;;;;
A2;probieren;;;Verb;;https://www.dwds.de/wb/probieren;0.0
B1;produzieren;;;Verb;;https://www.dwds.de/wb/produzieren;0.0
B1;prost;;;Interjektion;;https://www.dwds.de/wb/prost;0.0
B1;protestieren;;;Verb;;https://www.dwds.de/wb/protestieren;0.0
B1;präsentieren;;;Verb;;https://www.dwds.de/wb/pr%C3%A4sentieren;0.0
A2,BW3;prüfen;;du prüfst, Prüfung;Verb;;https://www.dwds.de/wb/pr%C3%BCfen;0.0
A2;putzen;;;Verb;;https://www.dwds.de/wb/putzen;0.0
A1,BW3;pünktlich;;Pünktlichkeit;Adjektiv;;https://www.dwds.de/wb/p%C3%BCnktlich;0.0
A1;qm;;;Symbol;;https://www.dwds.de/wb/qm;0.0
BW1;quaken;;er quakt;;;;
B1,BW3;quer;;;Adverb;;https://www.dwds.de/wb/quer;0.0
B1;rasieren;;;Verb;;https://www.dwds.de/wb/rasieren;0.0
A2,BW1;raten;;du rätst, ich riet;Verb;;https://www.dwds.de/wb/raten#1;0.0
A1;rauchen;;;Verb;;https://www.dwds.de/wb/rauchen;0.0
B1;rauf;;;Adverb;;https://www.dwds.de/wb/rauf;0.0
B1;rauf-;;;Affix;;https://www.dwds.de/wb/rauf-;0.0
A2;raus;;;Adverb;;https://www.dwds.de/wb/raus;0.0
B1;raus-;;;Affix;;https://www.dwds.de/wb/raus-;0.0
B1;reagieren;;;Verb;;https://www.dwds.de/wb/reagieren;0.0
B1;realisieren;;;Verb;;https://www.dwds.de/wb/realisieren;0.0
B1;realistisch;;;Adjektiv;;https://www.dwds.de/wb/realistisch;0.0
A2,BW1;rechnen;;du rechnest, Rechnung;Verb;;https://www.dwds.de/wb/rechnen;0.0
A2,B1;recht;;;Adjektiv;;https://www.dwds.de/wb/recht#2;0.0
B1;rechtlich;;;Adjektiv;;https://www.dwds.de/wb/rechtlich;0.0
A1,BW3;rechts;;;Adverb;;https://www.dwds.de/wb/rechts#1;0.0
B1;rechtzeitig;;;Adjektiv;;https://www.dwds.de/wb/rechtzeitig;0.0
A2,BW1;reden;;du redest;Verb;;https://www.dwds.de/wb/reden;0.0
B1;reduzieren;;;Verb;;https://www.dwds.de/wb/reduzieren;0.0
B1;regelmäßig;;;Adjektiv;;https://www.dwds.de/wb/regelm%C3%A4%C3%9Fig;0.0
B1;regeln;;;Verb;;https://www.dwds.de/wb/regeln;0.0
B1;regional;;;Adjektiv;;https://www.dwds.de/wb/regional;0.0
A1;regnen;;;Verb;;https://www.dwds.de/wb/regnen;0.0
A2,BW1;reich;;;Adjektiv;;https://www.dwds.de/wb/reich;0.0
B1;reichen;;;Verb;;https://www.dwds.de/wb/reichen;0.0
B1;reif;;;Adjektiv;;https://www.dwds.de/wb/reif;0.0
A2;rein;;;Adverb;;https://www.dwds.de/wb/rein#2;0.0
B1;reinigen;;;Verb;;https://www.dwds.de/wb/reinigen;0.0
A1;reisen;;;Verb;;https://www.dwds.de/wb/reisen;0.0
A2;reiten;;;Verb;;https://www.dwds.de/wb/reiten;0.0
B1;relativ;;;Adjektiv;;https://www.dwds.de/wb/relativ;0.0
B1,BW1;rennen;;du rennst, ich rannte;Verb;;https://www.dwds.de/wb/rennen;0.0
A2;renovieren;;;Verb;;https://www.dwds.de/wb/renovieren;0.0
A1;reparieren;;;Verb;;https://www.dwds.de/wb/reparieren;0.0
A2;reservieren;;;Verb;;https://www.dwds.de/wb/reservieren;0.0
B1,BW3;retten;;du rettest, Rettung;Verb;;https://www.dwds.de/wb/retten;0.0
A1;richtig;;;Adjektiv;;https://www.dwds.de/wb/richtig;0.0
A1,BW1;riechen;;du riechst, ich roch, Geruch;Verb;;https://www.dwds.de/wb/riechen;0.0
B1,BW3;riesig;;Riese;Adjektiv;;https://www.dwds.de/wb/riesig;0.0
B1;roh;;;Adjektiv;;https://www.dwds.de/wb/roh;0.0
A2;romantisch;;;Adjektiv;;https://www.dwds.de/wb/romantisch;0.0
A1,BW1;rot;;;Adjektiv;;https://www.dwds.de/wb/rot;0.0
A2,BW1;rufen;;du rufst, ich rief;Verb;;https://www.dwds.de/wb/rufen;0.0
A1;ruhig;;;Adjektiv;;https://www.dwds.de/wb/ruhig;0.0
A2,BW3;rund;;runde;Adjektiv;;https://www.dwds.de/wb/rund;0.0
B1;runterwerfen;;;Verb;;https://www.dwds.de/wb/runterwerfen;0.0
B1;rück-;;;Affix;;https://www.dwds.de/wb/r%C3%BCck-;0.0
B1;rückwärts;;;Adverb;;https://www.dwds.de/wb/r%C3%BCckw%C3%A4rts;0.0
A1,BW1;sagen;;du sagst;Verb;;https://www.dwds.de/wb/sagen;0.0
B1;salzig;;;Adjektiv;;https://www.dwds.de/wb/salzig;0.0
A2,BW3;sammeln;;du sammelst, Sammlung;Verb;;https://www.dwds.de/wb/sammeln;0.0
B1,BW3;satt;;;Adjektiv;;https://www.dwds.de/wb/satt;0.0
A2;sauber;;;Adjektiv;;https://www.dwds.de/wb/sauber;0.0
A2;sauer;;;Adjektiv;;https://www.dwds.de/wb/sauer;0.0
A2;schade;;;Adjektiv;;https://www.dwds.de/wb/schade;0.0
B1;schaden;;;Verb;;https://www.dwds.de/wb/schaden;0.0
A2,BW3;schaffen;;du schaffst;Verb;;https://www.dwds.de/wb/schaffen;0.0
B1;schalten;;;Verb;;https://www.dwds.de/wb/schalten#1;0.0
A2,BW3;scharf;;Schärfe;Adjektiv;;https://www.dwds.de/wb/scharf;0.0
B1;schauen;;;Verb;;https://www.dwds.de/wb/schauen;0.0
B1;scheiden;;;Verb;;https://www.dwds.de/wb/scheiden;0.0
A1;scheinen;;;Verb;;https://www.dwds.de/wb/scheinen;0.0
A2,BW1;schenken;;;Verb;;https://www.dwds.de/wb/schenken;0.0
B1;schick;;;Adjektiv;;https://www.dwds.de/wb/schick;0.0
A1,BW1;schicken;;du schickst;Verb;;https://www.dwds.de/wb/schicken#1;0.0
B1;schieben;;;Verb;;https://www.dwds.de/wb/schieben;0.0
B1;schief;;;Adjektiv;;https://www.dwds.de/wb/schief;0.0
B1;schießen;;;Verb;;https://www.dwds.de/wb/schie%C3%9Fen;0.0
A2;schimpfen;;;Verb;;https://www.dwds.de/wb/schimpfen;0.0
A1,BW1,BW3;schlafen;;du schläfst, er schläft, ich schlief, Schlaf;Verb;;https://www.dwds.de/wb/schlafen;0.0
BW3;schlagen;;du schlägst, er schlägt, ich schlug;;;;
B1;schlank;;;Adjektiv;;https://www.dwds.de/wb/schlank;0.0
A1;schlecht;;;Adjektiv;;https://www.dwds.de/wb/schlecht;0.0
A1,BW3;schließen;;du schließt, ich schloss;Verb;;https://www.dwds.de/wb/schlie%C3%9Fen;0.0
B1;schließlich;;;Adverb;;https://www.dwds.de/wb/schlie%C3%9Flich;0.0
A2,BW3;schlimm;;;Adjektiv;;https://www.dwds.de/wb/schlimm;0.0
B1;schmal;;;Adjektiv;;https://www.dwds.de/wb/schmal;0.0
A1,BW1;schmecken;;du schmeckst, Geschmack;Verb;;https://www.dwds.de/wb/schmecken;0.0
B1;schminken;;;Verb;;https://www.dwds.de/wb/schminken;0.0
A2,BW3;schmutzig;;Schmutz;Adjektiv;;https://www.dwds.de/wb/schmutzig;0.0
A2,BW1;schneiden;;du schneidest, ich schnitt;Verb;;https://www.dwds.de/wb/schneiden;0.0
A2,BW3;schneien;;es schneit;Verb;;https://www.dwds.de/wb/schneien;0.0
A1,BW3;schnell;;;Adjektiv;;https://www.dwds.de/wb/schnell;0.0
A1,BW1;schon;;;Adverb;;https://www.dwds.de/wb/schon;0.0
A2;schrecklich;;;Adjektiv;;https://www.dwds.de/wb/schrecklich;0.0
A1,BW1;schreiben;;du schreibst, ich schrieb;Verb;;https://www.dwds.de/wb/schreiben;0.0
B1,BW3;schreien;;du schreist, ich schrie;Verb;;https://www.dwds.de/wb/schreien;0.0
A2;schriftlich;;;Adjektiv;;https://www.dwds.de/wb/schriftlich;0.0
B1;schuld;;;Adjektiv;;https://www.dwds.de/wb/schuld;0.0
B1;schuldig;;;Adjektiv;;https://www.dwds.de/wb/schuldig;0.0
A2;schwach;;;Adjektiv;;https://www.dwds.de/wb/schwach;0.0
A2;schwanger;;;Adjektiv;;https://www.dwds.de/wb/schwanger;0.0
A1,BW1;schwarz;;;Adjektiv;;https://www.dwds.de/wb/schwarz;0.0
B1;schweigen;;;Verb;;https://www.dwds.de/wb/schweigen;0.0
A1,BW1;schwer;;;Adjektiv;;https://www.dwds.de/wb/schwer;0.0
B1;schwieger-;;;Affix;;https://www.dwds.de/wb/schwieger-;0.0
A2;schwierig;;;Adjektiv;;https://www.dwds.de/wb/schwierig;0.0
A1,BW3;schwimmen;;du schwimmst, ich schwamm;Verb;;https://www.dwds.de/wb/schwimmen;0.0
B1,BW3;schwitzen;;du schwitzt;Verb;;https://www.dwds.de/wb/schwitzen;0.0
A2;schädlich;;;Adjektiv;;https://www.dwds.de/wb/sch%C3%A4dlich;0.0
B1;schätzen;;;Verb;;https://www.dwds.de/wb/sch%C3%A4tzen;0.0
A1,BW1;schön;;;Adjektiv;;https://www.dwds.de/wb/sch%C3%B6n;0.0
B1;schütteln;;;Verb;;https://www.dwds.de/wb/sch%C3%BCtteln;0.0
B1;schützen;;;Verb;;https://www.dwds.de/wb/sch%C3%BCtzen;0.0
A1,BW1;sechs;;;Kardinalzahlwort;;https://www.dwds.de/wb/sechs;0.0
A1;sechzehn;;;Kardinalzahlwort;;https://www.dwds.de/wb/sechzehn;0.0
A1;sechzig;;;Kardinalzahlwort;;https://www.dwds.de/wb/sechzig;0.0
A1,BW3;sehen;;du siehst, ich sah;Verb;;https://www.dwds.de/wb/sehen;0.0
A1,BW3;sehr;;;Adverb;;https://www.dwds.de/wb/sehr;0.0
A1;sein;;;Possessivpronomen;;https://www.dwds.de/wb/sein#1;0.0
BW3;sein(-);;;;;;
A1,BW3;seit;;;;;https://www.dwds.de/wb/seit;0.0
B1;seitdem;;;;;https://www.dwds.de/wb/seitdem;0.0
B1;selb;;;Demonstrativpronomen;;https://www.dwds.de/wb/selb;0.0
B1;selber;;;Demonstrativpronomen;;https://www.dwds.de/wb/selber;0.0
A2;selbst;;;Pronomen;;https://www.dwds.de/wb/selbst#1;0.0
A1;selbstständig;;;Adjektiv;;https://www.dwds.de/wb/selbstst%C3%A4ndig;0.0
B1;selbstverständlich;;;Adjektiv;;https://www.dwds.de/wb/selbstverst%C3%A4ndlich;0.0
A1;selbständig;;;Adjektiv;;https://www.dwds.de/wb/selbst%C3%A4ndig;0.0
B1;selten;;;Adjektiv;;https://www.dwds.de/wb/selten;0.0
B1;seltsam;;;Adjektiv;;https://www.dwds.de/wb/seltsam;0.0
B1;senden;;;Verb;;https://www.dwds.de/wb/senden;0.0
B1;senkrecht;;;Adjektiv;;https://www.dwds.de/wb/senkrecht;0.0
A2;setzen;;;Verb;;https://www.dwds.de/wb/setzen;0.0
A1,BW3;sich;;;Reflexivpronomen;;https://www.dwds.de/wb/sich;0.0
B1;sicher;;;Adjektiv;;https://www.dwds.de/wb/sicher;0.0
B1;sichern;;;Verb;;https://www.dwds.de/wb/sichern;0.0
B1;sichtbar;;;Adjektiv;;https://www.dwds.de/wb/sichtbar;0.0
A1,BW1;sie;;;Personalpronomen;;https://www.dwds.de/wb/sie;0.0
A1;sieben;;;Kardinalzahlwort;;https://www.dwds.de/wb/sieben#2;0.0
A1;siebenzig;;;Kardinalzahlwort;;https://www.dwds.de/wb/siebenzig;0.0
A1;siebzehn;;;Kardinalzahlwort;;https://www.dwds.de/wb/siebzehn;0.0
A1;siebzig;;;Kardinalzahlwort;;https://www.dwds.de/wb/siebzig;0.0
B1;siegen;;;Verb;;https://www.dwds.de/wb/siegen;0.0
B1;siezen;;;Verb;;https://www.dwds.de/wb/siezen;0.0
A2,BW1;singen;;du singst, ich sang, Gesang;Verb;;https://www.dwds.de/wb/singen;0.0
B1,BW1;sinken;;du sinkst, ich sank;Verb;;https://www.dwds.de/wb/sinken;0.0
B1;sinnlos;;;Adjektiv;;https://www.dwds.de/wb/sinnlos;0.0
B1;sinnvoll;;;Adjektiv;;https://www.dwds.de/wb/sinnvoll;0.0
A1,BW1;sitzen;;du sitzt, ich saß, Sitz;Verb;;https://www.dwds.de/wb/sitzen;0.0
A1,BW1;so;;;;;https://www.dwds.de/wb/so;0.0
B1;so dass;;;Konjunktion;;https://www.dwds.de/wb/so%20dass;0.0
B1;so genannt;;;Adjektiv;;https://www.dwds.de/wb/so%20genannt;0.0
B1;so viel;;;Konjunktion;;https://www.dwds.de/wb/so%20viel#1;0.0
B1;sobald;;;Konjunktion;;https://www.dwds.de/wb/sobald;0.0
B1;sodass;;;Konjunktion;;https://www.dwds.de/wb/sodass;0.0
A1;sofort;;;Adverb;;https://www.dwds.de/wb/sofort;0.0
A2,BW3;sogar;;;Adverb;;https://www.dwds.de/wb/sogar;0.0
B1;sogenannt;;;Adjektiv;;https://www.dwds.de/wb/sogenannt;0.0
B1;solange;;;Konjunktion;;https://www.dwds.de/wb/solange;0.0
B1;solch;;;Demonstrativpronomen;;https://www.dwds.de/wb/solch;0.0
BW3;solch(-);;;;;;
A1,BW1;sollen;;du sollst, ich sollte;Verb;;https://www.dwds.de/wb/sollen;0.0
B1;sonder-;;;Affix;;https://www.dwds.de/wb/sonder-;0.0
B1,BW3;sondern;;;Konjunktion;;https://www.dwds.de/wb/sondern#2;0.0
A2;sonnig;;;Adjektiv;;https://www.dwds.de/wb/sonnig;0.0
A2;sonst;;;Adverb;;https://www.dwds.de/wb/sonst;0.0
B1;sorgen;;;Verb;;https://www.dwds.de/wb/sorgen;0.0
B1;soviel;;;Konjunktion;;https://www.dwds.de/wb/soviel#1;0.0
B1;sowieso;;;Partikel;;https://www.dwds.de/wb/sowieso;0.0
B1;sowohl;;;Konjunktion;;https://www.dwds.de/wb/sowohl;0.0
B1;sozial;;;Adjektiv;;https://www.dwds.de/wb/sozial;0.0
A2;spannend;;;partizipiales Adjektiv;;https://www.dwds.de/wb/spannend;0.0
A2,BW1;sparen;;du sparst;Verb;;https://www.dwds.de/wb/sparen;0.0
B1;sparsam;;;Adjektiv;;https://www.dwds.de/wb/sparsam;0.0
A2;spazieren;;;Verb;;https://www.dwds.de/wb/spazieren;0.0
B1;spazieren gehen;;;Verb;;https://www.dwds.de/wb/spazieren%20gehen;0.0
B1;spezial-;;;Affix;;https://www.dwds.de/wb/spezial-;0.0
B1;speziell;;;Adjektiv;;https://www.dwds.de/wb/speziell;0.0
A1;spielen;;;Verb;;https://www.dwds.de/wb/spielen;0.0
B1;spitz;;;Adjektiv;;https://www.dwds.de/wb/spitz;0.0
A2,BW3;sportlich;;Sport;Adjektiv;;https://www.dwds.de/wb/sportlich;0.0
A1,BW3;sprechen;;du sprichst, ich sprach;Verb;;https://www.dwds.de/wb/sprechen;0.0
B1,BW3;springen;;du springst, ich sprang, Sprung;Verb;;https://www.dwds.de/wb/springen;0.0
BW3;spritzen;;du spritzt, ich spritzte, Spritze;;;;
A1,BW3;spät;;später;Adjektiv;;https://www.dwds.de/wb/sp%C3%A4t;0.0
A1;später;;;Adjektiv;;https://www.dwds.de/wb/sp%C3%A4ter;0.0
B1;spätestens;;;Adverb;;https://www.dwds.de/wb/sp%C3%A4testens;0.0
B1,BW1;spülen;;du spülst;Verb;;https://www.dwds.de/wb/sp%C3%BClen;0.0
B1;spüren;;;Verb;;https://www.dwds.de/wb/sp%C3%BCren;0.0
A1;st;;;Symbol;;https://www.dwds.de/wb/st#2;0.0
B1;stammen;;;Verb;;https://www.dwds.de/wb/stammen;0.0
A2,BW3;stark;;Stärke;Adjektiv;;https://www.dwds.de/wb/stark;0.0
B1;starten;;;Verb;;https://www.dwds.de/wb/starten;0.0
B1;statistisch;;;Adjektiv;;https://www.dwds.de/wb/statistisch;0.0
B1;statt;;;Präposition;;https://www.dwds.de/wb/statt#2;0.0
A2;stattfinden;;;Verb;;https://www.dwds.de/wb/stattfinden;0.0
B1;staubsaugen;;;Verb;;https://www.dwds.de/wb/staubsaugen;0.0
BW1;staunen;;du staunst;;;;
B1;stechen;;;Verb;;https://www.dwds.de/wb/stechen;0.0
B1;stecken;;;Verb;;https://www.dwds.de/wb/stecken#1;0.0
A1,BW3;stehen;;du stehst, ich stand;Verb;;https://www.dwds.de/wb/stehen;0.0
B1;stehen bleiben;;;Verb;;https://www.dwds.de/wb/stehen%20bleiben;0.0
B1;stehenbleiben;;;Verb;;https://www.dwds.de/wb/stehenbleiben;0.0
B1,BW3;stehlen;;du stiehlst, ich stahl;Verb;;https://www.dwds.de/wb/stehlen;0.0
B1;steigen;;;Verb;;https://www.dwds.de/wb/steigen;0.0
B1;steil;;;Adjektiv;;https://www.dwds.de/wb/steil;0.0
A1,BW3;stellen;;du stellst;Verb;;https://www.dwds.de/wb/stellen;0.0
A2;sterben;;;Verb;;https://www.dwds.de/wb/sterben;0.0
B1;stilistisch;;;Adjektiv;;https://www.dwds.de/wb/stilistisch;0.0
B1,BW3;still;;;Adjektiv;;https://www.dwds.de/wb/still;0.0
B1,BW3;stimmen;;es stimmt;Verb;;https://www.dwds.de/wb/stimmen;0.0
B1;stinken;;;Verb;;https://www.dwds.de/wb/stinken;0.0
B1;stolz;;;Adjektiv;;https://www.dwds.de/wb/stolz;0.0
B1;stoppen;;;Verb;;https://www.dwds.de/wb/stoppen;0.0
B1;strafbar;;;Adjektiv;;https://www.dwds.de/wb/strafbar;0.0
BW3;streicheln;;du streichelst;;;;
BW3;streichen;;du streichst, ich strich;;;;
B1;streiken;;;Verb;;https://www.dwds.de/wb/streiken;0.0
A2,BW3;streiten;;du streitest, ich stritt, Streit;Verb;;https://www.dwds.de/wb/streiten;0.0
A2,BW3;streng;;;Adjektiv;;https://www.dwds.de/wb/streng;0.0
A2;stressig;;;Adjektiv;;https://www.dwds.de/wb/stressig;0.0
A1;studieren;;;Verb;;https://www.dwds.de/wb/studieren;0.0
B1,BW3;stumm;;;Adjektiv;;https://www.dwds.de/wb/stumm;0.0
B1;städtisch;;;Adjektiv;;https://www.dwds.de/wb/st%C3%A4dtisch;0.0
B1;ständig;;;Adjektiv;;https://www.dwds.de/wb/st%C3%A4ndig;0.0
A2,BW1;stören;;du störst, Störung;Verb;;https://www.dwds.de/wb/st%C3%B6ren;0.0
B1;stürzen;;;Verb;;https://www.dwds.de/wb/st%C3%BCrzen;0.0
A1,BW1;suchen;;du suchst, Suche;Verb;;https://www.dwds.de/wb/suchen;0.0
A2;super;;;Adjektiv;;https://www.dwds.de/wb/super;0.0
A2;surfen;;;Verb;;https://www.dwds.de/wb/surfen;0.0
A2;sympathisch;;;Adjektiv;;https://www.dwds.de/wb/sympathisch;0.0
B1;sämtlich;;;Indefinitpronomen;;https://www.dwds.de/wb/s%C3%A4mtlich;0.0
B1;süchtig;;;Adjektiv;;https://www.dwds.de/wb/s%C3%BCchtig;0.0
A2,BW3;süß;;;Adjektiv;;https://www.dwds.de/wb/s%C3%BC%C3%9F;0.0
B1;tanken;;;Verb;;https://www.dwds.de/wb/tanken;0.0
A1;tanzen;;;Verb;;https://www.dwds.de/wb/tanzen;0.0
B1;tatsächlich;;;Adjektiv;;https://www.dwds.de/wb/tats%C3%A4chlich;0.0
B1;taub;;;Adjektiv;;https://www.dwds.de/wb/taub;0.0
B1;tauchen;;;Verb;;https://www.dwds.de/wb/tauchen;0.0
A2;tauschen;;;Verb;;https://www.dwds.de/wb/tauschen;0.0
A1;tausend;;;Kardinalzahlwort;;https://www.dwds.de/wb/tausend;0.0
B1;technisch;;;Adjektiv;;https://www.dwds.de/wb/technisch;0.0
A2;teilen;;;Verb;;https://www.dwds.de/wb/teilen;0.0
A2;teilnehmen;;;Verb;;https://www.dwds.de/wb/teilnehmen;0.0
B1;teilweise;;;Adverb;;https://www.dwds.de/wb/teilweise#1;0.0
A1;telefonieren;;;Verb;;https://www.dwds.de/wb/telefonieren;0.0
B1;testen;;;Verb;;https://www.dwds.de/wb/testen;0.0
A1;teuer;;;Adjektiv;;https://www.dwds.de/wb/teuer;0.0
B1;theoretisch;;;Adjektiv;;https://www.dwds.de/wb/theoretisch;0.0
A2;tief;;;Adjektiv;;https://www.dwds.de/wb/tief;0.0
B1;tippen;;;Verb;;https://www.dwds.de/wb/tippen#1;0.0
B1;tolerant;;;Adjektiv;;https://www.dwds.de/wb/tolerant;0.0
A2,BW3;toll;;;Adjektiv;;https://www.dwds.de/wb/toll;0.0
A1;tot;;;Adjektiv;;https://www.dwds.de/wb/tot;0.0
A2;total;;;Adjektiv;;https://www.dwds.de/wb/total;0.0
B1;traditionell;;;Adjektiv;;https://www.dwds.de/wb/traditionell;0.0
A2;tragen;;;Verb;;https://www.dwds.de/wb/tragen;0.0
A2;trainieren;;;Verb;;https://www.dwds.de/wb/trainieren;0.0
B1;transportieren;;;Verb;;https://www.dwds.de/wb/transportieren;0.0
A2,BW3;traurig;;Traurigkeit;Adjektiv;;https://www.dwds.de/wb/traurig;0.0
A1,BW1;treffen;;du triffst, ich traf;Verb;;https://www.dwds.de/wb/treffen;0.0
B1;treiben;;;Verb;;https://www.dwds.de/wb/treiben;0.0
B1;trennen;;;Verb;;https://www.dwds.de/wb/trennen;0.0
B1;treten;;;Verb;;https://www.dwds.de/wb/treten;0.0
B1,BW3;treu;;;Adjektiv;;https://www.dwds.de/wb/treu;0.0
A1,BW3;trinken;;du trinkst, ich trank, Getränk;Verb;;https://www.dwds.de/wb/trinken;0.0
A2,BW3;trocken;;;Adjektiv;;https://www.dwds.de/wb/trocken;0.0
B1;trocknen;;;Verb;;https://www.dwds.de/wb/trocknen;0.0
B1;trotz;;;Präposition;;https://www.dwds.de/wb/trotz;0.0
B1,BW3;trotzdem;;;Konjunktion;;https://www.dwds.de/wb/trotzdem;0.0
A2;träumen;;;Verb;;https://www.dwds.de/wb/tr%C3%A4umen;0.0
BW3;trösten;;du tröstest, Trost;;;;
A1;tschüss;;;Interjektion;;https://www.dwds.de/wb/tsch%C3%BCss;0.0
A1;tun;;;Verb;;https://www.dwds.de/wb/tun;0.0
BW1;turnen;;du turnst;;;;
B1;twittern;;;Verb;;https://www.dwds.de/wb/twittern;0.0
A2;typisch;;;Adjektiv;;https://www.dwds.de/wb/typisch;0.0
BW3;täglich;;Tag, Tage;;;;
B1;tödlich;;;Adjektiv;;https://www.dwds.de/wb/t%C3%B6dlich;0.0
A1,BW1;um;;;Präposition;;https://www.dwds.de/wb/um#1;0.0
B1;umarmen;;;Verb;;https://www.dwds.de/wb/umarmen;0.0
B1;umdrehen;;;Verb;;https://www.dwds.de/wb/umdrehen;0.0
B1;umgehen;;;Verb;;https://www.dwds.de/wb/umgehen;0.0
B1;umgekehrt;;;partizipiales Adjektiv;;https://www.dwds.de/wb/umgekehrt;0.0
B1;umso;;;Konjunktion;;https://www.dwds.de/wb/umso;0.0
B1;umsonst;;;Adverb;;https://www.dwds.de/wb/umsonst;0.0
A2;umsteigen;;;Verb;;https://www.dwds.de/wb/umsteigen;0.0
B1;umtauschen;;;Verb;;https://www.dwds.de/wb/umtauschen;0.0
A1;umziehen;;;Verb;;https://www.dwds.de/wb/umziehen;0.0
B1;un-;;;Affix;;https://www.dwds.de/wb/un-;0.0
A2;unbedingt;;;Adjektiv;;https://www.dwds.de/wb/unbedingt;0.0
A1,BW1;und;;;Konjunktion;;https://www.dwds.de/wb/und;0.0
B1;unentschieden;;;Adjektiv;;https://www.dwds.de/wb/unentschieden;0.0
B1;ungefähr;;;Adjektiv;;https://www.dwds.de/wb/ungef%C3%A4hr;0.0
B1;ungewöhnlich;;;Adjektiv;;https://www.dwds.de/wb/ungew%C3%B6hnlich;0.0
B1;unglaublich;;;Adjektiv;;https://www.dwds.de/wb/unglaublich;0.0
B1;unheimlich;;;Adjektiv;;https://www.dwds.de/wb/unheimlich;0.0
BW1;uns;;;;;;
BW3;uns(-);;;;;;
A1;unser;;;Possessivpronomen;;https://www.dwds.de/wb/unser#1;0.0
A1,BW1;unten;;;Adverb;;https://www.dwds.de/wb/unten;0.0
A1,BW3;unter;;;Präposition;;https://www.dwds.de/wb/unter#1;0.0
B1;unter-;;;Affix;;https://www.dwds.de/wb/unter-;0.0
B1;unterbrechen;;;Verb;;https://www.dwds.de/wb/unterbrechen;0.0
A2;unterhalten;;;Verb;;https://www.dwds.de/wb/unterhalten#1;0.0
B1;unterlassen;;;Verb;;https://www.dwds.de/wb/unterlassen;0.0
A2;unternehmen;;;Verb;;https://www.dwds.de/wb/unternehmen;0.0
B1;unterrichten;;;Verb;;https://www.dwds.de/wb/unterrichten;0.0
B1;untersagt;;;partizipiales Adjektiv;;https://www.dwds.de/wb/untersagt;0.0
B1;unterscheiden;;;Verb;;https://www.dwds.de/wb/unterscheiden;0.0
B1;unterschiedlich;;;Adjektiv;;https://www.dwds.de/wb/unterschiedlich;0.0
A1;unterschreiben;;;Verb;;https://www.dwds.de/wb/unterschreiben;0.0
B1;unterstreichen;;;Verb;;https://www.dwds.de/wb/unterstreichen;0.0
B1;unterstützen;;;Verb;;https://www.dwds.de/wb/unterst%C3%BCtzen;0.0
A2;untersuchen;;;Verb;;https://www.dwds.de/wb/untersuchen;0.0
A2;unterwegs;;;Adverb;;https://www.dwds.de/wb/unterwegs;0.0
B1;ursprünglich;;;Adjektiv;;https://www.dwds.de/wb/urspr%C3%BCnglich;0.0
B1;vegetarisch;;;Adjektiv;;https://www.dwds.de/wb/vegetarisch;0.0
A2;verabreden;;;Verb;;https://www.dwds.de/wb/verabreden;0.0
B1;verabschieden;;;Verb;;https://www.dwds.de/wb/verabschieden;0.0
B1;verantwortlich;;;Adjektiv;;https://www.dwds.de/wb/verantwortlich;0.0
B1;verbessern;;;Verb;;https://www.dwds.de/wb/verbessern;0.0
A2,BW3;verbieten;;du verbietest, ich verbat, Verbot;Verb;;https://www.dwds.de/wb/verbieten;0.0
B1;verbinden;;;Verb;;https://www.dwds.de/wb/verbinden;0.0
A1;verboten;;;partizipiales Adjektiv;;https://www.dwds.de/wb/verboten;0.0
B1;verbrauchen;;;Verb;;https://www.dwds.de/wb/verbrauchen;0.0
B1,BW3;verbrennen;;du verbrennst, ich verbrannte, Verbrennung;Verb;;https://www.dwds.de/wb/verbrennen;0.0
B1;verbringen;;;Verb;;https://www.dwds.de/wb/verbringen;0.0
A1;verdienen;;;Verb;;https://www.dwds.de/wb/verdienen;0.0
B1;verdächtig;;;Adjektiv;;https://www.dwds.de/wb/verd%C3%A4chtig;0.0
A2;vereinbaren;;;Verb;;https://www.dwds.de/wb/vereinbaren;0.0
B1;vergeblich;;;Adjektiv;;https://www.dwds.de/wb/vergeblich;0.0
A2;vergessen;;;Verb;;https://www.dwds.de/wb/vergessen;0.0
A2,BW3;vergleichen;;du verkaufst, Verkäufer, Verkäuferin;Verb;;https://www.dwds.de/wb/vergleichen;0.0
B1;vergnügen;;;Verb;;https://www.dwds.de/wb/vergn%C3%BCgen;0.0
B1;vergnügt;;;partizipiales Adjektiv;;https://www.dwds.de/wb/vergn%C3%BCgt;0.0
B1;vergrößern;;;Verb;;https://www.dwds.de/wb/vergr%C3%B6%C3%9Fern;0.0
B1;verhaften;;;Verb;;https://www.dwds.de/wb/verhaften;0.0
B1;verhalten;;;Verb;;https://www.dwds.de/wb/verhalten#1;0.0
A1;verheiratet;;;partizipiales Adjektiv;;https://www.dwds.de/wb/verheiratet;0.0
B1;verhindern;;;Verb;;https://www.dwds.de/wb/verhindern;0.0
A1,BW3;verkaufen;;du verkleidest, Verkleidung;Verb;;https://www.dwds.de/wb/verkaufen;0.0
BW3;verkleiden;;du verletzt, ich verletzte, Verletzung;;;;
B1;verlangen;;;Verb;;https://www.dwds.de/wb/verlangen;0.0
B1;verlassen;;;Verb;;https://www.dwds.de/wb/verlassen#1;0.0
B1;verlaufen;;;Verb;;https://www.dwds.de/wb/verlaufen;0.0
A2,BW3;verletzen;;du verlierst, ich verlor;Verb;;https://www.dwds.de/wb/verletzen;0.0
A2;verlieben;;;Verb;;https://www.dwds.de/wb/verlieben;0.0
B1;verliebt;;;partizipiales Adjektiv;;https://www.dwds.de/wb/verliebt;0.0
A2,BW3;verlieren;;du verpackst, Verpackung;Verb;;https://www.dwds.de/wb/verlieren;0.0
B1;verlängern;;;Verb;;https://www.dwds.de/wb/verl%C3%A4ngern;0.0
B1;vermeiden;;;Verb;;https://www.dwds.de/wb/vermeiden;0.0
A1;vermieten;;;Verb;;https://www.dwds.de/wb/vermieten;0.0
B1;vermissen;;;Verb;;https://www.dwds.de/wb/vermissen;0.0
B1;vermuten;;;Verb;;https://www.dwds.de/wb/vermuten;0.0
B1;vermutlich;;;Adjektiv;;https://www.dwds.de/wb/vermutlich;0.0
B1;vernünftig;;;Adjektiv;;https://www.dwds.de/wb/vern%C3%BCnftig;0.0
B1,BW3;verpacken;;du verrätst, ich verriet;Verb;;https://www.dwds.de/wb/verpacken;0.0
A2;verpassen;;;Verb;;https://www.dwds.de/wb/verpassen;0.0
B1;verpflegen;;;Verb;;https://www.dwds.de/wb/verpflegen;0.0
B1;verpflichten;;;Verb;;https://www.dwds.de/wb/verpflichten;0.0
B1,BW3;verraten;;du verschwindest,;Verb;;https://www.dwds.de/wb/verraten;0.0
A2;verreisen;;;Verb;;https://www.dwds.de/wb/verreisen;0.0
B1;verrückt;;;partizipiales Adjektiv;;https://www.dwds.de/wb/verr%C3%BCckt;0.0
A2;verschieben;;;Verb;;https://www.dwds.de/wb/verschieben;0.0
A2;verschieden;;;Adjektiv;;https://www.dwds.de/wb/verschieden;0.0
B1;verschmutzen;;;Verb;;https://www.dwds.de/wb/verschmutzen;0.0
B1;verschreiben;;;Verb;;https://www.dwds.de/wb/verschreiben;0.0
B1,BW3;verschwinden;;ich verschwand;Verb;;https://www.dwds.de/wb/verschwinden;0.0
B1;versichern;;;Verb;;https://www.dwds.de/wb/versichern;0.0
B1;versprechen;;;Verb;;https://www.dwds.de/wb/versprechen;0.0
B1,BW3;verstecken;;du versteckst, Versteck;Verb;;https://www.dwds.de/wb/verstecken;0.0
A1,BW3;verstehen;;du verstehst, ich verstand;Verb;;https://www.dwds.de/wb/verstehen#1;0.0
B1;verständlich;;;Adjektiv;;https://www.dwds.de/wb/verst%C3%A4ndlich;0.0
A2,BW3;versuchen;;du versuchst, Versuch;Verb;;https://www.dwds.de/wb/versuchen;0.0
B1;versäumen;;;Verb;;https://www.dwds.de/wb/vers%C3%A4umen;0.0
B1;verteilen;;;Verb;;https://www.dwds.de/wb/verteilen;0.0
B1,BW3;vertrauen;;du vertraust, Vertrauen;Verb;;https://www.dwds.de/wb/vertrauen;0.0
B1;vertreten;;;Verb;;https://www.dwds.de/wb/vertreten;0.0
B1;verursachen;;;Verb;;https://www.dwds.de/wb/verursachen;0.0
B1;verurteilen;;;Verb;;https://www.dwds.de/wb/verurteilen;0.0
B1;verwandt;;;Adjektiv;;https://www.dwds.de/wb/verwandt;0.0
B1;verwechseln;;;Verb;;https://www.dwds.de/wb/verwechseln;0.0
B1;verwenden;;;Verb;;https://www.dwds.de/wb/verwenden;0.0
B1;verzeihen;;;Verb;;https://www.dwds.de/wb/verzeihen;0.0
B1;verzichten;;;Verb;;https://www.dwds.de/wb/verzichten;0.0
B1;verändern;;;Verb;;https://www.dwds.de/wb/ver%C3%A4ndern;0.0
B1;veröffentlichen;;;Verb;;https://www.dwds.de/wb/ver%C3%B6ffentlichen;0.0
A1;viel;;;Adjektiv;;https://www.dwds.de/wb/viel;0.0
BW1;viel(-);;;;;;
A1,BW3;vielleicht;;;Adverb;;https://www.dwds.de/wb/vielleicht;0.0
A1,BW1;vier;;;Kardinalzahlwort;;https://www.dwds.de/wb/vier;0.0
A1;vierte;;;Ordinalzahlwort;;https://www.dwds.de/wb/vierte;0.0
A1;vierzehn;;;Kardinalzahlwort;;https://www.dwds.de/wb/vierzehn;0.0
A1;vierzig;;;Kardinalzahlwort;;https://www.dwds.de/wb/vierzig;0.0
B1;virtuell;;;Adjektiv;;https://www.dwds.de/wb/virtuell;0.0
A2,BW3;voll;;;Adjektiv;;https://www.dwds.de/wb/voll;0.0
BW1;vom;;;;;;
A1,BW1;von;;;Präposition;;https://www.dwds.de/wb/von#1;0.0
B1;voneinander;;;Adverb;;https://www.dwds.de/wb/voneinander;0.0
A1,BW1;vor;;;Präposition;;https://www.dwds.de/wb/vor#1;0.0
B1;vor allem;;;Mehrwortausdruck;;https://www.dwds.de/wb/vor%20allem;0.0
B1;voraus;;;Adverb;;https://www.dwds.de/wb/voraus;0.0
B1;voraussichtlich;;;Adjektiv;;https://www.dwds.de/wb/voraussichtlich;0.0
A2,BW3;vorbei;;;Adverb;;https://www.dwds.de/wb/vorbei;0.0
B1;vorbei-;;;Affix;;https://www.dwds.de/wb/vorbei-;0.0
A2;vorbereiten;;;Verb;;https://www.dwds.de/wb/vorbereiten;0.0
B1;vorder;;;Adjektiv;;https://www.dwds.de/wb/vorder;0.0
BW3;vorfahren;;du fährst vor, ich fuhr vor, Vorfahrt;;;;
A2;vorgestern;;;Adverb;;https://www.dwds.de/wb/vorgestern;0.0
B1;vorhaben;;;Verb;;https://www.dwds.de/wb/vorhaben;0.0
A2,BW3;vorher;;;Adverb;;https://www.dwds.de/wb/vorher;0.0
B1;vorhin;;;Adverb;;https://www.dwds.de/wb/vorhin;0.0
B1,BW3;vorkommen;;du kommst vor, ich kam vor;Verb;;https://www.dwds.de/wb/vorkommen;0.0
B1,BW3;vorlesen;;du liest vor, ich las vor;Verb;;https://www.dwds.de/wb/vorlesen;0.0
B1;vorläufig;;;Adjektiv;;https://www.dwds.de/wb/vorl%C3%A4ufig;0.0
A2;vorn;;;Adverb;;https://www.dwds.de/wb/vorn;0.0
A2,BW3;vorne;;;Adverb;;https://www.dwds.de/wb/vorne;0.0
BW3;vornehmen;;du nimmst vor, ich nahm vor;;;;
B1,BW3;vorschlagen;;du schlägst vor, ich schlug vor, Vorschlag;Verb;;https://www.dwds.de/wb/vorschlagen;0.0
BW3;vorschreiben;;du schreibst vor, ich schrieb vor;;;;
BW3;vorsichtig;;Vorsicht;;;;
A1;vorstellen;;;Verb;;https://www.dwds.de/wb/vorstellen;0.0
BW3;vortragen;;du trägst vor, ich trug vor, Vortrag;;;;
A2;vorwärts;;;Adverb;;https://www.dwds.de/wb/vorw%C3%A4rts;0.0
B1;völlig;;;Adjektiv;;https://www.dwds.de/wb/v%C3%B6llig;0.0
B1;waagerecht;;;Adjektiv;;https://www.dwds.de/wb/waagerecht;0.0
B1;waagrecht;;;Adjektiv;;https://www.dwds.de/wb/waagrecht;0.0
A2;wach;;;Adjektiv;;https://www.dwds.de/wb/wach;0.0
B1,BW1;wachsen;;du wächst, ich wuchs;Verb;;https://www.dwds.de/wb/wachsen#1;0.0
B1;wahnsinnig;;;Adjektiv;;https://www.dwds.de/wb/wahnsinnig;0.0
A2,BW3;wahr;;Wahrheit;Adjektiv;;https://www.dwds.de/wb/wahr;0.0
A2;wahrscheinlich;;;Adjektiv;;https://www.dwds.de/wb/wahrscheinlich;0.0
A1;wandern;;;Verb;;https://www.dwds.de/wb/wandern;0.0
A1,BW1;wann;;;Adverb;;https://www.dwds.de/wb/wann;0.0
A2,BW1;warm;;wärmer, Wärme;Adjektiv;;https://www.dwds.de/wb/warm;0.0
B1;warnen;;;Verb;;https://www.dwds.de/wb/warnen;0.0
A1,BW1;warten;;du wartest;Verb;;https://www.dwds.de/wb/warten#1;0.0
A1,BW1;warum;;;Adverb;;https://www.dwds.de/wb/warum;0.0
A1,BW1;was;;;Pronomen;;https://www.dwds.de/wb/was#1;0.0
A1;was für ein;;;Mehrwortausdruck;;https://www.dwds.de/wb/was%20f%C3%BCr%20ein;0.0
A1;was für eine;;;Mehrwortausdruck;;https://www.dwds.de/wb/was%20f%C3%BCr%20eine;0.0
A1;waschen;;;Verb;;https://www.dwds.de/wb/waschen;0.0
A2;wechseln;;;Verb;;https://www.dwds.de/wb/wechseln;0.0
A2;wecken;;;Verb;;https://www.dwds.de/wb/wecken;0.0
B1;weder;;;Konjunktion;;https://www.dwds.de/wb/weder;0.0
A2,BW3;weg;;;Adverb;;https://www.dwds.de/wb/weg;0.0
A1;weg sein;;;Verb;;https://www.dwds.de/wb/weg%20sein;0.0
B1;weg-;;;Affix;;https://www.dwds.de/wb/weg-;0.0
A2,BW3;wegen;;;Präposition;;https://www.dwds.de/wb/wegen;0.0
A1;weh tun;;;Verb;;https://www.dwds.de/wb/weh%20tun;0.0
A1;wehtun;;;Verb;;https://www.dwds.de/wb/wehtun;0.0
A1;weiblich;;;Adjektiv;;https://www.dwds.de/wb/weiblich;0.0
A2,BW1;weich;;;Adjektiv;;https://www.dwds.de/wb/weich;0.0
B1;weigern;;;Verb;;https://www.dwds.de/wb/weigern;0.0
A2,BW3;weil;;;Konjunktion;;https://www.dwds.de/wb/weil;0.0
A2,BW1;weinen;;du weinst;Verb;;https://www.dwds.de/wb/weinen;0.0
A1;weit;;;Adjektiv;;https://www.dwds.de/wb/weit;0.0
B1,BW1;weiter;;;Adjektiv;;https://www.dwds.de/wb/weiter;0.0
A1;weiter-;;;Affix;;https://www.dwds.de/wb/weiter-;0.0
A1,BW1;weiß;;;Adjektiv;;https://www.dwds.de/wb/wei%C3%9F;0.0
A1;welche;;;Interrogativpronomen;fem.;https://www.dwds.de/wb/welche#1;0.0
BW3;welche(-);;;;;;
A1;welcher;;;Interrogativpronomen;mask.;https://www.dwds.de/wb/welcher#1;0.0
A1;welches;;;Interrogativpronomen;neutr.;https://www.dwds.de/wb/welches#1;0.0
B1;weltenweit;;;Adjektiv;;https://www.dwds.de/wb/weltenweit;0.0
B1;weltweit;;;Adjektiv;;https://www.dwds.de/wb/weltweit;0.0
BW1;wem;;;;;;
BW1;wen;;;;;;
B1;wenden;;;Verb;;https://www.dwds.de/wb/wenden;0.0
A1;wenig;;;Adjektiv;;https://www.dwds.de/wb/wenig;0.0
BW3;wenig(-);;;;;;
A2;wenigstens;;;Adverb;;https://www.dwds.de/wb/wenigstens;0.0
A2,BW3;wenn;;;Konjunktion;;https://www.dwds.de/wb/wenn;0.0
A1,BW1;wer;;;Pronomen;;https://www.dwds.de/wb/wer;0.0
A1,BW3;werden;;du wirst, ich wurde;Verb;;https://www.dwds.de/wb/werden;0.0
B1,BW1;werfen;;du wirfst, ich warf, Wurf;Verb;;https://www.dwds.de/wb/werfen;0.0
B1;wert;;;Adjektiv;;https://www.dwds.de/wb/wert;0.0
B1;wertlos;;;Adjektiv;;https://www.dwds.de/wb/wertlos;0.0
B1;wertvoll;;;Adjektiv;;https://www.dwds.de/wb/wertvoll;0.0
B1;weshalb;;;Adverb;;https://www.dwds.de/wb/weshalb;0.0
B1;wetten;;;Verb;;https://www.dwds.de/wb/wetten;0.0
A1,BW3;wichtig;;;Adjektiv;;https://www.dwds.de/wb/wichtig;0.0
B1;widersprechen;;;Verb;;https://www.dwds.de/wb/widersprechen;0.0
A1,BW1;wie;;;Adverb;;https://www.dwds.de/wb/wie;0.0
A1;wie viel;;;Adverb;;https://www.dwds.de/wb/wie%20viel;0.0
A1,BW3;wieder;;;Adverb;;https://www.dwds.de/wb/wieder;0.0
A1;wieder holen;;;Verb;;https://www.dwds.de/wb/wieder%20holen;0.0
B1;wieder-;;;Affix;;https://www.dwds.de/wb/wieder-;0.0
A1;wiederholen;;;Verb;;https://www.dwds.de/wb/wiederholen#1;0.0
B1;wiegen;;;Verb;;https://www.dwds.de/wb/wiegen#1;0.0
B1;wieso;;;Adverb;;https://www.dwds.de/wb/wieso;0.0
B1,BW3;wild;;wilde;Adjektiv;;https://www.dwds.de/wb/wild;0.0
A1;willkommen;;;Adjektiv;;https://www.dwds.de/wb/willkommen;0.0
A2,BW3;windig;;Wind;Adjektiv;;https://www.dwds.de/wb/windig;0.0
B1,BW1;winken;;du winkst;Verb;;https://www.dwds.de/wb/winken;0.0
A1,BW1;wir;;;Personalpronomen;;https://www.dwds.de/wb/wir;0.0
B1;wirken;;;Verb;;https://www.dwds.de/wb/wirken#1;0.0
A2,BW3;wirklich;;;Adjektiv;;https://www.dwds.de/wb/wirklich;0.0
A1,BW1;wissen;;du weißt, ich wusste;Verb;;https://www.dwds.de/wb/wissen;0.0
A2;witzig;;;Adjektiv;;https://www.dwds.de/wb/witzig;0.0
A1,BW1;wo;;;Adverb;;https://www.dwds.de/wb/wo;0.0
A1;woher;;;Pronominaladverb;;https://www.dwds.de/wb/woher;0.0
A1;wohin;;;Pronominaladverb;;https://www.dwds.de/wb/wohin;0.0
B1;wohl;;;Adjektiv;;https://www.dwds.de/wb/wohl#1;0.0
A1,BW3;wohnen;;;Verb;;https://www.dwds.de/wb/wohnen;0.0
A1,BW1;wollen;;du willst, ich wollte;Verb;;https://www.dwds.de/wb/wollen#2;0.0
B1;worum;;;Pronominaladverb;;https://www.dwds.de/wb/worum;0.0
B1;worüber;;;Pronominaladverb;;https://www.dwds.de/wb/wor%C3%BCber;0.0
A1;wunderbar;;;Adjektiv;;https://www.dwds.de/wb/wunderbar;0.0
B1;wundern;;;Verb;;https://www.dwds.de/wb/wundern;0.0
B1;wunderschön;;;Adjektiv;;https://www.dwds.de/wb/wundersch%C3%B6n;0.0
A2;wurscht;;;Adjektiv;;https://www.dwds.de/wb/wurscht;0.0
A2;wurst;;;Adjektiv;;https://www.dwds.de/wb/wurst;0.0
A2;wählen;;;Verb;;https://www.dwds.de/wb/w%C3%A4hlen;0.0
B1,BW3;während;;;;;https://www.dwds.de/wb/w%C3%A4hrend;0.0
A2,BW1;wünschen;;du wünschst, Wunsch;Verb;;https://www.dwds.de/wb/w%C3%BCnschen;0.0
B1,BW3;wütend;;wütende, Wut;partizipiales Adjektiv;;https://www.dwds.de/wb/w%C3%BCtend;0.0
A1;zahlen;;;Verb;;https://www.dwds.de/wb/zahlen;0.0
B1;zahlreich;;;Adjektiv;;https://www.dwds.de/wb/zahlreich;0.0
A1;zehn;;;Kardinalzahlwort;;https://www.dwds.de/wb/zehn;0.0
A2;zeichnen;;;Verb;;https://www.dwds.de/wb/zeichnen;0.0
A2,BW1;zeigen;;du zeigst;Verb;;https://www.dwds.de/wb/zeigen;0.0
B1;zelten;;;Verb;;https://www.dwds.de/wb/zelten;0.0
B1;zentral;;;Adjektiv;;https://www.dwds.de/wb/zentral;0.0
B1;zerstören;;;Verb;;https://www.dwds.de/wb/zerst%C3%B6ren;0.0
A2;ziehen;;;Verb;;https://www.dwds.de/wb/ziehen;0.0
B1;ziemlich;;;Adjektiv;;https://www.dwds.de/wb/ziemlich;0.0
A1;zirka;;;Adverb;;https://www.dwds.de/wb/zirka;0.0
A1,BW1;zu;;;Präposition;;https://www.dwds.de/wb/zu#1;0.0
A1;zu sein;;;Verb;;https://www.dwds.de/wb/zu%20sein;0.0
B1;zubereiten;;;Verb;;https://www.dwds.de/wb/zubereiten;0.0
A2;zuerst;;;Adverb;;https://www.dwds.de/wb/zuerst;0.0
A1;zufrieden;;;Adjektiv;;https://www.dwds.de/wb/zufrieden;0.0
B1;zufällig;;;Adjektiv;;https://www.dwds.de/wb/zuf%C3%A4llig;0.0
B1;zugehen;;;Verb;;https://www.dwds.de/wb/zugehen;0.0
B1;zugänglich;;;Adjektiv;;https://www.dwds.de/wb/zug%C3%A4nglich;0.0
A2;zuhören;;;Verb;;https://www.dwds.de/wb/zuh%C3%B6ren;0.0
B1;zukünftig;;;Adjektiv;;https://www.dwds.de/wb/zuk%C3%BCnftig;0.0
A2;zuletzt;;;Adverb;;https://www.dwds.de/wb/zuletzt;0.0
BW1;zum;;;;;;
A2;zum Beispiel;;;Mehrwortausdruck;;https://www.dwds.de/wb/zum%20Beispiel;0.0
A2;zumachen;;;Verb;;https://www.dwds.de/wb/zumachen;0.0
B1;zumindest;;;Adverb;;https://www.dwds.de/wb/zumindest;0.0
B1;zunehmen;;;Verb;;https://www.dwds.de/wb/zunehmen;0.0
B1;zunächst;;;;;https://www.dwds.de/wb/zun%C3%A4chst;0.0
BW1;zur;;;;;;
B1;zurechtkommen;;;Verb;;https://www.dwds.de/wb/zurechtkommen;0.0
A1;zurzeit;;;Adverb;;https://www.dwds.de/wb/zurzeit;0.0
A1;zurück;;;Adverb;;https://www.dwds.de/wb/zur%C3%BCck;0.0
A2;zurück-;;;Affix;;https://www.dwds.de/wb/zur%C3%BCck-;0.0
A2;zurückfahren;;;Verb;;https://www.dwds.de/wb/zur%C3%BCckfahren;0.0
A2;zurückgeben;;;Verb;;https://www.dwds.de/wb/zur%C3%BCckgeben;0.0
A2;zurückgehen;;;Verb;;https://www.dwds.de/wb/zur%C3%BCckgehen;0.0
A2;zurückkommen;;;Verb;;https://www.dwds.de/wb/zur%C3%BCckkommen;0.0
A2;zurücklaufen;;;Verb;;https://www.dwds.de/wb/zur%C3%BCcklaufen;0.0
B1;zusagen;;;Verb;;https://www.dwds.de/wb/zusagen;0.0
A1;zusammen;;;Adverb;;https://www.dwds.de/wb/zusammen;0.0
B1;zusammen-;;;Affix;;https://www.dwds.de/wb/zusammen-;0.0
B1;zusammenfassen;;;Verb;;https://www.dwds.de/wb/zusammenfassen;0.0
B1;zuschauen;;;Verb;;https://www.dwds.de/wb/zuschauen;0.0
B1;zustimmen;;;Verb;;https://www.dwds.de/wb/zustimmen;0.0
B1;zuständig;;;Adjektiv;;https://www.dwds.de/wb/zust%C3%A4ndig;0.0
B1;zusätzlich;;;Adjektiv;;https://www.dwds.de/wb/zus%C3%A4tzlich;0.0
B1;zuverlässig;;;Adjektiv;;https://www.dwds.de/wb/zuverl%C3%A4ssig;0.0
A1;zwanzig;;;Kardinalzahlwort;;https://www.dwds.de/wb/zwanzig;0.0
B1;zwar;;;Konjunktion;;https://www.dwds.de/wb/zwar;0.0
A1;zwei;;;Kardinalzahlwort;;https://www.dwds.de/wb/zwei;0.0
B1;zweifeln;;;Verb;;https://www.dwds.de/wb/zweifeln;0.0
A1;zweihundert;;;Kardinalzahlwort;;https://www.dwds.de/wb/zweihundert;0.0
A1;zweite;;;Ordinalzahlwort;;https://www.dwds.de/wb/zweite;0.0
B1;zwingen;;;Verb;;https://www.dwds.de/wb/zwingen;0.0
A1;zwischen;;;Präposition;;https://www.dwds.de/wb/zwischen;0.0
A1;zwölf;;;Kardinalzahlwort;;https://www.dwds.de/wb/zw%C3%B6lf;0.0
B1;zählen;;;Verb;;https://www.dwds.de/wb/z%C3%A4hlen;0.0
B1;Änderung;die;;Substantiv;fem.;https://www.dwds.de/wb/%C3%84nderung;0.0
B1;Ärger;der;;Substantiv;mask.;https://www.dwds.de/wb/%C3%84rger;0.0
B1;Ärztin;die;;Substantiv;fem.;https://www.dwds.de/wb/%C3%84rztin;0.0
B1;Öffentlichkeit;die;;Substantiv;fem.;https://www.dwds.de/wb/%C3%96ffentlichkeit;0.0
A1,BW1;Öl;das;ölig;Substantiv;neutr.;https://www.dwds.de/wb/%C3%96l;0.0
B1;Übernachtung;die;;Substantiv;fem.;https://www.dwds.de/wb/%C3%9Cbernachtung;0.0
B1;Überraschung;die;;Substantiv;fem.;https://www.dwds.de/wb/%C3%9Cberraschung;0.0
B1;Überschrift;die;;Substantiv;fem.;https://www.dwds.de/wb/%C3%9Cberschrift;0.0
B1;Übersetzer;der;;Substantiv;mask.;https://www.dwds.de/wb/%C3%9Cbersetzer;0.0
B1;Übersetzerin;die;;Substantiv;fem.;https://www.dwds.de/wb/%C3%9Cbersetzerin;0.0
A2;Übersetzung;die;;Substantiv;fem.;https://www.dwds.de/wb/%C3%9Cbersetzung;0.0
B1;Überstunde;die;;Substantiv;fem.;https://www.dwds.de/wb/%C3%9Cberstunde;0.0
B1;Überweisung;die;;Substantiv;fem.;https://www.dwds.de/wb/%C3%9Cberweisung;0.0
B1;Überzeugung;die;;Substantiv;fem.;https://www.dwds.de/wb/%C3%9Cberzeugung;0.0
B1,BW3;Übung;die;üben, du übst;Substantiv;fem.;https://www.dwds.de/wb/%C3%9Cbung;0.0
B1;ähnlich;;;Adjektiv;;https://www.dwds.de/wb/%C3%A4hnlich;0.0
A2,BW3;ändern;;du änderst;Verb;;https://www.dwds.de/wb/%C3%A4ndern;0.0
B1;ängstlich;;;Adjektiv;;https://www.dwds.de/wb/%C3%A4ngstlich;0.0
B1;ärgerlich;;;Adjektiv;;https://www.dwds.de/wb/%C3%A4rgerlich;0.0
A2,BW3;ärgern;;du ärgerst;Verb;;https://www.dwds.de/wb/%C3%A4rgern;0.0
B1;äußerlich;;;Adjektiv;;https://www.dwds.de/wb/%C3%A4u%C3%9Ferlich;0.0
B1;öffentlich;;;Adjektiv;;https://www.dwds.de/wb/%C3%B6ffentlich;0.0
A1,BW3;öffnen;;du öffnest, Öffnung;Verb;;https://www.dwds.de/wb/%C3%B6ffnen;0.0
B1;öfter;;;Komparativ;;https://www.dwds.de/wb/%C3%B6fter;0.0
B1;öko-;;;Affix;;https://www.dwds.de/wb/%C3%B6ko-;0.0
B1;ökologisch;;;Adjektiv;;https://www.dwds.de/wb/%C3%B6kologisch;0.0
A2,BW1;üben;;du übst, Übung;Verb;;https://www.dwds.de/wb/%C3%BCben;0.0
A1,BW3;über;;;Präposition;;https://www.dwds.de/wb/%C3%BCber#1;0.0
B1;über-;;;Affix;;https://www.dwds.de/wb/%C3%BCber-;0.0
A2,BW3;überall;;;Adverb;;https://www.dwds.de/wb/%C3%BCberall;0.0
B1;überfahren;;;Verb;;https://www.dwds.de/wb/%C3%BCberfahren;0.0
B1;überhaupt;;;Adverb;;https://www.dwds.de/wb/%C3%BCberhaupt;0.0
B1;überholen;;;Verb;;https://www.dwds.de/wb/%C3%BCberholen;0.0
B1;überlegen;;;Verb;;https://www.dwds.de/wb/%C3%BCberlegen#1;0.0
A2;übermorgen;;;Adverb;;https://www.dwds.de/wb/%C3%BCbermorgen;0.0
A1;übernachten;;;Verb;;https://www.dwds.de/wb/%C3%BCbernachten;0.0
B1;übernehmen;;;Verb;;https://www.dwds.de/wb/%C3%BCbernehmen;0.0
B1;überprüfen;;;Verb;;https://www.dwds.de/wb/%C3%BCberpr%C3%BCfen;0.0
B1;überqueren;;;Verb;;https://www.dwds.de/wb/%C3%BCberqueren;0.0
B1;überraschen;;;Verb;;https://www.dwds.de/wb/%C3%BCberraschen;0.0
B1;überreden;;;Verb;;https://www.dwds.de/wb/%C3%BCberreden;0.0
A2;übersetzen;;;Verb;;https://www.dwds.de/wb/%C3%BCbersetzen;0.0
B1;übertreiben;;;Verb;;https://www.dwds.de/wb/%C3%BCbertreiben;0.0
A1;überweisen;;;Verb;;https://www.dwds.de/wb/%C3%BCberweisen;0.0
B1;überzeugen;;;Verb;;https://www.dwds.de/wb/%C3%BCberzeugen;0.0
B1;üblich;;;Adjektiv;;https://www.dwds.de/wb/%C3%BCblich;0.0
B1;übrig;;;Adjektiv;;https://www.dwds.de/wb/%C3%BCbrig;0.0
B1;übrigens;;;Adverb;;https://www.dwds.de/wb/%C3%BCbrigens;0.0
A1;’s;;;Personalpronomen;neutr.;https://www.dwds.de/wb/%E2%80%99s;0.0
