Source;Word;Lemma_spacy;Article;Forms;Wortart;Genus;URL;nur_im_Plural;Case_spacy;Number_spacy;Degree_spacy;PronType_spacy;VerbForm_spacy
A1;%;%;;;Symbol;neut.;https://www.dwds.de/wb/%25;0.0;Nom;Sing;;;
A1;&;&;;;Symbol;;https://www.dwds.de/wb/%26;0.0;;;;;
BW3;(ein) bisschen;--;;;Satzzeichen;;;;;;;;
BW3;(ein) paar;--;;;Satzzeichen;;;;;;;;
BW3;(sich) freuen;--;;du freust dich, Freude;Satzzeichen;;;;;;;;
B1;-weis;-weis;;;Affix;;https://www.dwds.de/wb/-weis;0.0;;;;;
B1;-weise;-weise;;;Affix;;https://www.dwds.de/wb/-weise;0.0;Nom;Plur;;;
B1;Abbildung;Abbildung;die;;Substantiv;fem.;https://www.dwds.de/wb/Abbildung;0.0;Nom;Sing;;;
A1,BW3;Abend;Abend;der;die Abende, abends;Substantiv;mask.;https://www.dwds.de/wb/Abend;0.0;Nom;Sing;;;
BW3;Abendessen;Abendessen;das;;Substantiv;neut.;;;Nom;Sing;;;
B1;Abenteuer;Abenteuer;das;;Substantiv;neut.;https://www.dwds.de/wb/Abenteuer;0.0;Nom;Sing;;;
A1;Abfahrt;Abfahrt;die;;Substantiv;fem.;https://www.dwds.de/wb/Abfahrt;0.0;Nom;Sing;;;
B1;Abfall;Abfall;der;;Substantiv;mask.;https://www.dwds.de/wb/Abfall;0.0;Nom;Sing;;;
B1;Abfalleimer;Abfalleimer;der;;Substantiv;mask.;https://www.dwds.de/wb/Abfalleimer;0.0;Nom;Plur;;;
A1;Abflug;Abflug;der;;Substantiv;mask.;https://www.dwds.de/wb/Abflug;0.0;Nom;Sing;;;
B1;Abgas;Abgas;das;;Substantiv;neut.;https://www.dwds.de/wb/Abgas;0.0;Nom;Sing;;;
B1;Abitur;Abitur;das;;Substantiv;neut.;https://www.dwds.de/wb/Abitur;0.0;Nom;Sing;;;
B1;Abonnement;Abonnement;das;;Substantiv;neut.;https://www.dwds.de/wb/Abonnement;0.0;Nom;Sing;;;
B1;Abschied;Abschied;der;;Substantiv;mask.;https://www.dwds.de/wb/Abschied;0.0;Nom;Sing;;;
B1;Abschluss;Abschluss;der;;Substantiv;mask.;https://www.dwds.de/wb/Abschluss;0.0;Nom;Sing;;;
B1;Abschnitt;Abschnitt;der;;Substantiv;mask.;https://www.dwds.de/wb/Abschnitt;0.0;Nom;Sing;;;
A1;Absender;Absender;der;;Substantiv;mask.;https://www.dwds.de/wb/Absender;0.0;Nom;Plur;;;
B1;Absenderin;Absenderin;die;;Substantiv;fem.;https://www.dwds.de/wb/Absenderin;0.0;Nom;Sing;;;
B1;Abt;Abt;der;;Substantiv;mask.;https://www.dwds.de/wb/Abt;0.0;Nom;Sing;;;
B1;Abteilung;Abteilung;die;;Substantiv;fem.;https://www.dwds.de/wb/Abteilung;0.0;Nom;Sing;;;
B1;Abwart;Abwart;der;;Substantiv;;https://www.dwds.de/wb/Abwart;0.0;;;;;
B1;Abwartin;Abwartin;die;;Substantiv;fem.;https://www.dwds.de/wb/Abwartin;0.0;Nom;Sing;;;
A1;Achtung;Achtung;die;;Substantiv;fem.;https://www.dwds.de/wb/Achtung;0.0;Nom;Sing;;;
A1;Adresse;Adresse;die;;Substantiv;fem.;https://www.dwds.de/wb/Adresse;0.0;Nom;Sing;;;
BW3;Advent;Advent;der;;Substantiv;mask.;;;Nom;Sing;;;
A2;Ahnung;Ahnung;die;;Substantiv;fem.;https://www.dwds.de/wb/Ahnung;0.0;Nom;Sing;;;
B1;Aktion;Aktion;die;;Substantiv;fem.;https://www.dwds.de/wb/Aktion;0.0;Nom;Sing;;;
B1;Aktivität;Aktivität;die;;Substantiv;fem.;https://www.dwds.de/wb/Aktivit%C3%A4t;0.0;Nom;Sing;;;
B1;Alarm;Alarm;der;;Substantiv;mask.;https://www.dwds.de/wb/Alarm;0.0;Nom;Sing;;;
B1;Alkohol;Alkohol;der;;Substantiv;mask.;https://www.dwds.de/wb/Alkohol;0.0;Nom;Sing;;;
B1;Alltag;Alltag;der;;Substantiv;mask.;https://www.dwds.de/wb/Alltag;0.0;Nom;Sing;;;
B1;Alphabet;Alphabet;das;;Substantiv;neut.;https://www.dwds.de/wb/Alphabet;0.0;Nom;Sing;;;
B1;Altenheim;Altenheim;das;;Substantiv;neut.;https://www.dwds.de/wb/Altenheim;0.0;Nom;Sing;;;
A1;Alter;Alter;das;;Substantiv;neut.;https://www.dwds.de/wb/Alter;0.0;Nom;Sing;;;
B1;Alternative;Alternative;die;;Substantiv;fem.;https://www.dwds.de/wb/Alternative#1;0.0;Nom;Sing;;;
B1;Altersheim;altersheim;das;;Substantiv;neut.;https://www.dwds.de/wb/Altersheim;0.0;Nom;Sing;;;
BW1;Ameise;ameise;die;;Substantiv;fem.;;;Nom;Sing;;;
A2,BW1;Ampel;Ampel;die;;Substantiv;fem.;https://www.dwds.de/wb/Ampel;0.0;Nom;Sing;;;
BW1;Amsel;Amsel;die;;Substantiv;fem.;;;Nom;Sing;;;
B1;Amt;Amt;das;;Substantiv;neut.;https://www.dwds.de/wb/Amt;0.0;Nom;Sing;;;
B1;Anbieter;Anbieter;der;;Substantiv;mask.;https://www.dwds.de/wb/Anbieter;0.0;Nom;Plur;;;
A1,BW1;Anfang;Anfang;der;Anfänge;Substantiv;mask.;https://www.dwds.de/wb/Anfang;0.0;;Sing;;;
B1;Angabe;Angabe;die;;Substantiv;fem.;https://www.dwds.de/wb/Angabe;0.0;Nom;Sing;;;
A1;Angebot;Angebot;das;;Substantiv;neut.;https://www.dwds.de/wb/Angebot;0.0;Nom;Sing;;;
B1;Angehörige;angehörige;;;Substantiv;fem., mask.;https://www.dwds.de/wb/Angeh%C3%B6rige;0.0;Nom;Plur;;;
B1;Angestellte;angestellter;;;Substantiv;mask., fem.;https://www.dwds.de/wb/Angestellte;0.0;Nom;Plur;;;
A2;Angst;Angst;die;;Substantiv;fem.;https://www.dwds.de/wb/Angst;0.0;Nom;Sing;;;
A1;Ankunft;Ankunft;die;;Substantiv;fem.;https://www.dwds.de/wb/Ankunft;0.0;Nom;Sing;;;
B1;Anlage;Anlage;die;;Substantiv;fem.;https://www.dwds.de/wb/Anlage;0.0;Nom;Sing;;;
B1;Anleitung;Anleitung;die;;Substantiv;fem.;https://www.dwds.de/wb/Anleitung;0.0;Nom;Sing;;;
A1;Anmeldung;Anmeldung;die;;Substantiv;fem.;https://www.dwds.de/wb/Anmeldung;0.0;Nom;Sing;;;
B1;Annonce;Annonce;die;;Substantiv;fem.;https://www.dwds.de/wb/Annonce;0.0;Nom;Sing;;;
A1;Anrede;Anrede;die;;Substantiv;fem.;https://www.dwds.de/wb/Anrede;0.0;Nom;Sing;;;
A1;Anruf;Anruf;der;;Substantiv;mask.;https://www.dwds.de/wb/Anruf;0.0;Nom;Sing;;;
A1;Anrufbeantworter;Anrufbeantworter;der;;Substantiv;mask.;https://www.dwds.de/wb/Anrufbeantworter;0.0;Nom;Plur;;;
A1;Ansage;Ansage;die;;Substantiv;fem.;https://www.dwds.de/wb/Ansage;0.0;Nom;Sing;;;
A1;Anschluss;Anschluss;der;;Substantiv;mask.;https://www.dwds.de/wb/Anschluss;0.0;Nom;Sing;;;
B1;Anspruch;Anspruch;der;;Substantiv;mask.;https://www.dwds.de/wb/Anspruch;0.0;Nom;Sing;;;
B1;Antrag;Antrag;der;;Substantiv;mask.;https://www.dwds.de/wb/Antrag;0.0;Nom;Sing;;;
A1;Antwort;Antwort;die;;Substantiv;fem.;https://www.dwds.de/wb/Antwort;0.0;Nom;Sing;;;
B1;Anwalt;Anwalt;der;;Substantiv;mask.;https://www.dwds.de/wb/Anwalt;0.0;Nom;Sing;;;
B1;Anwältin;Anwältin;die;;Substantiv;fem.;https://www.dwds.de/wb/Anw%C3%A4ltin;0.0;Nom;Sing;;;
B1;Anzahl;Anzahl;die;;Substantiv;fem.;https://www.dwds.de/wb/Anzahl;0.0;Nom;Sing;;;
A1;Anzeige;Anzeige;die;;Substantiv;fem.;https://www.dwds.de/wb/Anzeige;0.0;Nom;Sing;;;
A2;Anzug;Anzug;der;;Substantiv;mask.;https://www.dwds.de/wb/Anzug;0.0;Nom;Sing;;;
A1;Apartment;Apartment;das;;Substantiv;neut.;https://www.dwds.de/wb/Apartment;0.0;Nom;Sing;;;
A1,BW1;Apfel;Apfel;der;Äpfel;Substantiv;mask.;https://www.dwds.de/wb/Apfel;0.0;Nom;Sing;;;
A2;Apotheke;Apotheke;die;;Substantiv;fem.;https://www.dwds.de/wb/Apotheke;0.0;Nom;Sing;;;
A2;Apparat;Apparat;der;;Substantiv;mask.;https://www.dwds.de/wb/Apparat;0.0;Nom;Sing;;;
A1;Appartement;Appartement;das;;Substantiv;neut.;https://www.dwds.de/wb/Appartement;0.0;Nom;Sing;;;
A1;Appetit;Appetit;der;;Substantiv;mask.;https://www.dwds.de/wb/Appetit;0.0;Nom;Sing;;;
B1;Aprikose;Aprikose;die;;Substantiv;fem.;https://www.dwds.de/wb/Aprikose;0.0;Nom;Sing;;;
A1,BW1;April;April;der;;Substantiv;mask.;https://www.dwds.de/wb/April;0.0;Nom;Sing;;;
BW3;Aquarium;Aquarium;das;Aquarien;Substantiv;neut.;;;Nom;Sing;;;
A1;Arbeit;Arbeit;die;;Substantiv;fem.;https://www.dwds.de/wb/Arbeit;0.0;Nom;Sing;;;
B1;Arbeiter;Arbeiter;der;;Substantiv;mask.;https://www.dwds.de/wb/Arbeiter;0.0;Nom;Plur;;;
B1;Arbeiterin;Arbeiterin;die;;Substantiv;fem.;https://www.dwds.de/wb/Arbeiterin;0.0;Nom;Sing;;;
B1;Arbeitserlaubnis;Arbeitserlaubnis;die;;Substantiv;fem.;https://www.dwds.de/wb/Arbeitserlaubnis;0.0;Nom;Sing;;;
B1;Arbeitslosigkeit;Arbeitslosigkeit;die;;Substantiv;fem.;https://www.dwds.de/wb/Arbeitslosigkeit;0.0;Nom;Sing;;;
A1;Arbeitsplatz;Arbeitsplatz;der;;Substantiv;mask.;https://www.dwds.de/wb/Arbeitsplatz;0.0;Nom;Sing;;;
B1;Arbeitsstelle;Arbeitsstelle;die;;Substantiv;fem.;https://www.dwds.de/wb/Arbeitsstelle;0.0;Nom;Sing;;;
B1;Architekt;Architekt;der;;Substantiv;mask.;https://www.dwds.de/wb/Architekt;0.0;Nom;Sing;;;
B1;Architektin;Architektin;die;;Substantiv;fem.;https://www.dwds.de/wb/Architektin;0.0;Nom;Sing;;;
A1,BW1;Arm;Arm;der;;Substantiv;mask.;https://www.dwds.de/wb/Arm;0.0;Nom;Sing;;;
B1;Art;Art;die;;Substantiv;fem.;https://www.dwds.de/wb/Art;0.0;Nom;Sing;;;
A2;Artikel;Artikel;der;;Substantiv;mask.;https://www.dwds.de/wb/Artikel;0.0;Nom;Plur;;;
A1,BW3;Arzt;Arzt;der;Ärzte, Ärztin;Substantiv;mask.;https://www.dwds.de/wb/Arzt;0.0;Nom;Sing;;;
BW1;Ast;Ast;der;Äste;Substantiv;mask.;;;Nom;Sing;;;
B1;Asyl;Asyl;das;;Substantiv;neut.;https://www.dwds.de/wb/Asyl;0.0;Nom;Sing;;;
B1;Atem;Atem;der;;Substantiv;mask.;https://www.dwds.de/wb/Atem;0.0;Nom;Sing;;;
B1;Au;Au;;;Symbol;fem.;https://www.dwds.de/wb/Au#3;0.0;Nom;Sing;;;
B1;Aufenthalt;Aufenthalt;der;;Substantiv;mask.;https://www.dwds.de/wb/Aufenthalt;0.0;Nom;Sing;;;
B1;Aufforderung;Aufforderung;die;;Substantiv;fem.;https://www.dwds.de/wb/Aufforderung;0.0;Nom;Sing;;;
A1,BW1;Aufgabe;Aufgabe;die;;Substantiv;fem.;https://www.dwds.de/wb/Aufgabe;0.0;Nom;Sing;;;
B1;Aufnahme;Aufnahme;die;;Substantiv;fem.;https://www.dwds.de/wb/Aufnahme;0.0;Nom;Sing;;;
B1;Auftrag;Auftrag;der;;Substantiv;mask.;https://www.dwds.de/wb/Auftrag;0.0;Nom;Sing;;;
B1;Auftritt;Auftritt;der;;Substantiv;mask.;https://www.dwds.de/wb/Auftritt;0.0;Nom;Sing;;;
A1;Aufzug;Aufzug;der;;Substantiv;mask.;https://www.dwds.de/wb/Aufzug;0.0;Nom;Sing;;;
A1;Auge;Auge;das;;Substantiv;neut.;https://www.dwds.de/wb/Auge;0.0;Nom;Sing;;;
B1;Augenblick;Augenblick;der;;Substantiv;mask.;https://www.dwds.de/wb/Augenblick;0.0;Acc;Sing;;;
A1,BW1;August;August;der;;Substantiv;mask.;https://www.dwds.de/wb/August#1;0.0;Nom;Sing;;;
A2;Ausbildung;Ausbildung;die;;Substantiv;fem.;https://www.dwds.de/wb/Ausbildung;0.0;Nom;Sing;;;
B1;Ausdruck;Ausdruck;der;;Substantiv;mask.;https://www.dwds.de/wb/Ausdruck#1;0.0;Nom;Sing;;;
B1;Ausfahrt;Ausfahrt;die;;Substantiv;;https://www.dwds.de/wb/Ausfahrt;0.0;;Sing;;;Fin
A1;Ausflug;Ausflug;der;;Substantiv;mask.;https://www.dwds.de/wb/Ausflug;0.0;Nom;Sing;;;
B1;Ausgabe;Ausgabe;die;;Substantiv;fem.;https://www.dwds.de/wb/Ausgabe;0.0;Nom;Sing;;;
A1;Ausgang;Ausgang;der;;Substantiv;mask.;https://www.dwds.de/wb/Ausgang;0.0;Nom;Sing;;;
B1;Aushilfe;Aushilfe;die;;Substantiv;fem.;https://www.dwds.de/wb/Aushilfe;0.0;Nom;Sing;;;
A1;Auskunft;Auskunft;die;;Substantiv;fem.;https://www.dwds.de/wb/Auskunft;0.0;Nom;Sing;;;
A1;Ausland;Ausland;das;;Substantiv;neut.;https://www.dwds.de/wb/Ausland;0.0;Nom;Sing;;;
A1;Ausländer;Ausländer;der;;Substantiv;mask.;https://www.dwds.de/wb/Ausl%C3%A4nder;0.0;Nom;Plur;;;
B1;Ausnahme;Ausnahme;die;;Substantiv;fem.;https://www.dwds.de/wb/Ausnahme;0.0;Nom;Sing;;;
A1;Aussage;Aussage;die;;Substantiv;fem.;https://www.dwds.de/wb/Aussage;0.0;Nom;Sing;;;
B1;Aussprache;Aussprache;die;;Substantiv;fem.;https://www.dwds.de/wb/Aussprache;0.0;Nom;Sing;;;
A2;Ausstellung;Ausstellung;die;;Substantiv;fem.;https://www.dwds.de/wb/Ausstellung;0.0;Nom;Sing;;;
B1;Auswahl;Auswahl;die;;Substantiv;fem.;https://www.dwds.de/wb/Auswahl;0.0;Nom;Sing;;;
A1;Ausweis;Ausweis;der;;Substantiv;mask.;https://www.dwds.de/wb/Ausweis;0.0;Nom;Sing;;;
A1;Auto;Auto;das;;Substantiv;neut.;https://www.dwds.de/wb/Auto;0.0;Nom;Sing;;;
A1;Autobahn;Autobahn;die;;Substantiv;fem.;https://www.dwds.de/wb/Autobahn;0.0;Nom;Sing;;;
A1;Automat;Automat;der;;Substantiv;mask.;https://www.dwds.de/wb/Automat;0.0;Nom;Sing;;;
B1;Autor;Autor;der;;Substantiv;mask.;https://www.dwds.de/wb/Autor;0.0;Nom;Sing;;;
B1;Autorin;Autorin;die;;Substantiv;fem.;https://www.dwds.de/wb/Autorin;0.0;Nom;Sing;;;
BW3;Axt;Axt;die;Äxte;Substantiv;fem.;;;Nom;Sing;;;
A1,BW1;Baby;Baby;das;Babys;Substantiv;;https://www.dwds.de/wb/Baby;0.0;;;;;
A2;Babysitter;Babysitter;der;;Substantiv;mask.;https://www.dwds.de/wb/Babysitter;0.0;Nom;Sing;;;
BW1;Bach;Bach;der;Bäche;Substantiv;mask.;;;Nom;Sing;;;
B1;Backofen;Backofe;der;;Substantiv;mask.;https://www.dwds.de/wb/Backofen;0.0;Nom;Plur;;;
B1;Backrohr;Backrohr;das;;Substantiv;neut.;https://www.dwds.de/wb/Backrohr;0.0;Nom;Sing;;;
A1,BW3;Bad;Bad;das;Bäder;Substantiv;neut.;https://www.dwds.de/wb/Bad;0.0;Nom;Sing;;;
B1;Badewanne;Badewanne;die;;Substantiv;fem.;https://www.dwds.de/wb/Badewanne;0.0;Nom;Sing;;;
A1;Bahn;Bahn;die;;Substantiv;fem.;https://www.dwds.de/wb/Bahn;0.0;Nom;Sing;;;
A1;Bahnhof;Bahnhof;der;;Substantiv;mask.;https://www.dwds.de/wb/Bahnhof;0.0;Nom;Sing;;;
A1;Bahnsteig;Bahnsteig;der;;Substantiv;mask.;https://www.dwds.de/wb/Bahnsteig;0.0;Nom;Sing;;;
A1;Balkon;Balkon;der;;Substantiv;mask.;https://www.dwds.de/wb/Balkon;0.0;Nom;Sing;;;
A2,BW3;Ball;Ball;der;Bälle;Substantiv;mask.;https://www.dwds.de/wb/Ball#1;0.0;Nom;Sing;;;
B1;Ballett;Ballett;das;;Substantiv;neut.;https://www.dwds.de/wb/Ballett;0.0;Nom;Sing;;;
A1;Banane;Banane;die;;Substantiv;fem.;https://www.dwds.de/wb/Banane;0.0;Nom;Sing;;;
B1;Bancomat;Bancomat;der;;Substantiv;mask.;https://www.dwds.de/wb/Bancomat;0.0;;;;;
B1;Bancomatkarte;bancomatkarte;die;;Substantiv;fem.;https://www.dwds.de/wb/Bancomatkarte;0.0;Nom;Sing;;;
A2,BW3;Band;Band;die;Bänder;Substantiv;fem.;https://www.dwds.de/wb/Band#3;0.0;Nom;Sing;;;
A1,BW1;Bank;Bank;die;Bänke;Substantiv;fem.;https://www.dwds.de/wb/Bank#1;0.0;Nom;Sing;;;
B1;Bankleitzahl;Bankleitzahl;die;;Substantiv;fem.;https://www.dwds.de/wb/Bankleitzahl;0.0;Nom;Sing;;;
B1;Bankomat;Bankomat;der;;Substantiv;mask.;https://www.dwds.de/wb/Bankomat;0.0;Nom;Sing;;;
B1;Bankomatkarte;bankomatkarte;die;;Substantiv;fem.;https://www.dwds.de/wb/Bankomatkarte;0.0;Nom;Plur;;;
B1;Bar;Bar;die;;Substantiv;;https://www.dwds.de/wb/Bar#1;0.0;;;;;
B1;Bargeld;Bargeld;das;;Substantiv;neut.;https://www.dwds.de/wb/Bargeld;0.0;Nom;Sing;;;
B1;Bart;Bart;der;;Substantiv;mask.;https://www.dwds.de/wb/Bart;0.0;Nom;Sing;;;
A2;Basketball;Basketball;der;;Substantiv;mask.;https://www.dwds.de/wb/Basketball;0.0;Nom;Sing;;;
B1;Batterie;Batterie;die;;Substantiv;fem.;https://www.dwds.de/wb/Batterie#1;0.0;Nom;Sing;;;
B1;Bau;Bau;der;;Substantiv;mask.;https://www.dwds.de/wb/Bau;0.0;Nom;Sing;;;
A1;Bauch;Bauch;der;;Substantiv;mask.;https://www.dwds.de/wb/Bauch;0.0;Nom;Sing;;;
B1;Bauer;Bauer;der;;Substantiv;mask.;https://www.dwds.de/wb/Bauer#1;0.0;Nom;Sing;;;
B1;Bauernhof;Bauernhof;der;;Substantiv;mask.;https://www.dwds.de/wb/Bauernhof;0.0;Nom;Sing;;;
A1,BW1;Baum;Baum;der;Bäume;Substantiv;mask.;https://www.dwds.de/wb/Baum;0.0;Acc;Sing;;;
A2;Baustelle;Baustelle;die;;Substantiv;fem.;https://www.dwds.de/wb/Baustelle;0.0;Nom;Sing;;;
A1;Beamte;Beamter;;;Substantiv;mask.;https://www.dwds.de/wb/Beamte;0.0;Nom;Plur;;;
B1;Beamtin;Beamtin;die;;Substantiv;fem.;https://www.dwds.de/wb/Beamtin;0.0;Nom;Sing;;;
B1;Bedarf;Bedarf;der;;Substantiv;mask.;https://www.dwds.de/wb/Bedarf;0.0;Nom;Sing;;;
B1;Bedeutung;Bedeutung;die;;Substantiv;fem.;https://www.dwds.de/wb/Bedeutung;0.0;Nom;Sing;;;
B1;Bedienungsanleitung;Bedienungsanleitung;die;;Substantiv;fem.;https://www.dwds.de/wb/Bedienungsanleitung;0.0;Nom;Sing;;;
B1;Bedingung;Bedingung;die;;Substantiv;fem.;https://www.dwds.de/wb/Bedingung;0.0;Nom;Sing;;;
BW3;Beere;Beere;die;;Substantiv;;;;Nom;Sing;Cmp;;
B1;Beginn;Beginn;der;;Substantiv;mask.;https://www.dwds.de/wb/Beginn;0.0;Nom;Sing;;;
B1;Begründung;Begründung;die;;Substantiv;fem.;https://www.dwds.de/wb/Begr%C3%BCndung;0.0;Nom;Sing;;;
B1;Behörde;Behörde;die;;Substantiv;fem.;https://www.dwds.de/wb/Beh%C3%B6rde;0.0;Nom;Sing;;;
A1,BW1;Bein;Bein;das;;Substantiv;neut.;https://www.dwds.de/wb/Bein;0.0;Nom;Sing;;;
A1;Beispiel;Beispiel;das;;Substantiv;neut.;https://www.dwds.de/wb/Beispiel;0.0;Nom;Sing;;;
B1;Beitrag;Beitrag;der;;Substantiv;mask.;https://www.dwds.de/wb/Beitrag;0.0;Nom;Sing;;;
A1;Bekannte;bekannte;;;Substantiv;fem., mask.;https://www.dwds.de/wb/Bekannte;0.0;Nom;Plur;;;
B1;Beleg;Beleg;der;;Substantiv;mask.;https://www.dwds.de/wb/Beleg;0.0;Nom;Sing;;;
B1;Benzin;Benzin;das;;Substantiv;neut.;https://www.dwds.de/wb/Benzin;0.0;Nom;Sing;;;
B1;Beratung;Beratung;die;;Substantiv;fem.;https://www.dwds.de/wb/Beratung;0.0;Nom;Sing;;;
B1;Bereich;Bereich;der;;Substantiv;mask.;https://www.dwds.de/wb/Bereich;0.0;Nom;Sing;;;
A2,BW3;Berg;Berg;der;Berge, bergig;Substantiv;mask.;https://www.dwds.de/wb/Berg;0.0;Nom;Sing;;;
B1;Bericht;Bericht;der;;Substantiv;mask.;https://www.dwds.de/wb/Bericht;0.0;Nom;Sing;;;
A1;Beruf;Beruf;der;;Substantiv;mask.;https://www.dwds.de/wb/Beruf;0.0;Nom;Sing;;;
A2;Bescheid;Bescheid;der;;Substantiv;mask.;https://www.dwds.de/wb/Bescheid;0.0;Acc;Sing;;;
B1;Beschreibung;Beschreibung;die;;Substantiv;fem.;https://www.dwds.de/wb/Beschreibung;0.0;Nom;Sing;;;
B1;Beschäftigung;Beschäftigung;die;;Substantiv;fem.;https://www.dwds.de/wb/Besch%C3%A4ftigung;0.0;Nom;Sing;;;
BW1;Besen;Besen;der;;Substantiv;mask.;;;Nom;Sing;;;
B1;Besprechung;Besprechung;die;;Substantiv;fem.;https://www.dwds.de/wb/Besprechung;0.0;Nom;Sing;;;
B1;Besserung;Besserung;die;;Substantiv;fem.;https://www.dwds.de/wb/Besserung;0.0;Nom;Sing;;;
B1;Bestätigung;Bestätigung;die;;Substantiv;fem.;https://www.dwds.de/wb/Best%C3%A4tigung;0.0;Nom;Sing;;;
A2;Besuch;Besuch;der;;Substantiv;mask.;https://www.dwds.de/wb/Besuch;0.0;Nom;Sing;;;
B1;Betrag;Betrag;der;;Substantiv;mask.;https://www.dwds.de/wb/Betrag;0.0;Nom;Sing;;;
B1;Betreuer;Betreuer;der;;Substantiv;mask.;https://www.dwds.de/wb/Betreuer;0.0;Acc;;;;
B1;Betreuerin;Betreuerin;die;;Substantiv;fem.;https://www.dwds.de/wb/Betreuerin;0.0;Nom;Sing;;;
B1;Betreuung;Betreuung;die;;Substantiv;fem.;https://www.dwds.de/wb/Betreuung;0.0;Nom;Sing;;;
B1;Betrieb;Betrieb;der;;Substantiv;mask.;https://www.dwds.de/wb/Betrieb;0.0;Nom;Sing;;;
B1;Betriebsrat;Betriebsrat;der;;Substantiv;mask.;https://www.dwds.de/wb/Betriebsrat;0.0;Nom;Sing;;;
B1;Betriebsrätin;Betriebsrätin;die;;Substantiv;fem.;https://www.dwds.de/wb/Betriebsr%C3%A4tin;0.0;Nom;Sing;;;
A1,BW3;Bett;Bett;das;;Substantiv;neut.;https://www.dwds.de/wb/Bett;0.0;Nom;Sing;;;
B1;Bevölkerung;Bevölkerung;die;;Substantiv;fem.;https://www.dwds.de/wb/Bev%C3%B6lkerung;0.0;Nom;Sing;;;
B1;Beweis;Beweis;der;;Substantiv;mask.;https://www.dwds.de/wb/Beweis;0.0;Nom;Sing;;;
A2;Bewerbung;Bewerbung;die;;Substantiv;fem.;https://www.dwds.de/wb/Bewerbung;0.0;Nom;Sing;;;
B1;Bewohner;Bewohner;der;;Substantiv;mask.;https://www.dwds.de/wb/Bewohner;0.0;Nom;Plur;;;
B1;Bewohnerin;Bewohnerin;die;;Substantiv;fem.;https://www.dwds.de/wb/Bewohnerin;0.0;Nom;Sing;;;
B1;Beziehung;Beziehung;die;;Substantiv;fem.;https://www.dwds.de/wb/Beziehung;0.0;Nom;Sing;;;
BW3;Biber;Biber;der;;Substantiv;mask.;;;Nom;Sing;;;
A2;Bibliothek;Bibliothek;die;;Substantiv;fem.;https://www.dwds.de/wb/Bibliothek;0.0;Nom;Sing;;;
A1;Bier;Bier;das;;Substantiv;neut.;https://www.dwds.de/wb/Bier;0.0;Nom;Sing;;;
A1;Bild;Bild;das;;Substantiv;neut.;https://www.dwds.de/wb/Bild;0.0;Nom;Sing;;;
B1;Bildschirm;Bildschirm;der;;Substantiv;mask.;https://www.dwds.de/wb/Bildschirm;0.0;Nom;Sing;;;
B1;Billet;Billet;das;;Substantiv;;https://www.dwds.de/wb/Billet;0.0;;;;;
B1;Billett;Billett;das;;Substantiv;neut.;https://www.dwds.de/wb/Billett;0.0;Nom;Sing;;;
B1;Biologie;Biologie;die;;Substantiv;fem.;https://www.dwds.de/wb/Biologie;0.0;Nom;Sing;;;
A1,BW1;Birne;Birne;die;;Substantiv;fem.;https://www.dwds.de/wb/Birne;0.0;Nom;Plur;;;
A1;Bitte;bitte;die;;Substantiv;;https://www.dwds.de/wb/Bitte;0.0;;;;;
A2;Blatt;Blatt;das;;Substantiv;neut.;https://www.dwds.de/wb/Blatt;0.0;Nom;Sing;;;
A1;Bleistift;Bleistift;der;;Substantiv;mask.;https://www.dwds.de/wb/Bleistift;0.0;Nom;Sing;;;
A1;Blick;Blick;der;;Substantiv;mask.;https://www.dwds.de/wb/Blick#1;0.0;Nom;Sing;;;
B1;Blitz;Blitz;der;;Substantiv;mask.;https://www.dwds.de/wb/Blitz;0.0;Nom;Sing;;;
A2;Blog;Blog;;;Substantiv;mask.;https://www.dwds.de/wb/Blog;0.0;Nom;Sing;;;
A1,BW1;Blume;Blume;die;;Substantiv;fem.;https://www.dwds.de/wb/Blume;0.0;Nom;Plur;;;
A2;Bluse;Bluse;die;;Substantiv;fem.;https://www.dwds.de/wb/Bluse;0.0;Nom;Sing;;;
BW1;Blüte;Blüte;die;;Substantiv;fem.;;;Nom;Sing;;;
B1;Boden;Boden;der;;Substantiv;mask.;https://www.dwds.de/wb/Boden;0.0;Nom;Sing;;;
A1;Bogen;Bogen;der;;Substantiv;mask.;https://www.dwds.de/wb/Bogen#2;0.0;Nom;Sing;;;
A2;Bohne;Bohne;die;;Substantiv;fem.;https://www.dwds.de/wb/Bohne;0.0;Nom;Sing;;;
B1,BW3;Boot;Boot;das;;Substantiv;neut.;https://www.dwds.de/wb/Boot#1;0.0;Nom;Sing;;;
B1;Botschaft;Botschaft;die;;Substantiv;fem.;https://www.dwds.de/wb/Botschaft;0.0;Nom;Sing;;;
B1;Braten;brater;der;;Substantiv;mask.;https://www.dwds.de/wb/Braten;0.0;Nom;Sing;;;
B1;Bremse;Bremse;die;;Substantiv;fem.;https://www.dwds.de/wb/Bremse#1;0.0;Nom;Sing;;;
A1,BW1;Brief;Brief;der;;Substantiv;mask.;https://www.dwds.de/wb/Brief;0.0;Nom;Sing;;;
B1;Briefkasten;Briefkasten;der;;Substantiv;mask.;https://www.dwds.de/wb/Briefkasten;0.0;Nom;Sing;;;
A1;Briefmarke;Briefmark;die;;Substantiv;fem.;https://www.dwds.de/wb/Briefmarke;0.0;Nom;Plur;;;
B1;Brieftasche;brieftasche;die;;Substantiv;fem.;https://www.dwds.de/wb/Brieftasche;0.0;Nom;Sing;;;
B1;Briefträger;Briefträger;der;;Substantiv;mask.;https://www.dwds.de/wb/Brieftr%C3%A4ger;0.0;Nom;Sing;;;
B1;Briefträgerin;Briefträgerin;die;;Substantiv;fem.;https://www.dwds.de/wb/Brieftr%C3%A4gerin;0.0;Nom;Sing;;;
B1;Briefumschlag;Briefumschlag;der;;Substantiv;mask.;https://www.dwds.de/wb/Briefumschlag;0.0;Nom;Sing;;;
A2,BW3;Brille;Brille;die;;Substantiv;fem.;https://www.dwds.de/wb/Brille;0.0;Nom;Sing;;;
B1;Broschüre;Broschüre;die;;Substantiv;fem.;https://www.dwds.de/wb/Brosch%C3%BCre;0.0;Nom;Sing;;;
A1,BW1;Brot;Brot;das;;Substantiv;neut.;https://www.dwds.de/wb/Brot;0.0;Nom;Sing;;;
A1,BW1;Bruder;Bruder;der;Brüder;Substantiv;mask.;https://www.dwds.de/wb/Bruder;0.0;Nom;Sing;;;
B1;Brust;Brust;die;;Substantiv;fem.;https://www.dwds.de/wb/Brust;0.0;Nom;Sing;;;
A1;Brötchen;Brötchen;das;;Substantiv;neut.;https://www.dwds.de/wb/Br%C3%B6tchen;0.0;Nom;Sing;;;
B1;Brötli;Brötli;das;;Substantiv;neut.;https://www.dwds.de/wb/Br%C3%B6tli;0.0;Nom;Sing;;;
A2,BW3;Brücke;Brücke;die;;Substantiv;fem.;https://www.dwds.de/wb/Br%C3%BCcke;0.0;Nom;Sing;;;
B1;Bub;bub;der;;Substantiv;mask.;https://www.dwds.de/wb/Bub;0.0;Nom;Sing;;;
A1,BW1;Buch;Buch;das;Bücher;Substantiv;neut.;https://www.dwds.de/wb/Buch;0.0;Nom;Sing;;;
B1;Buchhandlung;Buchhandlung;die;;Substantiv;fem.;https://www.dwds.de/wb/Buchhandlung;0.0;Nom;Sing;;;
A1;Buchstabe;Buchstabe;der;;Substantiv;mask.;https://www.dwds.de/wb/Buchstabe;0.0;Nom;Sing;;;
B1;Buffet;Buffet;das;;Substantiv;neut.;https://www.dwds.de/wb/Buffet;0.0;;;;;
B1,BW3;Burg;Burg;die;Burgen;Substantiv;fem.;https://www.dwds.de/wb/Burg;0.0;Nom;Sing;;;
A1;Bus;Bus;der;;Substantiv;mask.;https://www.dwds.de/wb/Bus;0.0;Nom;Sing;;;
A1,BW1;Butter;Butter;die;;Substantiv;fem.;https://www.dwds.de/wb/Butter;0.0;Nom;Plur;;;
BW3;Bäcker;Bäcker;der;du backst;Substantiv;mask.;;;Nom;Sing;;;
A1;Bäckerei;Bäckerei;die;;Substantiv;fem.;https://www.dwds.de/wb/B%C3%A4ckerei;0.0;Nom;Sing;;;
BW1;Bär;Bär;der;;Substantiv;mask.;;;Nom;Sing;;;
B1;Büchse;Büchse;die;;Substantiv;fem.;https://www.dwds.de/wb/B%C3%BCchse#1;0.0;Nom;Sing;;;
B1;Büfett;Büfett;das;;Substantiv;neut.;https://www.dwds.de/wb/B%C3%BCfett;0.0;Nom;Sing;;;
B1;Bühne;Bühne;die;;Substantiv;fem.;https://www.dwds.de/wb/B%C3%BChne;0.0;Nom;Sing;;;
B1;Bürger;Bürger;der;;Substantiv;mask.;https://www.dwds.de/wb/B%C3%BCrger;0.0;Nom;Plur;;;
B1;Bürgerin;Bürgerin;die;;Substantiv;fem.;https://www.dwds.de/wb/B%C3%BCrgerin;0.0;Nom;Sing;;;
A2;Büro;Büro;das;;Substantiv;neut.;https://www.dwds.de/wb/B%C3%BCro;0.0;Nom;Sing;;;
B1;Bürste;Bürste;die;;Substantiv;fem.;https://www.dwds.de/wb/B%C3%BCrste;0.0;Nom;Sing;;;
A1;CD;CD;die;;Substantiv;fem.;https://www.dwds.de/wb/CD#1;0.0;Nom;Sing;;;
A2;Cafeteria;Cafeteria;die;;Substantiv;fem.;https://www.dwds.de/wb/Cafeteria;0.0;Nom;Sing;;;
A1;Café;Café;das;;Substantiv;neut.;https://www.dwds.de/wb/Caf%C3%A9;0.0;Nom;Sing;;;
A1,BW1;Cent;Cent;der;;Substantiv;mask.;https://www.dwds.de/wb/Cent;0.0;Nom;Sing;;;
B1;Chance;Chance;die;;Substantiv;fem.;https://www.dwds.de/wb/Chance;0.0;Nom;Sing;;;
A1;Chef;Chef;der;;Substantiv;mask.;https://www.dwds.de/wb/Chef;0.0;Nom;Sing;;;
A2;Chefin;Chefin;die;;Substantiv;fem.;https://www.dwds.de/wb/Chefin;0.0;Nom;Sing;;;
B1;Chipkarte;Chipkart;die;;Substantiv;fem.;https://www.dwds.de/wb/Chipkarte;0.0;Nom;Plur;;;
A2;Circus;Circus;der;;Substantiv;mask.;https://www.dwds.de/wb/Circus;0.0;Nom;Sing;;;
BW3;Clown;Clown;der;;Substantiv;mask.;;;Nom;Sing;;;
A2;Club;Club;der;;Substantiv;mask.;https://www.dwds.de/wb/Club;0.0;Nom;Sing;;;
B1;Coiffeur;Coiffeur;der;;Substantiv;mask.;https://www.dwds.de/wb/Coiffeur;0.0;Nom;Sing;;;
B1;Coiffeuse;Coiffeuse;die;;Substantiv;fem.;https://www.dwds.de/wb/Coiffeuse;0.0;Nom;Sing;;;
A2,BW1;Comic;Comic;der;;Substantiv;mask.;https://www.dwds.de/wb/Comic;0.0;Nom;Sing;;;
A1;Computer;Computer;der;;Substantiv;mask.;https://www.dwds.de/wb/Computer;0.0;Nom;Sing;;;
B1;Couch;Couch;die;;Substantiv;;https://www.dwds.de/wb/Couch;0.0;;;;;
B1;Cousin;Cousin;der;;Substantiv;mask.;https://www.dwds.de/wb/Cousin;0.0;Nom;Sing;;;
B1;Cousine;Cousine;die;;Substantiv;fem.;https://www.dwds.de/wb/Cousine;0.0;Nom;Sing;;;
B1;Couvert;Couvert;das;;Substantiv;neut.;https://www.dwds.de/wb/Couvert;0.0;Nom;Sing;;;
A2;Creme;Crem;die;;Substantiv;fem.;https://www.dwds.de/wb/Creme;0.0;Nom;Plur;;;
A2;Crème;Crème;die;;Substantiv;fem.;https://www.dwds.de/wb/Cr%C3%A8me;0.0;Nom;Sing;;;
B1;Dach;Dach;das;;Substantiv;neut.;https://www.dwds.de/wb/Dach;0.0;Nom;Sing;;;
BW1;Dachs;Dach;der;;Substantiv;mask.;;;Gen;Sing;;;
A2;Dame;Dame;die;;Substantiv;;https://www.dwds.de/wb/Dame;0.0;;;;;
A1;Dank;dank;der;;Substantiv;mask.;https://www.dwds.de/wb/Dank;0.0;;;;;
B1;Darstellung;Darstellung;die;;Substantiv;fem.;https://www.dwds.de/wb/Darstellung;0.0;Nom;Sing;;;
A2;Datei;Datei;die;;Substantiv;fem.;https://www.dwds.de/wb/Datei;0.0;Nom;Sing;;;
B1;Daten;Datum;;;Substantiv;neut.;https://www.dwds.de/wb/Daten;1.0;Nom;Plur;;;
A1;Datum;Datum;das;;Substantiv;neut.;https://www.dwds.de/wb/Datum;0.0;Nom;Sing;;;
B1;Dauer;Dauer;die;;Substantiv;fem.;https://www.dwds.de/wb/Dauer;0.0;Nom;Sing;;;
BW1;Daumen;Dauma;der;;Substantiv;mask.;;;Dat;Plur;;;
B1,BW1;Decke;Decke;die;;Substantiv;fem.;https://www.dwds.de/wb/Decke;0.0;Nom;Sing;;;
B1;Denkmal;Denkmal;das;;Substantiv;neut.;https://www.dwds.de/wb/Denkmal;0.0;Nom;Sing;;;
B1;Dessert;Dessert;das;;Substantiv;;https://www.dwds.de/wb/Dessert;0.0;;Sing;;;Fin
B1;Detail;Detail;das;;Substantiv;neut.;https://www.dwds.de/wb/Detail;0.0;Nom;Sing;;;
A1;Deutsche;deutsche;;;Substantiv;fem., mask.;https://www.dwds.de/wb/Deutsche#2;0.0;Nom;Plur;;;
A1;Deutschland;Deutschland;das;;Substantiv;neut.;https://www.dwds.de/wb/Deutschland;0.0;Nom;Sing;;;
A1,BW1;Dezember;Dezember;der;;Substantiv;mask.;https://www.dwds.de/wb/Dezember;0.0;Nom;Sing;;;
B1;Dialekt;Dialekt;der;;Substantiv;mask.;https://www.dwds.de/wb/Dialekt;0.0;Nom;Sing;;;
B1;Dialog;Dialog;der;;Substantiv;mask.;https://www.dwds.de/wb/Dialog;0.0;Nom;Sing;;;
B1,BW1;Dieb;Dieb;der;Diebe;Substantiv;mask.;https://www.dwds.de/wb/Dieb;0.0;Nom;Sing;;;
B1;Dienst;Dienst;der;;Substantiv;mask.;https://www.dwds.de/wb/Dienst;0.0;Nom;Sing;;;
A1,BW1;Dienstag;Dienstag;der;;Substantiv;mask.;https://www.dwds.de/wb/Dienstag;0.0;Nom;Sing;;;
A2;Ding;Ding;das;;Substantiv;neut.;https://www.dwds.de/wb/Ding#1;0.0;Acc;Sing;;;
B1;Diplom;diplom;das;;Substantiv;;https://www.dwds.de/wb/Diplom;0.0;;;;;
B1;Direktor;Direktor;der;;Substantiv;mask.;https://www.dwds.de/wb/Direktor;0.0;Nom;Sing;;;
B1;Direktorin;Direktorin;die;;Substantiv;fem.;https://www.dwds.de/wb/Direktorin;0.0;Nom;Sing;;;
A2;Disco;Disco;die;;Substantiv;fem.;https://www.dwds.de/wb/Disco#1;0.0;Nom;Sing;;;
A2;Disko;Disko;die;;Substantiv;fem.;https://www.dwds.de/wb/Disko#1;0.0;Nom;Sing;;;
B1;Diskothek;Diskothek;die;;Substantiv;fem.;https://www.dwds.de/wb/Diskothek;0.0;Nom;Sing;;;
B1;Diskussion;Diskussion;die;;Substantiv;fem.;https://www.dwds.de/wb/Diskussion;0.0;Nom;Sing;;;
B1;Distanz;Distanz;die;;Substantiv;fem.;https://www.dwds.de/wb/Distanz;0.0;Nom;Sing;;;
B1;Diät;Diät;die;;Substantiv;fem.;https://www.dwds.de/wb/Di%C3%A4t;0.0;Nom;Sing;;;
A1;Doktor;Doktor;der;;Substantiv;mask.;https://www.dwds.de/wb/Doktor;0.0;Nom;Sing;;;
B1;Doktorin;Doktorin;die;;Substantiv;fem.;https://www.dwds.de/wb/Doktorin;0.0;Nom;Sing;;;
B1;Dokument;Dokument;das;;Substantiv;neut.;https://www.dwds.de/wb/Dokument;0.0;Nom;Sing;;;
B1;Donner;donner;der;;Substantiv;mask.;https://www.dwds.de/wb/Donner;0.0;Nom;Sing;;;
A1,BW1;Donnerstag;Donnerstag;der;;Substantiv;mask.;https://www.dwds.de/wb/Donnerstag;0.0;Nom;Sing;;;
A1;Doppelzimmer;Doppelzimmer;das;;Substantiv;;https://www.dwds.de/wb/Doppelzimmer;0.0;;;;;
A1;Dorf;Dorf;das;;Substantiv;neut.;https://www.dwds.de/wb/Dorf;0.0;Nom;Sing;;;
B1,BW1;Dose;Dose;die;;Substantiv;fem.;https://www.dwds.de/wb/Dose;0.0;Nom;Sing;;;
BW1;Drache;Drache;der;;Substantiv;mask.;;;Nom;Sing;;;
B1;Dreck;Dreck;der;;Substantiv;mask.;https://www.dwds.de/wb/Dreck;0.0;Nom;Sing;;;
B1;Droge;Droge;die;;Substantiv;fem.;https://www.dwds.de/wb/Droge;0.0;Nom;Sing;;;
B1;Drogerie;Drogerie;die;;Substantiv;fem.;https://www.dwds.de/wb/Drogerie;0.0;Nom;Sing;;;
B1;Druck;Druck;der;;Substantiv;mask.;https://www.dwds.de/wb/Druck#1;0.0;Nom;Sing;;;
A1;Drucker;Drucker;der;;Substantiv;mask.;https://www.dwds.de/wb/Drucker;0.0;Nom;Sing;;;
A1;Durchsage;Durchsage;die;;Substantiv;fem.;https://www.dwds.de/wb/Durchsage;0.0;Nom;Sing;;;
B1;Durchschnitt;Durchschnitt;der;;Substantiv;mask.;https://www.dwds.de/wb/Durchschnitt;0.0;Nom;Sing;;;
A1;Durst;durst;der;;Substantiv;;https://www.dwds.de/wb/Durst;0.0;;;;;
A1,BW1;Dusche;Dusche;die;duschen;Substantiv;fem.;https://www.dwds.de/wb/Dusche;0.0;Nom;Sing;;;
A2;E-Book;E-Book;das;;Substantiv;neut.;https://www.dwds.de/wb/E-Book;0.0;Nom;Sing;;;
A1,BW3;E-Mail;E-Mail;die;;Substantiv;fem.;https://www.dwds.de/wb/E-Mail;0.0;Nom;Sing;;;
B1;EC-Karte;EC-Kart;die;;Substantiv;fem.;https://www.dwds.de/wb/EC-Karte;0.0;Nom;Plur;;;
B1;Eck;Eck;das;;Substantiv;neut.;https://www.dwds.de/wb/Eck;0.0;Nom;Sing;;;
A1;Ecke;Ecke;die;;Substantiv;fem.;https://www.dwds.de/wb/Ecke;0.0;Nom;Sing;;;
B1;Ehe;Ehe;die;;Substantiv;fem.;https://www.dwds.de/wb/Ehe;0.0;Nom;Sing;;;
A1;Ehefrau;Ehefrau;die;;Substantiv;fem.;https://www.dwds.de/wb/Ehefrau;0.0;Nom;Sing;;;
A1;Ehemann;Ehemann;der;;Substantiv;mask.;https://www.dwds.de/wb/Ehemann;0.0;Nom;Sing;;;
B1;Ehepaar;Ehepaar;das;;Substantiv;neut.;https://www.dwds.de/wb/Ehepaar;0.0;Nom;Sing;;;
A2;Ehepartner;Ehepartner;der;;Substantiv;mask.;https://www.dwds.de/wb/Ehepartner;0.0;Nom;Plur;;;
A1;Ei;Ei;das;;Substantiv;;https://www.dwds.de/wb/Ei;0.0;;;;;
B1;Eile;Eile;die;;Substantiv;fem.;https://www.dwds.de/wb/Eile;0.0;Nom;Sing;;;
BW1;Eimer;Eimer;der;;Substantiv;mask.;;;Nom;Plur;;;
B1;Einbahnstraße;Einbahnstraße;die;;Substantiv;fem.;https://www.dwds.de/wb/Einbahnstra%C3%9Fe;0.0;Nom;Sing;;;
B1;Einbrecher;Einbrecher;der;;Substantiv;mask.;https://www.dwds.de/wb/Einbrecher;0.0;Nom;Sing;;;
B1;Einbrecherin;Einbrecherin;die;;Substantiv;fem.;https://www.dwds.de/wb/Einbrecherin;0.0;Nom;Sing;;;
B1;Einbruch;Einbruch;der;;Substantiv;mask.;https://www.dwds.de/wb/Einbruch;0.0;Nom;Sing;;;
B1;Eindruck;Eindruck;der;;Substantiv;mask.;https://www.dwds.de/wb/Eindruck;0.0;Nom;Sing;;;
B1;Einfahrt;Einfahrt;die;;Substantiv;fem.;https://www.dwds.de/wb/Einfahrt;0.0;Nom;Sing;;;
B1;Einfall;Einfall;der;;Substantiv;mask.;https://www.dwds.de/wb/Einfall;0.0;Nom;Sing;;;
B1;Einfluss;Einfluss;der;;Substantiv;mask.;https://www.dwds.de/wb/Einfluss;0.0;Nom;Sing;;;
B1;Einführung;Einführung;die;;Substantiv;fem.;https://www.dwds.de/wb/Einf%C3%BChrung;0.0;Nom;Sing;;;
A1;Eingang;Eingang;der;;Substantiv;mask.;https://www.dwds.de/wb/Eingang;0.0;Nom;Sing;;;
B1;Einkauf;Einkauf;der;;Substantiv;mask.;https://www.dwds.de/wb/Einkauf;0.0;Nom;Sing;;;
A2;Einkaufszentrum;Einkaufszentrum;das;;Substantiv;neut.;https://www.dwds.de/wb/Einkaufszentrum;0.0;Nom;Sing;;;
B1;Einkommen;Einkommen;das;;Substantiv;neut.;https://www.dwds.de/wb/Einkommen;0.0;Nom;Sing;;;
A1;Einladung;Einladung;die;;Substantiv;fem.;https://www.dwds.de/wb/Einladung;0.0;Nom;Sing;;;
B1;Einnahme;Einnahme;die;;Substantiv;fem.;https://www.dwds.de/wb/Einnahme;0.0;Nom;Sing;;;
B1;Einrichtung;Einrichtung;die;;Substantiv;fem.;https://www.dwds.de/wb/Einrichtung;0.0;Nom;Sing;;;
B1;Einschreiben;einschreiben;das;;Substantiv;neut.;https://www.dwds.de/wb/Einschreiben;0.0;Nom;Sing;;;
A1;Eintritt;Eintritt;der;;Substantiv;mask.;https://www.dwds.de/wb/Eintritt;0.0;Nom;Sing;;;
B1;Einwohner;Einwohner;der;;Substantiv;mask.;https://www.dwds.de/wb/Einwohner;0.0;Nom;Plur;;;
B1;Einwohnerin;Einwohnerin;die;;Substantiv;fem.;https://www.dwds.de/wb/Einwohnerin;0.0;Nom;Sing;;;
B1;Einzahlung;Einzahlung;die;;Substantiv;fem.;https://www.dwds.de/wb/Einzahlung;0.0;Nom;Sing;;;
B1;Einzelheit;Einzelheit;die;;Substantiv;fem.;https://www.dwds.de/wb/Einzelheit;0.0;Nom;Sing;;;
A1;Einzelzimmer;Einzelzimmer;das;;Substantiv;neut.;https://www.dwds.de/wb/Einzelzimmer;0.0;Nom;Sing;;;
A2,BW1;Eis;Eis;das;;Substantiv;neut.;https://www.dwds.de/wb/Eis#1;0.0;Nom;Sing;;;
B1;Eisenbahn;Eisenbahn;die;;Substantiv;fem.;https://www.dwds.de/wb/Eisenbahn;0.0;Nom;Sing;;;
A1,BW3;Eltern;Eltern;die;;Substantiv;fem.;https://www.dwds.de/wb/Eltern;1.0;Nom;Plur;;;
B1;Empfang;Empfang;der;;Substantiv;mask.;https://www.dwds.de/wb/Empfang;0.0;Nom;Sing;;;
B1;Empfehlung;Empfehlung;die;;Substantiv;fem.;https://www.dwds.de/wb/Empfehlung;0.0;Nom;Sing;;;
A1;Empfänger;Empfänger;der;;Substantiv;mask.;https://www.dwds.de/wb/Empf%C3%A4nger;0.0;Nom;Plur;;;
A1,BW1;Ende;Ende;das;;Substantiv;neut.;https://www.dwds.de/wb/Ende;0.0;Nom;Sing;;;
B1;Energie;Energie;die;;Substantiv;fem.;https://www.dwds.de/wb/Energie;0.0;Nom;Sing;;;
BW1;Engel;Engel;der;;Substantiv;mask.;;;Nom;Sing;;;
B1,BW1;Enkel;Enkel;der;;Substantiv;mask.;https://www.dwds.de/wb/Enkel;0.0;Nom;Plur;;;
B1;Enkelin;Enkelin;die;;Substantiv;fem.;https://www.dwds.de/wb/Enkelin;0.0;Nom;Sing;;;
BW1;Ente;Ente;die;;Substantiv;fem.;;;Nom;Plur;;;
B1;Entfernung;Entfernung;die;;Substantiv;fem.;https://www.dwds.de/wb/Entfernung;0.0;Nom;Sing;;;
B1;Entlassung;Entlassung;die;;Substantiv;fem.;https://www.dwds.de/wb/Entlassung;0.0;Nom;Sing;;;
B1;Entscheidung;Entscheidung;die;;Substantiv;fem.;https://www.dwds.de/wb/Entscheidung;0.0;Nom;Sing;;;
A1;Entschuldigung;Entschuldigung;die;;Substantiv;fem.;https://www.dwds.de/wb/Entschuldigung;0.0;Nom;Sing;;;
B1;Enttäuschung;Enttäuschung;die;;Substantiv;fem.;https://www.dwds.de/wb/Entt%C3%A4uschung;0.0;Nom;Sing;;;
B1;Entwickelung;Entwickelung;die;;Substantiv;fem.;https://www.dwds.de/wb/Entwickelung;0.0;Nom;Sing;;;
B1;Entwicklung;Entwicklung;die;;Substantiv;fem.;https://www.dwds.de/wb/Entwicklung;0.0;Nom;Sing;;;
B1;Erdapfel;Erdapfel;der;;Substantiv;mask.;https://www.dwds.de/wb/Erdapfel;0.0;Nom;Sing;;;
B1,BW1;Erde;Erde;die;;Substantiv;fem.;https://www.dwds.de/wb/Erde;0.0;Nom;Sing;;;
A2;Erdgeschoss;Erdgeschoss;das;;Substantiv;neut.;https://www.dwds.de/wb/Erdgeschoss;0.0;Nom;Sing;;;
B1,BW3;Ereignis;Ereignis;das;Ereignisse;Substantiv;neut.;https://www.dwds.de/wb/Ereignis;0.0;Nom;Sing;;;
A2;Erfahrung;Erfahrung;die;;Substantiv;fem.;https://www.dwds.de/wb/Erfahrung;0.0;Nom;Sing;;;
B1;Erfindung;Erfindung;die;;Substantiv;fem.;https://www.dwds.de/wb/Erfindung;0.0;Nom;Sing;;;
B1,BW3;Erfolg;Erfolg;der;Erfolge;Substantiv;mask.;https://www.dwds.de/wb/Erfolg;0.0;Nom;Sing;;;
A1,BW3;Ergebnis;Ergebnis;das;Ergebnisse;Substantiv;neut.;https://www.dwds.de/wb/Ergebnis;0.0;Nom;Sing;;;
B1;Erholung;Erholung;die;;Substantiv;fem.;https://www.dwds.de/wb/Erholung;0.0;Nom;Sing;;;
B1;Erhöhung;Erhöhung;die;;Substantiv;fem.;https://www.dwds.de/wb/Erh%C3%B6hung;0.0;Nom;Sing;;;
B1;Erinnerung;Erinnerung;die;;Substantiv;fem.;https://www.dwds.de/wb/Erinnerung;0.0;Nom;Sing;;;
B1;Erklärung;Erklärung;die;;Substantiv;fem.;https://www.dwds.de/wb/Erkl%C3%A4rung;0.0;Nom;Sing;;;
B1;Erkältung;Erkältung;die;;Substantiv;fem.;https://www.dwds.de/wb/Erk%C3%A4ltung;0.0;Nom;Sing;;;
A2;Erlaubnis;Erlaubnis;die;;Substantiv;fem.;https://www.dwds.de/wb/Erlaubnis;0.0;Nom;Sing;;;
B1,BW3;Erlebnis;Erlebnis;das;Erlebnisse, erleben;Substantiv;neut.;https://www.dwds.de/wb/Erlebnis;0.0;Nom;Sing;;;
A2;Ermäßigung;Ermäßigung;die;;Substantiv;fem.;https://www.dwds.de/wb/Erm%C3%A4%C3%9Figung;0.0;Nom;Sing;;;
B1;Ernte;Ernte;die;;Substantiv;fem.;https://www.dwds.de/wb/Ernte;0.0;Nom;Sing;;;
B1;Ernährung;Ernährung;die;;Substantiv;fem.;https://www.dwds.de/wb/Ern%C3%A4hrung;0.0;Nom;Sing;;;
B1;Ersatz;Ersatz;der;;Substantiv;mask.;https://www.dwds.de/wb/Ersatz;0.0;Nom;Sing;;;
A1;Erwachsene;erwachsene;;;Substantiv;fem., mask.;https://www.dwds.de/wb/Erwachsene;0.0;Nom;Plur;;;
B1;Erziehung;Erziehung;die;;Substantiv;fem.;https://www.dwds.de/wb/Erziehung;0.0;Nom;Sing;;;
B1;Erzählung;Erzählung;die;;Substantiv;fem.;https://www.dwds.de/wb/Erz%C3%A4hlung;0.0;Nom;Sing;;;
B1;Eröffnung;Eröffnung;die;;Substantiv;fem.;https://www.dwds.de/wb/Er%C3%B6ffnung;0.0;Nom;Sing;;;
BW1;Esel;Esel;der;;Substantiv;mask.;;;;;;;
A1;Essen;essen;das;;Substantiv;neut.;https://www.dwds.de/wb/Essen;0.0;Nom;Sing;;;
B1;Essig;essig;der;;Substantiv;mask.;https://www.dwds.de/wb/Essig;0.0;Nom;Sing;;;
B1;Etage;Etage;die;;Substantiv;fem.;https://www.dwds.de/wb/Etage;0.0;Nom;Sing;;;
A1;Euro;Euro;der;;Substantiv;mask.;https://www.dwds.de/wb/Euro#1;0.0;Nom;Sing;;;
A1;Europa;Europa;das;;Substantiv;neut.;https://www.dwds.de/wb/Europa;0.0;Nom;Sing;;;
A1;Europäer;Europäer;der;;Substantiv;mask.;https://www.dwds.de/wb/Europ%C3%A4er;0.0;Nom;Plur;;;
B1;Experte;Experte;der;;Substantiv;mask.;https://www.dwds.de/wb/Experte;0.0;Nom;Sing;;;
B1;Export;Export;der;;Substantiv;mask.;https://www.dwds.de/wb/Export;0.0;Nom;Sing;;;
B1;Fabrik;Fabrik;die;;Substantiv;fem.;https://www.dwds.de/wb/Fabrik;0.0;Nom;Sing;;;
A2,BW1;Fach;Fach;das;Fächer;Substantiv;neut.;https://www.dwds.de/wb/Fach#2;0.0;Nom;Sing;;;
B1;Fachfrau;Fachfrau;die;;Substantiv;fem.;https://www.dwds.de/wb/Fachfrau;0.0;Nom;Sing;;;
B1;Fachleute;Fachleute;;;Substantiv;;https://www.dwds.de/wb/Fachleute;1.0;Nom;Plur;;;
B1;Fachmann;Fachmann;der;;Substantiv;mask.;https://www.dwds.de/wb/Fachmann;0.0;Nom;Sing;;;
BW1;Faden;Fade;der;Fäden;Substantiv;mask.;;;Nom;Plur;;;
B1;Fahrbahn;Fahrbahn;die;;Substantiv;fem.;https://www.dwds.de/wb/Fahrbahn;0.0;Nom;Sing;;;
A1;Fahrer;Fahrer;der;;Substantiv;mask.;https://www.dwds.de/wb/Fahrer;0.0;Nom;Plur;;;
A1;Fahrkarte;Fahrkarte;die;;Substantiv;fem.;https://www.dwds.de/wb/Fahrkarte;0.0;Nom;Sing;;;
A2;Fahrplan;Fahrplan;der;;Substantiv;mask.;https://www.dwds.de/wb/Fahrplan;0.0;Nom;Sing;;;
A1,BW3;Fahrrad;Fahrrad;das;;Substantiv;neut.;https://www.dwds.de/wb/Fahrrad;0.0;Nom;Sing;;;
B1;Fahrzeug;Fahrzeug;das;;Substantiv;neut.;https://www.dwds.de/wb/Fahrzeug;0.0;Nom;Sing;;;
B1;Faktor;Faktor;der;;Substantiv;mask.;https://www.dwds.de/wb/Faktor;0.0;Nom;Sing;;;
B1;Fall;Fall;der;;Substantiv;mask.;https://www.dwds.de/wb/Fall#2;0.0;Nom;Sing;;;
A1;Familie;Familie;die;;Substantiv;fem.;https://www.dwds.de/wb/Familie;0.0;Nom;Sing;;;
A1;Familienname;familienname;der;;Substantiv;mask.;https://www.dwds.de/wb/Familienname;0.0;Nom;Sing;;;
A1;Familienstand;Familienstand;der;;Substantiv;mask.;https://www.dwds.de/wb/Familienstand;0.0;Nom;Sing;;;
A2;Fan;Fan;der;;Substantiv;mask.;https://www.dwds.de/wb/Fan;0.0;Nom;Sing;;;
B1;Fantasie;Fantasie;die;;Substantiv;fem.;https://www.dwds.de/wb/Fantasie;0.0;Nom;Sing;;;
A1,BW1;Farbe;Farbe;die;;Substantiv;fem.;https://www.dwds.de/wb/Farbe;0.0;Nom;Sing;;;
B1;Faschierte;Faschiert;das;;Substantiv;neut.;https://www.dwds.de/wb/Faschierte;0.0;Nom;Plur;;;
B1;Fasching;Fasching;der;;Substantiv;mask.;https://www.dwds.de/wb/Fasching;0.0;Nom;Sing;;;
B1;Fasnacht;Fasnacht;die;;Substantiv;fem.;https://www.dwds.de/wb/Fasnacht;0.0;Nom;Sing;;;
BW3;Faust;Faust;die;Fäuste;Substantiv;fem.;;;Nom;Sing;;;
B1;Fauteuil;Fauteuil;der;;Substantiv;mask.;https://www.dwds.de/wb/Fauteuil;0.0;Gen;Sing;;;
A1;Fax;Fax;das;;Substantiv;neut.;https://www.dwds.de/wb/Fax;0.0;Nom;Sing;;;
B1;Feber;Feber;der;;Substantiv;mask.;https://www.dwds.de/wb/Feber;0.0;Nom;Plur;;;
A1,BW1;Februar;Februar;der;;Substantiv;mask.;https://www.dwds.de/wb/Februar;0.0;Nom;Sing;;;
BW1;Feder;Feder;die;;Substantiv;fem.;;;Nom;Sing;;;
A1,BW3;Fehler;Fehler;der;fehlen;Substantiv;mask.;https://www.dwds.de/wb/Fehler;0.0;Nom;Plur;;;
A2;Feier;Feier;die;;Substantiv;fem.;https://www.dwds.de/wb/Feier;0.0;Nom;Sing;;;
A1;Feierabend;Feierabend;der;;Substantiv;;https://www.dwds.de/wb/Feierabend;0.0;;;Pos;;
A1;Feiertag;Feiertag;der;;Substantiv;mask.;https://www.dwds.de/wb/Feiertag;0.0;Nom;Sing;;;
B1,BW3;Feld;Feld;das;Felder;Substantiv;neut.;https://www.dwds.de/wb/Feld;0.0;Nom;Sing;;;
A2,BW1;Fenster;Fenster;das;;Substantiv;neut.;https://www.dwds.de/wb/Fenster;0.0;Nom;Plur;;;
A2;Ferien;Ferien;;;Substantiv;;https://www.dwds.de/wb/Ferien;1.0;;;;;
B1;Fernbedienung;Fernbedienung;die;;Substantiv;fem.;https://www.dwds.de/wb/Fernbedienung;0.0;Nom;Sing;;;
B1;Fernsehen;Fernsehen;das;;Substantiv;neut.;https://www.dwds.de/wb/Fernsehen;0.0;Nom;Sing;;;
B1;Fernseher;Fernseher;der;;Substantiv;mask.;https://www.dwds.de/wb/Fernseher;0.0;Nom;Sing;;;
A2,BW1;Fest;fest;das;;Substantiv;;https://www.dwds.de/wb/Fest;0.0;;;;;
A2;Festival;Festival;das;;Substantiv;neut.;https://www.dwds.de/wb/Festival;0.0;Nom;Sing;;;
B1;Festplatte;Festplatte;die;;Substantiv;fem.;https://www.dwds.de/wb/Festplatte;0.0;Nom;Sing;;;
B1;Fett;Fett;das;;Substantiv;neut.;https://www.dwds.de/wb/Fett;0.0;Nom;Sing;;;
A1;Feuer;Feuer;das;;Substantiv;neut.;https://www.dwds.de/wb/Feuer;0.0;Nom;Sing;;;
B1;Feuerwehr;Feuerwehr;die;;Substantiv;fem.;https://www.dwds.de/wb/Feuerwehr;0.0;Nom;Sing;;;
B1;Feuerzeug;Feuerzeug;das;;Substantiv;neut.;https://www.dwds.de/wb/Feuerzeug;0.0;Nom;Sing;;;
A1,BW1;Fieber;Fieber;das;;Substantiv;neut.;https://www.dwds.de/wb/Fieber;0.0;Nom;Sing;;;
B1;Figur;Figur;die;;Substantiv;fem.;https://www.dwds.de/wb/Figur;0.0;Nom;Sing;;;
A1,BW3;Film;Film;der;;Substantiv;mask.;https://www.dwds.de/wb/Film;0.0;Nom;Sing;;;
B1,BW1;Finger;Finger;der;;Substantiv;mask.;https://www.dwds.de/wb/Finger;0.0;Nom;Sing;;;
A1;Firma;Firma;die;;Substantiv;fem.;https://www.dwds.de/wb/Firma;0.0;Nom;Sing;;;
A1,BW1;Fisch;fisch;der;;Substantiv;;https://www.dwds.de/wb/Fisch;0.0;;;Pos;;
A1,BW1;Flasche;Flasche;die;;Substantiv;fem.;https://www.dwds.de/wb/Flasche;0.0;Nom;Sing;;;
B1,BW3;Fleck;Fleck;der;fleckig;Substantiv;mask.;https://www.dwds.de/wb/Fleck#1;0.0;Nom;Sing;;;
A1;Fleisch;Fleisch;das;;Substantiv;neut.;https://www.dwds.de/wb/Fleisch;0.0;Nom;Sing;;;
B1;Fleischhauer;Fleischhauer;der;;Substantiv;mask.;https://www.dwds.de/wb/Fleischhauer;0.0;Nom;Plur;;;
BW1;Fliege;Fliege;die;du fliegst, ich flog, fliegen;Substantiv;fem.;;;Nom;Sing;;;
A2;Flohmarkt;Flohmarkt;der;;Substantiv;mask.;https://www.dwds.de/wb/Flohmarkt;0.0;Nom;Sing;;;
BW3;Flosse;Flosse;die;;Substantiv;fem.;;;Nom;Plur;;;
B1;Flucht;Flucht;die;;Substantiv;fem.;https://www.dwds.de/wb/Flucht#1;0.0;Nom;Sing;;;
A2;Flug;Flug;der;;Substantiv;mask.;https://www.dwds.de/wb/Flug;0.0;Nom;Sing;;;
A1;Flughafen;Flughafen;der;;Substantiv;mask.;https://www.dwds.de/wb/Flughafen;0.0;Nom;Sing;;;
A1;Flugzeug;Flugzeug;das;;Substantiv;neut.;https://www.dwds.de/wb/Flugzeug;0.0;Nom;Sing;;;
B1;Flur;Flur;der;;Substantiv;mask.;https://www.dwds.de/wb/Flur#1;0.0;Nom;Sing;;;
A2,BW3;Fluss;Fluss;der;Flüsse;Substantiv;mask.;https://www.dwds.de/wb/Fluss;0.0;Nom;Sing;;;
B1;Fläche;Fläche;die;;Substantiv;fem.;https://www.dwds.de/wb/Fl%C3%A4che;0.0;Nom;Sing;;;
B1,BW1;Flöte;Flöte;die;;Substantiv;fem.;https://www.dwds.de/wb/Fl%C3%B6te;0.0;Nom;Plur;;;
B1;Flüssigkeit;Flüssigkeit;die;;Substantiv;fem.;https://www.dwds.de/wb/Fl%C3%BCssigkeit;0.0;Nom;Sing;;;
B1;Folge;Folge;die;;Substantiv;fem.;https://www.dwds.de/wb/Folge;0.0;Nom;Sing;;;
B1;Forderung;Forderung;die;;Substantiv;fem.;https://www.dwds.de/wb/Forderung;0.0;Nom;Sing;;;
B1;Form;Form;die;;Substantiv;fem.;https://www.dwds.de/wb/Form;0.0;Nom;Sing;;;
A1;Formular;Formular;das;;Substantiv;;https://www.dwds.de/wb/Formular;0.0;;;;;
B1;Forschung;Forschung;die;;Substantiv;fem.;https://www.dwds.de/wb/Forschung;0.0;Nom;Sing;;;
B1;Fortbildung;Fortbildung;die;;Substantiv;fem.;https://www.dwds.de/wb/Fortbildung;0.0;Nom;Sing;;;
B1;Fortschritt;Fortschritt;der;;Substantiv;mask.;https://www.dwds.de/wb/Fortschritt;0.0;Nom;Sing;;;
B1;Fortsetzung;Fortsetzung;die;;Substantiv;fem.;https://www.dwds.de/wb/Fortsetzung;0.0;Nom;Sing;;;
B1;Forum;Forum;das;;Substantiv;neut.;https://www.dwds.de/wb/Forum;0.0;Nom;Sing;;;
A1;Foto;Foto;das;;Substantiv;neut.;https://www.dwds.de/wb/Foto#1;0.0;Nom;Sing;;;
A2;Fotoapparat;Fotoapparat;der;;Substantiv;mask.;https://www.dwds.de/wb/Fotoapparat;0.0;Nom;Sing;;;
B1;Fotograf;Fotograf;der;;Substantiv;mask.;https://www.dwds.de/wb/Fotograf;0.0;Nom;Sing;;;
B1;Fotografie;Fotografie;die;;Substantiv;fem.;https://www.dwds.de/wb/Fotografie;0.0;Nom;Sing;;;
A1,BW1;Frage;Frage;die;fragen, du fragst;Substantiv;fem.;https://www.dwds.de/wb/Frage;0.0;Nom;Sing;;;
A1,BW1;Frau;Frau;die;;Substantiv;fem.;https://www.dwds.de/wb/Frau;0.0;Nom;Sing;;;
B1,BW3;Freiheit;Freiheit;die;frei;Substantiv;fem.;https://www.dwds.de/wb/Freiheit;0.0;Nom;Sing;;;
A1,BW1;Freitag;Freitag;der;;Substantiv;mask.;https://www.dwds.de/wb/Freitag;0.0;Nom;Sing;;;
A1;Freizeit;Freizeit;die;;Substantiv;fem.;https://www.dwds.de/wb/Freizeit;0.0;Nom;Sing;;;
B1;Fremdsprache;fremdsprache;die;;Substantiv;fem.;https://www.dwds.de/wb/Fremdsprache;0.0;Nom;Sing;;;
B1,BW1;Freude;Freude;die;(sich) freuen, du freust dich;Substantiv;fem.;https://www.dwds.de/wb/Freude;0.0;Nom;Sing;;;
A1,BW1;Freund;Freund;der;Freunde, Freundin, freundlich;Substantiv;mask.;https://www.dwds.de/wb/Freund;0.0;Nom;Sing;;;
A1;Freundin;Freundin;die;;Substantiv;fem.;https://www.dwds.de/wb/Freundin;0.0;Nom;Sing;;;
B1;Freundschaft;Freundschaft;die;;Substantiv;fem.;https://www.dwds.de/wb/Freundschaft;0.0;Nom;Sing;;;
B1;Friede;Friede;der;;Substantiv;mask.;https://www.dwds.de/wb/Friede;0.0;Nom;Sing;;;
B1;Frieden;Frieden;der;;Substantiv;mask.;https://www.dwds.de/wb/Frieden;0.0;Nom;Sing;;;
B1;Friseur;Friseur;der;;Substantiv;mask.;https://www.dwds.de/wb/Friseur;0.0;Nom;Sing;;;
B1;Frist;Frist;die;;Substantiv;fem.;https://www.dwds.de/wb/Frist;0.0;Nom;Sing;;;
B1;Frisur;Frisur;die;;Substantiv;fem.;https://www.dwds.de/wb/Frisur;0.0;Nom;Sing;;;
B1;Frisör;Frisör;der;;Substantiv;mask.;https://www.dwds.de/wb/Fris%C3%B6r;0.0;;;;;
BW1;Frosch;Frosch;der;Frösche;Substantiv;mask.;;;Nom;Sing;;;
B1,BW3;Frucht;Frucht;die;Früchte;Substantiv;fem.;https://www.dwds.de/wb/Frucht;0.0;Nom;Sing;;;
A1;Frühjahr;Frühjahr;das;;Substantiv;neut.;https://www.dwds.de/wb/Fr%C3%BChjahr;0.0;Nom;Sing;;;
A1,BW1;Frühling;Frühling;der;;Substantiv;mask.;https://www.dwds.de/wb/Fr%C3%BChling;0.0;Nom;Sing;;;
A1,BW3;Frühstück;Frühstück;das;;Substantiv;neut.;https://www.dwds.de/wb/Fr%C3%BChst%C3%BCck;0.0;Nom;Sing;;;
BW1;Fuchs;Fuchs;der;Füchse;Substantiv;mask.;;;Nom;Sing;;;
B1;Fundbüro;Fundbüro;das;;Substantiv;neut.;https://www.dwds.de/wb/Fundb%C3%BCro;0.0;Nom;Sing;;;
A2;Fundsache;Fundsach;die;;Substantiv;fem.;https://www.dwds.de/wb/Fundsache;0.0;Nom;Plur;;;
A1,BW1;Fuß;Fuß;der;Füße;Substantiv;mask.;https://www.dwds.de/wb/Fu%C3%9F;0.0;Nom;Sing;;;
A1,BW3;Fußball;Fußball;der;Fäuste;Substantiv;mask.;https://www.dwds.de/wb/Fu%C3%9Fball;0.0;Nom;Sing;;;
B1;Fußgänger;Fußgänger;der;;Substantiv;mask.;https://www.dwds.de/wb/Fu%C3%9Fg%C3%A4nger;0.0;Nom;Sing;;;
B1;Fußgängerin;Fußgängerin;die;;Substantiv;fem.;https://www.dwds.de/wb/Fu%C3%9Fg%C3%A4ngerin;0.0;Nom;Sing;;;
B1;Fußgängerzone;Fußgängerzone;die;;Substantiv;fem.;https://www.dwds.de/wb/Fu%C3%9Fg%C3%A4ngerzone;0.0;Nom;Sing;;;
B1;Fähigkeit;Fähigkeit;die;;Substantiv;fem.;https://www.dwds.de/wb/F%C3%A4higkeit;0.0;Nom;Sing;;;
B1;Fähre;Fähr;die;;Substantiv;fem.;https://www.dwds.de/wb/F%C3%A4hre;0.0;Nom;Plur;;;
B1;Führerausweis;Führerausweis;der;;Substantiv;mask.;https://www.dwds.de/wb/F%C3%BChrerausweis;0.0;Nom;Sing;;;
A2;Führerschein;Führerschein;der;;Substantiv;mask.;https://www.dwds.de/wb/F%C3%BChrerschein;0.0;Nom;Sing;;;
A1;Führung;Führung;die;;Substantiv;fem.;https://www.dwds.de/wb/F%C3%BChrung;0.0;Nom;Sing;;;
BW1;Füller;Füller;der;;Substantiv;mask.;;;Nom;Sing;;;
A2,BW1;Gabel;Gabel;die;;Substantiv;fem.;https://www.dwds.de/wb/Gabel;0.0;Nom;Sing;;;
B1;Galerie;Galerie;die;;Substantiv;fem.;https://www.dwds.de/wb/Galerie;0.0;Nom;Sing;;;
B1;Gang;Gang;der;;Substantiv;mask.;https://www.dwds.de/wb/Gang#1;0.0;Nom;Sing;;;
A2;Garage;Garage;die;;Substantiv;fem.;https://www.dwds.de/wb/Garage;0.0;Nom;Sing;;;
B1;Garantie;Garantie;die;;Substantiv;fem.;https://www.dwds.de/wb/Garantie;0.0;Nom;Sing;;;
B1;Garderobe;Garderobe;die;;Substantiv;fem.;https://www.dwds.de/wb/Garderobe;0.0;Nom;Sing;;;
A1,BW1;Garten;Garten;der;Gärten;Substantiv;mask.;https://www.dwds.de/wb/Garten;0.0;Nom;Sing;;;
B1;Gas;Gas;das;;Substantiv;neut.;https://www.dwds.de/wb/Gas;0.0;Nom;Sing;;;
A1,BW1;Gast;Gast;der;Gäste;Substantiv;mask.;https://www.dwds.de/wb/Gast#1;0.0;Nom;Sing;;;
B1;Gasthaus;Gasthaus;das;;Substantiv;;https://www.dwds.de/wb/Gasthaus;0.0;;;;;
B1;Gaststätte;Gaststätte;die;;Substantiv;fem.;https://www.dwds.de/wb/Gastst%C3%A4tte;0.0;Nom;Sing;;;
B1;Gebiet;Gebiet;das;;Substantiv;neut.;https://www.dwds.de/wb/Gebiet;0.0;Nom;Sing;;;
B1;Gebirge;Gebirge;das;;Substantiv;neut.;https://www.dwds.de/wb/Gebirge;0.0;Nom;Sing;;;
B1;Gebrauchsanweisung;Gebrauchsanweisung;die;;Substantiv;fem.;https://www.dwds.de/wb/Gebrauchsanweisung;0.0;Nom;Sing;;;
B1,BW3;Geburt;Geburt;die;;Substantiv;fem.;https://www.dwds.de/wb/Geburt;0.0;Nom;Sing;;;
A1;Geburtsjahr;Geburtsjahr;das;;Substantiv;neut.;https://www.dwds.de/wb/Geburtsjahr;0.0;Nom;Sing;;;
A1;Geburtsort;Geburtsort;der;;Substantiv;mask.;https://www.dwds.de/wb/Geburtsort;0.0;Nom;Sing;;;
A1,BW3;Geburtstag;Geburtstag;der;;Substantiv;mask.;https://www.dwds.de/wb/Geburtstag;0.0;Nom;Sing;;;
B1;Gebäck;Gebäck;das;;Substantiv;;https://www.dwds.de/wb/Geb%C3%A4ck;0.0;;;;;
B1,BW3;Gebäude;Gebäude;das;bauen;Substantiv;neut.;https://www.dwds.de/wb/Geb%C3%A4ude;0.0;Nom;Plur;;;
B1;Gebühr;Gebühr;die;;Substantiv;fem.;https://www.dwds.de/wb/Geb%C3%BChr;0.0;Nom;Sing;;;
B1;Gedanke;Gedanke;der;;Substantiv;mask.;https://www.dwds.de/wb/Gedanke;0.0;Nom;Sing;;;
B1;Gedicht;Gedicht;das;;Substantiv;neut.;https://www.dwds.de/wb/Gedicht;0.0;Nom;Sing;;;
B1;Geduld;Geduld;die;;Substantiv;fem.;https://www.dwds.de/wb/Geduld;0.0;Nom;Sing;;;
B1;Gefahr;Gefahr;die;;Substantiv;fem.;https://www.dwds.de/wb/Gefahr;0.0;Nom;Sing;;;
B1;Gefängnis;Gefängnis;das;;Substantiv;neut.;https://www.dwds.de/wb/Gef%C3%A4ngnis;0.0;Nom;Sing;;;
B1;Gefühl;Gefühl;das;;Substantiv;neut.;https://www.dwds.de/wb/Gef%C3%BChl;0.0;Nom;Sing;;;
B1;Gegend;gegend;die;;Substantiv;;https://www.dwds.de/wb/Gegend;0.0;;;Pos;;
B1;Gegensatz;Gegensatz;der;;Substantiv;mask.;https://www.dwds.de/wb/Gegensatz;0.0;Nom;Sing;;;
B1;Gegenstand;Gegenstand;der;;Substantiv;mask.;https://www.dwds.de/wb/Gegenstand;0.0;Nom;Sing;;;
A2;Gegenteil;Gegenteil;das;;Substantiv;neut.;https://www.dwds.de/wb/Gegenteil;0.0;Nom;Sing;;;
B1;Gegner;Gegner;der;;Substantiv;mask.;https://www.dwds.de/wb/Gegner;0.0;Nom;Plur;;;
A2;Gehalt;Gehalt;das;;Substantiv;neut.;https://www.dwds.de/wb/Gehalt#2;0.0;Nom;Sing;;;
B1,BW3;Geheimnis;Geheimnis;das;;Substantiv;neut.;https://www.dwds.de/wb/Geheimnis;0.0;Nom;Sing;;;
B1;Gehsteig;Gehsteig;der;;Substantiv;mask.;https://www.dwds.de/wb/Gehsteig;0.0;Nom;Sing;;;
A1,BW3;Geld;Geld;das;Gelder;Substantiv;neut.;https://www.dwds.de/wb/Geld;0.0;Nom;Sing;;;
B1;Geldautomat;Geldautomat;der;;Substantiv;mask.;https://www.dwds.de/wb/Geldautomat;0.0;Nom;Sing;;;
A2;Geldbörse;Geldbörse;die;;Substantiv;fem.;https://www.dwds.de/wb/Geldb%C3%B6rse;0.0;Nom;Sing;;;
B1;Gelegenheit;Gelegenheit;die;;Substantiv;fem.;https://www.dwds.de/wb/Gelegenheit;0.0;Nom;Sing;;;
B1;Gemeinschaft;Gemeinschaft;die;;Substantiv;fem.;https://www.dwds.de/wb/Gemeinschaft;0.0;Nom;Sing;;;
A1,BW1;Gemüse;Gemüse;das;;Substantiv;neut.;https://www.dwds.de/wb/Gem%C3%BCse;0.0;Nom;Sing;;;
B1;Generation;Generation;die;;Substantiv;fem.;https://www.dwds.de/wb/Generation;0.0;Nom;Sing;;;
A1;Gepäck;Gepäck;das;;Substantiv;neut.;https://www.dwds.de/wb/Gep%C3%A4ck;0.0;Nom;Sing;;;
A2;Gericht;Gericht;das;;Substantiv;neut.;https://www.dwds.de/wb/Gericht#1;0.0;Nom;Sing;;;
A2;Gerät;Gerät;das;;Substantiv;neut.;https://www.dwds.de/wb/Ger%C3%A4t;0.0;Nom;Sing;;;
A1,BW1;Geschenk;Geschenk;das;schenken;Substantiv;neut.;https://www.dwds.de/wb/Geschenk;0.0;Nom;Sing;;;
A2;Geschichte;Geschichte;die;;Substantiv;fem.;https://www.dwds.de/wb/Geschichte;0.0;Nom;Sing;;;
A2;Geschirr;Geschirr;das;;Substantiv;neut.;https://www.dwds.de/wb/Geschirr#1;0.0;Nom;Sing;;;
B1;Geschlecht;Geschlecht;das;;Substantiv;neut.;https://www.dwds.de/wb/Geschlecht;0.0;Nom;Sing;;;
B1;Geschmack;Geschmack;der;;Substantiv;mask.;https://www.dwds.de/wb/Geschmack;0.0;Nom;Sing;;;
B1;Geschwindigkeit;Geschwindigkeit;die;;Substantiv;fem.;https://www.dwds.de/wb/Geschwindigkeit;0.0;Nom;Sing;;;
B1;Geschwindigkeitsbeschränkung;Geschwindigkeitsbeschränkung;die;;Substantiv;fem.;https://www.dwds.de/wb/Geschwindigkeitsbeschr%C3%A4nkung;0.0;Nom;Sing;;;
A1;Geschwister;Geschwister;das;;Substantiv;neut.;https://www.dwds.de/wb/Geschwister;0.0;Nom;Sing;;;
A1;Geschäft;Geschäft;das;;Substantiv;neut.;https://www.dwds.de/wb/Gesch%C3%A4ft;0.0;Nom;Sing;;;
B1;Gesellschaft;Gesellschaft;die;;Substantiv;fem.;https://www.dwds.de/wb/Gesellschaft;0.0;Nom;Sing;;;
B1;Gesetz;Gesetz;das;;Substantiv;neut.;https://www.dwds.de/wb/Gesetz;0.0;Nom;Sing;;;
BW1;Gesicht;Gesicht;das;Gesichter;Substantiv;neut.;;;Nom;Sing;;;
A1;Gespräch;Gespräch;das;;Substantiv;neut.;https://www.dwds.de/wb/Gespr%C3%A4ch;0.0;Nom;Sing;;;
A2;Gesundheit;Gesundheit;die;;Substantiv;fem.;https://www.dwds.de/wb/Gesundheit;0.0;Nom;Sing;;;
A1;Getränk;Getränk;das;;Substantiv;neut.;https://www.dwds.de/wb/Getr%C3%A4nk;0.0;Nom;Sing;;;
B1;Gewalt;Gewalt;die;;Substantiv;fem.;https://www.dwds.de/wb/Gewalt;0.0;Nom;Sing;;;
B1;Gewerkschaft;Gewerkschaft;die;;Substantiv;fem.;https://www.dwds.de/wb/Gewerkschaft;0.0;Nom;Sing;;;
A1;Gewicht;Gewicht;das;;Substantiv;neut.;https://www.dwds.de/wb/Gewicht;0.0;Nom;Sing;;;
B1;Gewinn;Gewinn;der;;Substantiv;mask.;https://www.dwds.de/wb/Gewinn;0.0;Nom;Sing;;;
B1;Gewissen;Gewissen;das;;Substantiv;neut.;https://www.dwds.de/wb/Gewissen;0.0;Nom;Sing;;;
A2;Gewitter;Gewitter;das;;Substantiv;neut.;https://www.dwds.de/wb/Gewitter;0.0;Nom;Sing;;;
B1;Gewohnheit;Gewohnheit;die;;Substantiv;fem.;https://www.dwds.de/wb/Gewohnheit;0.0;Nom;Sing;;;
B1;Gewürz;Gewürz;das;;Substantiv;neut.;https://www.dwds.de/wb/Gew%C3%BCrz;0.0;Nom;Sing;;;
B1;Gift;Gift;das;;Substantiv;neut.;https://www.dwds.de/wb/Gift#1;0.0;Nom;Sing;;;
B1;Girokonto;Girokonto;das;;Substantiv;neut.;https://www.dwds.de/wb/Girokonto;0.0;Nom;Sing;;;
A2;Gitarre;Gitarre;die;;Substantiv;fem.;https://www.dwds.de/wb/Gitarre;0.0;Nom;Sing;;;
B1;Glace;Glace;die;;Substantiv;;https://www.dwds.de/wb/Glace#1;0.0;;;;;
B1;Glacé;Glacé;die;;Substantiv;fem.;https://www.dwds.de/wb/Glac%C3%A9;0.0;Nom;Sing;;;
A1,BW1;Glas;Glas;das;Gläser;Substantiv;neut.;https://www.dwds.de/wb/Glas#1;0.0;Nom;Sing;;;
A1;Gleis;gleis;das;;Substantiv;neut.;https://www.dwds.de/wb/Gleis;0.0;Nom;Sing;;;
A1;Glück;Glück;das;;Substantiv;neut.;https://www.dwds.de/wb/Gl%C3%BCck;0.0;Nom;Sing;;;
A1;Glückwunsch;Glückwunsch;der;;Substantiv;mask.;https://www.dwds.de/wb/Gl%C3%BCckwunsch;0.0;Nom;Sing;;;
B1;Gold;Gold;das;;Substantiv;neut.;https://www.dwds.de/wb/Gold;0.0;Nom;Sing;;;
B1;Golf;Golf;das;;Substantiv;neut.;https://www.dwds.de/wb/Golf#2;0.0;Nom;Sing;;;
B1;Gott;Gott;der;;Substantiv;mask.;https://www.dwds.de/wb/Gott;0.0;Nom;Sing;;;
A1;Grad;Grad;der;;Substantiv;;https://www.dwds.de/wb/Grad;0.0;;;Pos;;
B1;Grafik;Grafik;die;;Substantiv;fem.;https://www.dwds.de/wb/Grafik;0.0;Nom;Sing;;;
A1;Gramm;Gramm;das;;Substantiv;neut.;https://www.dwds.de/wb/Gramm;0.0;Nom;Sing;;;
B1;Graphik;Graphik;die;;Substantiv;fem.;https://www.dwds.de/wb/Graphik;0.0;Nom;Sing;;;
B1,BW1,BW3;Gras;gras;das;Gräser;Substantiv;neut.;https://www.dwds.de/wb/Gras;0.0;Nom;Sing;;;
B1;Gratulation;Gratulation;die;;Substantiv;fem.;https://www.dwds.de/wb/Gratulation;0.0;Nom;Sing;;;
B1;Grenze;Grenze;die;;Substantiv;fem.;https://www.dwds.de/wb/Grenze;0.0;Nom;Sing;;;
B1;Grill;Grill;der;;Substantiv;;https://www.dwds.de/wb/Grill;0.0;;;;;
A2;Grippe;Grippe;die;;Substantiv;fem.;https://www.dwds.de/wb/Grippe;0.0;Nom;Sing;;;
A1;Großeltern;Großelter;;;Substantiv;neut.;https://www.dwds.de/wb/Gro%C3%9Feltern;1.0;Nom;Plur;;;
A1;Großmutter;Großmutter;die;;Substantiv;fem.;https://www.dwds.de/wb/Gro%C3%9Fmutter;0.0;Nom;Sing;;;
A1;Großvater;Großvater;der;;Substantiv;mask.;https://www.dwds.de/wb/Gro%C3%9Fvater;0.0;Nom;Sing;;;
B1;Grund;Grund;der;;Substantiv;mask.;https://www.dwds.de/wb/Grund;0.0;Nom;Sing;;;
B1;Grundstück;Grundstück;das;;Substantiv;neut.;https://www.dwds.de/wb/Grundst%C3%BCck;0.0;Nom;Sing;;;
A1;Gruppe;Gruppe;die;;Substantiv;fem.;https://www.dwds.de/wb/Gruppe;0.0;Nom;Sing;;;
A1,BW3;Gruß;Gruß;der;Grüße, grüßen, begrüßen;Substantiv;mask.;https://www.dwds.de/wb/Gru%C3%9F;0.0;Nom;Sing;;;
A1;Größe;Größe;die;;Substantiv;fem.;https://www.dwds.de/wb/Gr%C3%B6%C3%9Fe;0.0;Nom;Sing;;;
B1;Gymnastik;Gymnastik;die;;Substantiv;fem.;https://www.dwds.de/wb/Gymnastik;0.0;Nom;Sing;;;
A1,BW3;Haar;Haar;das;;Substantiv;neut.;https://www.dwds.de/wb/Haar;0.0;Nom;Sing;;;
B1;Hackfleisch;hackfleisch;das;;Substantiv;;https://www.dwds.de/wb/Hackfleisch;0.0;;;Pos;;
B1;Hafen;Hafen;der;;Substantiv;mask.;https://www.dwds.de/wb/Hafen#1;0.0;Nom;Sing;;;
BW3;Hai;Hai;der;Haie;Substantiv;mask.;;;Nom;Sing;;;
A1;Halbpension;Halbpension;die;;Substantiv;fem.;https://www.dwds.de/wb/Halbpension;0.0;Nom;Sing;;;
A1;Halle;Halle;die;;Substantiv;fem.;https://www.dwds.de/wb/Halle;0.0;Nom;Sing;;;
B1;Hallenbad;Hallenbad;das;;Substantiv;neut.;https://www.dwds.de/wb/Hallenbad;0.0;Nom;Sing;;;
A2,BW3;Hals;Hals;der;Hälse;Substantiv;mask.;https://www.dwds.de/wb/Hals#1;0.0;Nom;Sing;;;
B1;Halt;Halt;der;;Substantiv;mask.;https://www.dwds.de/wb/Halt;0.0;Nom;Sing;;;
A1;Haltestelle;Haltestelle;die;;Substantiv;fem.;https://www.dwds.de/wb/Haltestelle;0.0;Nom;Sing;;;
A2;Hamburger;Hamburger;der;;Substantiv;;https://www.dwds.de/wb/Hamburger#3;0.0;;;Pos;;
B1;Hammer;Hammer;der;;Substantiv;mask.;https://www.dwds.de/wb/Hammer;0.0;Nom;Sing;;;
BW1;Hamster;Hamster;der;;Substantiv;mask.;;;Nom;Sing;;;
A1,BW3;Hand;Hand;die;Hände;Substantiv;fem.;https://www.dwds.de/wb/Hand;0.0;Nom;Sing;;;
B1;Handel;Handel;der;;Substantiv;mask.;https://www.dwds.de/wb/Handel#1;0.0;Nom;Sing;;;
A2;Handtuch;Handtuch;das;;Substantiv;neut.;https://www.dwds.de/wb/Handtuch;0.0;Nom;Sing;;;
B1;Handwerker;Handwerker;der;;Substantiv;mask.;https://www.dwds.de/wb/Handwerker;0.0;Nom;Sing;;;
A1,BW1;Handy;Handy;das;Handys;Substantiv;neut.;https://www.dwds.de/wb/Handy;0.0;Nom;Sing;;;
BW1;Hase;Hase;der;;Substantiv;mask.;;;Nom;Sing;;;
B1;Hauptbahnhof;Hauptbahnhof;der;;Substantiv;mask.;https://www.dwds.de/wb/Hauptbahnhof;0.0;Nom;Sing;;;
A2;Hauptstadt;Hauptstadt;die;;Substantiv;fem.;https://www.dwds.de/wb/Hauptstadt;0.0;Nom;Sing;;;
A1,BW1;Haus;Haus;das;Häuser;Substantiv;neut.;https://www.dwds.de/wb/Haus;0.0;Nom;Sing;;;
A1;Hausaufgabe;Hausaufgabe;die;;Substantiv;fem.;https://www.dwds.de/wb/Hausaufgabe;0.0;Nom;Sing;;;
A1;Hausfrau;Hausfrau;die;;Substantiv;fem.;https://www.dwds.de/wb/Hausfrau;0.0;Nom;Sing;;;
A2;Haushalt;Haushalt;der;;Substantiv;mask.;https://www.dwds.de/wb/Haushalt;0.0;Nom;Sing;;;
A1;Hausmann;Hausmann;der;;Substantiv;mask.;https://www.dwds.de/wb/Hausmann;0.0;Nom;Sing;;;
B1;Hausmeister;Hausmeister;der;;Substantiv;mask.;https://www.dwds.de/wb/Hausmeister;0.0;Nom;Sing;;;
B1;Hausmeisterin;Hausmeisterin;die;;Substantiv;fem.;https://www.dwds.de/wb/Hausmeisterin;0.0;Nom;Sing;;;
B1;Haustier;Haustier;das;;Substantiv;neut.;https://www.dwds.de/wb/Haustier;0.0;Nom;Sing;;;
B1,BW3;Haut;Haut;die;Häute;Substantiv;fem.;https://www.dwds.de/wb/Haut;0.0;;;;;
A2;Heft;Heft;das;;Substantiv;neut.;https://www.dwds.de/wb/Heft#1;0.0;Nom;Sing;;;
B1;Heim;Heim;das;;Substantiv;neut.;https://www.dwds.de/wb/Heim;0.0;Nom;Sing;;;
A1;Heimat;Heimat;die;;Substantiv;fem.;https://www.dwds.de/wb/Heimat;0.0;Nom;Sing;;;
B1;Heimweh;Heimweh;das;;Substantiv;neut.;https://www.dwds.de/wb/Heimweh;0.0;Nom;Sing;;;
A2,BW3;Heizung;Heizung;die;heizen;Substantiv;fem.;https://www.dwds.de/wb/Heizung;0.0;Nom;Sing;;;
B1;Held;Held;der;;Substantiv;mask.;https://www.dwds.de/wb/Held;0.0;Nom;Sing;;;
B1;Heldin;Heldin;die;;Substantiv;fem.;https://www.dwds.de/wb/Heldin;0.0;Nom;Sing;;;
A2;Hemd;Hemd;das;;Substantiv;neut.;https://www.dwds.de/wb/Hemd;0.0;Nom;Sing;;;
B1;Henderl;Henderl;das;;Substantiv;neut.;https://www.dwds.de/wb/Henderl;0.0;;;;;
B1;Hendl;Hendl;das;;Substantiv;neut.;https://www.dwds.de/wb/Hendl;0.0;Nom;Sing;;;
B1;Herausforderung;Herausforderung;die;;Substantiv;fem.;https://www.dwds.de/wb/Herausforderung;0.0;Nom;Sing;;;
A1,BW1;Herbst;Herbst;der;;Substantiv;mask.;https://www.dwds.de/wb/Herbst;0.0;Nom;Sing;;;
A1;Herd;Herd;der;;Substantiv;mask.;https://www.dwds.de/wb/Herd;0.0;Nom;Sing;;;
B1;Herkunft;Herkunft;die;;Substantiv;fem.;https://www.dwds.de/wb/Herkunft;0.0;Nom;Sing;;;
A1,BW3;Herr;Herr;der;;Substantiv;mask.;https://www.dwds.de/wb/Herr;0.0;Nom;Sing;;;
B1;Hersteller;Hersteller;der;;Substantiv;mask.;https://www.dwds.de/wb/Hersteller;0.0;Nom;Sing;;;
B1,BW1;Herz;Herz;das;herzlich;Substantiv;neut.;https://www.dwds.de/wb/Herz;0.0;Nom;Sing;;;
BW1;Hexe;Hexe;die;;Substantiv;fem.;;;Nom;Sing;;;
A1;Hilfe;Hilfe;die;;Substantiv;fem.;https://www.dwds.de/wb/Hilfe;0.0;Nom;Sing;;;
A2,BW1;Himmel;Himmel;der;;Substantiv;mask.;https://www.dwds.de/wb/Himmel;0.0;Nom;Sing;;;
B1;Hinweis;Hinweis;der;;Substantiv;mask.;https://www.dwds.de/wb/Hinweis;0.0;Nom;Sing;;;
B1,BW1;Hitze;Hitze;die;;Substantiv;fem.;https://www.dwds.de/wb/Hitze;0.0;Nom;Sing;;;
A1,BW3;Hobby;Hobby;das;Hobbys;Substantiv;;https://www.dwds.de/wb/Hobby;0.0;;;;;
A1;Hochzeit;Hochzeit;die;;Substantiv;fem.;https://www.dwds.de/wb/Hochzeit#1;0.0;Nom;Sing;;;
B1;Hof;Hof;der;;Substantiv;mask.;https://www.dwds.de/wb/Hof;0.0;Nom;Sing;;;
B1;Hoffnung;Hoffnung;die;;Substantiv;fem.;https://www.dwds.de/wb/Hoffnung;0.0;Nom;Sing;;;
B1;Holz;Holz;das;;Substantiv;neut.;https://www.dwds.de/wb/Holz;0.0;Nom;Sing;;;
A2;Homepage;Homepage;die;;Substantiv;fem.;https://www.dwds.de/wb/Homepage;0.0;Nom;Sing;;;
B1;Honig;Honig;der;;Substantiv;mask.;https://www.dwds.de/wb/Honig;0.0;Nom;Sing;;;
A2,BW1;Hose;hose;die;;Substantiv;fem.;https://www.dwds.de/wb/Hose;0.0;Nom;Sing;;;
A1;Hotel;Hotel;das;;Substantiv;neut.;https://www.dwds.de/wb/Hotel;0.0;Nom;Sing;;;
BW3;Huhn;huhn;das;Hühner;Substantiv;neut.;;;;;;;
B1;Humor;Humor;der;;Substantiv;mask.;https://www.dwds.de/wb/Humor;0.0;Acc;Sing;;;
A1,BW1;Hund;Hund;der;Hunde;Substantiv;mask.;https://www.dwds.de/wb/Hund#1;0.0;Nom;Sing;;;
A1,BW1;Hunger;Hunger;der;hungrig;Substantiv;mask.;https://www.dwds.de/wb/Hunger;0.0;Nom;Sing;;;
B1;Husten;Hust;der;;Substantiv;mask.;https://www.dwds.de/wb/Husten;0.0;Nom;Plur;;;
B1;Hut;Hut;der;;Substantiv;mask.;https://www.dwds.de/wb/Hut#1;0.0;Nom;Sing;;;
A1;Hähnchen;hähnchen;das;;Substantiv;neut.;https://www.dwds.de/wb/H%C3%A4hnchen;0.0;Nom;Sing;;;
B1;Hälfte;Hälfte;die;;Substantiv;fem.;https://www.dwds.de/wb/H%C3%A4lfte;0.0;Nom;Sing;;;
A2;Händetuch;Händetuch;das;;Substantiv;neut.;https://www.dwds.de/wb/H%C3%A4ndetuch;0.0;Nom;Sing;;;
B1;Händler;Händler;der;;Substantiv;mask.;https://www.dwds.de/wb/H%C3%A4ndler;0.0;Nom;Plur;;;
B1;Händlerin;Händlerin;die;;Substantiv;fem.;https://www.dwds.de/wb/H%C3%A4ndlerin;0.0;Nom;Sing;;;
B1;Höhe;Höhe;die;;Substantiv;fem.;https://www.dwds.de/wb/H%C3%B6he;0.0;Nom;Sing;;;
BW3;Höhle;Höhle;die;hohl;Substantiv;fem.;;;Nom;Sing;;;
B1;Hörer;Hörer;der;;Substantiv;mask.;https://www.dwds.de/wb/H%C3%B6rer;0.0;Nom;Sing;;;
B1;Hörerin;Hörerin;die;;Substantiv;fem.;https://www.dwds.de/wb/H%C3%B6rerin;0.0;Nom;Sing;;;
B1;Hügel;Hügel;der;;Substantiv;mask.;https://www.dwds.de/wb/H%C3%BCgel;0.0;Nom;Sing;;;
B1;Hühnchen;hühnch;das;;Substantiv;neut.;https://www.dwds.de/wb/H%C3%BChnchen;0.0;Nom;Sing;;;
B1;Hütte;Hütte;die;;Substantiv;fem.;https://www.dwds.de/wb/H%C3%BCtte#1;0.0;Nom;Sing;;;
A2;Idee;Idee;die;;Substantiv;fem.;https://www.dwds.de/wb/Idee;0.0;Nom;Sing;;;
BW3;Igel;Igel;der;;Substantiv;mask.;;;Nom;Sing;;;
B1;Imbiss;Imbiss;der;;Substantiv;;https://www.dwds.de/wb/Imbiss;0.0;;;;;
BW3;Impfung;Impfung;die;impfen;Substantiv;fem.;;;Nom;Sing;;;
B1;Import;Import;der;;Substantiv;mask.;https://www.dwds.de/wb/Import;0.0;Nom;Sing;;;
B1;Industrie;Industrie;die;;Substantiv;fem.;https://www.dwds.de/wb/Industrie;0.0;Nom;Sing;;;
B1;Infektion;Infektion;die;;Substantiv;fem.;https://www.dwds.de/wb/Infektion;0.0;Nom;Sing;;;
A1;Information;Information;die;;Substantiv;fem.;https://www.dwds.de/wb/Information;0.0;Nom;Sing;;;
B1;Ingenieur;Ingenieur;der;;Substantiv;mask.;https://www.dwds.de/wb/Ingenieur;0.0;Nom;Sing;;;
B1;Inhalt;Inhalt;der;;Substantiv;mask.;https://www.dwds.de/wb/Inhalt;0.0;Nom;Sing;;;
A2,BW1;Insel;Insel;die;;Substantiv;fem.;https://www.dwds.de/wb/Insel;0.0;Nom;Sing;;;
B1;Inserat;Inserat;das;;Substantiv;neut.;https://www.dwds.de/wb/Inserat;0.0;Nom;Sing;;;
B1;Institut;Institut;das;;Substantiv;neut.;https://www.dwds.de/wb/Institut;0.0;Nom;Sing;;;
A2;Instrument;Instrument;das;;Substantiv;neut.;https://www.dwds.de/wb/Instrument;0.0;Nom;Sing;;;
B1;Integration;Integration;die;;Substantiv;fem.;https://www.dwds.de/wb/Integration;0.0;Nom;Sing;;;
B1;Intelligenz;Intelligenz;die;;Substantiv;fem.;https://www.dwds.de/wb/Intelligenz;0.0;Nom;Sing;;;
B1;Intensivkurs;Intensivkurs;der;;Substantiv;mask.;https://www.dwds.de/wb/Intensivkurs;0.0;Nom;Sing;;;
A2;Interesse;Interesse;das;;Substantiv;neut.;https://www.dwds.de/wb/Interesse;0.0;Nom;Sing;;;
A1;Internet;Internet;das;;Substantiv;neut.;https://www.dwds.de/wb/Internet;0.0;Nom;Sing;;;
A2;Interview;Interview;das;;Substantiv;neut.;https://www.dwds.de/wb/Interview;0.0;Nom;Sing;;;
A1,BW1;Jacke;Jack;die;;Substantiv;fem.;https://www.dwds.de/wb/Jacke;0.0;Nom;Sing;;;
A1,BW3;Jahr;Jahr;das;jährlich;Substantiv;neut.;https://www.dwds.de/wb/Jahr;0.0;Nom;Sing;;;
A1,BW1;Januar;Januar;der;;Substantiv;mask.;https://www.dwds.de/wb/Januar;0.0;Nom;Sing;;;
B1;Jause;Jause;die;;Substantiv;fem.;https://www.dwds.de/wb/Jause;0.0;Nom;Sing;;;
A2;Jeans;Jean;die;;Substantiv;fem.;https://www.dwds.de/wb/Jeans;0.0;Nom;Plur;;;
A1;Job;Job;der;;Substantiv;mask.;https://www.dwds.de/wb/Job;0.0;Acc;Sing;;;
B1;Journalist;Journalist;der;;Substantiv;mask.;https://www.dwds.de/wb/Journalist;0.0;Nom;Sing;;;
B1;Journalistin;Journalistin;die;;Substantiv;fem.;https://www.dwds.de/wb/Journalistin;0.0;Nom;Sing;;;
B1;Jugend;Jugend;die;;Substantiv;fem.;https://www.dwds.de/wb/Jugend;0.0;Nom;Sing;;;
A2;Jugendherberge;Jugendherberge;die;;Substantiv;fem.;https://www.dwds.de/wb/Jugendherberge;0.0;Nom;Sing;;;
A1;Jugendliche;jugendliche;;;Substantiv;fem., mask.;https://www.dwds.de/wb/Jugendliche;0.0;Nom;Plur;;;
A1,BW1;Juli;Juli;der;;Substantiv;mask.;https://www.dwds.de/wb/Juli;0.0;Acc;Sing;;;
A1,BW1;Junge;jung;der;jung;Substantiv;mask.;https://www.dwds.de/wb/Junge#1;0.0;Nom;Sing;;;
A1,BW1;Juni;Juni;der;;Substantiv;mask.;https://www.dwds.de/wb/Juni;0.0;Nom;Sing;;;
B1;Kabel;Kabel;das;;Substantiv;neut.;https://www.dwds.de/wb/Kabel;0.0;Nom;Plur;;;
B1;Kabine;Kabine;die;;Substantiv;fem.;https://www.dwds.de/wb/Kabine;0.0;Nom;Sing;;;
A1;Kaffee;Kaffee;der;;Substantiv;mask.;https://www.dwds.de/wb/Kaffee#1;0.0;Nom;Sing;;;
B1;Kaffeehaus;Kaffeehaus;das;;Substantiv;;https://www.dwds.de/wb/Kaffeehaus;0.0;;;;;
BW3;Kaiser;Kaiser;der;;Substantiv;mask.;;;Nom;Sing;;;
B1;Kakao;Kakao;der;;Substantiv;mask.;https://www.dwds.de/wb/Kakao;0.0;Nom;Sing;;;
A2;Kalender;Kalender;der;;Substantiv;mask.;https://www.dwds.de/wb/Kalender;0.0;Nom;Sing;;;
A2;Kamera;Kamera;die;;Substantiv;fem.;https://www.dwds.de/wb/Kamera;0.0;Nom;Sing;;;
B1;Kampf;Kampf;der;;Substantiv;mask.;https://www.dwds.de/wb/Kampf;0.0;Nom;Sing;;;
B1;Kanal;Kanal;der;;Substantiv;mask.;https://www.dwds.de/wb/Kanal;0.0;Nom;Sing;;;
B1;Kandidat;Kandidat;der;;Substantiv;mask.;https://www.dwds.de/wb/Kandidat;0.0;Nom;Sing;;;
B1;Kanne;Kanne;die;;Substantiv;fem.;https://www.dwds.de/wb/Kanne;0.0;Nom;Sing;;;
B1;Kantine;Kantine;die;;Substantiv;fem.;https://www.dwds.de/wb/Kantine;0.0;Nom;Sing;;;
B1;Kapitel;Kapitel;das;;Substantiv;neut.;https://www.dwds.de/wb/Kapitel;0.0;Nom;Sing;;;
B1;Karneval;Karneval;der;;Substantiv;mask.;https://www.dwds.de/wb/Karneval;0.0;Nom;Sing;;;
B1;Karotte;Karotte;die;;Substantiv;fem.;https://www.dwds.de/wb/Karotte;0.0;Nom;Sing;;;
B1;Karriere;Karriere;die;;Substantiv;fem.;https://www.dwds.de/wb/Karriere;0.0;Nom;Sing;;;
A1,BW1;Karte;Karte;die;;Substantiv;fem.;https://www.dwds.de/wb/Karte;0.0;Nom;Sing;;;
A1;Kartoffel;Kartoffel;die;;Substantiv;fem.;https://www.dwds.de/wb/Kartoffel;0.0;Nom;Sing;;;
A1;Kasse;Kasse;die;;Substantiv;fem.;https://www.dwds.de/wb/Kasse;0.0;Nom;Sing;;;
B1;Kassette;Kassette;die;;Substantiv;fem.;https://www.dwds.de/wb/Kassette;0.0;Nom;Sing;;;
B1;Kasten;Kasten;der;;Substantiv;mask.;https://www.dwds.de/wb/Kasten;0.0;Nom;Sing;;;
B1;Katalog;Katalog;der;;Substantiv;mask.;https://www.dwds.de/wb/Katalog;0.0;Nom;Sing;;;
B1;Katastrophe;Katastrophe;die;;Substantiv;fem.;https://www.dwds.de/wb/Katastrophe;0.0;Nom;Sing;;;
BW1;Kater;Kater;der;;Substantiv;mask.;;;Nom;Sing;;;
A2,BW1;Katze;Katze;die;;Substantiv;fem.;https://www.dwds.de/wb/Katze;0.0;Nom;Sing;;;
B1;Kauf;Kauf;der;;Substantiv;mask.;https://www.dwds.de/wb/Kauf;0.0;Nom;Sing;;;
A2;Kaufhaus;Kaufhaus;das;;Substantiv;neut.;https://www.dwds.de/wb/Kaufhaus;0.0;Nom;Sing;;;
A2;Keller;Keller;der;;Substantiv;mask.;https://www.dwds.de/wb/Keller;0.0;Nom;Sing;;;
B1;Kellner;Kellner;der;;Substantiv;mask.;https://www.dwds.de/wb/Kellner;0.0;Nom;Plur;;;
B1;Kellnerin;Kellnerin;die;;Substantiv;fem.;https://www.dwds.de/wb/Kellnerin;0.0;Nom;Sing;;;
A2;Kenntnis;Kenntnis;die;;Substantiv;fem.;https://www.dwds.de/wb/Kenntnis;0.0;Nom;Sing;;;
B1;Kennzeichen;Kennzeichen;das;;Substantiv;neut.;https://www.dwds.de/wb/Kennzeichen;0.0;Nom;Sing;;;
B1,BW1;Kerze;Kerze;die;;Substantiv;fem.;https://www.dwds.de/wb/Kerze;0.0;Acc;Sing;;;
A2;Kette;Kette;die;;Substantiv;fem.;https://www.dwds.de/wb/Kette;0.0;Nom;Sing;;;
A1;Kilo;Kilo;das;;Substantiv;neut.;https://www.dwds.de/wb/Kilo;0.0;Nom;Sing;;;
A1;Kilogramm;Kilogramm;das;;Substantiv;neut.;https://www.dwds.de/wb/Kilogramm;0.0;Nom;Sing;;;
A1;Kilometer;Kilometer;der;;Substantiv;mask.;https://www.dwds.de/wb/Kilometer;0.0;Nom;Sing;;;
A1,BW1;Kind;Kind;das;Kinder;Substantiv;neut.;https://www.dwds.de/wb/Kind;0.0;Nom;Sing;;;
A1;Kindergarten;Kindergart;der;;Substantiv;mask.;https://www.dwds.de/wb/Kindergarten;0.0;Nom;Plur;;;
B1;Kindheit;Kindheit;die;;Substantiv;fem.;https://www.dwds.de/wb/Kindheit;0.0;Nom;Sing;;;
A1,BW3;Kino;Kino;das;;Substantiv;neut.;https://www.dwds.de/wb/Kino;0.0;Nom;Sing;;;
A1;Kiosk;Kiosk;der;;Substantiv;mask.;https://www.dwds.de/wb/Kiosk;0.0;Nom;Sing;;;
A2,BW1;Kirche;Kirche;die;;Substantiv;fem.;https://www.dwds.de/wb/Kirche;0.0;Nom;Sing;;;
BW1;Kirsche;Kirsch;die;;Substantiv;fem.;;;Nom;Plur;;;
B1,BW1;Kissen;Kissen;das;;Substantiv;neut.;https://www.dwds.de/wb/Kissen;0.0;Nom;Sing;;;
B1;Kiste;kiste;die;;Substantiv;fem.;https://www.dwds.de/wb/Kiste;0.0;Nom;Sing;;;
A1,BW1;Klasse;Klasse;die;;Substantiv;fem.;https://www.dwds.de/wb/Klasse;0.0;Nom;Sing;;;
B1;Klassenarbeit;Klassenarbeit;die;;Substantiv;fem.;https://www.dwds.de/wb/Klassenarbeit;0.0;Nom;Sing;;;
A2;Klavier;klavier;das;;Substantiv;;https://www.dwds.de/wb/Klavier;0.0;;;;;
A2,BW1;Kleid;Kleid;das;Kleider, Kleidung;Substantiv;neut.;https://www.dwds.de/wb/Kleid;0.0;Nom;Sing;;;
A1,BW3;Kleidung;Kleidung;die;Kleid, Kleider;Substantiv;fem.;https://www.dwds.de/wb/Kleidung;0.0;Nom;Sing;;;
B1;Klick;Klick;;;Substantiv;mask.;https://www.dwds.de/wb/Klick;0.0;Nom;Sing;;;
B1;Klima;Klima;das;;Substantiv;neut.;https://www.dwds.de/wb/Klima;0.0;Nom;Sing;;;
B1;Klimaanlage;Klimaanlage;die;;Substantiv;fem.;https://www.dwds.de/wb/Klimaanlage;0.0;Nom;Sing;;;
B1;Klingel;Klingel;die;;Substantiv;fem.;https://www.dwds.de/wb/Klingel;0.0;Nom;Sing;;;
B1;Klinik;Klinik;die;;Substantiv;fem.;https://www.dwds.de/wb/Klinik;0.0;Nom;Sing;;;
B1;Kloß;Kloß;der;;Substantiv;mask.;https://www.dwds.de/wb/Klo%C3%9F;0.0;Nom;Sing;;;
A2;Klub;Klub;der;;Substantiv;mask.;https://www.dwds.de/wb/Klub;0.0;Nom;Sing;;;
B1;Kneipe;Kneipe;die;;Substantiv;fem.;https://www.dwds.de/wb/Kneipe;0.0;Nom;Sing;;;
B1,BW1;Knie;Knie;das;knien;Substantiv;neut.;https://www.dwds.de/wb/Knie;0.0;Nom;Sing;;;
B1;Knochen;Knochen;der;;Substantiv;mask.;https://www.dwds.de/wb/Knochen;0.0;Acc;Plur;;;
B1,BW1;Knopf;Knopf;der;Knöpfe;Substantiv;mask.;https://www.dwds.de/wb/Knopf;0.0;Nom;Sing;;;
B1;Knödel;Knödel;der;;Substantiv;mask.;https://www.dwds.de/wb/Kn%C3%B6del;0.0;Nom;Sing;;;
B1;Koch;Koch;der;;Substantiv;mask.;https://www.dwds.de/wb/Koch#1;0.0;Nom;Sing;;;
A1,BW1;Koffer;Koffer;der;;Substantiv;mask.;https://www.dwds.de/wb/Koffer;0.0;Nom;Sing;;;
A1;Kollege;Kollege;der;;Substantiv;mask.;https://www.dwds.de/wb/Kollege;0.0;Nom;Sing;;;
A2;Kollegin;Kollegin;die;;Substantiv;fem.;https://www.dwds.de/wb/Kollegin;0.0;Nom;Sing;;;
B1;Kommunikation;Kommunikation;die;;Substantiv;fem.;https://www.dwds.de/wb/Kommunikation;0.0;Nom;Sing;;;
B1;Kompromiss;Kompromiss;der;;Substantiv;;https://www.dwds.de/wb/Kompromiss;0.0;;;;;
B1;Konferenz;Konferenz;die;;Substantiv;fem.;https://www.dwds.de/wb/Konferenz;0.0;Nom;Sing;;;
B1;Konfitüre;Konfitüre;die;;Substantiv;fem.;https://www.dwds.de/wb/Konfit%C3%BCre;0.0;Nom;Sing;;;
B1;Konflikt;Konflikt;der;;Substantiv;mask.;https://www.dwds.de/wb/Konflikt;0.0;Nom;Sing;;;
B1;Konkurrenz;Konkurrenz;die;;Substantiv;fem.;https://www.dwds.de/wb/Konkurrenz;0.0;Nom;Sing;;;
B1;Konsulat;Konsulat;das;;Substantiv;neut.;https://www.dwds.de/wb/Konsulat;0.0;Nom;Sing;;;
B1;Konsum;Konsum;der;;Substantiv;mask.;https://www.dwds.de/wb/Konsum#1;0.0;Nom;Sing;;;
A2;Kontakt;Kontakt;der;;Substantiv;mask.;https://www.dwds.de/wb/Kontakt;0.0;Nom;Sing;;;
A1;Konto;Konto;das;;Substantiv;neut.;https://www.dwds.de/wb/Konto;0.0;Nom;Sing;;;
B1;Kontrolle;Kontrolle;die;;Substantiv;fem.;https://www.dwds.de/wb/Kontrolle;0.0;Nom;Sing;;;
A2;Konzert;Konzert;das;;Substantiv;neut.;https://www.dwds.de/wb/Konzert;0.0;Nom;Sing;;;
A1,BW1;Kopf;Kopf;der;Köpfe;Substantiv;mask.;https://www.dwds.de/wb/Kopf;0.0;Nom;Sing;;;
B1;Kopie;Kopie;die;;Substantiv;fem.;https://www.dwds.de/wb/Kopie;0.0;Nom;Sing;;;
B1;Kopierer;Kopierer;der;;Substantiv;mask.;https://www.dwds.de/wb/Kopierer;0.0;Nom;Sing;;;
B1;Korridor;Korridor;der;;Substantiv;mask.;https://www.dwds.de/wb/Korridor;0.0;Nom;Sing;;;
A2;Kosmetik;Kosmetik;die;;Substantiv;fem.;https://www.dwds.de/wb/Kosmetik;0.0;Nom;Sing;;;
B1;Kosten;Kosten;;;Substantiv;;https://www.dwds.de/wb/Kosten;1.0;Nom;Plur;;;
B1;Kostüm;Kostüm;das;;Substantiv;neut.;https://www.dwds.de/wb/Kost%C3%BCm;0.0;Nom;Sing;;;
B1;Kraft;Kraft;die;;Substantiv;fem.;https://www.dwds.de/wb/Kraft;0.0;Nom;Sing;;;
B1;Kraftfahrzeug;Kraftfahrzeug;das;;Substantiv;neut.;https://www.dwds.de/wb/Kraftfahrzeug;0.0;Nom;Sing;;;
B1;Kraftwerk;Kraftwerk;das;;Substantiv;neut.;https://www.dwds.de/wb/Kraftwerk;0.0;Nom;Sing;;;
B1;Kranke;kranke;;;Substantiv;fem., mask.;https://www.dwds.de/wb/Kranke;0.0;Nom;Plur;;;
A2;Krankenhaus;Krankenhaus;das;;Substantiv;neut.;https://www.dwds.de/wb/Krankenhaus;0.0;Nom;Sing;;;
A2;Krankenkasse;Krankenkasse;die;;Substantiv;fem.;https://www.dwds.de/wb/Krankenkasse;0.0;Nom;Sing;;;
B1;Krankenpfleger;Krankenpfleger;der;;Substantiv;mask.;https://www.dwds.de/wb/Krankenpfleger;0.0;Nom;Sing;;;
B1;Krankenschwester;Krankenschwester;die;;Substantiv;fem.;https://www.dwds.de/wb/Krankenschwester;0.0;Nom;Sing;;;
B1;Krankenwagen;Krankenwag;der;;Substantiv;mask.;https://www.dwds.de/wb/Krankenwagen;0.0;Nom;Plur;;;
A2;Krankheit;Krankheit;die;;Substantiv;fem.;https://www.dwds.de/wb/Krankheit;0.0;Nom;Sing;;;
A2;Kredit;Kredit;der;;Substantiv;mask.;https://www.dwds.de/wb/Kredit#1;0.0;Nom;Sing;;;
A1;Kreditkarte;Kreditkarte;die;;Substantiv;fem.;https://www.dwds.de/wb/Kreditkarte;0.0;Nom;Sing;;;
B1;Kreis;Kreis;der;;Substantiv;mask.;https://www.dwds.de/wb/Kreis;0.0;Nom;Sing;;;
B1;Kreuz;Kreuz;das;;Substantiv;neut.;https://www.dwds.de/wb/Kreuz;0.0;Nom;Sing;;;
A2,BW3;Kreuzung;Kreuzung;die;Kreuz, kreuzen;Substantiv;fem.;https://www.dwds.de/wb/Kreuzung;0.0;Nom;Sing;;;
B1;Krieg;Krieg;der;;Substantiv;mask.;https://www.dwds.de/wb/Krieg;0.0;Nom;Sing;;;
A2;Krimi;Krimi;der;;Substantiv;mask.;https://www.dwds.de/wb/Krimi;0.0;Nom;Sing;;;
B1;Kriminalpolizei;Kriminalpolizei;die;;Substantiv;fem.;https://www.dwds.de/wb/Kriminalpolizei;0.0;Nom;Sing;;;
B1;Krise;Krise;die;;Substantiv;fem.;https://www.dwds.de/wb/Krise;0.0;Nom;Sing;;;
B1;Kritik;Kritik;die;;Substantiv;fem.;https://www.dwds.de/wb/Kritik;0.0;Nom;Sing;;;
BW1;Krone;Krone;die;;Substantiv;fem.;;;Nom;Sing;;;
A1;Kuchen;Kuchen;der;;Substantiv;mask.;https://www.dwds.de/wb/Kuchen;0.0;Nom;Sing;;;
A1;Kugelschreiber;Kugelschreiber;der;;Substantiv;mask.;https://www.dwds.de/wb/Kugelschreiber;0.0;Nom;Sing;;;
BW3;Kuh;Kuh;die;Kühe;Substantiv;fem.;;;Nom;Sing;;;
B1;Kuli;Kuli;der;;Substantiv;mask.;https://www.dwds.de/wb/Kuli#2;0.0;Nom;Sing;;;
A2;Kultur;Kultur;die;;Substantiv;fem.;https://www.dwds.de/wb/Kultur;0.0;Nom;Sing;;;
A1;Kunde;Kunde;der;;Substantiv;mask.;https://www.dwds.de/wb/Kunde#1;0.0;Nom;Sing;;;
A1;Kundin;Kundin;die;;Substantiv;fem.;https://www.dwds.de/wb/Kundin;0.0;Nom;Sing;;;
A2;Kunst;Kunst;die;;Substantiv;fem.;https://www.dwds.de/wb/Kunst;0.0;Nom;Sing;;;
B1;Kunststoff;Kunststoff;der;;Substantiv;mask.;https://www.dwds.de/wb/Kunststoff;0.0;Nom;Sing;;;
A1;Kurs;Kurs;der;;Substantiv;mask.;https://www.dwds.de/wb/Kurs#2;0.0;Nom;Sing;;;
B1;Kursleiter;Kursleiter;der;;Substantiv;mask.;https://www.dwds.de/wb/Kursleiter;0.0;Nom;Plur;;;
B1;Kursleiterin;Kursleiterin;die;;Substantiv;fem.;https://www.dwds.de/wb/Kursleiterin;0.0;Nom;Sing;;;
B1;Kurve;Kurve;die;;Substantiv;fem.;https://www.dwds.de/wb/Kurve;0.0;Nom;Sing;;;
B1;Kuss;Kuss;der;;Substantiv;mask.;https://www.dwds.de/wb/Kuss;0.0;Nom;Sing;;;
B1;Kuvert;Kuvert;das;;Substantiv;;https://www.dwds.de/wb/Kuvert;0.0;;;;;
BW3;Käfer;Käfer;der;;Substantiv;mask.;;;Nom;Sing;;;
BW3;Käfig;käfig;der;;Substantiv;;;;;;Pos;;
B1,BW3;Kälte;Kälte;die;kalt, kälter;Substantiv;fem.;https://www.dwds.de/wb/K%C3%A4lte;0.0;Nom;Sing;;;
A2,BW1;Käse;Käse;der;;Substantiv;mask.;https://www.dwds.de/wb/K%C3%A4se;0.0;Nom;Sing;;;
B1;Käufer;Käufer;der;;Substantiv;mask.;https://www.dwds.de/wb/K%C3%A4ufer;0.0;Nom;Sing;;;
B1;Käuferin;Käuferin;die;;Substantiv;fem.;https://www.dwds.de/wb/K%C3%A4uferin;0.0;Nom;Sing;;;
B1;Köchin;Köchin;die;;Substantiv;fem.;https://www.dwds.de/wb/K%C3%B6chin;0.0;Nom;Sing;;;
B1;König;König;der;;Substantiv;mask.;https://www.dwds.de/wb/K%C3%B6nig;0.0;Nom;Sing;;;
A2,BW1;Körper;Körper;der;;Substantiv;mask.;https://www.dwds.de/wb/K%C3%B6rper;0.0;Nom;Sing;;;
A1;Küche;Küche;die;;Substantiv;fem.;https://www.dwds.de/wb/K%C3%BCche;0.0;Nom;Sing;;;
A1;Kühlschrank;Kühlschrank;der;;Substantiv;mask.;https://www.dwds.de/wb/K%C3%BChlschrank;0.0;Nom;Sing;;;
B1;Kündigung;Kündigung;die;;Substantiv;fem.;https://www.dwds.de/wb/K%C3%BCndigung;0.0;Nom;Sing;;;
B1;Künstler;Künstler;der;;Substantiv;mask.;https://www.dwds.de/wb/K%C3%BCnstler;0.0;Nom;Plur;;;
B1;Künstlerin;Künstlerin;die;;Substantiv;fem.;https://www.dwds.de/wb/K%C3%BCnstlerin;0.0;Nom;Sing;;;
B1;Küste;Küste;die;;Substantiv;fem.;https://www.dwds.de/wb/K%C3%BCste;0.0;Nom;Sing;;;
A1;LKW;LKW;der;;Substantiv;mask.;https://www.dwds.de/wb/LKW;0.0;Nom;Sing;;;
A1;Laden;laden;der;;Substantiv;mask.;https://www.dwds.de/wb/Laden;0.0;Nom;Sing;;;
B1;Lage;Lage;die;;Substantiv;fem.;https://www.dwds.de/wb/Lage;0.0;Nom;Sing;;;
B1;Lager;Lager;das;;Substantiv;neut.;https://www.dwds.de/wb/Lager;0.0;Nom;Sing;;;
A2,BW1;Lampe;Lampe;die;;Substantiv;fem.;https://www.dwds.de/wb/Lampe#1;0.0;Nom;Sing;;;
A1,BW3;Land;Land;das;Länder;Substantiv;neut.;https://www.dwds.de/wb/Land;0.0;Nom;Sing;;;
A2;Landschaft;Landschaft;die;;Substantiv;fem.;https://www.dwds.de/wb/Landschaft;0.0;Nom;Sing;;;
B1;Landung;Landung;die;;Substantiv;fem.;https://www.dwds.de/wb/Landung;0.0;Nom;Sing;;;
B1;Landwirtschaft;Landwirtschaft;die;;Substantiv;fem.;https://www.dwds.de/wb/Landwirtschaft;0.0;Nom;Sing;;;
B1;Langeweile;Langeweile;die;;Substantiv;fem.;https://www.dwds.de/wb/Langeweile;0.0;Nom;Sing;;;
B1;Langweile;Langweil;die;;Substantiv;fem.;https://www.dwds.de/wb/Langweile;0.0;Nom;Plur;;;
A2;Laptop;Laptop;der;;Substantiv;mask.;https://www.dwds.de/wb/Laptop;0.0;Nom;Sing;;;
B1;Laster;Laster;der;;Substantiv;mask.;https://www.dwds.de/wb/Laster#2;0.0;Nom;Sing;;;
B1;Laufwerk;Laufwerk;das;;Substantiv;neut.;https://www.dwds.de/wb/Laufwerk;0.0;Nom;Sing;;;
B1;Laune;Laune;die;;Substantiv;fem.;https://www.dwds.de/wb/Laune;0.0;Nom;Sing;;;
B1;Lautsprecher;Lautsprecher;der;;Substantiv;mask.;https://www.dwds.de/wb/Lautsprecher;0.0;Nom;Sing;;;
A1;Leben;Leben;das;;Substantiv;neut.;https://www.dwds.de/wb/Leben;0.0;Nom;Sing;;;
B1;Lebenslauf;Lebenslauf;der;;Substantiv;mask.;https://www.dwds.de/wb/Lebenslauf;0.0;Nom;Sing;;;
A1;Lebensmittel;Lebensmittel;das;;Substantiv;neut.;https://www.dwds.de/wb/Lebensmittel;0.0;Nom;Plur;;;
B1;Leder;Leder;das;;Substantiv;neut.;https://www.dwds.de/wb/Leder;0.0;Nom;Sing;;;
B1;Lehre;Lehre;die;;Substantiv;fem.;https://www.dwds.de/wb/Lehre#1;0.0;Nom;Sing;;;
A1;Lehrer;Lehrer;der;;Substantiv;mask.;https://www.dwds.de/wb/Lehrer;0.0;Nom;Plur;;;
B1;Lehrerin;Lehrerin;die;;Substantiv;fem.;https://www.dwds.de/wb/Lehrerin;0.0;Nom;Sing;;;
B1;Lehrling;Lehrling;der;;Substantiv;mask.;https://www.dwds.de/wb/Lehrling;0.0;Nom;Sing;;;
B1;Lehrstelle;Lehrstelle;die;;Substantiv;fem.;https://www.dwds.de/wb/Lehrstelle;0.0;Nom;Sing;;;
B1;Leistung;Leistung;die;;Substantiv;fem.;https://www.dwds.de/wb/Leistung;0.0;Nom;Sing;;;
B1,BW1;Leiter;Leiter;die;;Substantiv;fem.;https://www.dwds.de/wb/Leiter#1;0.0;Nom;Sing;;;
B1;Leiterin;Leiterin;die;;Substantiv;fem.;https://www.dwds.de/wb/Leiterin;0.0;Nom;Sing;;;
B1;Leitung;Leitung;die;;Substantiv;fem.;https://www.dwds.de/wb/Leitung;0.0;Nom;Sing;;;
B1;Lerner;Lerner;der;;Substantiv;mask.;https://www.dwds.de/wb/Lerner;0.0;Nom;Plur;;;
B1;Lernerin;Lernerin;die;;Substantiv;fem.;https://www.dwds.de/wb/Lernerin;0.0;Nom;Sing;;;
B1;Leser;Leser;der;;Substantiv;mask.;https://www.dwds.de/wb/Leser#1;0.0;Nom;Plur;;;
B1;Leserin;Leserin;die;;Substantiv;fem.;https://www.dwds.de/wb/Leserin#1;0.0;Nom;Sing;;;
A1;Leute;Leute;;;Substantiv;;https://www.dwds.de/wb/Leute;1.0;Nom;Plur;;;
B1,BW3;Lexikon;Lexikon;das;Lexika;Substantiv;neut.;https://www.dwds.de/wb/Lexikon;0.0;Nom;Sing;;;
A1,BW1;Licht;Licht;das;;Substantiv;neut.;https://www.dwds.de/wb/Licht;0.0;Nom;Sing;;;
A2;Liebe;Liebe;die;;Substantiv;fem.;https://www.dwds.de/wb/Liebe;0.0;Nom;Sing;;;
A1;Lieblingslied;Lieblingslied;das;;Substantiv;neut.;https://www.dwds.de/wb/Lieblingslied;0.0;Nom;Sing;;;
A1,BW1;Lied;Lied;das;Lieder;Substantiv;neut.;https://www.dwds.de/wb/Lied;0.0;Nom;Sing;;;
B1;Lieferung;Lieferung;die;;Substantiv;fem.;https://www.dwds.de/wb/Lieferung;0.0;Nom;Sing;;;
B1;Lift;Lift;der;;Substantiv;mask.;https://www.dwds.de/wb/Lift;0.0;Nom;Sing;;;
B1;Limonade;Limonade;die;;Substantiv;fem.;https://www.dwds.de/wb/Limonade;0.0;Nom;Sing;;;
B1;Linie;Linie;die;;Substantiv;fem.;https://www.dwds.de/wb/Linie;0.0;Nom;Sing;;;
A2;Link;Link;der;;Substantiv;mask.;https://www.dwds.de/wb/Link;0.0;Nom;Sing;;;
B1;Lippe;Lippe;die;;Substantiv;fem.;https://www.dwds.de/wb/Lippe;0.0;Nom;Sing;;;
B1;Liste;Liste;die;;Substantiv;fem.;https://www.dwds.de/wb/Liste;0.0;Nom;Sing;;;
A1;Liter;Liter;;;Substantiv;mask.;https://www.dwds.de/wb/Liter;0.0;Nom;Sing;;;
B1;Literatur;Literatur;die;;Substantiv;fem.;https://www.dwds.de/wb/Literatur;0.0;Nom;Sing;;;
A1;Lkw;Lkw;der;;Substantiv;mask.;https://www.dwds.de/wb/Lkw;0.0;Nom;Sing;;;
BW3;Lob;Lob;das;loben;Substantiv;neut.;;;Nom;Sing;;;
B1,BW1;Loch;Loch;das;Löcher;Substantiv;neut.;https://www.dwds.de/wb/Loch;0.0;;;;;
B1;Lohn;Lohn;der;;Substantiv;mask.;https://www.dwds.de/wb/Lohn;0.0;Nom;Sing;;;
A1;Lokal;lokal;das;;Substantiv;neut.;https://www.dwds.de/wb/Lokal;0.0;Nom;Sing;;;
BW1;Luchs;Luchs;der;;Substantiv;mask.;;;Nom;Sing;;;
B1;Luft;Luft;die;;Substantiv;fem.;https://www.dwds.de/wb/Luft;0.0;Nom;Sing;;;
A2;Lust;Lust;die;;Substantiv;fem.;https://www.dwds.de/wb/Lust;0.0;Nom;Sing;;;
B1,BW3;Länge;Länge;die;lang, länger;Substantiv;fem.;https://www.dwds.de/wb/L%C3%A4nge;0.0;Nom;Sing;;;
B1,BW3;Lärm;Lärm;der;;Substantiv;mask.;https://www.dwds.de/wb/L%C3%A4rm;0.0;Nom;Sing;;;
A2,BW1;Löffel;Löffel;der;;Substantiv;mask.;https://www.dwds.de/wb/L%C3%B6ffel;0.0;Nom;Sing;;;
A1;Lösung;Lösung;die;;Substantiv;fem.;https://www.dwds.de/wb/L%C3%B6sung;0.0;Nom;Sing;;;
BW1;Löwe;Löwe;der;;Substantiv;mask.;;;Nom;Sing;;;
A2;Lüge;Lüge;die;;Substantiv;fem.;https://www.dwds.de/wb/L%C3%BCge;0.0;Nom;Sing;;;
B1;Magazin;Magazin;das;;Substantiv;neut.;https://www.dwds.de/wb/Magazin;0.0;Nom;Sing;;;
A2;Magen;Magen;der;;Substantiv;mask.;https://www.dwds.de/wb/Magen;0.0;Nom;Sing;;;
B1;Mahlzeit;Mahlzeit;die;;Substantiv;fem.;https://www.dwds.de/wb/Mahlzeit;0.0;Nom;Sing;;;
B1;Mahnung;Mahnung;die;;Substantiv;fem.;https://www.dwds.de/wb/Mahnung;0.0;Nom;Sing;;;
A1,BW1;Mai;Mai;der;;Substantiv;mask.;https://www.dwds.de/wb/Mai;0.0;Nom;Sing;;;
A2;Mail;Mail;die;;Substantiv;fem.;https://www.dwds.de/wb/Mail;0.0;Nom;Sing;;;
A2;Mailbox;Mailbox;die;;Substantiv;fem.;https://www.dwds.de/wb/Mailbox;0.0;Nom;Sing;;;
BW3;Mais;Mais;der;;Substantiv;;;;;;;;
B1;Mal;mal;das;;Substantiv;;https://www.dwds.de/wb/Mal#2;0.0;;;;;
B1;Maler;Maler;der;;Substantiv;mask.;https://www.dwds.de/wb/Maler;0.0;Nom;Sing;;;
B1;Malerin;Malerin;die;;Substantiv;fem.;https://www.dwds.de/wb/Malerin;0.0;Nom;Sing;;;
BW3;Mandarine;Mandarin;die;;Substantiv;fem.;;;Nom;Sing;;;
B1;Mangel;Mangel;der;;Substantiv;mask.;https://www.dwds.de/wb/Mangel#1;0.0;Nom;Sing;;;
A1,BW3;Mann;Mann;der;Männer;Substantiv;mask.;https://www.dwds.de/wb/Mann;0.0;Nom;Sing;;;
A2,BW3;Mannschaft;Mannschaft;die;;Substantiv;fem.;https://www.dwds.de/wb/Mannschaft;0.0;Nom;Sing;;;
A2,BW1;Mantel;Mantel;der;Mäntel;Substantiv;mask.;https://www.dwds.de/wb/Mantel;0.0;Nom;Sing;;;
B1;Mappe;Mappe;die;;Substantiv;fem.;https://www.dwds.de/wb/Mappe;0.0;Nom;Sing;;;
B1;Margarine;Margarine;die;;Substantiv;fem.;https://www.dwds.de/wb/Margarine;0.0;Nom;Sing;;;
B1;Marille;Marille;die;;Substantiv;fem.;https://www.dwds.de/wb/Marille;0.0;Nom;Sing;;;
B1;Marke;Marke;die;;Substantiv;fem.;https://www.dwds.de/wb/Marke;0.0;Nom;Sing;;;
A2;Markt;Markt;der;;Substantiv;mask.;https://www.dwds.de/wb/Markt;0.0;Nom;Sing;;;
B1;Marmelade;Marmelade;die;;Substantiv;fem.;https://www.dwds.de/wb/Marmelade;0.0;Nom;Sing;;;
A1,BW3;Maschine;Maschine;die;;Substantiv;fem.;https://www.dwds.de/wb/Maschine;0.0;Nom;Sing;;;
B1;Material;Material;das;;Substantiv;neut.;https://www.dwds.de/wb/Material;0.0;Nom;Sing;;;
B1;Matura;Matura;die;;Substantiv;;https://www.dwds.de/wb/Matura;0.0;;;;;
B1;Mauer;Mauer;die;;Substantiv;fem.;https://www.dwds.de/wb/Mauer;0.0;Nom;Sing;;;
B1;Mechaniker;Mechaniker;der;;Substantiv;mask.;https://www.dwds.de/wb/Mechaniker;0.0;Nom;Plur;;;
B1;Mechanikerin;Mechanikerin;die;;Substantiv;fem.;https://www.dwds.de/wb/Mechanikerin;0.0;Nom;Sing;;;
A2;Medikament;Medikament;das;;Substantiv;neut.;https://www.dwds.de/wb/Medikament;0.0;Nom;Sing;;;
B1;Medium;Medium;das;;Substantiv;neut.;https://www.dwds.de/wb/Medium;0.0;Nom;Sing;;;
B1;Medizin;Medizin;die;;Substantiv;fem.;https://www.dwds.de/wb/Medizin;0.0;Nom;Sing;;;
A1,BW3;Meer;Meer;das;;Substantiv;neut.;https://www.dwds.de/wb/Meer;0.0;Nom;Sing;;;
B1;Mehl;Mehl;das;;Substantiv;neut.;https://www.dwds.de/wb/Mehl;0.0;Nom;Sing;;;
B1;Mehrheit;Mehrheit;die;;Substantiv;fem.;https://www.dwds.de/wb/Mehrheit;0.0;Nom;Sing;;;
B1;Mehrwertsteuer;Mehrwertsteuer;die;;Substantiv;fem.;https://www.dwds.de/wb/Mehrwertsteuer;0.0;Nom;Sing;;;
A2,BW3;Meinung;Meinung;die;meinen;Substantiv;fem.;https://www.dwds.de/wb/Meinung;0.0;Nom;Sing;;;
B1;Meister;Meister;der;;Substantiv;mask.;https://www.dwds.de/wb/Meister;0.0;Nom;Sing;;;
B1;Meldung;Meldung;die;;Substantiv;fem.;https://www.dwds.de/wb/Meldung;0.0;Nom;Sing;;;
A2;Menge;Menge;die;;Substantiv;fem.;https://www.dwds.de/wb/Menge;0.0;Nom;Sing;;;
B1;Mensa;Mensa;die;;Substantiv;;https://www.dwds.de/wb/Mensa;0.0;;;;;
A1;Mensch;Mensch;der;;Substantiv;mask.;https://www.dwds.de/wb/Mensch#1;0.0;Nom;Sing;;;
B1;Menü;Menü;das;;Substantiv;neut.;https://www.dwds.de/wb/Men%C3%BC;0.0;Nom;Sing;;;
A2;Messe;Messe;die;;Substantiv;fem.;https://www.dwds.de/wb/Messe#1;0.0;Nom;Sing;;;
A2,BW1;Messer;Messer;das;;Substantiv;neut.;https://www.dwds.de/wb/Messer#1;0.0;Nom;Plur;;;
B1;Metall;Metall;das;;Substantiv;neut.;https://www.dwds.de/wb/Metall;0.0;Nom;Sing;;;
A1,BW1;Meter;Meter;der;;Substantiv;mask.;https://www.dwds.de/wb/Meter;0.0;Nom;Sing;;;
B1;Methode;Methode;die;;Substantiv;fem.;https://www.dwds.de/wb/Methode;0.0;Nom;Sing;;;
B1;Metropole;Metropole;die;;Substantiv;fem.;https://www.dwds.de/wb/Metropole;0.0;Nom;Sing;;;
B1;Metzger;Metzger;der;;Substantiv;mask.;https://www.dwds.de/wb/Metzger;0.0;Nom;Plur;;;
A1;Miete;Miete;die;;Substantiv;fem.;https://www.dwds.de/wb/Miete#1;0.0;Nom;Sing;;;
B1;Mieter;Mieter;der;;Substantiv;mask.;https://www.dwds.de/wb/Mieter;0.0;Nom;;;;
B1;Mieterin;Mieterin;die;;Substantiv;fem.;https://www.dwds.de/wb/Mieterin;0.0;Nom;Sing;;;
B1;Migrant;Migrant;der;;Substantiv;;https://www.dwds.de/wb/Migrant;0.0;;;Pos;;
B1;Migrantin;Migrantin;die;;Substantiv;fem.;https://www.dwds.de/wb/Migrantin;0.0;Nom;Sing;;;
B1;Migration;Migration;die;;Substantiv;fem.;https://www.dwds.de/wb/Migration;0.0;Nom;Sing;;;
A1,BW1;Milch;Milch;die;;Substantiv;fem.;https://www.dwds.de/wb/Milch;0.0;Nom;Sing;;;
A1;Milliarde;Milliarde;die;;Substantiv;fem.;https://www.dwds.de/wb/Milliarde;0.0;Nom;Sing;;;
A1;Million;Million;die;;Substantiv;fem.;https://www.dwds.de/wb/Million;0.0;Nom;Sing;;;
B1;Minderheit;Minderheit;die;;Substantiv;fem.;https://www.dwds.de/wb/Minderheit;0.0;Nom;Sing;;;
A2;Mineralwasser;Mineralwasser;das;;Substantiv;neut.;https://www.dwds.de/wb/Mineralwasser;0.0;Nom;Sing;;;
A1;Minute;Minute;die;;Substantiv;fem.;https://www.dwds.de/wb/Minute;0.0;Nom;Sing;;;
A2;Mitarbeiter;Mitarbeiter;der;;Substantiv;mask.;https://www.dwds.de/wb/Mitarbeiter;0.0;Nom;Plur;;;
B1;Mitarbeiterin;Mitarbeiterin;die;;Substantiv;fem.;https://www.dwds.de/wb/Mitarbeiterin;0.0;Nom;Sing;;;
B1;Mitglied;Mitglied;das;;Substantiv;neut.;https://www.dwds.de/wb/Mitglied;0.0;Nom;Sing;;;
A1,BW3;Mittag;Mittag;der;Mittage;Substantiv;mask.;https://www.dwds.de/wb/Mittag#1;0.0;Nom;Sing;;;
A2,BW3;Mittagessen;Mittagessen;das;;Substantiv;neut.;https://www.dwds.de/wb/Mittagessen;0.0;Nom;Sing;;;
A1,BW3;Mitte;Mitte;die;;Substantiv;fem.;https://www.dwds.de/wb/Mitte;0.0;Nom;Sing;;;
A2;Mittel;Mittel;das;;Substantiv;neut.;https://www.dwds.de/wb/Mittel;0.0;Nom;Sing;;;
A1,BW1;Mittwoch;Mittwoch;der;;Substantiv;mask.;https://www.dwds.de/wb/Mittwoch;0.0;Nom;Sing;;;
A1;Mo;mo;;;Symbol;;https://www.dwds.de/wb/Mo#1;0.0;;;Pos;;
B1;Mobilbox;Mobilbox;die;;Substantiv;fem.;https://www.dwds.de/wb/Mobilbox;0.0;Nom;Sing;;;
B1;Mobilität;Mobilität;die;;Substantiv;fem.;https://www.dwds.de/wb/Mobilit%C3%A4t;0.0;Nom;Sing;;;
A2;Mobiltelefon;Mobiltelefon;das;;Substantiv;neut.;https://www.dwds.de/wb/Mobiltelefon;0.0;Nom;Sing;;;
A2;Mode;Mode;die;;Substantiv;fem.;https://www.dwds.de/wb/Mode;0.0;Nom;Sing;;;
B1;Modell;Modell;das;;Substantiv;neut.;https://www.dwds.de/wb/Modell;0.0;Nom;Sing;;;
A1;Moment;Moment;der;;Substantiv;mask.;https://www.dwds.de/wb/Moment#1;0.0;Nom;Sing;;;
B1,BW3;Mond;Mond;der;Monde;Substantiv;mask.;https://www.dwds.de/wb/Mond;0.0;Nom;Sing;;;
B1;Monitor;Monitor;der;;Substantiv;mask.;https://www.dwds.de/wb/Monitor;0.0;Nom;Sing;;;
A1,BW1;Montag;Montag;der;;Substantiv;mask.;https://www.dwds.de/wb/Montag;0.0;Nom;Sing;;;
BW3;Moos;Moos;das;;Substantiv;;;;;;;;
A1;Morgen;morgen;der;;Substantiv;;https://www.dwds.de/wb/Morgen;0.0;;;;;
A2;Motor;Motor;der;;Substantiv;mask.;https://www.dwds.de/wb/Motor;0.0;Nom;Sing;;;
B1;Motorrad;Motorrad;das;;Substantiv;neut.;https://www.dwds.de/wb/Motorrad;0.0;Nom;Sing;;;
A2;Motorroller;Motorroller;der;;Substantiv;mask.;https://www.dwds.de/wb/Motorroller;0.0;Nom;Plur;;;
A1,BW3;Mund;Mund;der;Münder;Substantiv;mask.;https://www.dwds.de/wb/Mund#1;0.0;Nom;Sing;;;
BW1;Muschel;Muschel;die;;Substantiv;fem.;;;Nom;Sing;;;
A2;Museum;Museum;das;;Substantiv;neut.;https://www.dwds.de/wb/Museum;0.0;Nom;Sing;;;
A2;Musik;Musik;die;;Substantiv;fem.;https://www.dwds.de/wb/Musik;0.0;Nom;Sing;;;
B1;Musiker;Musiker;der;;Substantiv;mask.;https://www.dwds.de/wb/Musiker;0.0;Nom;Sing;;;
B1;Musikerin;Musikerin;die;;Substantiv;fem.;https://www.dwds.de/wb/Musikerin;0.0;Nom;Sing;;;
B1;Muskel;Muskel;der;;Substantiv;mask.;https://www.dwds.de/wb/Muskel;0.0;Nom;Plur;;;
B1;Mut;Mut;der;;Substantiv;mask.;https://www.dwds.de/wb/Mut;0.0;Nom;Sing;;;
A1,BW1;Mutter;Mutter;die;Mütter;Substantiv;fem.;https://www.dwds.de/wb/Mutter;0.0;Nom;Sing;;;
B1;Muttersprache;Muttersprache;die;;Substantiv;fem.;https://www.dwds.de/wb/Muttersprache;0.0;Nom;Sing;;;
A1,BW3;Mädchen;Mädchen;das;;Substantiv;neut.;https://www.dwds.de/wb/M%C3%A4dchen;0.0;Nom;Plur;;;
B1,BW3;Märchen;Märchen;das;;Substantiv;neut.;https://www.dwds.de/wb/M%C3%A4rchen;0.0;Nom;Sing;;;
A1,BW1;März;März;der;;Substantiv;mask.;https://www.dwds.de/wb/M%C3%A4rz;0.0;Acc;Sing;;;
A1;Möbel;Möbel;das;;Substantiv;neut.;https://www.dwds.de/wb/M%C3%B6bel;0.0;Nom;Sing;;;
B1;Möglichkeit;Möglichkeit;die;;Substantiv;fem.;https://www.dwds.de/wb/M%C3%B6glichkeit;0.0;Nom;Sing;;;
B1;Möhre;Möhr;die;;Substantiv;fem.;https://www.dwds.de/wb/M%C3%B6hre;0.0;Nom;Plur;;;
B1;Müesli;Müesli;das;;Substantiv;neut.;https://www.dwds.de/wb/M%C3%BCesli;0.0;Nom;Sing;;;
B1,BW3;Mühe;Mühe;die;;Substantiv;fem.;https://www.dwds.de/wb/M%C3%BChe;0.0;Nom;Sing;;;
A2,BW3;Müll;Müll;der;;Substantiv;mask.;https://www.dwds.de/wb/M%C3%BCll;0.0;;;;;
B1;Müllabfuhr;Müllabfuhr;die;;Substantiv;fem.;https://www.dwds.de/wb/M%C3%BCllabfuhr;0.0;Nom;Sing;;;
B1;Mülltonne;Mülltonne;die;;Substantiv;fem.;https://www.dwds.de/wb/M%C3%BClltonne;0.0;Nom;Plur;;;
B1;Münze;Münze;die;;Substantiv;fem.;https://www.dwds.de/wb/M%C3%BCnze;0.0;Nom;Sing;;;
B1;Müsli;Müsli;das;;Substantiv;neut.;https://www.dwds.de/wb/M%C3%BCsli;0.0;Nom;Sing;;;
A2,BW1;Mütze;Mütze;die;;Substantiv;fem.;https://www.dwds.de/wb/M%C3%BCtze;0.0;Nom;Sing;;;
A2;Nachbar;Nachbar;der;;Substantiv;mask.;https://www.dwds.de/wb/Nachbar;0.0;Nom;Sing;;;
A2;Nachbarin;Nachbarin;die;;Substantiv;fem.;https://www.dwds.de/wb/Nachbarin;0.0;Nom;Sing;;;
B1;Nachfrage;Nachfrage;die;;Substantiv;fem.;https://www.dwds.de/wb/Nachfrage;0.0;Nom;Sing;;;
B1;Nachhilfe;Nachhilfe;die;;Substantiv;fem.;https://www.dwds.de/wb/Nachhilfe;0.0;Nom;Sing;;;
A1,BW3;Nachmittag;Nachmittag;der;;Substantiv;mask.;https://www.dwds.de/wb/Nachmittag;0.0;Nom;Sing;;;
A2;Nachricht;Nachricht;die;;Substantiv;fem.;https://www.dwds.de/wb/Nachricht;0.0;Nom;Sing;;;
B1;Nachspeise;nachspeise;die;;Substantiv;fem.;https://www.dwds.de/wb/Nachspeise;0.0;Nom;Plur;;;
B1;Nacht;Nacht;die;;Substantiv;fem.;https://www.dwds.de/wb/Nacht;0.0;Nom;Sing;;;
B1;Nachteil;Nachteil;der;;Substantiv;mask.;https://www.dwds.de/wb/Nachteil;0.0;Nom;Sing;;;
B1;Nachwuchs;Nachwuchs;der;;Substantiv;mask.;https://www.dwds.de/wb/Nachwuchs;0.0;Nom;Sing;;;
B1,BW1;Nadel;Nadel;die;;Substantiv;fem.;https://www.dwds.de/wb/Nadel;0.0;Nom;Sing;;;
B1;Nagel;Nagel;der;;Substantiv;mask.;https://www.dwds.de/wb/Nagel;0.0;Nom;Sing;;;
BW3;Nahrung;Nahrung;die;Ernährung, ernähren;Substantiv;fem.;;;Nom;Sing;;;
B1;Nahrungsmittel;Nahrungsmittel;das;;Substantiv;neut.;https://www.dwds.de/wb/Nahrungsmittel;0.0;Nom;Plur;;;
A1,BW1;Name;Name;der;;Substantiv;mask.;https://www.dwds.de/wb/Name;0.0;Nom;Sing;;;
A1;Namen;Name;der;;Substantiv;mask.;https://www.dwds.de/wb/Namen;0.0;Nom;Plur;;;
B1,BW1;Nase;Nase;die;;Substantiv;fem.;https://www.dwds.de/wb/Nase;0.0;Nom;Sing;;;
A2;Natur;Natur;die;;Substantiv;fem.;https://www.dwds.de/wb/Natur;0.0;Nom;Sing;;;
B1;Nebel;Nebel;der;;Substantiv;mask.;https://www.dwds.de/wb/Nebel;0.0;Nom;Sing;;;
B1;Neffe;Neff;der;;Substantiv;mask.;https://www.dwds.de/wb/Neffe;0.0;Nom;Plur;;;
B1;Nerv;Nerv;der;;Substantiv;mask.;https://www.dwds.de/wb/Nerv;0.0;Acc;Sing;;;
B1;Netz;Netz;das;;Substantiv;neut.;https://www.dwds.de/wb/Netz;0.0;Nom;Sing;;;
B1;Netzwerk;Netzwerk;das;;Substantiv;neut.;https://www.dwds.de/wb/Netzwerk;0.0;Nom;Sing;;;
B1;Neuigkeit;Neuigkeit;die;;Substantiv;fem.;https://www.dwds.de/wb/Neuigkeit;0.0;Nom;Sing;;;
B1;Nichte;Nicht;die;;Substantiv;fem.;https://www.dwds.de/wb/Nichte;0.0;Nom;Plur;;;
B1;Nichtraucher;Nichtraucher;;;Substantiv;mask.;https://www.dwds.de/wb/Nichtraucher;0.0;Nom;Plur;;;
B1;Nichtraucherin;Nichtraucherin;die;;Substantiv;fem.;https://www.dwds.de/wb/Nichtraucherin;0.0;Nom;Sing;;;
A1;Norden;Norden;der;;Substantiv;mask.;https://www.dwds.de/wb/Norden;0.0;Nom;Sing;;;
B1;Nordsee;Nordsee;die;;Substantiv;fem.;https://www.dwds.de/wb/Nordsee;0.0;Nom;Sing;;;
B1;Not;Not;die;;Substantiv;fem.;https://www.dwds.de/wb/Not;0.0;Nom;Sing;;;
B1;Notaufnahme;Notaufnahme;die;;Substantiv;fem.;https://www.dwds.de/wb/Notaufnahme;0.0;Nom;Sing;;;
B1;Notausgang;Notausgang;der;;Substantiv;mask.;https://www.dwds.de/wb/Notausgang;0.0;Nom;Sing;;;
A2;Note;Note;die;;Substantiv;fem.;https://www.dwds.de/wb/Note;0.0;Nom;Sing;;;
B1;Notfall;Notfall;der;;Substantiv;mask.;https://www.dwds.de/wb/Notfall;0.0;Nom;Sing;;;
A2;Notiz;Notiz;die;;Substantiv;fem.;https://www.dwds.de/wb/Notiz;0.0;Nom;Sing;;;
B1;Notruf;Notruf;der;;Substantiv;mask.;https://www.dwds.de/wb/Notruf;0.0;Nom;Sing;;;
A1,BW1;November;November;der;;Substantiv;mask.;https://www.dwds.de/wb/November;0.0;Nom;Sing;;;
A2,BW1;Nudel;Nudel;die;Nudeln;Substantiv;fem.;https://www.dwds.de/wb/Nudel;0.0;Nom;Sing;;;
A1;Nummer;Nummer;die;;Substantiv;fem.;https://www.dwds.de/wb/Nummer;0.0;Nom;Sing;;;
BW3;Nuss;Nuss;die;Nüsse, nussig;Substantiv;fem.;;;Nom;Sing;;;
A2;Nächste;Nächster;der;;Substantiv;mask.;https://www.dwds.de/wb/N%C3%A4chste;0.0;Nom;Plur;;;
A2;Nähe;Nähe;die;;Substantiv;fem.;https://www.dwds.de/wb/N%C3%A4he;0.0;Nom;Sing;;;
B1;Ober;Ober;der;;Substantiv;mask.;https://www.dwds.de/wb/Ober#1;0.0;Acc;Sing;;;
B1;Obers;Ober;das;;Substantiv;;https://www.dwds.de/wb/Obers;0.0;;;;;
A1,BW3;Obst;Obst;das;;Substantiv;neut.;https://www.dwds.de/wb/Obst;0.0;Nom;Sing;;;
B1;Ofen;Ofen;der;;Substantiv;;https://www.dwds.de/wb/Ofen;0.0;;;;;
A2,BW3;Ohr;Ohr;das;;Substantiv;neut.;https://www.dwds.de/wb/Ohr;0.0;Nom;Sing;;;
A1,BW1;Oktober;Oktober;der;;Substantiv;mask.;https://www.dwds.de/wb/Oktober;0.0;Nom;Sing;;;
A1;Oma;Oma;die;;Substantiv;;https://www.dwds.de/wb/Oma;0.0;;;;;
B1,BW1;Onkel;Onkel;der;;Substantiv;mask.;https://www.dwds.de/wb/Onkel#1;0.0;Nom;Sing;;;
A1;Opa;Opa;der;;Substantiv;;https://www.dwds.de/wb/Opa;0.0;;;;;
B1;Oper;Oper;die;;Substantiv;fem.;https://www.dwds.de/wb/Oper;0.0;Nom;Sing;;;
B1;Operation;Operation;die;;Substantiv;fem.;https://www.dwds.de/wb/Operation;0.0;Nom;Sing;;;
B1;Opfer;Opfer;das;;Substantiv;neut.;https://www.dwds.de/wb/Opfer;0.0;Nom;Sing;;;
A2;Orange;Orang;die;;Substantiv;fem.;https://www.dwds.de/wb/Orange#1;0.0;Nom;Plur;;;
B1;Orchester;Orchester;das;;Substantiv;neut.;https://www.dwds.de/wb/Orchester;0.0;Nom;Sing;;;
B1;Ordination;Ordination;die;;Substantiv;fem.;https://www.dwds.de/wb/Ordination;0.0;Nom;Sing;;;
B1;Ordner;Ordn;der;;Substantiv;mask.;https://www.dwds.de/wb/Ordner;0.0;Nom;Plur;;;
A1,BW3;Ordnung;Ordnung;die;ordentlich;Substantiv;fem.;https://www.dwds.de/wb/Ordnung;0.0;Nom;Sing;;;
B1;Organisation;Organisation;die;;Substantiv;fem.;https://www.dwds.de/wb/Organisation;0.0;Nom;Sing;;;
B1;Original;Original;das;;Substantiv;neut.;https://www.dwds.de/wb/Original;0.0;Nom;Sing;;;
A1;Ort;Ort;der;;Substantiv;mask.;https://www.dwds.de/wb/Ort#1;0.0;Nom;Sing;;;
A1;Osten;Osten;der;;Substantiv;mask.;https://www.dwds.de/wb/Osten;0.0;Nom;Sing;;;
BW3;Ostern;ostern;das;;Substantiv;neut.;;;Nom;Sing;;;
B1;Ostsee;Ostsee;die;;Substantiv;fem.;https://www.dwds.de/wb/Ostsee;0.0;Nom;Sing;;;
B1;Ozean;Ozean;der;;Substantiv;mask.;https://www.dwds.de/wb/Ozean;0.0;Nom;Sing;;;
A2,BW3;Paar;Paar;das;;Substantiv;neut.;https://www.dwds.de/wb/Paar;0.0;Nom;Sing;;;
A2;Paket;Paket;das;;Substantiv;neut.;https://www.dwds.de/wb/Paket;0.0;Nom;Sing;;;
B1;Panne;Panne;die;;Substantiv;fem.;https://www.dwds.de/wb/Panne;0.0;Nom;Sing;;;
A1,BW1;Papier;Papier;das;;Substantiv;neut.;https://www.dwds.de/wb/Papier;0.0;Nom;Sing;;;
B1;Paradeiser;Paradeis;der;;Substantiv;mask.;https://www.dwds.de/wb/Paradeiser;0.0;Nom;Plur;;;
A2;Parfum;Parfum;das;;Substantiv;;https://www.dwds.de/wb/Parfum;0.0;;;;;
A2;Parfüm;parfüm;das;;Substantiv;neut.;https://www.dwds.de/wb/Parf%C3%BCm;0.0;Nom;Sing;;;
A2;Park;Park;der;;Substantiv;mask.;https://www.dwds.de/wb/Park;0.0;Nom;Sing;;;
A1;Partner;Partner;der;;Substantiv;mask.;https://www.dwds.de/wb/Partner;0.0;Nom;Sing;;;
A1;Partnerin;Partnerin;die;;Substantiv;fem.;https://www.dwds.de/wb/Partnerin;0.0;Nom;Sing;;;
A1,BW3;Party;Party;die;Partys;Substantiv;fem.;https://www.dwds.de/wb/Party;0.0;Nom;Sing;;;
A1;Pass;Pass;der;;Substantiv;mask.;https://www.dwds.de/wb/Pass#1;0.0;Nom;Sing;;;
B1;Passagier;Passagier;der;;Substantiv;mask.;https://www.dwds.de/wb/Passagier;0.0;Nom;Plur;;;
B1;Passagierin;Passagierin;die;;Substantiv;fem.;https://www.dwds.de/wb/Passagierin;0.0;Nom;Sing;;;
A2;Passwort;Passwort;das;;Substantiv;neut.;https://www.dwds.de/wb/Passwort;0.0;Nom;Sing;;;
B1;Patient;Patient;der;;Substantiv;mask.;https://www.dwds.de/wb/Patient;0.0;Nom;Sing;;;
B1;Patientin;Patientin;die;;Substantiv;fem.;https://www.dwds.de/wb/Patientin;0.0;Nom;Sing;;;
A1;Pause;Pause;die;;Substantiv;fem.;https://www.dwds.de/wb/Pause#1;0.0;Nom;Sing;;;
B1;Pech;Pech;das;;Substantiv;neut.;https://www.dwds.de/wb/Pech#2;0.0;Nom;Sing;;;
B1;Pension;Pension;die;;Substantiv;fem.;https://www.dwds.de/wb/Pension#1;0.0;Nom;Sing;;;
B1;Pensionist;Pensionist;der;;Substantiv;;https://www.dwds.de/wb/Pensionist;0.0;;Sing;;;Fin
B1;Pensionistin;Pensionistin;die;;Substantiv;fem.;https://www.dwds.de/wb/Pensionistin;0.0;Nom;Sing;;;
B1;Perron;Perron;der;;Substantiv;mask.;https://www.dwds.de/wb/Perron;0.0;Nom;Sing;;;
A2;Person;Person;die;;Substantiv;fem.;https://www.dwds.de/wb/Person;0.0;Nom;Sing;;;
B1;Personal;Personal;das;;Substantiv;neut.;https://www.dwds.de/wb/Personal;0.0;Nom;Sing;;;
B1;Personalie;Personalie;die;;Substantiv;fem.;https://www.dwds.de/wb/Personalie;0.0;Nom;Sing;;;
B1;Personenstand;Personenstand;der;;Substantiv;mask.;https://www.dwds.de/wb/Personenstand;0.0;Nom;Sing;;;
B1;Pfanne;Pfann;die;;Substantiv;fem.;https://www.dwds.de/wb/Pfanne;0.0;Nom;Sing;;;
B1;Pfeffer;Pfeffer;der;;Substantiv;mask.;https://www.dwds.de/wb/Pfeffer;0.0;Nom;Plur;;;
BW1;Pfeil;Pfeil;der;;Substantiv;mask.;;;Nom;Sing;;;
A2,BW3;Pferd;Pferd;das;Pferde;Substantiv;neut.;https://www.dwds.de/wb/Pferd;0.0;Nom;Sing;;;
A2,BW3;Pflanze;Pflanze;die;pflanzen;Substantiv;fem.;https://www.dwds.de/wb/Pflanze;0.0;Nom;Sing;;;
B1;Pflaster;Pflaster;das;;Substantiv;neut.;https://www.dwds.de/wb/Pflaster;0.0;Nom;Sing;;;
B1;Pflaume;Pflaume;die;;Substantiv;fem.;https://www.dwds.de/wb/Pflaume;0.0;Nom;Plur;;;
B1;Pfleger;Pfleger;der;;Substantiv;mask.;https://www.dwds.de/wb/Pfleger;0.0;Nom;Sing;;;
B1;Pflegerin;Pflegerin;die;;Substantiv;fem.;https://www.dwds.de/wb/Pflegerin;0.0;Nom;Sing;;;
B1;Pflicht;Pflicht;die;;Substantiv;fem.;https://www.dwds.de/wb/Pflicht;0.0;Nom;Sing;;;
BW1;Pfote;Pfot;die;;Substantiv;fem.;;;Nom;Plur;;;
A1;Pfund;Pfund;das;;Substantiv;neut.;https://www.dwds.de/wb/Pfund;0.0;Nom;Sing;;;
BW3;Pfütze;Pfütze;die;;Substantiv;fem.;;;Nom;Plur;;;
B1;Phantasie;Phantasie;die;;Substantiv;fem.;https://www.dwds.de/wb/Phantasie;0.0;Nom;Sing;;;
B1;Photograph;Photograph;der;;Substantiv;mask.;https://www.dwds.de/wb/Photograph;0.0;Nom;Sing;;;
B1;Photographie;Photographie;die;;Substantiv;fem.;https://www.dwds.de/wb/Photographie;0.0;Nom;Sing;;;
B1;Picknick;Picknick;das;;Substantiv;neut.;https://www.dwds.de/wb/Picknick;0.0;Nom;Sing;;;
B1;Pille;Pille;die;;Substantiv;fem.;https://www.dwds.de/wb/Pille;0.0;Nom;Sing;;;
B1;Pilz;Pilz;der;;Substantiv;mask.;https://www.dwds.de/wb/Pilz;0.0;Nom;Sing;;;
BW1;Pinsel;Pinsel;der;;Substantiv;mask.;;;Nom;Sing;;;
A2,BW3;Pizza;Pizza;die;;Substantiv;fem.;https://www.dwds.de/wb/Pizza;0.0;Nom;Sing;;;
A2;Plakat;plakat;das;;Substantiv;;https://www.dwds.de/wb/Plakat;0.0;;;;;
A1;Plan;Plan;der;;Substantiv;mask.;https://www.dwds.de/wb/Plan#1;0.0;Nom;Sing;;;
B1;Planung;Planung;die;;Substantiv;fem.;https://www.dwds.de/wb/Planung;0.0;Nom;Sing;;;
B1;Plastik;Plastik;;;Substantiv;fem.;https://www.dwds.de/wb/Plastik#2;0.0;Nom;Sing;;;
A1,BW3;Platz;Platz;der;Plätze;Substantiv;mask.;https://www.dwds.de/wb/Platz;0.0;Nom;Sing;;;
B1;Politik;Politik;die;;Substantiv;fem.;https://www.dwds.de/wb/Politik;0.0;Nom;Sing;;;
B1;Politiker;Politiker;der;;Substantiv;mask.;https://www.dwds.de/wb/Politiker;0.0;Nom;Plur;;;
B1;Politikerin;Politikerin;die;;Substantiv;fem.;https://www.dwds.de/wb/Politikerin;0.0;Nom;Sing;;;
A1;Polizei;Polizei;die;;Substantiv;fem.;https://www.dwds.de/wb/Polizei;0.0;Nom;Sing;;;
B1;Polizist;Polizist;der;;Substantiv;mask.;https://www.dwds.de/wb/Polizist;0.0;Nom;Sing;;;
B1;Polizistin;Polizistin;die;;Substantiv;fem.;https://www.dwds.de/wb/Polizistin;0.0;Nom;Sing;;;
A1;Pommes frites;Pommes frites;;;Mehrwortausdruck;;https://www.dwds.de/wb/Pommes%20frites;1.0;;;;;
BW1;Pony;Pony;das;Ponys;Substantiv;neut.;;;Nom;Sing;;;
B1;Portemonnaie;Portemonnaie;das;;Substantiv;neut.;https://www.dwds.de/wb/Portemonnaie;0.0;Nom;Sing;;;
A2;Portion;Portion;die;;Substantiv;fem.;https://www.dwds.de/wb/Portion;0.0;Nom;Sing;;;
B1;Portmonee;Portmonee;das;;Substantiv;neut.;https://www.dwds.de/wb/Portmonee;0.0;Nom;Sing;;;
A1;Post;Post;die;;Substantiv;fem.;https://www.dwds.de/wb/Post#1;0.0;Nom;Sing;;;
A2;Poster;Poster;das;;Substantiv;neut.;https://www.dwds.de/wb/Poster#1;0.0;Nom;Sing;;;
A2;Postkarte;Postkarte;die;;Substantiv;fem.;https://www.dwds.de/wb/Postkarte;0.0;Nom;Sing;;;
A1;Postleitzahl;Postleitzahl;die;;Substantiv;fem.;https://www.dwds.de/wb/Postleitzahl;0.0;Nom;Sing;;;
B1;Poulet;Poulet;das;;Substantiv;;https://www.dwds.de/wb/Poulet;0.0;;;;;
B1;Praktikant;Praktikant;der;;Substantiv;mask.;https://www.dwds.de/wb/Praktikant;0.0;Nom;Sing;;;
B1;Praktikantin;Praktikantin;die;;Substantiv;fem.;https://www.dwds.de/wb/Praktikantin;0.0;Nom;Sing;;;
A1;Praktikum;Praktikum;das;;Substantiv;neut.;https://www.dwds.de/wb/Praktikum;0.0;Nom;Sing;;;
A1;Praxis;Praxis;die;;Substantiv;fem.;https://www.dwds.de/wb/Praxis;0.0;Nom;Sing;;;
A1,BW3;Preis;Preis;der;;Substantiv;mask.;https://www.dwds.de/wb/Preis;0.0;Nom;Sing;;;
A1;Problem;Problem;das;;Substantiv;neut.;https://www.dwds.de/wb/Problem;0.0;Nom;Sing;;;
A2;Produkt;Produkt;das;;Substantiv;neut.;https://www.dwds.de/wb/Produkt;0.0;Nom;Sing;;;
B1;Produktion;Produktion;die;;Substantiv;fem.;https://www.dwds.de/wb/Produktion;0.0;Nom;Sing;;;
B1;Professor;Professor;der;;Substantiv;mask.;https://www.dwds.de/wb/Professor;0.0;Nom;Sing;;;
B1;Professorin;Professorin;die;;Substantiv;fem.;https://www.dwds.de/wb/Professorin;0.0;Nom;Sing;;;
B1;Profi;Profi;der;;Substantiv;mask.;https://www.dwds.de/wb/Profi;0.0;Nom;Sing;;;
B1;Profisportler;Profisportler;der;;Substantiv;mask.;https://www.dwds.de/wb/Profisportler;0.0;Nom;Sing;;;
B1;Profisportlerin;Profisportlerin;die;;Substantiv;fem.;https://www.dwds.de/wb/Profisportlerin;0.0;Nom;Sing;;;
A2;Programm;Programm;das;;Substantiv;neut.;https://www.dwds.de/wb/Programm;0.0;Nom;Sing;;;
A2;Projekt;Projekt;das;;Substantiv;neut.;https://www.dwds.de/wb/Projekt;0.0;Nom;Sing;;;
A1;Prospekt;Prospekt;der;;Substantiv;mask.;https://www.dwds.de/wb/Prospekt;0.0;Nom;Sing;;;
B1;Protest;Protest;der;;Substantiv;mask.;https://www.dwds.de/wb/Protest;0.0;Nom;Sing;;;
A1;Prozent;Prozent;das;;Substantiv;neut.;https://www.dwds.de/wb/Prozent;0.0;Nom;Sing;;;
B1;Prozess;Prozess;der;;Substantiv;mask.;https://www.dwds.de/wb/Prozess;0.0;Nom;Sing;;;
B1;Präsentation;Präsentation;die;;Substantiv;fem.;https://www.dwds.de/wb/Pr%C3%A4sentation;0.0;Nom;Sing;;;
A1;Prüfung;Prüfung;die;;Substantiv;fem.;https://www.dwds.de/wb/Pr%C3%BCfung;0.0;Nom;Sing;;;
B1;Publikum;Publikum;das;;Substantiv;neut.;https://www.dwds.de/wb/Publikum;0.0;Nom;Sing;;;
A2;Pullover;Pullover;der;;Substantiv;mask.;https://www.dwds.de/wb/Pullover;0.0;Nom;Sing;;;
B1,BW3;Punkt;Punkt;der;;Substantiv;mask.;https://www.dwds.de/wb/Punkt;0.0;Nom;Sing;;;
B1,BW1;Puppe;Puppe;die;;Substantiv;fem.;https://www.dwds.de/wb/Puppe;0.0;Nom;Sing;;;
BW3;Pyramide;Pyramid;die;;Substantiv;fem.;;;Nom;Plur;;;
BW3;Päckchen;Päckche;das;packen, du packst, Gepäck;Substantiv;neut.;;;Nom;Sing;;;
BW3;Quader;Quad;der;;Substantiv;mask.;;;Nom;Plur;;;
BW3;Quadrat;Quadrat;das;quadratisch;Substantiv;neut.;;;Nom;Sing;;;
A1;Quadratmeter;Quadratmeter;der;;Substantiv;mask.;https://www.dwds.de/wb/Quadratmeter;0.0;Nom;Sing;;;
B1;Qualifikation;Qualifikation;die;;Substantiv;fem.;https://www.dwds.de/wb/Qualifikation;0.0;Nom;Sing;;;
A2;Qualität;Qualität;die;;Substantiv;fem.;https://www.dwds.de/wb/Qualit%C3%A4t;0.0;Nom;Sing;;;
BW1;Qualm;Qualm;der;qualmen;Substantiv;mask.;;;Nom;Sing;;;
B1;Quartier;Quartier;das;;Substantiv;neut.;https://www.dwds.de/wb/Quartier;0.0;Nom;Sing;;;
BW3;Quatsch;Quatsch;der;;Substantiv;mask.;;;Nom;Sing;;;
BW3;Quelle;Quelle;die;;Substantiv;fem.;;;Nom;Sing;;;
B1;Quittung;Quittung;die;;Substantiv;fem.;https://www.dwds.de/wb/Quittung;0.0;Nom;Sing;;;
A2;Quiz;Quiz;das;;Substantiv;neut.;https://www.dwds.de/wb/Quiz;0.0;Nom;Sing;;;
B1;Rabatt;Rabatt;der;;Substantiv;mask.;https://www.dwds.de/wb/Rabatt;0.0;Nom;Sing;;;
A2,BW3;Rad;Rad;das;Räder;Substantiv;neut.;https://www.dwds.de/wb/Rad;0.0;Nom;Sing;;;
A1;Rad fahren;Rad fahren;;;Mehrwortausdruck;;https://www.dwds.de/wb/Rad%20fahren;0.0;Nom;Sing;;;
B1;Radfahrer;Radfahrer;der;;Substantiv;mask.;https://www.dwds.de/wb/Radfahrer;0.0;Nom;Sing;;;
B1;Radfahrerin;Radfahrerin;die;;Substantiv;fem.;https://www.dwds.de/wb/Radfahrerin;0.0;Nom;Sing;;;
A2;Radio;Radio;das;;Substantiv;neut.;https://www.dwds.de/wb/Radio;0.0;Nom;Sing;;;
B1;Rahm;Rahm;der;;Substantiv;mask.;https://www.dwds.de/wb/Rahm;0.0;Nom;Sing;;;
B1;Rand;Rand;der;;Substantiv;mask.;https://www.dwds.de/wb/Rand;0.0;Nom;Sing;;;
B1;Rasen;rasen;der;;Substantiv;mask.;https://www.dwds.de/wb/Rasen;0.0;Nom;Sing;;;
B1;Rat;Rat;der;;Substantiv;mask.;https://www.dwds.de/wb/Rat;0.0;Nom;Sing;;;
A2;Rathaus;Rathaus;das;;Substantiv;neut.;https://www.dwds.de/wb/Rathaus;0.0;Nom;Sing;;;
B1;Ratschlag;Ratschlag;der;;Substantiv;mask.;https://www.dwds.de/wb/Ratschlag;0.0;Nom;Sing;;;
B1;Raucher;Raucher;;;Substantiv;mask.;https://www.dwds.de/wb/Raucher;0.0;Nom;Sing;;;
B1;Raucherin;Raucherin;die;;Substantiv;fem.;https://www.dwds.de/wb/Raucherin;0.0;Nom;Sing;;;
A1,BW1;Raum;Raum;der;Räume;Substantiv;mask.;https://www.dwds.de/wb/Raum;0.0;Nom;Sing;;;
B1;Reaktion;Reaktion;die;;Substantiv;fem.;https://www.dwds.de/wb/Reaktion;0.0;Nom;Sing;;;
B1;Realität;Realität;die;;Substantiv;fem.;https://www.dwds.de/wb/Realit%C3%A4t;0.0;Nom;Sing;;;
B1;Recherche;Recherche;die;;Substantiv;fem.;https://www.dwds.de/wb/Recherche;0.0;Nom;Sing;;;
B1;Rechner;Rechner;der;;Substantiv;mask.;https://www.dwds.de/wb/Rechner;0.0;Nom;Sing;;;
A1,BW3;Rechnung;Rechnung;die;rechnen, du rechnest;Substantiv;fem.;https://www.dwds.de/wb/Rechnung;0.0;Nom;Sing;;;
B1;Recht;recht;das;;Substantiv;neut.;https://www.dwds.de/wb/Recht;0.0;Nom;Sing;;;
B1;Rede;Rede;die;;Substantiv;fem.;https://www.dwds.de/wb/Rede;0.0;Nom;Sing;;;
B1;Referat;Referat;das;;Substantiv;neut.;https://www.dwds.de/wb/Referat;0.0;Nom;Sing;;;
B1;Reform;Reform;die;;Substantiv;fem.;https://www.dwds.de/wb/Reform;0.0;Nom;Sing;;;
B1;Regal;Regal;das;;Substantiv;neut.;https://www.dwds.de/wb/Regal#1;0.0;Nom;Sing;;;
B1;Regel;Regel;die;;Substantiv;fem.;https://www.dwds.de/wb/Regel;0.0;Nom;Sing;;;
A1,BW1;Regen;Regen;der;;Substantiv;mask.;https://www.dwds.de/wb/Regen;0.0;Nom;Sing;;;
B1;Region;Region;die;;Substantiv;fem.;https://www.dwds.de/wb/Region;0.0;Nom;Sing;;;
BW3;Reh;Reh;das;;Substantiv;neut.;;;Nom;Sing;;;
A2;Reifen;Reifen;der;;Substantiv;mask.;https://www.dwds.de/wb/Reifen;0.0;Nom;Sing;;;
A2,BW3;Reihe;Reihe;die;;Substantiv;fem.;https://www.dwds.de/wb/Reihe;0.0;Nom;Sing;;;
B1;Reihenfolge;Reihenfolge;die;;Substantiv;fem.;https://www.dwds.de/wb/Reihenfolge;0.0;Nom;Sing;;;
A2;Reinigung;Reinigung;die;;Substantiv;fem.;https://www.dwds.de/wb/Reinigung;0.0;Nom;Sing;;;
A1;Reis;Reis;der;;Substantiv;mask.;https://www.dwds.de/wb/Reis#1;0.0;Nom;Sing;;;
A1,BW1;Reise;Reise;die;reisen;Substantiv;fem.;https://www.dwds.de/wb/Reise;0.0;Nom;Sing;;;
A1;Reisebüro;Reisebüro;das;;Substantiv;neut.;https://www.dwds.de/wb/Reiseb%C3%BCro;0.0;Nom;Sing;;;
A1;Reiseführer;Reiseführer;der;;Substantiv;mask.;https://www.dwds.de/wb/Reisef%C3%BChrer;0.0;Nom;Sing;;;
B1;Reklame;Reklame;die;;Substantiv;fem.;https://www.dwds.de/wb/Reklame;0.0;Nom;Sing;;;
B1;Rekord;Rekord;der;;Substantiv;mask.;https://www.dwds.de/wb/Rekord;0.0;Nom;Sing;;;
B1;Religion;Religion;die;;Substantiv;fem.;https://www.dwds.de/wb/Religion;0.0;Nom;Sing;;;
B1;Rente;Rente;die;;Substantiv;fem.;https://www.dwds.de/wb/Rente;0.0;Nom;Sing;;;
A2;Rentner;Rentner;der;;Substantiv;mask.;https://www.dwds.de/wb/Rentner;0.0;Nom;Plur;;;
A2;Rentnerin;Rentnerin;die;;Substantiv;fem.;https://www.dwds.de/wb/Rentnerin;0.0;Nom;Sing;;;
A1;Reparatur;Reparatur;die;;Substantiv;fem.;https://www.dwds.de/wb/Reparatur;0.0;Nom;Sing;;;
B1;Reportage;Reportage;die;;Substantiv;fem.;https://www.dwds.de/wb/Reportage;0.0;Nom;Sing;;;
B1;Reporter;Reporter;der;;Substantiv;mask.;https://www.dwds.de/wb/Reporter;0.0;Nom;Plur;;;
B1;Reporterin;Reporterin;die;;Substantiv;fem.;https://www.dwds.de/wb/Reporterin;0.0;Nom;Sing;;;
B1;Reservierung;Reservierung;die;;Substantiv;fem.;https://www.dwds.de/wb/Reservierung;0.0;Nom;Sing;;;
B1;Respekt;Respekt;der;;Substantiv;mask.;https://www.dwds.de/wb/Respekt;0.0;Nom;Sing;;;
A2;Rest;Rest;der;;Substantiv;mask.;https://www.dwds.de/wb/Rest;0.0;Nom;Sing;;;
A1;Restaurant;Restaurant;das;;Substantiv;;https://www.dwds.de/wb/Restaurant;0.0;;;Pos;;
A2;Rezept;Rezept;das;;Substantiv;neut.;https://www.dwds.de/wb/Rezept;0.0;Nom;Sing;;;
A1;Rezeption;Rezeption;die;;Substantiv;fem.;https://www.dwds.de/wb/Rezeption;0.0;Nom;Sing;;;
B1;Richter;Richter;der;;Substantiv;mask.;https://www.dwds.de/wb/Richter;0.0;Nom;Sing;;;
B1;Richterin;Richterin;die;;Substantiv;fem.;https://www.dwds.de/wb/Richterin;0.0;Nom;Sing;;;
B1,BW3;Richtung;Richtung;die;;Substantiv;fem.;https://www.dwds.de/wb/Richtung;0.0;Nom;Sing;;;
A2;Rind;Rind;das;;Substantiv;neut.;https://www.dwds.de/wb/Rind;0.0;Nom;Sing;;;
A2,BW1;Ring;Ring;der;;Substantiv;mask.;https://www.dwds.de/wb/Ring;0.0;Nom;Sing;;;
B1;Risiko;Risiko;das;;Substantiv;neut.;https://www.dwds.de/wb/Risiko;0.0;Nom;Sing;;;
A2,BW3;Rock;Rock;der;Röcke;Substantiv;mask.;https://www.dwds.de/wb/Rock#1;0.0;Nom;Sing;;;
B1;Rohr;Rohr;das;;Substantiv;neut.;https://www.dwds.de/wb/Rohr;0.0;Nom;Sing;;;
B1;Rolle;Rolle;die;;Substantiv;fem.;https://www.dwds.de/wb/Rolle#2;0.0;Nom;Sing;;;
B1;Roman;Roman;der;;Substantiv;mask.;https://www.dwds.de/wb/Roman;0.0;Nom;Sing;;;
A2,BW1;Rose;Rose;die;;Substantiv;fem.;https://www.dwds.de/wb/Rose;0.0;Nom;Sing;;;
A2;Rucksack;Rucksack;der;;Substantiv;mask.;https://www.dwds.de/wb/Rucksack;0.0;Nom;Sing;;;
B1;Rufnummer;Rufnummer;die;;Substantiv;fem.;https://www.dwds.de/wb/Rufnummer;0.0;Nom;Sing;;;
A2;Ruhe;Ruhe;die;;Substantiv;fem.;https://www.dwds.de/wb/Ruhe;0.0;Nom;Sing;;;
B1;Runde;Runde;die;;Substantiv;fem.;https://www.dwds.de/wb/Runde;0.0;Nom;Sing;;;
B1;Rundfahrt;Rundfahrt;die;;Substantiv;fem.;https://www.dwds.de/wb/Rundfahrt;0.0;Nom;Sing;;;
A2;Rundgang;Rundgang;der;;Substantiv;mask.;https://www.dwds.de/wb/Rundgang;0.0;Nom;Sing;;;
A2,BW3;Rätsel;Rätsel;das;rätseln;Substantiv;neut.;https://www.dwds.de/wb/R%C3%A4tsel;0.0;Nom;Plur;;;
BW3;Räuber;Räuber;der;rauben;Substantiv;mask.;;;Nom;Sing;;;
A2,BW3;Rücken;Rücken;der;;Substantiv;mask.;https://www.dwds.de/wb/R%C3%BCcken#1;0.0;Nom;Sing;;;
B1;Rückfahrt;Rückfahrt;die;;Substantiv;fem.;https://www.dwds.de/wb/R%C3%BCckfahrt;0.0;Nom;Sing;;;
B1;Rückkehr;Rückkehr;die;;Substantiv;fem.;https://www.dwds.de/wb/R%C3%BCckkehr;0.0;Nom;Sing;;;
A1;S-Bahn;S-Bahn;die;;Substantiv;fem.;https://www.dwds.de/wb/S-Bahn;0.0;Nom;Sing;;;
B1,BW3;Saal;Saal;der;Säle;Substantiv;mask.;https://www.dwds.de/wb/Saal;0.0;Nom;Sing;;;
A2,BW1;Sache;Sache;die;;Substantiv;fem.;https://www.dwds.de/wb/Sache;0.0;Nom;Sing;;;
B1;Sack;Sack;der;;Substantiv;mask.;https://www.dwds.de/wb/Sack;0.0;Nom;Sing;;;
A1,BW1;Saft;Saft;der;Säfte, saftig;Substantiv;mask.;https://www.dwds.de/wb/Saft;0.0;Nom;Sing;;;
B1;Sahne;Sahne;die;;Substantiv;fem.;https://www.dwds.de/wb/Sahne;0.0;Nom;Sing;;;
B1;Saison;Saison;die;;Substantiv;fem.;https://www.dwds.de/wb/Saison;0.0;Nom;Sing;;;
A1;Salat;Salat;der;;Substantiv;mask.;https://www.dwds.de/wb/Salat;0.0;Nom;Sing;;;
B1;Salbe;Salbe;die;;Substantiv;fem.;https://www.dwds.de/wb/Salbe;0.0;Nom;Plur;;;
B1;Salon;Salon;der;;Substantiv;mask.;https://www.dwds.de/wb/Salon;0.0;Nom;Sing;;;
A1;Salz;Salz;das;;Substantiv;neut.;https://www.dwds.de/wb/Salz;0.0;Nom;Sing;;;
A1,BW1;Samstag;Samstag;der;;Substantiv;mask.;https://www.dwds.de/wb/Samstag;0.0;Nom;Sing;;;
B1;Sand;Sand;der;;Substantiv;mask.;https://www.dwds.de/wb/Sand;0.0;Nom;Sing;;;
A1,BW3;Satz;Satz;der;Sätze;Substantiv;mask.;https://www.dwds.de/wb/Satz;0.0;Nom;Sing;;;
B1;Sauce;Sauce;die;;Substantiv;fem.;https://www.dwds.de/wb/Sauce;0.0;Nom;Sing;;;
B1;Schachtel;Schachtel;die;;Substantiv;fem.;https://www.dwds.de/wb/Schachtel;0.0;Nom;Plur;;;
B1;Schade;Schade;der;;Substantiv;;https://www.dwds.de/wb/Schade;0.0;;;Pos;;
B1;Schaden;Schaden;der;;Substantiv;mask.;https://www.dwds.de/wb/Schaden;0.0;Nom;Sing;;;
BW1;Schaf;Schaf;das;;Substantiv;neut.;;;Nom;Sing;;;
A1;Schalter;Schalter;der;;Substantiv;mask.;https://www.dwds.de/wb/Schalter;0.0;Nom;Sing;;;
B1;Schatten;Schatten;der;;Substantiv;mask.;https://www.dwds.de/wb/Schatten;0.0;Nom;Sing;;;
BW3;Schatz;Schatz;der;Schätze;Substantiv;mask.;;;Nom;Sing;;;
BW1;Schaufel;Schaufel;die;;Substantiv;fem.;;;Nom;Sing;;;
B1;Schaufenster;Schaufenster;das;;Substantiv;neut.;https://www.dwds.de/wb/Schaufenster;0.0;Nom;Plur;;;
BW1;Schaukel;Schaukel;die;schaukeln;Substantiv;fem.;;;Nom;Sing;;;
B1;Schauspieler;Schauspieler;der;;Substantiv;mask.;https://www.dwds.de/wb/Schauspieler;0.0;Nom;Plur;;;
B1;Schauspielerin;Schauspielerin;die;;Substantiv;fem.;https://www.dwds.de/wb/Schauspielerin;0.0;Nom;Sing;;;
B1;Scheibe;Scheibe;die;;Substantiv;fem.;https://www.dwds.de/wb/Scheibe;0.0;Nom;Sing;;;
B1;Scheidung;Scheidung;die;;Substantiv;fem.;https://www.dwds.de/wb/Scheidung;0.0;Nom;Sing;;;
B1;Schein;Schein;der;;Substantiv;mask.;https://www.dwds.de/wb/Schein#2;0.0;Nom;Sing;;;
A2,BW1;Schere;Schere;die;;Substantiv;fem.;https://www.dwds.de/wb/Schere;0.0;Nom;Sing;;;
B1;Schi;Schi;der;;Substantiv;mask.;https://www.dwds.de/wb/Schi;0.0;Nom;Sing;;;
A2,BW3;Schiff;Schiff;das;;Substantiv;neut.;https://www.dwds.de/wb/Schiff;0.0;Nom;Sing;;;
A1;Schild;schild;das;;Substantiv;neut.;https://www.dwds.de/wb/Schild#1;0.0;Nom;Sing;;;
A1;Schinken;schinken;der;;Substantiv;mask.;https://www.dwds.de/wb/Schinken;0.0;Acc;Sing;;;
A2;Schirm;Schirm;der;;Substantiv;mask.;https://www.dwds.de/wb/Schirm;0.0;Nom;Sing;;;
B1;Schlaf;Schlaf;der;;Substantiv;mask.;https://www.dwds.de/wb/Schlaf;0.0;Nom;Sing;;;
A2;Schlafzimmer;Schlafzimmer;das;;Substantiv;neut.;https://www.dwds.de/wb/Schlafzimmer;0.0;Nom;Plur;;;
B1;Schlagobers;Schlagober;das;;Substantiv;neut.;https://www.dwds.de/wb/Schlagobers;0.0;Gen;Sing;;;
B1;Schlagrahm;Schlagrahm;der;;Substantiv;mask.;https://www.dwds.de/wb/Schlagrahm;0.0;Nom;Sing;;;
B1;Schlagsahne;Schlagsahne;die;;Substantiv;fem.;https://www.dwds.de/wb/Schlagsahne;0.0;Nom;Sing;;;
B1,BW1;Schlange;Schlange;die;;Substantiv;fem.;https://www.dwds.de/wb/Schlange;0.0;Nom;Sing;;;
BW1;Schlitten;Schlitt;der;;Substantiv;mask.;;;Nom;;;;
A2,BW3;Schloss;Schloss;das;Schlösser;Substantiv;neut.;https://www.dwds.de/wb/Schloss#1;0.0;Nom;Sing;;;
A1,BW3;Schluss;Schluss;der;Schlüsse;Substantiv;mask.;https://www.dwds.de/wb/Schluss;0.0;Nom;Sing;;;
A1,BW1;Schlüssel;Schlüssel;der;;Substantiv;mask.;https://www.dwds.de/wb/Schl%C3%BCssel;0.0;Nom;Sing;;;
A2;Schmerz;Schmerz;der;;Substantiv;mask.;https://www.dwds.de/wb/Schmerz;0.0;Nom;Sing;;;
B1;Schmerzmittel;Schmerzmittel;das;;Substantiv;neut.;https://www.dwds.de/wb/Schmerzmittel;0.0;Nom;Sing;;;
B1;Schmuck;Schmuck;der;;Substantiv;mask.;https://www.dwds.de/wb/Schmuck;0.0;Nom;Sing;;;
B1;Schmutz;Schmutz;der;;Substantiv;mask.;https://www.dwds.de/wb/Schmutz;0.0;Nom;Sing;;;
BW1;Schnecke;Schnecke;die;;Substantiv;fem.;;;Nom;Sing;;;
A2,BW3;Schnee;Schnee;der;;Substantiv;mask.;https://www.dwds.de/wb/Schnee;0.0;Nom;Sing;;;
BW3;Schneemann;Schneemann;der;;Substantiv;mask.;;;Nom;Sing;;;
B1;Schnupfen;schnupfen;der;;Substantiv;mask.;https://www.dwds.de/wb/Schnupfen;0.0;Nom;Sing;;;
A2;Schokolade;Schokolade;die;;Substantiv;fem.;https://www.dwds.de/wb/Schokolade;0.0;Nom;Sing;;;
A1,BW1;Schrank;Schrank;der;Schränke;Substantiv;mask.;https://www.dwds.de/wb/Schrank;0.0;Nom;Sing;;;
B1,BW3;Schreck;Schreck;der;erschrecken, schrecklich;Substantiv;mask.;https://www.dwds.de/wb/Schreck;0.0;Nom;Sing;;;
B1;Schrecken;Schrecken;der;;Substantiv;mask.;https://www.dwds.de/wb/Schrecken;0.0;Nom;Sing;;;
B1;Schreiben;schreiben;das;;Substantiv;neut.;https://www.dwds.de/wb/Schreiben;0.0;Nom;Sing;;;
BW3;Schreibtisch;Schreibtisch;der;;Substantiv;mask.;;;Nom;Sing;;;
B1;Schrift;Schrift;die;;Substantiv;fem.;https://www.dwds.de/wb/Schrift;0.0;Nom;Sing;;;
B1;Schriftsteller;Schriftsteller;der;;Substantiv;mask.;https://www.dwds.de/wb/Schriftsteller;0.0;Nom;Sing;;;
B1;Schriftstellerin;Schriftstellerin;die;;Substantiv;fem.;https://www.dwds.de/wb/Schriftstellerin;0.0;Nom;Sing;;;
B1;Schritt;Schritt;der;;Substantiv;mask.;https://www.dwds.de/wb/Schritt;0.0;Acc;Sing;;;
A1,BW3;Schuh;Schuh;der;Schuhe;Substantiv;mask.;https://www.dwds.de/wb/Schuh;0.0;Nom;Sing;;;
B1;Schularbeit;Schularbeit;die;;Substantiv;fem.;https://www.dwds.de/wb/Schularbeit;0.0;Nom;Sing;;;
B1;Schuld;Schuld;die;;Substantiv;fem.;https://www.dwds.de/wb/Schuld;0.0;Nom;Sing;;;
A1;Schule;Schule;die;;Substantiv;fem.;https://www.dwds.de/wb/Schule;0.0;Nom;Sing;;;
B1;Schulter;Schulter;die;;Substantiv;fem.;https://www.dwds.de/wb/Schulter;0.0;Nom;Sing;;;
B1;Schutz;Schutz;der;;Substantiv;mask.;https://www.dwds.de/wb/Schutz;0.0;Nom;Sing;;;
B1;Schwammerl;Schwammerl;;;Substantiv;mask., neutr.;https://www.dwds.de/wb/Schwammerl;0.0;Nom;Sing;;;
B1;Schwangerschaft;Schwangerschaft;die;;Substantiv;fem.;https://www.dwds.de/wb/Schwangerschaft;0.0;Nom;Sing;;;
A2;Schwein;Schwein;das;;Substantiv;neut.;https://www.dwds.de/wb/Schwein;0.0;Nom;Sing;;;
A1,BW1;Schwester;Schwester;die;;Substantiv;fem.;https://www.dwds.de/wb/Schwester;0.0;Nom;Sing;;;
B1;Schwierigkeit;Schwierigkeit;die;;Substantiv;fem.;https://www.dwds.de/wb/Schwierigkeit;0.0;Nom;Sing;;;
A1,BW3;Schwimmbad;Schwimmbad;das;;Substantiv;neut.;https://www.dwds.de/wb/Schwimmbad;0.0;Nom;Sing;;;
A1;Schüler;Schüler;der;;Substantiv;mask.;https://www.dwds.de/wb/Sch%C3%BCler;0.0;Nom;;;;
A2;Schülerin;Schülerin;die;;Substantiv;fem.;https://www.dwds.de/wb/Sch%C3%BClerin;0.0;Nom;Sing;;;
B1;Schüssel;Schüssel;die;;Substantiv;fem.;https://www.dwds.de/wb/Sch%C3%BCssel;0.0;Nom;Sing;;;
A1,BW3;See;See;der;Seen;Substantiv;mask.;https://www.dwds.de/wb/See#1;0.0;Nom;Sing;;;
A1;Sehenswürdigkeit;Sehenswürdigkeit;die;;Substantiv;fem.;https://www.dwds.de/wb/Sehensw%C3%BCrdigkeit;0.0;Nom;Sing;;;
A2,BW1;Seife;Seif;die;;Substantiv;;https://www.dwds.de/wb/Seife#1;0.0;;Sing;;;Fin
A2,BW1;Seite;Seite;die;;Substantiv;fem.;https://www.dwds.de/wb/Seite;0.0;Nom;Sing;;;
B1;Sekretär;Sekretär;der;;Substantiv;mask.;https://www.dwds.de/wb/Sekret%C3%A4r#1;0.0;Nom;Sing;;;
B1;Sekretärin;Sekretärin;die;;Substantiv;fem.;https://www.dwds.de/wb/Sekret%C3%A4rin;0.0;Nom;Sing;;;
A1;Sekunde;Sekunde;die;;Substantiv;fem.;https://www.dwds.de/wb/Sekunde;0.0;Nom;Sing;;;
B1;Semester;Semester;das;;Substantiv;neut.;https://www.dwds.de/wb/Semester;0.0;Nom;Sing;;;
B1;Seminar;Seminar;das;;Substantiv;neut.;https://www.dwds.de/wb/Seminar;0.0;Nom;Sing;;;
B1;Semmel;Semmel;die;;Substantiv;fem.;https://www.dwds.de/wb/Semmel;0.0;Nom;Sing;;;
B1;Sender;Sender;der;;Substantiv;mask.;https://www.dwds.de/wb/Sender;0.0;Nom;Sing;;;
A2;Sendung;Sendung;die;;Substantiv;fem.;https://www.dwds.de/wb/Sendung;0.0;Nom;Sing;;;
B1;Senior;Senior;der;;Substantiv;mask.;https://www.dwds.de/wb/Senior;0.0;Nom;Sing;;;
B1;Seniorin;Seniorin;die;;Substantiv;fem.;https://www.dwds.de/wb/Seniorin;0.0;Nom;Sing;;;
A1,BW1;September;September;der;;Substantiv;mask.;https://www.dwds.de/wb/September;0.0;Nom;Sing;;;
B1;Serie;Serie;die;;Substantiv;fem.;https://www.dwds.de/wb/Serie;0.0;Nom;Sing;;;
A2;Service;Service;der;;Substantiv;mask.;https://www.dwds.de/wb/Service#2;0.0;Nom;Sing;;;
B1;Serviceangestellte;Serviceangestellt;;;Substantiv;mask.;https://www.dwds.de/wb/Serviceangestellte;0.0;Nom;Plur;;;
B1;Sessel;Sessel;der;;Substantiv;mask.;https://www.dwds.de/wb/Sessel;0.0;Nom;Sing;;;
B1;Sicherheit;Sicherheit;die;;Substantiv;fem.;https://www.dwds.de/wb/Sicherheit;0.0;Nom;Sing;;;
A1;Sie;sie;;;Personalpronomen;;https://www.dwds.de/wb/Sie;0.0;Nom;Plur;;Prs;
B1;Sieg;Sieg;der;;Substantiv;mask.;https://www.dwds.de/wb/Sieg;0.0;Nom;Sing;;;
B1;Sieger;Sieger;der;;Substantiv;mask.;https://www.dwds.de/wb/Sieger;0.0;Nom;Sing;;;
B1;Siegerin;Siegerin;die;;Substantiv;fem.;https://www.dwds.de/wb/Siegerin;0.0;Nom;Sing;;;
BW3;Silvester;Silvester;das;;Substantiv;neut.;;;Nom;Sing;;;
B1;Sinn;Sinn;der;;Substantiv;mask.;https://www.dwds.de/wb/Sinn;0.0;Nom;Sing;;;
A2;Situation;Situation;die;;Substantiv;fem.;https://www.dwds.de/wb/Situation;0.0;Nom;Sing;;;
B1;Sitz;Sitz;der;;Substantiv;mask.;https://www.dwds.de/wb/Sitz;0.0;Nom;Sing;;;
B1;Ski;Ski;der;;Substantiv;mask.;https://www.dwds.de/wb/Ski;0.0;Nom;Sing;;;
B1,BW1;Socke;Socke;die;;Substantiv;fem.;https://www.dwds.de/wb/Socke;0.0;Nom;Sing;;;
A1;Sofa;Sofa;das;;Substantiv;;https://www.dwds.de/wb/Sofa;0.0;;;;;
A1,BW3;Sohn;Sohn;der;Söhne;Substantiv;mask.;https://www.dwds.de/wb/Sohn;0.0;Nom;Sing;;;
A1,BW1;Sommer;Sommer;der;;Substantiv;mask.;https://www.dwds.de/wb/Sommer;0.0;Nom;Sing;;;
B1;Sonderangebot;Sonderangebot;das;;Substantiv;neut.;https://www.dwds.de/wb/Sonderangebot;0.0;Nom;Sing;;;
A1;Sonnabend;sonnabend;der;;Substantiv;;https://www.dwds.de/wb/Sonnabend;0.0;;;Pos;;
A1,BW1;Sonne;Sonne;die;sonnig;Substantiv;fem.;https://www.dwds.de/wb/Sonne;0.0;Nom;Sing;;;
A1,BW1;Sonntag;Sonntag;der;;Substantiv;mask.;https://www.dwds.de/wb/Sonntag;0.0;Nom;Sing;;;
B1;Sorge;Sorge;die;;Substantiv;fem.;https://www.dwds.de/wb/Sorge;0.0;Nom;Sing;;;
B1;Souvenir;Souvenir;das;;Substantiv;neut.;https://www.dwds.de/wb/Souvenir;0.0;Nom;Sing;;;
B1;Sozialarbeiter;Sozialarbeiter;der;;Substantiv;mask.;https://www.dwds.de/wb/Sozialarbeiter;0.0;Nom;Sing;;;
B1;Sozialarbeiterin;Sozialarbeiterin;die;;Substantiv;fem.;https://www.dwds.de/wb/Sozialarbeiterin;0.0;Nom;Sing;;;
B1;Soße;Soße;die;;Substantiv;fem.;https://www.dwds.de/wb/So%C3%9Fe;0.0;Nom;Sing;;;
A2;Spass;Spass;der;;Substantiv;mask.;https://www.dwds.de/wb/Spass;0.0;Nom;Sing;;;
BW1;Spaten;Spat;der;;Substantiv;mask.;;;Nom;Plur;;;
BW3;Spatz;Spatz;der;;Substantiv;mask.;;;Nom;Sing;;;
A2;Spaziergang;Spaziergang;der;;Substantiv;mask.;https://www.dwds.de/wb/Spaziergang;0.0;Nom;Sing;;;
A2;Spaß;Spaß;der;;Substantiv;mask.;https://www.dwds.de/wb/Spa%C3%9F;0.0;Nom;Sing;;;
B1;Speise;speise;die;;Substantiv;fem.;https://www.dwds.de/wb/Speise#1;0.0;Nom;Plur;;;
A1;Speisekarte;Speisekarte;die;;Substantiv;fem.;https://www.dwds.de/wb/Speisekarte;0.0;Nom;Plur;;;
A1;Speisenkarte;Speisenkarte;die;;Substantiv;fem.;https://www.dwds.de/wb/Speisenkarte;0.0;Nom;Plur;;;
B1;Speisewagen;Speisewag;der;;Substantiv;mask.;https://www.dwds.de/wb/Speisewagen;0.0;Nom;Plur;;;
B1;Spezialist;Spezialist;der;;Substantiv;mask.;https://www.dwds.de/wb/Spezialist;0.0;Nom;Sing;;;
B1;Spezialistin;Spezialistin;die;;Substantiv;fem.;https://www.dwds.de/wb/Spezialistin;0.0;Nom;Sing;;;
B1,BW1;Spiegel;Spiegel;der;;Substantiv;mask.;https://www.dwds.de/wb/Spiegel;0.0;Nom;Sing;;;
A2,BW1;Spiel;Spiel;das;spielen, du spielst;Substantiv;neut.;https://www.dwds.de/wb/Spiel;0.0;Nom;Sing;;;
B1;Spieler;Spieler;der;;Substantiv;mask.;https://www.dwds.de/wb/Spieler;0.0;Nom;Plur;;;
B1;Spielerin;Spielerin;die;;Substantiv;fem.;https://www.dwds.de/wb/Spielerin;0.0;Nom;Sing;;;
B1;Spielplatz;Spielplatz;der;;Substantiv;mask.;https://www.dwds.de/wb/Spielplatz;0.0;Nom;Sing;;;
B1;Spielzeug;Spielzeug;das;;Substantiv;neut.;https://www.dwds.de/wb/Spielzeug;0.0;Nom;Sing;;;
BW1;Spinne;Spinne;die;;Substantiv;fem.;;;Nom;Sing;;;
BW1;Spitze;Spitze;die;spitz;Substantiv;fem.;;;Nom;Sing;;;
A1;Sport;Sport;der;;Substantiv;mask.;https://www.dwds.de/wb/Sport;0.0;Nom;Sing;;;
B1;Sportart;Sportart;die;;Substantiv;fem.;https://www.dwds.de/wb/Sportart;0.0;Nom;Sing;;;
B1;Sportler;Sportler;der;;Substantiv;mask.;https://www.dwds.de/wb/Sportler;0.0;Nom;Plur;;;
B1;Sportlerin;Sportlerin;die;;Substantiv;fem.;https://www.dwds.de/wb/Sportlerin;0.0;Nom;Sing;;;
A2;Sportplatz;Sportplatz;der;;Substantiv;mask.;https://www.dwds.de/wb/Sportplatz;0.0;Nom;Sing;;;
A1,BW3;Sprache;Sprache;die;;Substantiv;fem.;https://www.dwds.de/wb/Sprache;0.0;Nom;Sing;;;
A2;Sprechstunde;Sprechstunde;die;;Substantiv;fem.;https://www.dwds.de/wb/Sprechstunde;0.0;Nom;Sing;;;
B1;Spritze;Spritze;die;;Substantiv;fem.;https://www.dwds.de/wb/Spritze;0.0;Nom;Sing;;;
B1;Spur;Spur;die;;Substantiv;fem.;https://www.dwds.de/wb/Spur;0.0;Nom;Sing;;;
B1;Stadion;Stadion;das;;Substantiv;;https://www.dwds.de/wb/Stadion;0.0;;;;;
A1,BW3;Stadt;Stadt;die;Städte;Substantiv;fem.;https://www.dwds.de/wb/Stadt;0.0;Nom;Sing;;;
A2;Stadtplan;Stadtplan;der;;Substantiv;mask.;https://www.dwds.de/wb/Stadtplan;0.0;Nom;Sing;;;
B1;Standpunkt;Standpunkt;der;;Substantiv;mask.;https://www.dwds.de/wb/Standpunkt;0.0;Nom;Sing;;;
A2;Star;Star;der;;Substantiv;mask.;https://www.dwds.de/wb/Star#3;0.0;Nom;Sing;;;
B1;Start;Start;der;;Substantiv;mask.;https://www.dwds.de/wb/Start;0.0;Nom;Sing;;;
B1;Station;Station;die;;Substantiv;fem.;https://www.dwds.de/wb/Station;0.0;Nom;Sing;;;
B1;Statistik;Statistik;die;;Substantiv;fem.;https://www.dwds.de/wb/Statistik;0.0;Nom;Sing;;;
B1;Stau;Stau;der;;Substantiv;mask.;https://www.dwds.de/wb/Stau;0.0;Nom;Sing;;;
B1;Staub;Staub;der;;Substantiv;mask.;https://www.dwds.de/wb/Staub;0.0;Nom;Sing;;;
B1;Staub saugen;Staub;;;Verb;;https://www.dwds.de/wb/Staub%20saugen;0.0;Acc;Sing;;;
B1;Steckdose;Steckdose;die;;Substantiv;;https://www.dwds.de/wb/Steckdose;0.0;;;;;
B1;Stecker;Stecker;der;;Substantiv;mask.;https://www.dwds.de/wb/Stecker;0.0;Nom;Sing;;;
B1,BW1;Stein;Stein;der;;Substantiv;mask.;https://www.dwds.de/wb/Stein;0.0;Nom;Sing;;;
A1;Stelle;Stelle;die;;Substantiv;fem.;https://www.dwds.de/wb/Stelle;0.0;Nom;Sing;;;
B1,BW1;Stempel;Stempel;der;;Substantiv;mask.;https://www.dwds.de/wb/Stempel;0.0;Nom;Sing;;;
B1,BW1;Stern;Stern;der;;Substantiv;mask.;https://www.dwds.de/wb/Stern;0.0;Nom;Sing;;;
B1;Steuer;Steuer;die;;Substantiv;fem.;https://www.dwds.de/wb/Steuer#2;0.0;Nom;Sing;;;
B1;Steward;Steward;der;;Substantiv;mask.;https://www.dwds.de/wb/Steward;0.0;Nom;Sing;;;
B1;Stewardess;Stewardess;die;;Substantiv;;https://www.dwds.de/wb/Stewardess;0.0;;;;;
A2,BW1;Stiefel;Stiefel;der;;Substantiv;mask.;https://www.dwds.de/wb/Stiefel;0.0;Nom;Sing;;;
B1;Stiege;Stieg;die;;Substantiv;fem.;https://www.dwds.de/wb/Stiege#1;0.0;Nom;Plur;;;
B1;Stiegenhaus;Stiegenhaus;das;;Substantiv;;https://www.dwds.de/wb/Stiegenhaus;0.0;;;;;
A2,BW1;Stift;Stift;der;;Substantiv;mask.;https://www.dwds.de/wb/Stift#1;0.0;Nom;Sing;;;
B1;Stil;Stil;der;;Substantiv;mask.;https://www.dwds.de/wb/Stil;0.0;Nom;Sing;;;
B1;Stimme;Stimme;die;;Substantiv;fem.;https://www.dwds.de/wb/Stimme;0.0;Nom;Sing;;;
B1;Stimmung;Stimmung;die;;Substantiv;fem.;https://www.dwds.de/wb/Stimmung;0.0;Nom;Sing;;;
A2;Stipendium;Stipendium;das;;Substantiv;neut.;https://www.dwds.de/wb/Stipendium;0.0;Nom;Sing;;;
A1;Stock;Stock;der;;Substantiv;mask.;https://www.dwds.de/wb/Stock#2;0.0;Nom;Sing;;;
A2;Stockwerk;Stockwerk;das;;Substantiv;neut.;https://www.dwds.de/wb/Stockwerk;0.0;Nom;Sing;;;
B1,BW3;Stoff;Stoff;der;;Substantiv;mask.;https://www.dwds.de/wb/Stoff;0.0;Nom;Sing;;;
B1,BW3;Strafe;Strafe;die;;Substantiv;fem.;https://www.dwds.de/wb/Strafe;0.0;Nom;Sing;;;
B1;Strafzettel;Strafzettel;der;;Substantiv;;https://www.dwds.de/wb/Strafzettel;0.0;;;;;
A2,BW3;Strand;Strand;der;Strände;Substantiv;mask.;https://www.dwds.de/wb/Strand;0.0;Nom;Sing;;;
A1,BW3;Straße;Straße;die;;Substantiv;fem.;https://www.dwds.de/wb/Stra%C3%9Fe;0.0;Nom;Sing;;;
A1;Straßenbahn;Straßenbahn;die;;Substantiv;fem.;https://www.dwds.de/wb/Stra%C3%9Fenbahn;0.0;Nom;Sing;;;
B1;Strecke;Strecke;die;;Substantiv;fem.;https://www.dwds.de/wb/Strecke;0.0;Nom;Sing;;;
B1;Streichholz;Streichholz;das;;Substantiv;neut.;https://www.dwds.de/wb/Streichholz;0.0;Nom;Sing;;;
BW3;Streifen;Streifen;der;;Substantiv;mask.;;;Nom;Plur;;;
B1;Streik;Streik;der;;Substantiv;mask.;https://www.dwds.de/wb/Streik;0.0;Nom;Sing;;;
B1;Streit;Streit;der;;Substantiv;mask.;https://www.dwds.de/wb/Streit;0.0;Nom;Sing;;;
A2;Stress;Stress;der;;Substantiv;mask.;https://www.dwds.de/wb/Stress;0.0;Nom;Sing;;;
B1,BW3;Strom;Strom;der;;Substantiv;mask.;https://www.dwds.de/wb/Strom;0.0;Nom;Sing;;;
B1;Strumpf;Strumpf;der;;Substantiv;mask.;https://www.dwds.de/wb/Strumpf;0.0;Nom;Sing;;;
A1;Student;Student;der;;Substantiv;mask.;https://www.dwds.de/wb/Student;0.0;Nom;Sing;;;
A2;Studentin;Studentin;die;;Substantiv;fem.;https://www.dwds.de/wb/Studentin;0.0;Nom;Sing;;;
B1;Studie;Studie;die;;Substantiv;fem.;https://www.dwds.de/wb/Studie;0.0;Nom;Sing;;;
B1;Studierende;studierend;;;Substantiv;fem., mask.;https://www.dwds.de/wb/Studierende;0.0;Nom;Plur;;;
B1;Studio;Studio;das;;Substantiv;neut.;https://www.dwds.de/wb/Studio;0.0;Nom;Sing;;;
A1;Studium;Studium;das;;Substantiv;neut.;https://www.dwds.de/wb/Studium;0.0;Nom;Sing;;;
B1,BW1;Stufe;Stufe;die;;Substantiv;fem.;https://www.dwds.de/wb/Stufe;0.0;Nom;Sing;;;
A2,BW3;Stuhl;Stuhl;der;Stühle;Substantiv;mask.;https://www.dwds.de/wb/Stuhl;0.0;Nom;Sing;;;
A1,BW1;Stunde;Stunde;die;;Substantiv;fem.;https://www.dwds.de/wb/Stunde;0.0;Nom;Sing;;;
B1,BW3;Sturm;Sturm;der;stürmisch;Substantiv;mask.;https://www.dwds.de/wb/Sturm;0.0;Nom;Sing;;;
B1;Störung;Störung;die;;Substantiv;fem.;https://www.dwds.de/wb/St%C3%B6rung;0.0;Nom;Sing;;;
A2,BW3;Stück;Stück;das;;Substantiv;neut.;https://www.dwds.de/wb/St%C3%BCck;0.0;Nom;Sing;;;
B1;Sucht;Sucht;die;;Substantiv;;https://www.dwds.de/wb/Sucht;0.0;;;;;
B1;Suchtmittel;Suchtmittel;das;;Substantiv;neut.;https://www.dwds.de/wb/Suchtmittel;0.0;Acc;Sing;;;
B1;Summe;Summe;die;;Substantiv;fem.;https://www.dwds.de/wb/Summe;0.0;Nom;Sing;;;
A2;Supermarkt;Supermarkt;der;;Substantiv;mask.;https://www.dwds.de/wb/Supermarkt;0.0;Nom;Sing;;;
A2,BW1;Suppe;Suppe;die;;Substantiv;fem.;https://www.dwds.de/wb/Suppe;0.0;Nom;Sing;;;
B1;Symbol;Symbol;das;;Substantiv;neut.;https://www.dwds.de/wb/Symbol;0.0;Nom;Sing;;;
B1;System;System;das;;Substantiv;neut.;https://www.dwds.de/wb/System;0.0;Nom;Sing;;;
B1;Szene;Szene;die;;Substantiv;fem.;https://www.dwds.de/wb/Szene;0.0;Nom;Sing;;;
BW1;Säge;Sag;die;sägen;Substantiv;fem.;;;Nom;Plur;;;
B1;Sänger;Sänger;der;;Substantiv;mask.;https://www.dwds.de/wb/S%C3%A4nger;0.0;Nom;Plur;;;
B1;Sängerin;Sängerin;die;;Substantiv;fem.;https://www.dwds.de/wb/S%C3%A4ngerin;0.0;Nom;Sing;;;
A1;Süden;Süden;der;;Substantiv;mask.;https://www.dwds.de/wb/S%C3%BCden;0.0;Nom;Sing;;;
A2,BW3;Süßigkeit;Süßigkeit;die;;Substantiv;fem.;https://www.dwds.de/wb/S%C3%BC%C3%9Figkeit;0.0;Nom;Sing;;;
A2;T-Shirt;T-Shirt;das;;Substantiv;neut.;https://www.dwds.de/wb/T-Shirt;0.0;Nom;Plur;;;
B1;Tabelle;Tabelle;die;;Substantiv;fem.;https://www.dwds.de/wb/Tabelle;0.0;Nom;Sing;;;
A2;Tablet;Tablet;;;Substantiv;neutr., mask.;https://www.dwds.de/wb/Tablet;0.0;Nom;Sing;;;
A2;Tablette;Tablette;die;;Substantiv;fem.;https://www.dwds.de/wb/Tablette;0.0;Nom;Sing;;;
A2,BW1;Tafel;Tafel;die;;Substantiv;fem.;https://www.dwds.de/wb/Tafel;0.0;Nom;Sing;;;
A1,BW1;Tag;Tag;der;Tage, täglich;Substantiv;mask.;https://www.dwds.de/wb/Tag#1;0.0;Nom;Sing;;;
B1;Tagesablauf;Tagesablauf;der;;Substantiv;mask.;https://www.dwds.de/wb/Tagesablauf;0.0;Nom;Sing;;;
B1;Tal;Tal;das;;Substantiv;neut.;https://www.dwds.de/wb/Tal;0.0;Nom;Sing;;;
B1;Talent;Talent;das;;Substantiv;neut.;https://www.dwds.de/wb/Talent;0.0;Nom;Sing;;;
B1;Tankstelle;Tankstelle;die;;Substantiv;fem.;https://www.dwds.de/wb/Tankstelle;0.0;Nom;Sing;;;
B1,BW1;Tante;Tante;die;;Substantiv;fem.;https://www.dwds.de/wb/Tante;0.0;Nom;Sing;;;
B1;Tanz;Tanz;der;;Substantiv;mask.;https://www.dwds.de/wb/Tanz;0.0;Nom;Sing;;;
A1,BW1;Tasche;Tasche;die;;Substantiv;fem.;https://www.dwds.de/wb/Tasche;0.0;Nom;Sing;;;
A2;Taschengeld;Taschengeld;das;;Substantiv;neut.;https://www.dwds.de/wb/Taschengeld;0.0;Nom;Sing;;;
B1;Taschentuch;Taschentuch;das;;Substantiv;neut.;https://www.dwds.de/wb/Taschentuch;0.0;Nom;Sing;;;
A2;Tasse;Taß;die;;Substantiv;fem.;https://www.dwds.de/wb/Tasse;0.0;Nom;Plur;;;
B1;Tastatur;Tastatur;die;;Substantiv;fem.;https://www.dwds.de/wb/Tastatur;0.0;Nom;Sing;;;
B1;Taste;Taste;die;;Substantiv;fem.;https://www.dwds.de/wb/Taste;0.0;Nom;Plur;;;
B1;Tat;Tat;die;;Substantiv;fem.;https://www.dwds.de/wb/Tat;0.0;Nom;Sing;;;
B1;Tatsache;Tatsache;die;;Substantiv;fem.;https://www.dwds.de/wb/Tatsache;0.0;Nom;Sing;;;
A1,BW1;Taxi;Taxi;das;;Substantiv;neut.;https://www.dwds.de/wb/Taxi;0.0;Nom;Sing;;;
A2;Team;Team;das;;Substantiv;neut.;https://www.dwds.de/wb/Team;0.0;Nom;Sing;;;
B1;Technik;Technik;die;;Substantiv;fem.;https://www.dwds.de/wb/Technik;0.0;Nom;Sing;;;
B1;Technologie;Technologie;die;;Substantiv;fem.;https://www.dwds.de/wb/Technologie;0.0;Nom;Sing;;;
BW3;Teddy;Teddy;der;Teddys;Substantiv;mask.;;;Nom;Plur;;;
A1,BW3;Tee;Tee;der;;Substantiv;mask.;https://www.dwds.de/wb/Tee#1;0.0;Nom;Sing;;;
A1;Teil;Teil;;;Substantiv;mask.;https://www.dwds.de/wb/Teil;0.0;Nom;Sing;;;
B1;Teilnahme;Teilnahme;die;;Substantiv;fem.;https://www.dwds.de/wb/Teilnahme;0.0;Nom;Sing;;;
B1;Teilnehmer;Teilnehmer;der;;Substantiv;mask.;https://www.dwds.de/wb/Teilnehmer;0.0;Nom;Plur;;;
B1;Teilnehmerin;Teilnehmerin;die;;Substantiv;fem.;https://www.dwds.de/wb/Teilnehmerin;0.0;Nom;Sing;;;
B1;Teilzeit;Teilzeit;die;;Substantiv;fem.;https://www.dwds.de/wb/Teilzeit;0.0;Nom;Sing;;;
A1;Telefon;Telefon;das;;Substantiv;neut.;https://www.dwds.de/wb/Telefon;0.0;Nom;Sing;;;
A2,BW1;Teller;Teller;der;;Substantiv;mask.;https://www.dwds.de/wb/Teller;0.0;Nom;Sing;;;
B1;Temperatur;Temperatur;die;;Substantiv;fem.;https://www.dwds.de/wb/Temperatur;0.0;Nom;Sing;;;
B1;Tempo;Tempo;das;;Substantiv;neut.;https://www.dwds.de/wb/Tempo#1;0.0;Nom;Sing;;;
A2;Tennis;Tennis;das;;Substantiv;neut.;https://www.dwds.de/wb/Tennis;0.0;Nom;Sing;;;
B1;Teppich;teppich;der;;Substantiv;;https://www.dwds.de/wb/Teppich;0.0;;;Pos;;
A1;Termin;Termin;der;;Substantiv;mask.;https://www.dwds.de/wb/Termin;0.0;Nom;Sing;;;
B1;Terminkalender;Terminkalender;der;;Substantiv;mask.;https://www.dwds.de/wb/Terminkalender;0.0;Nom;Plur;;;
B1;Terrasse;Terraß;die;;Substantiv;fem.;https://www.dwds.de/wb/Terrasse;0.0;Nom;Sing;;;
A1;Test;Test;der;;Substantiv;mask.;https://www.dwds.de/wb/Test;0.0;Nom;Sing;;;
A1,BW3;Text;Text;der;;Substantiv;mask.;https://www.dwds.de/wb/Text;0.0;Nom;Sing;;;
A2,BW3;Theater;Theater;das;;Substantiv;neut.;https://www.dwds.de/wb/Theater;0.0;Nom;Sing;;;
A1,BW3;Thema;Thema;das;Themen;Substantiv;neut.;https://www.dwds.de/wb/Thema;0.0;Nom;Sing;;;
B1;Theorie;Theorie;die;;Substantiv;fem.;https://www.dwds.de/wb/Theorie;0.0;Nom;Sing;;;
B1;Therapie;Therapie;die;;Substantiv;fem.;https://www.dwds.de/wb/Therapie;0.0;Nom;Sing;;;
BW3;Thermometer;Thermometer;das;;Substantiv;neut.;;;Nom;;;;
A1;Ticket;Ticket;das;;Substantiv;neut.;https://www.dwds.de/wb/Ticket;0.0;Nom;Sing;;;
A2,BW1;Tier;Tier;das;;Substantiv;neut.;https://www.dwds.de/wb/Tier;0.0;Nom;Sing;;;
B1;Tierpark;Tierpark;der;;Substantiv;mask.;https://www.dwds.de/wb/Tierpark;0.0;Nom;Sing;;;
BW3;Tiger;Tiger;der;;Substantiv;mask.;;;Nom;Sing;;;
A2;Tipp;Tipp;der;;Substantiv;mask.;https://www.dwds.de/wb/Tipp#1;0.0;Nom;Sing;;;
A1,BW1;Tisch;Tisch;der;;Substantiv;mask.;https://www.dwds.de/wb/Tisch;0.0;Nom;Sing;;;
A2;Titel;Titel;der;;Substantiv;mask.;https://www.dwds.de/wb/Titel;0.0;Nom;Sing;;;
A1,BW1;Tochter;Tochter;die;;Substantiv;fem.;https://www.dwds.de/wb/Tochter;0.0;Nom;Sing;;;
B1;Tod;Tod;der;;Substantiv;mask.;https://www.dwds.de/wb/Tod;0.0;Nom;Sing;;;
A1;Toilette;Toilette;die;;Substantiv;fem.;https://www.dwds.de/wb/Toilette;0.0;Nom;Sing;;;
A1;Tomate;Tomat;die;;Substantiv;fem.;https://www.dwds.de/wb/Tomate;0.0;Nom;Plur;;;
A2,BW1;Topf;Topf;der;Töpfe;Substantiv;mask.;https://www.dwds.de/wb/Topf;0.0;Nom;Sing;;;
B1,BW1;Tor;Tor;das;;Substantiv;neut.;https://www.dwds.de/wb/Tor#1;0.0;Nom;Sing;;;
A2;Torte;Tort;die;;Substantiv;fem.;https://www.dwds.de/wb/Torte;0.0;Nom;Plur;;;
B1;Tote;tote;;;Substantiv;fem., mask.;https://www.dwds.de/wb/Tote;0.0;Nom;Plur;;;
A2;Tour;Tour;die;;Substantiv;fem.;https://www.dwds.de/wb/Tour;0.0;Nom;Sing;;;
B1;Tourismus;Tourismus;der;;Substantiv;mask.;https://www.dwds.de/wb/Tourismus;0.0;Nom;Sing;;;
A2;Tourist;Tourist;der;;Substantiv;mask.;https://www.dwds.de/wb/Tourist;0.0;Nom;Sing;;;
A2;Touristin;Touristin;die;;Substantiv;fem.;https://www.dwds.de/wb/Touristin;0.0;Nom;Sing;;;
B1;Tradition;Tradition;die;;Substantiv;fem.;https://www.dwds.de/wb/Tradition;0.0;Nom;Sing;;;
B1;Trainer;Trainer;der;;Substantiv;mask.;https://www.dwds.de/wb/Trainer;0.0;Nom;Sing;;;
B1;Trainerin;Trainerin;die;;Substantiv;fem.;https://www.dwds.de/wb/Trainerin;0.0;Nom;Sing;;;
A2;Training;Training;das;;Substantiv;;https://www.dwds.de/wb/Training;0.0;;;;;
B1;Tram;Tram;die;;Substantiv;fem.;https://www.dwds.de/wb/Tram#1;0.0;Nom;Sing;;;
B1;Transport;Transport;der;;Substantiv;mask.;https://www.dwds.de/wb/Transport;0.0;Nom;Sing;;;
A2,BW1;Traum;Traum;der;Träume, träumen;Substantiv;mask.;https://www.dwds.de/wb/Traum;0.0;Nom;Sing;;;
B1;Treffpunkt;Treffpunkt;der;;Substantiv;mask.;https://www.dwds.de/wb/Treffpunkt;0.0;Nom;Sing;;;
B1;Trennung;Trennung;die;;Substantiv;fem.;https://www.dwds.de/wb/Trennung;0.0;Nom;Sing;;;
A1,BW1;Treppe;Treppe;die;;Substantiv;fem.;https://www.dwds.de/wb/Treppe;0.0;Nom;Sing;;;
B1;Treppenhaus;Treppenhaus;das;;Substantiv;neut.;https://www.dwds.de/wb/Treppenhaus;0.0;Nom;Sing;;;
B1;Trinkgeld;Trinkgeld;das;;Substantiv;neut.;https://www.dwds.de/wb/Trinkgeld;0.0;Nom;Sing;;;
B1;Tropfen;Tropfen;der;;Substantiv;mask.;https://www.dwds.de/wb/Tropfen;0.0;Nom;Sing;;;
B1;Trottoir;Trottoir;das;;Substantiv;neut.;https://www.dwds.de/wb/Trottoir;0.0;Nom;Sing;;;
B1,BW3;Träne;Tran;die;;Substantiv;fem.;https://www.dwds.de/wb/Tr%C3%A4ne;0.0;Nom;Plur;;;
A1;Tschüss;Tschüss;;;Interjektion;;https://www.dwds.de/wb/Tsch%C3%BCss;0.0;Nom;Sing;;;
B1;Tuch;Tuch;das;;Substantiv;neut.;https://www.dwds.de/wb/Tuch;0.0;Nom;Sing;;;
B1;Turm;Turm;der;;Substantiv;mask.;https://www.dwds.de/wb/Turm;0.0;Nom;Sing;;;
B1;Typ;Typ;der;;Substantiv;mask.;https://www.dwds.de/wb/Typ;0.0;Nom;Sing;;;
B1;Täter;Täter;der;;Substantiv;mask.;https://www.dwds.de/wb/T%C3%A4ter;0.0;Nom;Plur;;;
B1;Täterin;Täterin;die;;Substantiv;fem.;https://www.dwds.de/wb/T%C3%A4terin;0.0;Nom;Sing;;;
B1;Tätigkeit;Tätigkeit;die;;Substantiv;fem.;https://www.dwds.de/wb/T%C3%A4tigkeit;0.0;Nom;Sing;;;
A2,BW1;Tür;Tür;die;;Substantiv;fem.;https://www.dwds.de/wb/T%C3%BCr;0.0;Nom;Sing;;;
B1;Tüte;Tüte;die;;Substantiv;;https://www.dwds.de/wb/T%C3%BCte;0.0;;;;;
B1;U-Bahn;U-Bahn;die;;Substantiv;fem.;https://www.dwds.de/wb/U-Bahn;0.0;Nom;Sing;;;
B1;Ufer;Ufer;das;;Substantiv;neut.;https://www.dwds.de/wb/Ufer;0.0;Nom;Sing;;;
A1,BW3;Uhr;Uhr;die;;Substantiv;fem.;https://www.dwds.de/wb/Uhr;0.0;Nom;Sing;;;
B1;Umfrage;Umfrage;die;;Substantiv;fem.;https://www.dwds.de/wb/Umfrage;0.0;Nom;Sing;;;
B1;Umgebung;Umgebung;die;;Substantiv;fem.;https://www.dwds.de/wb/Umgebung;0.0;Nom;Sing;;;
B1;Umleitung;Umleitung;die;;Substantiv;fem.;https://www.dwds.de/wb/Umleitung;0.0;Nom;Sing;;;
B1;Umtausch;umtausch;der;;Substantiv;;https://www.dwds.de/wb/Umtausch;0.0;;;Pos;;
B1;Umwelt;Umwelt;die;;Substantiv;fem.;https://www.dwds.de/wb/Umwelt;0.0;Nom;Sing;;;
B1;Umweltschutz;Umweltschutz;der;;Substantiv;mask.;https://www.dwds.de/wb/Umweltschutz;0.0;Nom;Sing;;;
B1;Umweltverschmutzung;Umweltverschmutzung;die;;Substantiv;fem.;https://www.dwds.de/wb/Umweltverschmutzung;0.0;Nom;Sing;;;
A2;Umzug;Umzug;der;;Substantiv;mask.;https://www.dwds.de/wb/Umzug;0.0;Nom;Sing;;;
A2;Unfall;Unfall;der;;Substantiv;mask.;https://www.dwds.de/wb/Unfall;0.0;Nom;Sing;;;
B1;Unglück;Unglück;das;;Substantiv;neut.;https://www.dwds.de/wb/Ungl%C3%BCck;0.0;Nom;Sing;;;
B1;Uniform;Uniform;die;;Substantiv;fem.;https://www.dwds.de/wb/Uniform;0.0;Nom;Sing;;;
A2;Universität;Universität;die;;Substantiv;fem.;https://www.dwds.de/wb/Universit%C3%A4t;0.0;Nom;Sing;;;
B1;Unterhaltung;Unterhaltung;die;;Substantiv;fem.;https://www.dwds.de/wb/Unterhaltung;0.0;Nom;Sing;;;
A2;Unterkunft;Unterkunft;die;;Substantiv;fem.;https://www.dwds.de/wb/Unterkunft;0.0;Nom;Sing;;;
B1;Unterlage;Unterlage;die;;Substantiv;fem.;https://www.dwds.de/wb/Unterlage;0.0;Nom;Sing;;;
B1;Unternehmer;Unternehmer;der;;Substantiv;mask.;https://www.dwds.de/wb/Unternehmer;0.0;Nom;Sing;;;
B1;Unternehmerin;Unternehmerin;die;;Substantiv;fem.;https://www.dwds.de/wb/Unternehmerin;0.0;Nom;Sing;;;
A1;Unterricht;Unterricht;der;;Substantiv;mask.;https://www.dwds.de/wb/Unterricht;0.0;Acc;Sing;;;
A2;Unterschied;Unterschied;der;;Substantiv;mask.;https://www.dwds.de/wb/Unterschied;0.0;Nom;Sing;;;
A1;Unterschrift;Unterschrift;die;;Substantiv;fem.;https://www.dwds.de/wb/Unterschrift;0.0;Nom;Sing;;;
B1;Unterstützung;Unterstützung;die;;Substantiv;fem.;https://www.dwds.de/wb/Unterst%C3%BCtzung;0.0;Nom;Sing;;;
B1;Untersuchung;Untersuchung;die;;Substantiv;fem.;https://www.dwds.de/wb/Untersuchung;0.0;Nom;Sing;;;
B1;Urkunde;Urkunde;die;;Substantiv;;https://www.dwds.de/wb/Urkunde;0.0;;;;;
A1,BW3;Urlaub;Urlaub;der;Urlaube;Substantiv;mask.;https://www.dwds.de/wb/Urlaub;0.0;Nom;Sing;;;
B1;Ursache;Ursache;die;;Substantiv;fem.;https://www.dwds.de/wb/Ursache;0.0;Nom;Sing;;;
B1;Urteil;Urteil;das;;Substantiv;neut.;https://www.dwds.de/wb/Urteil;0.0;Nom;Sing;;;
B1,BW1;Vase;Vase;die;;Substantiv;;https://www.dwds.de/wb/Vase;0.0;;;;;
A1,BW1;Vater;Vater;der;Väter;Substantiv;mask.;https://www.dwds.de/wb/Vater;0.0;Nom;Sing;;;
B1;Velo;Velo;das;;Substantiv;neut.;https://www.dwds.de/wb/Velo;0.0;Nom;Sing;;;
B1;Verabredung;Verabredung;die;;Substantiv;fem.;https://www.dwds.de/wb/Verabredung;0.0;Nom;Sing;;;
A2;Veranstaltung;Veranstaltung;die;;Substantiv;fem.;https://www.dwds.de/wb/Veranstaltung;0.0;Nom;Sing;;;
B1;Verantwortung;Verantwortung;die;;Substantiv;fem.;https://www.dwds.de/wb/Verantwortung;0.0;Nom;Sing;;;
B1;Verbindung;Verbindung;die;;Substantiv;fem.;https://www.dwds.de/wb/Verbindung;0.0;Nom;Sing;;;
B1;Verbot;Verbot;das;;Substantiv;neut.;https://www.dwds.de/wb/Verbot;0.0;Nom;Sing;;;
B1;Verbrecher;verbrecher;der;;Substantiv;mask.;https://www.dwds.de/wb/Verbrecher;0.0;Nom;Sing;;;
B1;Verbrecherin;Verbrecherin;die;;Substantiv;fem.;https://www.dwds.de/wb/Verbrecherin;0.0;Nom;Sing;;;
B1;Verdacht;Verdacht;der;;Substantiv;mask.;https://www.dwds.de/wb/Verdacht;0.0;Nom;Sing;;;
A1,BW3;Verein;Verein;der;du vergisst, ich vergaß, vergesslich;Substantiv;mask.;https://www.dwds.de/wb/Verein;0.0;Nom;Sing;;;
B1;Vergangenheit;Vergangenheit;die;;Substantiv;fem.;https://www.dwds.de/wb/Vergangenheit;0.0;Nom;Sing;;;
B1;Vergleich;Vergleich;der;;Substantiv;mask.;https://www.dwds.de/wb/Vergleich;0.0;Nom;Sing;;;
B1;Vergnügen;vergnügen;das;;Substantiv;neut.;https://www.dwds.de/wb/Vergn%C3%BCgen;0.0;Nom;Sing;;;
B1;Verhalten;verhalten;das;;Substantiv;neut.;https://www.dwds.de/wb/Verhalten;0.0;Nom;Sing;;;
B1;Verhältnis;Verhältnis;das;;Substantiv;neut.;https://www.dwds.de/wb/Verh%C3%A4ltnis;0.0;Nom;Sing;;;
A2;Verkehr;Verkehr;der;;Substantiv;mask.;https://www.dwds.de/wb/Verkehr;0.0;Nom;Sing;;;
A2;Verkehrsmittel;Verkehrsmittel;das;;Substantiv;neut.;https://www.dwds.de/wb/Verkehrsmittel;0.0;Nom;Sing;;;
B1;Verkehrszeichen;verkehrszeichen;das;;Substantiv;neut.;https://www.dwds.de/wb/Verkehrszeichen;0.0;Nom;Sing;;;
A1;Verkäufer;Verkäufer;der;;Substantiv;mask.;https://www.dwds.de/wb/Verk%C3%A4ufer;0.0;Nom;Sing;;;
B1;Verkäuferin;Verkäuferin;die;;Substantiv;fem.;https://www.dwds.de/wb/Verk%C3%A4uferin;0.0;Nom;Sing;;;
B1;Verlag;Verlag;der;;Substantiv;mask.;https://www.dwds.de/wb/Verlag;0.0;Nom;Sing;;;
B1;Verletzung;Verletzung;die;;Substantiv;fem.;https://www.dwds.de/wb/Verletzung;0.0;Nom;Sing;;;
B1;Verlierer;Verlierer;der;;Substantiv;mask.;https://www.dwds.de/wb/Verlierer;0.0;Nom;Plur;;;
B1;Verlust;Verlust;der;;Substantiv;mask.;https://www.dwds.de/wb/Verlust;0.0;Nom;Sing;;;
A1;Vermieter;Vermieter;der;;Substantiv;mask.;https://www.dwds.de/wb/Vermieter;0.0;Nom;Sing;;;
A2;Vermieterin;Vermieterin;die;;Substantiv;fem.;https://www.dwds.de/wb/Vermieterin;0.0;Nom;Sing;;;
B1;Vermietung;Vermietung;die;;Substantiv;fem.;https://www.dwds.de/wb/Vermietung;0.0;Nom;Sing;;;
B1;Vermittlung;Vermittlung;die;;Substantiv;fem.;https://www.dwds.de/wb/Vermittlung;0.0;Nom;Sing;;;
B1;Versammlung;Versammlung;die;;Substantiv;fem.;https://www.dwds.de/wb/Versammlung;0.0;Nom;Sing;;;
B1;Versichertenkarte;versichertenkarte;die;;Substantiv;fem.;https://www.dwds.de/wb/Versichertenkarte;0.0;Nom;Plur;;;
B1;Versicherung;Versicherung;die;;Substantiv;fem.;https://www.dwds.de/wb/Versicherung;0.0;Nom;Sing;;;
A2;Verspätung;Verspätung;die;;Substantiv;fem.;https://www.dwds.de/wb/Versp%C3%A4tung;0.0;Nom;Sing;;;
B1;Verständnis;Verständnis;das;;Substantiv;neut.;https://www.dwds.de/wb/Verst%C3%A4ndnis;0.0;Nom;Sing;;;
B1;Versuch;Versuch;der;;Substantiv;mask.;https://www.dwds.de/wb/Versuch;0.0;Nom;Sing;;;
A2;Vertrag;Vertrag;der;;Substantiv;mask.;https://www.dwds.de/wb/Vertrag;0.0;Nom;Sing;;;
B1;Vertrauen;vertrauen;das;;Substantiv;neut.;https://www.dwds.de/wb/Vertrauen;0.0;Nom;Sing;;;
B1;Vertreter;Vertreter;der;;Substantiv;mask.;https://www.dwds.de/wb/Vertreter;0.0;Nom;Plur;;;
B1;Vertreterin;Vertreterin;die;;Substantiv;fem.;https://www.dwds.de/wb/Vertreterin;0.0;Nom;Sing;;;
B1;Vertretung;Vertretung;die;;Substantiv;fem.;https://www.dwds.de/wb/Vertretung;0.0;Nom;Sing;;;
B1;Verwaltung;Verwaltung;die;;Substantiv;fem.;https://www.dwds.de/wb/Verwaltung;0.0;Nom;Sing;;;
A1;Verwandte;verwandte;;;Substantiv;fem., mask.;https://www.dwds.de/wb/Verwandte;0.0;Nom;Plur;;;
B1;Verzeihung;Verzeihung;die;;Substantiv;fem.;https://www.dwds.de/wb/Verzeihung;0.0;Nom;Sing;;;
B1;Video;Video;das;;Substantiv;neut.;https://www.dwds.de/wb/Video;0.0;Nom;Sing;;;
A1;Viertel;Viertel;das;;Substantiv;neut.;https://www.dwds.de/wb/Viertel#1;0.0;Nom;Sing;;;
B1,BW3;Virus;Virus;das;Viren;Substantiv;neut.;https://www.dwds.de/wb/Virus;0.0;Nom;Sing;;;
B1;Visitenkarte;Visitenkarte;die;;Substantiv;fem.;https://www.dwds.de/wb/Visitenkarte;0.0;Nom;Sing;;;
B1;Visum;Visum;das;;Substantiv;neut.;https://www.dwds.de/wb/Visum;0.0;Nom;Sing;;;
B1;Vitamin;Vitamin;das;;Substantiv;neut.;https://www.dwds.de/wb/Vitamin;0.0;Nom;Sing;;;
A2,BW1;Vogel;Vogel;der;Vögel;Substantiv;mask.;https://www.dwds.de/wb/Vogel;0.0;Nom;Sing;;;
A2;Volleyball;Volleyball;;;Substantiv;;https://www.dwds.de/wb/Volleyball;0.0;;;;;
B1;Vollzeit;Vollzeit;die;;Substantiv;fem.;https://www.dwds.de/wb/Vollzeit;0.0;Nom;Sing;;;
B1;Voraussetzung;Voraussetzung;die;;Substantiv;fem.;https://www.dwds.de/wb/Voraussetzung;0.0;Nom;Sing;;;
B1;Vorbereitung;Vorbereitung;die;;Substantiv;fem.;https://www.dwds.de/wb/Vorbereitung;0.0;Nom;Sing;;;
B1;Vorfahrt;Vorfahrt;die;;Substantiv;fem.;https://www.dwds.de/wb/Vorfahrt;0.0;Nom;Sing;;;
A1;Vormittag;Vormittag;der;;Substantiv;mask.;https://www.dwds.de/wb/Vormittag;0.0;Nom;Sing;;;
A1;Vorname;Vorname;der;;Substantiv;mask.;https://www.dwds.de/wb/Vorname;0.0;Nom;Sing;;;
B1;Vorort;Vorort;der;;Substantiv;mask.;https://www.dwds.de/wb/Vorort;0.0;Nom;Sing;;;
A2;Vorschlag;Vorschlag;der;;Substantiv;mask.;https://www.dwds.de/wb/Vorschlag;0.0;Nom;Sing;;;
B1;Vorschrift;Vorschrift;die;;Substantiv;fem.;https://www.dwds.de/wb/Vorschrift;0.0;Nom;Sing;;;
A1;Vorsicht;Vorsicht;die;;Substantiv;fem.;https://www.dwds.de/wb/Vorsicht;0.0;Nom;Sing;;;
B1;Vorspeise;Vorspeis;die;;Substantiv;fem.;https://www.dwds.de/wb/Vorspeise;0.0;Nom;Plur;;;
B1;Vorstellung;Vorstellung;die;;Substantiv;fem.;https://www.dwds.de/wb/Vorstellung;0.0;Nom;Sing;;;
B1;Vorstellungsgespräch;Vorstellungsgespräch;das;;Substantiv;neut.;https://www.dwds.de/wb/Vorstellungsgespr%C3%A4ch;0.0;Nom;Sing;;;
B1;Vorteil;Vorteil;der;;Substantiv;mask.;https://www.dwds.de/wb/Vorteil;0.0;Nom;Sing;;;
B1;Vortrag;Vortrag;der;;Substantiv;mask.;https://www.dwds.de/wb/Vortrag;0.0;Nom;Sing;;;
A1;Vorwahl;Vorwahl;die;;Substantiv;fem.;https://www.dwds.de/wb/Vorwahl;0.0;Nom;Sing;;;
B1;Vorwurf;Vorwurf;der;;Substantiv;mask.;https://www.dwds.de/wb/Vorwurf;0.0;Nom;Sing;;;
BW1;Vulkan;Vulkan;der;;Substantiv;mask.;;;Nom;Sing;;;
BW3;Waage;Waage;die;;Substantiv;fem.;;;Nom;Sing;;;
A1;Wagen;Wagen;der;;Substantiv;mask.;https://www.dwds.de/wb/Wagen;0.0;Nom;Sing;;;
B1;Wahl;Wahl;die;;Substantiv;fem.;https://www.dwds.de/wb/Wahl;0.0;Nom;Sing;;;
B1;Wahrheit;Wahrheit;die;;Substantiv;fem.;https://www.dwds.de/wb/Wahrheit;0.0;Nom;Sing;;;
A2,BW3;Wald;Wald;der;Wälder;Substantiv;mask.;https://www.dwds.de/wb/Wald;0.0;Nom;Sing;;;
B1,BW3;Wand;Wand;die;Wände;Substantiv;fem.;https://www.dwds.de/wb/Wand;0.0;Nom;Sing;;;
B1;Wanderung;Wanderung;die;;Substantiv;fem.;https://www.dwds.de/wb/Wanderung;0.0;Nom;Sing;;;
B1;Wandrung;Wandrung;die;;Substantiv;fem.;https://www.dwds.de/wb/Wandrung;0.0;Nom;Sing;;;
B1;Ware;Ware;die;;Substantiv;fem.;https://www.dwds.de/wb/Ware;0.0;Nom;Sing;;;
B1;Waschmittel;Waschmittel;das;;Substantiv;neut.;https://www.dwds.de/wb/Waschmittel;0.0;Nom;Sing;;;
A1,BW1;Wasser;Wasser;das;;Substantiv;neut.;https://www.dwds.de/wb/Wasser;0.0;Nom;Sing;;;
A2;Web-Seite;Web-Seite;die;;Substantiv;fem.;https://www.dwds.de/wb/Web-Seite;0.0;Nom;Sing;;;
A2;Webseite;Webseite;die;;Substantiv;fem.;https://www.dwds.de/wb/Webseite;0.0;Nom;Sing;;;
B1,BW3;Wecker;Wecker;der;wecken;Substantiv;mask.;https://www.dwds.de/wb/Wecker;0.0;Nom;Sing;;;
A2,BW1;Weg;Weg;der;Wege;Substantiv;mask.;https://www.dwds.de/wb/Weg;0.0;Nom;Sing;;;
A1;Wein;Wein;der;;Substantiv;mask.;https://www.dwds.de/wb/Wein;0.0;Nom;Sing;;;
B1;Weiterbildung;Weiterbildung;die;;Substantiv;fem.;https://www.dwds.de/wb/Weiterbildung;0.0;Nom;Sing;;;
A1;Welt;Welt;die;;Substantiv;fem.;https://www.dwds.de/wb/Welt;0.0;Nom;Sing;;;
B1;Werbung;Werbung;die;;Substantiv;fem.;https://www.dwds.de/wb/Werbung;0.0;Nom;Sing;;;
B1;Werk;Werk;das;;Substantiv;neut.;https://www.dwds.de/wb/Werk;0.0;Nom;Sing;;;
A2;Werkstatt;Werkstatt;die;;Substantiv;fem.;https://www.dwds.de/wb/Werkstatt;0.0;;;;;
B1;Werkzeug;Werkzeug;das;;Substantiv;neut.;https://www.dwds.de/wb/Werkzeug;0.0;Nom;Sing;;;
B1;Wert;Wert;der;;Substantiv;mask.;https://www.dwds.de/wb/Wert;0.0;Nom;Sing;;;
A1;Westen;Westen;der;;Substantiv;mask.;https://www.dwds.de/wb/Westen;0.0;Nom;Sing;;;
A2;Wettbewerb;Wettbewerb;der;;Substantiv;mask.;https://www.dwds.de/wb/Wettbewerb;0.0;Nom;Sing;;;
A1,BW1;Wetter;Wetter;das;;Substantiv;neut.;https://www.dwds.de/wb/Wetter;0.0;Nom;Sing;;;
B1;Wetterbericht;Wetterbericht;der;;Substantiv;mask.;https://www.dwds.de/wb/Wetterbericht;0.0;Nom;Sing;;;
B1;Wettervorhersage;Wettervorhersage;die;;Substantiv;fem.;https://www.dwds.de/wb/Wettervorhersage;0.0;Nom;Sing;;;
B1;Wiederholung;Wiederholung;die;;Substantiv;fem.;https://www.dwds.de/wb/Wiederholung;0.0;Nom;Sing;;;
A1;Wiederhören;Wiederhöre;das;;Substantiv;neut.;https://www.dwds.de/wb/Wiederh%C3%B6ren;0.0;Nom;Plur;;;
A1;Wiedersehen;Wiedersehe;das;;Substantiv;neut.;https://www.dwds.de/wb/Wiedersehen;0.0;Nom;Sing;;;
B1,BW1;Wiese;Wiese;die;;Substantiv;fem.;https://www.dwds.de/wb/Wiese;0.0;Nom;Sing;;;
A1;Wind;Wind;der;;Substantiv;mask.;https://www.dwds.de/wb/Wind;0.0;Nom;Sing;;;
A1,BW1;Winter;Winter;der;;Substantiv;mask.;https://www.dwds.de/wb/Winter;0.0;Nom;Sing;;;
B1;Wirklichkeit;Wirklichkeit;die;;Substantiv;fem.;https://www.dwds.de/wb/Wirklichkeit;0.0;Nom;Sing;;;
B1;Wirkung;Wirkung;die;;Substantiv;fem.;https://www.dwds.de/wb/Wirkung;0.0;Nom;Sing;;;
B1;Wirt;Wirt;der;;Substantiv;mask.;https://www.dwds.de/wb/Wirt;0.0;Nom;Sing;;;
B1;Wirtin;Wirtin;die;;Substantiv;fem.;https://www.dwds.de/wb/Wirtin;0.0;Nom;Sing;;;
B1;Wirtschaft;Wirtschaft;die;;Substantiv;fem.;https://www.dwds.de/wb/Wirtschaft;0.0;Nom;Sing;;;
B1;Wissen;wissen;das;;Substantiv;neut.;https://www.dwds.de/wb/Wissen;0.0;Nom;Sing;;;
B1;Wissenschaftler;Wissenschaftler;der;;Substantiv;mask.;https://www.dwds.de/wb/Wissenschaftler;0.0;Nom;Plur;;;
B1;Wissenschaftlerin;Wissenschaftlerin;die;;Substantiv;fem.;https://www.dwds.de/wb/Wissenschaftlerin;0.0;Nom;Sing;;;
A2;Witz;Witz;der;;Substantiv;mask.;https://www.dwds.de/wb/Witz;0.0;Nom;Sing;;;
A1,BW1;Woche;Woche;die;;Substantiv;fem.;https://www.dwds.de/wb/Woche;0.0;Nom;Sing;;;
A1;Wochenende;Wochenende;das;;Substantiv;neut.;https://www.dwds.de/wb/Wochenende;0.0;Nom;Sing;;;
A1;Wochentag;Wochentag;der;;Substantiv;mask.;https://www.dwds.de/wb/Wochentag;0.0;Nom;Sing;;;
B1;Wohnort;wohnort;der;;Substantiv;;https://www.dwds.de/wb/Wohnort;0.0;;;;;
B1;Wohnsitz;Wohnsitz;der;;Substantiv;mask.;https://www.dwds.de/wb/Wohnsitz;0.0;Nom;Sing;;;
A1,BW3;Wohnung;Wohnung;die;;Substantiv;fem.;https://www.dwds.de/wb/Wohnung;0.0;Nom;Sing;;;
A2;Wohnzimmer;Wohnzimmer;das;;Substantiv;neut.;https://www.dwds.de/wb/Wohnzimmer;0.0;Nom;Sing;;;
A2,BW1;Wolke;Wolke;die;bewölkt;Substantiv;fem.;https://www.dwds.de/wb/Wolke;0.0;Nom;Sing;;;
B1;Wolle;wolle;die;;Substantiv;;https://www.dwds.de/wb/Wolle;0.0;;Sing;;;
A2;Workshop;Workshop;der;;Substantiv;;https://www.dwds.de/wb/Workshop;0.0;;;;;
A1,BW1;Wort;Wort;das;Wörter;Substantiv;neut.;https://www.dwds.de/wb/Wort;0.0;Nom;Sing;;;
B1;Wunde;Wunde;die;;Substantiv;fem.;https://www.dwds.de/wb/Wunde;0.0;Nom;Sing;;;
B1;Wunder;Wunder;das;;Substantiv;neut.;https://www.dwds.de/wb/Wunder;0.0;Nom;Sing;;;
A2;Wunsch;Wunsch;der;;Substantiv;mask.;https://www.dwds.de/wb/Wunsch;0.0;Nom;Sing;;;
BW1;Wurm;Wurm;der;Würmer;Substantiv;mask.;;;Nom;Sing;;;
A2,BW3;Wurst;Wurst;die;Würste;Substantiv;fem.;https://www.dwds.de/wb/Wurst;0.0;Nom;Sing;;;
B1,BW3;Wärme;Wärme;die;warm, wärmer;Substantiv;fem.;https://www.dwds.de/wb/W%C3%A4rme;0.0;Nom;Sing;;;
A2,BW3;Wäsche;Wäsche;die;waschen;Substantiv;fem.;https://www.dwds.de/wb/W%C3%A4sche;0.0;Nom;Sing;;;
B1;Wörterbuch;Wörterbuch;das;;Substantiv;neut.;https://www.dwds.de/wb/W%C3%B6rterbuch;0.0;Nom;Sing;;;
BW1;Würfel;Würfel;der;würfeln;Substantiv;mask.;;;Nom;Sing;;;
A2;Zahl;Zahl;die;;Substantiv;fem.;https://www.dwds.de/wb/Zahl;0.0;Nom;Sing;;;
B1;Zahlung;Zahlung;die;;Substantiv;fem.;https://www.dwds.de/wb/Zahlung;0.0;Nom;Sing;;;
A2;Zahn;Zahn;der;;Substantiv;mask.;https://www.dwds.de/wb/Zahn;0.0;Acc;Sing;;;
B1;Zahnbürste;Zahnbürste;die;;Substantiv;fem.;https://www.dwds.de/wb/Zahnb%C3%BCrste;0.0;Nom;Sing;;;
B1;Zahncreme;Zahncrem;die;;Substantiv;fem.;https://www.dwds.de/wb/Zahncreme;0.0;Nom;Plur;;;
B1;Zahncrème;Zahncrème;die;;Substantiv;fem.;https://www.dwds.de/wb/Zahncr%C3%A8me;0.0;Nom;Sing;;;
B1;Zahnpasta;Zahnpasta;die;;Substantiv;fem.;https://www.dwds.de/wb/Zahnpasta;0.0;Nom;Sing;;;
B1;Zange;Zange;die;;Substantiv;fem.;https://www.dwds.de/wb/Zange;0.0;Nom;Plur;;;
BW1;Zaun;Zaun;der;Zäune;Substantiv;mask.;;;Nom;Sing;;;
B1;Zeichen;Zeichen;das;;Substantiv;neut.;https://www.dwds.de/wb/Zeichen;0.0;Nom;Sing;;;
B1;Zeichnung;Zeichnung;die;;Substantiv;fem.;https://www.dwds.de/wb/Zeichnung;0.0;Nom;Sing;;;
B1;Zeile;Zeile;die;;Substantiv;fem.;https://www.dwds.de/wb/Zeile;0.0;Nom;Sing;;;
A1,BW1;Zeit;Zeit;die;;Substantiv;fem.;https://www.dwds.de/wb/Zeit;0.0;Nom;Sing;;;
B1;Zeitpunkt;Zeitpunkt;der;;Substantiv;mask.;https://www.dwds.de/wb/Zeitpunkt;0.0;Nom;Sing;;;
A2;Zeitschrift;Zeitschrift;die;;Substantiv;fem.;https://www.dwds.de/wb/Zeitschrift;0.0;Nom;Sing;;;
A1;Zeitung;Zeitung;die;;Substantiv;fem.;https://www.dwds.de/wb/Zeitung;0.0;Nom;Sing;;;
A2;Zelt;Zelt;das;;Substantiv;neut.;https://www.dwds.de/wb/Zelt;0.0;Nom;Sing;;;
A1;Zentimeter;Zentimeter;der;;Substantiv;mask.;https://www.dwds.de/wb/Zentimeter;0.0;Nom;Sing;;;
A2;Zentrum;Zentrum;das;;Substantiv;neut.;https://www.dwds.de/wb/Zentrum;0.0;Nom;Sing;;;
B1;Zertifikat;Zertifikat;das;;Substantiv;neut.;https://www.dwds.de/wb/Zertifikat;0.0;Nom;Sing;;;
A2;Zettel;Zettel;der;;Substantiv;mask.;https://www.dwds.de/wb/Zettel#1;0.0;Nom;Sing;;;
B1;Zeug;Zeug;das;;Substantiv;neut.;https://www.dwds.de/wb/Zeug;0.0;Nom;Sing;;;
B1;Zeuge;Zeug;der;;Substantiv;mask.;https://www.dwds.de/wb/Zeuge;0.0;Nom;Sing;;;
B1;Zeugin;Zeugin;die;;Substantiv;fem.;https://www.dwds.de/wb/Zeugin;0.0;Nom;Sing;;;
A2;Zeugnis;Zeugnis;das;;Substantiv;neut.;https://www.dwds.de/wb/Zeugnis;0.0;Nom;Sing;;;
A2;Ziel;Ziel;das;;Substantiv;neut.;https://www.dwds.de/wb/Ziel;0.0;Nom;Sing;;;
A1;Zigarette;Zigarette;die;;Substantiv;fem.;https://www.dwds.de/wb/Zigarette;0.0;Nom;Sing;;;
A1,BW1;Zimmer;Zimmer;das;;Substantiv;neut.;https://www.dwds.de/wb/Zimmer;0.0;Nom;Plur;;;
B1;Zins;Zins;der;;Substantiv;mask.;https://www.dwds.de/wb/Zins;0.0;Nom;Sing;;;
A2;Zirkus;Zirkus;der;;Substantiv;mask.;https://www.dwds.de/wb/Zirkus;0.0;Nom;Sing;;;
A2;Zitrone;Zitrone;die;;Substantiv;fem.;https://www.dwds.de/wb/Zitrone;0.0;Nom;Sing;;;
B1;Zivilstand;Zivilstand;der;;Substantiv;mask.;https://www.dwds.de/wb/Zivilstand;0.0;Nom;Sing;;;
B1;Znüni;Znüni;;;Substantiv;mask.;https://www.dwds.de/wb/Zn%C3%BCni;0.0;Nom;Sing;;;
A1;Zoll;Zoll;der;;Substantiv;mask.;https://www.dwds.de/wb/Zoll#2;0.0;Nom;Sing;;;
B1;Zone;Zone;die;;Substantiv;fem.;https://www.dwds.de/wb/Zone;0.0;Nom;Sing;;;
A2;Zoo;Zoo;der;;Substantiv;mask.;https://www.dwds.de/wb/Zoo;0.0;Nom;Sing;;;
A2;Zucker;Zucker;der;;Substantiv;mask.;https://www.dwds.de/wb/Zucker;0.0;Nom;Sing;;;
B1;Zufall;Zufall;der;;Substantiv;mask.;https://www.dwds.de/wb/Zufall;0.0;Nom;Sing;;;
A1;Zug;Zug;der;;Substantiv;mask.;https://www.dwds.de/wb/Zug#1;0.0;Nom;Sing;;;
B1;Zugang;Zugang;der;;Substantiv;mask.;https://www.dwds.de/wb/Zugang;0.0;Nom;Sing;;;
B1;Zuhause;Zuhause;das;;Substantiv;;https://www.dwds.de/wb/Zuhause;0.0;;;;;
B1;Zuhörer;Zuhörer;der;;Substantiv;mask.;https://www.dwds.de/wb/Zuh%C3%B6rer;0.0;Nom;Plur;;;
B1;Zuhörerin;Zuhörerin;die;;Substantiv;fem.;https://www.dwds.de/wb/Zuh%C3%B6rerin;0.0;Nom;Sing;;;
B1;Zukunft;Zukunft;die;;Substantiv;fem.;https://www.dwds.de/wb/Zukunft;0.0;Nom;Sing;;;
BW1;Zunge;Zunge;die;;Substantiv;fem.;;;Nom;Sing;;;
B1;Zusammenarbeit;Zusammenarbeit;die;;Substantiv;fem.;https://www.dwds.de/wb/Zusammenarbeit;0.0;Nom;Sing;;;
B1;Zusammenhang;Zusammenhang;der;;Substantiv;mask.;https://www.dwds.de/wb/Zusammenhang;0.0;Nom;Sing;;;
B1;Zuschauer;Zuschauer;der;;Substantiv;mask.;https://www.dwds.de/wb/Zuschauer;0.0;Nom;Plur;;;
B1;Zuschauerin;Zuschauerin;die;;Substantiv;fem.;https://www.dwds.de/wb/Zuschauerin;0.0;Nom;Sing;;;
B1;Zuschlag;Zuschlag;der;;Substantiv;mask.;https://www.dwds.de/wb/Zuschlag;0.0;Nom;Sing;;;
B1;Zustand;Zustand;der;;Substantiv;mask.;https://www.dwds.de/wb/Zustand;0.0;Nom;Sing;;;
B1;Zustimmung;Zustimmung;die;;Substantiv;fem.;https://www.dwds.de/wb/Zustimmung;0.0;Nom;Sing;;;
B1;Zutat;Zutat;die;;Substantiv;fem.;https://www.dwds.de/wb/Zutat;0.0;Nom;Sing;;;
B1;Zvieri;Zvieri;das;;Substantiv;neut.;https://www.dwds.de/wb/Zvieri;0.0;Nom;Sing;;;
B1;Zweck;Zweck;der;;Substantiv;mask.;https://www.dwds.de/wb/Zweck;0.0;Nom;Sing;;;
B1;Zweifel;Zweifel;der;;Substantiv;mask.;https://www.dwds.de/wb/Zweifel;0.0;Nom;Plur;;;
B1;Zweitsprache;Zweitsprache;die;;Substantiv;fem.;https://www.dwds.de/wb/Zweitsprache;0.0;Nom;Sing;;;
B1;Zwiebel;Zwiebel;die;;Substantiv;fem.;https://www.dwds.de/wb/Zwiebel;0.0;Nom;Sing;;;
B1;Zünder;Zünder;der;;Substantiv;mask.;https://www.dwds.de/wb/Z%C3%BCnder;0.0;Nom;Plur;;;
B1;Zündholz;Zündholz;das;;Substantiv;neut.;https://www.dwds.de/wb/Z%C3%BCndholz;0.0;Nom;Sing;;;
A1,BW1;ab;ab;;;Präposition;;https://www.dwds.de/wb/ab#1;0.0;;;;;
B1;abbiegen;Abbieg;;;Verb;;https://www.dwds.de/wb/abbiegen;0.0;;;;;Inf
A1,BW1;aber;aber;;;Konjunktion;;https://www.dwds.de/wb/aber#1;0.0;;;;;
A1;abfahren;abfahren;;;Verb;;https://www.dwds.de/wb/abfahren;0.0;;;;;Inf
A1;abfliegen;abfliegen;;;Verb;;https://www.dwds.de/wb/abfliegen;0.0;;;;;Inf
A1;abgeben;abgeben;;;Verb;;https://www.dwds.de/wb/abgeben;0.0;;;;;Inf
B1;abhangen;abhangen;;;Verb;;https://www.dwds.de/wb/abhangen;0.0;;;;;Inf
B1;abheben;abheben;;;Verb;;https://www.dwds.de/wb/abheben;0.0;;;;;Inf
A1;abholen;abholen;;;Verb;;https://www.dwds.de/wb/abholen;0.0;;;;;Inf
B1;abhängen;abhängen;;;Verb;;https://www.dwds.de/wb/abh%C3%A4ngen#1;0.0;;;;;Inf
B1;abhängig;abhängig;;;Adjektiv;;https://www.dwds.de/wb/abh%C3%A4ngig;0.0;;;Pos;;
B1;ablehnen;ablehnen;;;Verb;;https://www.dwds.de/wb/ablehnen;0.0;;Plur;;;Fin
B1;abmachen;abmachen;;;Verb;;https://www.dwds.de/wb/abmachen;0.0;;;;;Inf
B1;abnehmen;abnehmen;;;Verb;;https://www.dwds.de/wb/abnehmen;0.0;;;;;Inf
B1;abonnieren;abonnieren;;;Verb;;https://www.dwds.de/wb/abonnieren;0.0;;;;;Inf
B1;absagen;absagen;;;Verb;;https://www.dwds.de/wb/absagen;0.0;;;;;Inf
A2;abschließen;abschließen;;;Verb;;https://www.dwds.de/wb/abschlie%C3%9Fen;0.0;;;;;Inf
B1;abschreiben;abschreiben;;;Verb;;https://www.dwds.de/wb/abschreiben;0.0;;;;;Inf
B1;absolut;absolut;;;Adjektiv;;https://www.dwds.de/wb/absolut#1;0.0;;;Pos;;
B1;abstimmen;abstimmen;;;Verb;;https://www.dwds.de/wb/abstimmen;0.0;;;;;Inf
B1;abwaschen;abwaschen;;;Verb;;https://www.dwds.de/wb/abwaschen;0.0;;;;;Inf
B1;abwesend;abwesend;;;Adjektiv;;https://www.dwds.de/wb/abwesend;0.0;;;Pos;;
B1;abwärts;abwärts;;;Adverb;;https://www.dwds.de/wb/abw%C3%A4rts;0.0;;;;;
A1,BW1;acht;acht;;;Kardinalzahlwort;;https://www.dwds.de/wb/acht;0.0;;;;;
B1;achten;achten;;;Verb;;https://www.dwds.de/wb/achten;0.0;;Plur;;;Fin
A1;achtzehn;achtzehn;;;Kardinalzahlwort;;https://www.dwds.de/wb/achtzehn;0.0;;;;;
A1;achtzig;achtzig;;;Kardinalzahlwort;;https://www.dwds.de/wb/achtzig;0.0;;;Pos;;
A2;aktiv;aktiv;;;Adjektiv;;https://www.dwds.de/wb/aktiv;0.0;;;Pos;;
A2;aktuell;aktuell;;;Adjektiv;;https://www.dwds.de/wb/aktuell;0.0;;;Pos;;
B1;akzeptieren;akzeptieren;;;Verb;;https://www.dwds.de/wb/akzeptieren;0.0;;;;;Inf
A1;all;all;;;Artikel;;https://www.dwds.de/wb/all;0.0;;;;Ind;
BW3;all(-);all(-;;;Substantiv;fem.;;;Nom;Sing;;;
A1,BW1;alle;aller;;;Pronomen;;https://www.dwds.de/wb/alle#2;0.0;Nom;Plur;;Ind;
A1,BW3;allein;allein;;;Adverb;;https://www.dwds.de/wb/allein;0.0;;;;;
A1;alleine;alleine;;;Adverb;;https://www.dwds.de/wb/alleine;0.0;;;;;
B1;aller-;aller-;;;Affix;;https://www.dwds.de/wb/aller-;0.0;;;;;
B1;allerbest;Allerbest;;;Adjektiv;;https://www.dwds.de/wb/allerbest;0.0;Nom;Sing;;;
B1;allerdings;allerdings;;;Adverb;;https://www.dwds.de/wb/allerdings;0.0;;;;;
B1;allerschönst;allerschönst;;;Adjektiv;;https://www.dwds.de/wb/allersch%C3%B6nst;0.0;;;Pos;;
A1,BW3;alles;alle;;;Pronomen;neut.;https://www.dwds.de/wb/alles;0.0;Nom;Sing;;Ind;
B1;allgemein;allgemein;;;Adjektiv;;https://www.dwds.de/wb/allgemein;0.0;;;Pos;;
B1;alltäglich;alltäglich;;;Adjektiv;;https://www.dwds.de/wb/allt%C3%A4glich;0.0;;;Pos;;
A2,BW1;als;als;;;Konjunktion;;https://www.dwds.de/wb/als;0.0;;;;;
A1,BW3;also;also;;;Konjunktion;;https://www.dwds.de/wb/also#1;0.0;;;;;
A1,BW3;alt;alt;;älter;Adjektiv;;https://www.dwds.de/wb/alt;0.0;;;Pos;;
B1;alternativ;alternativ;;;Adjektiv;;https://www.dwds.de/wb/alternativ;0.0;;;Pos;;
A1,BW1;am;an;;;Präposition + Artikel;mask.;https://www.dwds.de/wb/am;0.0;Dat;Sing;;;
B1;amüsieren;amüsieren;;;Verb;;https://www.dwds.de/wb/am%C3%BCsieren;0.0;;Plur;;;Fin
A1,BW1;an;an;;;Präposition;;https://www.dwds.de/wb/an#1;0.0;;;;;
B1;analysieren;analysieren;;;Verb;;https://www.dwds.de/wb/analysieren;0.0;;;;;Inf
A1;anbieten;anbieten;;;Verb;;https://www.dwds.de/wb/anbieten;0.0;;;;;Inf
A1;ander;and;;;Indefinitpronomen;;https://www.dwds.de/wb/ander;0.0;;;;;
B1;andererseits;andererseits;;;Adverb;;https://www.dwds.de/wb/andererseits;0.0;;;;;
A2,BW3;anders;anders;;;Adverb;;https://www.dwds.de/wb/anders;0.0;;;;;
B1;anderseits;anderseits;;;Adverb;;https://www.dwds.de/wb/anderseits;0.0;;;;;
B1;andrerseits;andrerseits;;;Adverb;;https://www.dwds.de/wb/andrerseits;0.0;;;;;
B1;anerkennen;anerkennen;;;Verb;;https://www.dwds.de/wb/anerkennen;0.0;;Plur;;;Fin
A1;anfangen;anfangen;;;Verb;;https://www.dwds.de/wb/anfangen;0.0;;;;;Inf
B1;anfangs;anfangs;;;Adverb;;https://www.dwds.de/wb/anfangs;0.0;;;;;
B1;angeben;angeben;;;Verb;;https://www.dwds.de/wb/angeben;0.0;;;;;Inf
B1;angenehm;angenehm;;;Adjektiv;;https://www.dwds.de/wb/angenehm;0.0;;;Pos;;
B1;anhaben;anhaben;;;Verb;;https://www.dwds.de/wb/anhaben;0.0;;;;;Inf
A1;anklicken;anklicken;;;Verb;;https://www.dwds.de/wb/anklicken;0.0;;;;;Inf
A1;ankommen;ankommen;;;Verb;;https://www.dwds.de/wb/ankommen;0.0;;Plur;;;Fin
A1;ankreuzen;ankreuzen;;;Verb;;https://www.dwds.de/wb/ankreuzen;0.0;;;;;Inf
B1;ankündigen;ankündigen;;;Verb;;https://www.dwds.de/wb/ank%C3%BCndigen;0.0;;;;;Inf
A1;anmachen;anmachen;;;Verb;;https://www.dwds.de/wb/anmachen;0.0;;;;;Inf
A1;anmelden;anmelden;;;Verb;;https://www.dwds.de/wb/anmelden;0.0;;;;;Inf
B1;annehmen;annehmen;;;Verb;;https://www.dwds.de/wb/annehmen;0.0;;;;;Inf
A1;anrufen;anrufen;;;Verb;;https://www.dwds.de/wb/anrufen;0.0;;;;;Inf
B1;anschaffen;anschaffen;;;Verb;;https://www.dwds.de/wb/anschaffen;0.0;;;;;Inf
B1;anschließen;anschließen;;;Verb;;https://www.dwds.de/wb/anschlie%C3%9Fen;0.0;;;;;Inf
B1;anschnallen;Anschnall;;;Verb;;https://www.dwds.de/wb/anschnallen;0.0;;;;;Inf
A2;ansehen;ansehen;;;Verb;;https://www.dwds.de/wb/ansehen;0.0;;;;;Inf
B1;ansprechen;ansprechen;;;Verb;;https://www.dwds.de/wb/ansprechen;0.0;;;;;Inf
B1;anstellen;anstellen;;;Verb;;https://www.dwds.de/wb/anstellen;0.0;;;;;Inf
B1;anstrengen;Anstreng;;;Verb;;https://www.dwds.de/wb/anstrengen;0.0;;;;;Part
B1;anstrengend;anstrengend;;;partizipiales Adjektiv;;https://www.dwds.de/wb/anstrengend;0.0;;;Pos;;
A1,BW3;antworten;Antwort;;du antwortest, Antwort;Verb;;https://www.dwds.de/wb/antworten;0.0;Nom;Plur;;;
B1;anwenden;anwenden;;;Verb;;https://www.dwds.de/wb/anwenden;0.0;Nom;Sing;Pos;;
B1;anwesend;anwesend;;;Adjektiv;;https://www.dwds.de/wb/anwesend;0.0;;;Pos;;
B1;anzeigen;anzeigen;;;Verb;;https://www.dwds.de/wb/anzeigen;0.0;;;;;Inf
A1;anziehen;anziehen;;;Verb;;https://www.dwds.de/wb/anziehen;0.0;;;;;Inf
A1,BW1;arbeiten;arbeiten;;du arbeitest;Verb;;https://www.dwds.de/wb/arbeiten;0.0;;Plur;;;Fin
A1;arbeitslos;arbeitslos;;;Adjektiv;;https://www.dwds.de/wb/arbeitslos;0.0;;;Pos;;
A2,BW1;arm;arm;;ärmer;Adjektiv;;https://www.dwds.de/wb/arm;0.0;;;Pos;;
B1;atmen;atmen;;;Verb;;https://www.dwds.de/wb/atmen;0.0;;;;;Inf
A1,BW3;auch;auch;;;Konjunktion;;https://www.dwds.de/wb/auch;0.0;;;;;
A1,BW1;auf;auf;;;Präposition;;https://www.dwds.de/wb/auf#1;0.0;;;;;
A2;auf jeden Fall;auf jeden Fall;;;Mehrwortausdruck;;https://www.dwds.de/wb/auf%20jeden%20Fall;0.0;;;;;
A2;auf keinen Fall;auf keinen Fall;;;Mehrwortausdruck;;https://www.dwds.de/wb/auf%20keinen%20Fall;0.0;;;;;
A1;auf sein;auf;;;Verb;;https://www.dwds.de/wb/auf%20sein;0.0;;;;;
B1;auffallen;auffallen;;;Verb;;https://www.dwds.de/wb/auffallen;0.0;;;;;Inf
B1;auffordern;auffordern;;;Verb;;https://www.dwds.de/wb/auffordern;0.0;;;;;Inf
B1;aufführen;aufführen;;;Verb;;https://www.dwds.de/wb/auff%C3%BChren;0.0;;;;;Inf
B1;aufgeben;aufgeben;;;Verb;;https://www.dwds.de/wb/aufgeben;0.0;;;;;Inf
B1;aufhalten;aufhalten;;;Verb;;https://www.dwds.de/wb/aufhalten;0.0;;;;;Inf
B1;aufheben;aufheben;;;Verb;;https://www.dwds.de/wb/aufheben;0.0;;;;;Inf
A1;aufhören;aufhören;;;Verb;;https://www.dwds.de/wb/aufh%C3%B6ren;0.0;;;;;Inf
B1;aufladen;aufladen;;;Verb;;https://www.dwds.de/wb/aufladen;0.0;;;;;Inf
B1;auflösen;auflösen;;;Verb;;https://www.dwds.de/wb/aufl%C3%B6sen;0.0;;;;;Inf
A2;aufmachen;aufmachen;;;Verb;;https://www.dwds.de/wb/aufmachen;0.0;;;;;Inf
B1;aufmerksam;aufmerksam;;;Adjektiv;;https://www.dwds.de/wb/aufmerksam;0.0;;;Pos;;
B1;aufnehmen;aufnehmen;;;Verb;;https://www.dwds.de/wb/aufnehmen;0.0;;;;;Inf
A2;aufpassen;aufpassen;;;Verb;;https://www.dwds.de/wb/aufpassen;0.0;;;;;Inf
A2;aufregen;aufregen;;;Verb;;https://www.dwds.de/wb/aufregen;0.0;;;;;Inf
A2,BW3;aufräumen;aufräumen;;Raum;Verb;;https://www.dwds.de/wb/aufr%C3%A4umen;0.0;;;;;Inf
B1;aufschreiben;aufschreiben;;;Verb;;https://www.dwds.de/wb/aufschreiben;0.0;;;;;Inf
A1;aufstehen;aufstehen;;;Verb;;https://www.dwds.de/wb/aufstehen;0.0;;;;;Inf
B1;auftreten;auftreten;;;Verb;;https://www.dwds.de/wb/auftreten;0.0;;Plur;;;Fin
B1,BW1;aufwachen;aufwachen;;du wachst auf;Verb;;https://www.dwds.de/wb/aufwachen;0.0;;;;;Inf
B1;aufwärts;aufwärts;;;Adverb;;https://www.dwds.de/wb/aufw%C3%A4rts;0.0;;;;;
A1,BW1;aus;aus;;;Präposition;;https://www.dwds.de/wb/aus#1;0.0;;;;;
A1;aus sein;aus;;;Verb;;https://www.dwds.de/wb/aus%20sein;0.0;;;;;
B1;ausbilden;ausbilden;;;Verb;;https://www.dwds.de/wb/ausbilden;0.0;;;;;Inf
B1;ausdrucken;ausdrucken;;;Verb;;https://www.dwds.de/wb/ausdrucken;0.0;;;;;Inf
B1;auseinander;auseinander;;;Adverb;;https://www.dwds.de/wb/auseinander;0.0;;;;;
B1;ausfallen;ausfallen;;;Verb;;https://www.dwds.de/wb/ausfallen;0.0;;;;;Inf
A1;ausfüllen;ausfüllen;;;Verb;;https://www.dwds.de/wb/ausf%C3%BCllen;0.0;;;;;Inf
A2;ausgeben;ausgeben;;;Verb;;https://www.dwds.de/wb/ausgeben;0.0;;;;;Inf
A2;ausgehen;ausgehen;;;Verb;;https://www.dwds.de/wb/ausgehen;0.0;;;;;Inf
B1;ausgezeichnet;auszeichnen;;;partizipiales Adjektiv;;https://www.dwds.de/wb/ausgezeichnet;0.0;;;;;Part
A1;ausländisch;ausländisch;;;Adjektiv;;https://www.dwds.de/wb/ausl%C3%A4ndisch;0.0;;;Pos;;
A1;ausmachen;ausmachen;;;Verb;;https://www.dwds.de/wb/ausmachen;0.0;;;;;Inf
A2;auspacken;auspacken;;;Verb;;https://www.dwds.de/wb/auspacken;0.0;;;;;Inf
B1;ausreichen;ausreichen;;;Verb;;https://www.dwds.de/wb/ausreichen;0.0;;Plur;;;Fin
B1;ausrichten;ausrichten;;;Verb;;https://www.dwds.de/wb/ausrichten;0.0;;;;;Inf
A2;ausruhen;ausruhen;;;Verb;;https://www.dwds.de/wb/ausruhen;0.0;;;;;Inf
B1;ausschließen;ausschließen;;;Verb;;https://www.dwds.de/wb/ausschlie%C3%9Fen;0.0;;;;;Inf
B1;ausschließlich;ausschließlich;;;Adverb;;https://www.dwds.de/wb/ausschlie%C3%9Flich#2;0.0;;;;;
A1;aussehen;aussehen;;;Verb;;https://www.dwds.de/wb/aussehen;0.0;;Plur;;;Fin
A2;aussprechen;aussprechen;;;Verb;;https://www.dwds.de/wb/aussprechen;0.0;;;;;Inf
A1;aussteigen;aussteigen;;;Verb;;https://www.dwds.de/wb/aussteigen;0.0;;;;;Inf
B1;ausstellen;ausstellen;;;Verb;;https://www.dwds.de/wb/ausstellen;0.0;;;;;Inf
B1;aussuchen;aussuchen;;;Verb;;https://www.dwds.de/wb/aussuchen;0.0;;;;;Inf
A2;austauschen;austauschen;;;Verb;;https://www.dwds.de/wb/austauschen;0.0;;;;;Inf
A2;austragen;austrag;;;Verb;;https://www.dwds.de/wb/austragen;0.0;;;;;Inf
B1;auswählen;auswählen;;;Verb;;https://www.dwds.de/wb/ausw%C3%A4hlen;0.0;;;;;Inf
A1;ausziehen;ausziehen;;;Verb;;https://www.dwds.de/wb/ausziehen;0.0;;;;;Inf
A1;automatisch;automatisch;;;Adjektiv;;https://www.dwds.de/wb/automatisch;0.0;;;Pos;;
B1;außen;außen;;;Adverb;;https://www.dwds.de/wb/au%C3%9Fen;0.0;;;;;
A2;außer;außer;;;Präposition;;https://www.dwds.de/wb/au%C3%9Fer#1;0.0;;;;;
A2;außerdem;außerdem;;;Adverb;;https://www.dwds.de/wb/au%C3%9Ferdem;0.0;;;;;
A2;außerhalb;außerhalb;;;Adverb;;https://www.dwds.de/wb/au%C3%9Ferhalb#2;0.0;;;;;
A2,BW1;backen;backen;;du backst, Bäcker;Verb;;https://www.dwds.de/wb/backen#1;0.0;;;;;Inf
A1,BW1;baden;baden;;du badest, Bad, Bäder;Verb;;https://www.dwds.de/wb/baden;0.0;;;;;Inf
A1,BW3;bald;bald;;;Adverb;;https://www.dwds.de/wb/bald;0.0;;;;;
A1;bar;bar;;;Adjektiv;;https://www.dwds.de/wb/bar#1;0.0;;;Pos;;
A2;basteln;basteln;;;Verb;;https://www.dwds.de/wb/basteln;0.0;;;;;Inf
A2;bauen;bauen;;;Verb;;https://www.dwds.de/wb/bauen#1;0.0;;Plur;;;Fin
B1;beachten;beachten;;;Verb;;https://www.dwds.de/wb/beachten;0.0;;;;;Inf
B1;beantragen;beantragen;;;Verb;;https://www.dwds.de/wb/beantragen;0.0;;;;;Inf
A2;beantworten;beantworten;;;Verb;;https://www.dwds.de/wb/beantworten;0.0;;;;;Inf
A2;bedanken;bedanken;;;Verb;;https://www.dwds.de/wb/bedanken;0.0;;Plur;;;Fin
A1;bedeuten;bedeuten;;;Verb;;https://www.dwds.de/wb/bedeuten;0.0;;Plur;;;Fin
B1;bedienen;bedienen;;;Verb;;https://www.dwds.de/wb/bedienen;0.0;;Plur;;;Fin
A2;beeilen;beeilen;;;Verb;;https://www.dwds.de/wb/beeilen;0.0;;Plur;;;Fin
B1;beeinflussen;beeinflussen;;;Verb;;https://www.dwds.de/wb/beeinflussen;0.0;;;;;Inf
A2;beenden;beenden;;;Verb;;https://www.dwds.de/wb/beenden;0.0;;;;;Inf
B1;befinden;befinden;;;Verb;;https://www.dwds.de/wb/befinden;0.0;;Plur;;;Fin
B1;befreit;befreien;;;partizipiales Adjektiv;;https://www.dwds.de/wb/befreit;0.0;;;;;Part
B1;befriedigend;befriedigend;;;partizipiales Adjektiv;;https://www.dwds.de/wb/befriedigend;0.0;;;Pos;;
B1;begegnen;begegnen;;;Verb;;https://www.dwds.de/wb/begegnen;0.0;;Plur;;;Fin
B1;begeistert;begeistert;;;partizipiales Adjektiv;;https://www.dwds.de/wb/begeistert;0.0;;;Pos;;
A1,BW3;beginnen;beginnen;;du beginnst, ich begann;Verb;;https://www.dwds.de/wb/beginnen;0.0;;Plur;;;Fin
B1;begleiten;begleiten;;;Verb;;https://www.dwds.de/wb/begleiten;0.0;;;;;Inf
B1;begrenzt;begrenzen;;;partizipiales Adjektiv;;https://www.dwds.de/wb/begrenzt;0.0;;;;;Part
A2;begründen;begründen;;;Verb;;https://www.dwds.de/wb/begr%C3%BCnden;0.0;;;;;Inf
B1;begrüßen;begrüßen;;;Verb;;https://www.dwds.de/wb/begr%C3%BC%C3%9Fen;0.0;;;;;Inf
B1;behalten;behalten;;;Verb;;https://www.dwds.de/wb/behalten;0.0;;;;;Inf
B1;behandeln;behandeln;;;Verb;;https://www.dwds.de/wb/behandeln;0.0;;;;;Inf
B1;behaupten;behaupten;;;Verb;;https://www.dwds.de/wb/behaupten;0.0;;Plur;;;Fin
B1;behindern;behindern;;;Verb;;https://www.dwds.de/wb/behindern;0.0;;;;;Inf
A1,BW3;bei;bei;;;Präposition;;https://www.dwds.de/wb/bei#1;0.0;;;;;
A1;beide;beide;;;Pronomen;;https://www.dwds.de/wb/beide;0.0;Nom;Plur;;Ind;
BW3;beide(-);beide(-;;;Satzzeichen;;;;;;;;
BW3;beim;bei;;;Präposition;;;;Dat;Sing;;;
B1;beinah;Beinah;;;Adverb;;https://www.dwds.de/wb/beinah;0.0;;;Pos;;
B1;beinahe;beinahe;;;Adverb;;https://www.dwds.de/wb/beinahe;0.0;;;;;
B1;beißen;beißen;;;Verb;;https://www.dwds.de/wb/bei%C3%9Fen;0.0;;;;;Inf
A1;bekannt;bekannt;;;partizipiales Adjektiv;;https://www.dwds.de/wb/bekannt;0.0;;;Pos;;
B1;bekannt geben;bekannt;;;Verb;;https://www.dwds.de/wb/bekannt%20geben;0.0;;;Pos;;
B1;bekanntgeben;bekanntgeben;;;Verb;;https://www.dwds.de/wb/bekanntgeben;0.0;;;;;Inf
A1;bekommen;bekommen;;;Verb;;https://www.dwds.de/wb/bekommen;0.0;;;;;Inf
B1;beleidigen;beleidigen;;;Verb;;https://www.dwds.de/wb/beleidigen;0.0;;;;;Inf
A2;beliebt;belieben;;;partizipiales Adjektiv;;https://www.dwds.de/wb/beliebt;0.0;;;Pos;;
B1;bemerken;bemerken;;;Verb;;https://www.dwds.de/wb/bemerken;0.0;;;;;Inf
B1;bemühen;bemühen;;;Verb;;https://www.dwds.de/wb/bem%C3%BChen;0.0;;Plur;;;Fin
A1;benutzen;benutzen;;;Verb;;https://www.dwds.de/wb/benutzen;0.0;;;;;Inf
B1;benötigen;benötigen;;;Verb;;https://www.dwds.de/wb/ben%C3%B6tigen;0.0;;;;;Inf
B1;beobachten;beobachten;;;Verb;;https://www.dwds.de/wb/beobachten;0.0;;;;;Inf
A2,BW1;bequem;bequem;;;Adjektiv;;https://www.dwds.de/wb/bequem;0.0;;;Pos;;
A2;beraten;beraten;;;Verb;;https://www.dwds.de/wb/beraten;0.0;;;;;Inf
B1;berechnen;berechnen;;;Verb;;https://www.dwds.de/wb/berechnen;0.0;;;;;Inf
B1;bereit;bereit;;;Adjektiv;;https://www.dwds.de/wb/bereit;0.0;;;Pos;;
B1;bereits;bereits;;;Adverb;;https://www.dwds.de/wb/bereits;0.0;;;;;
A2;berichten;berichten;;;Verb;;https://www.dwds.de/wb/berichten;0.0;;Plur;;;Fin
B1;beruflich;beruflich;;;Adjektiv;;https://www.dwds.de/wb/beruflich;0.0;;;Pos;;
B1;berufstätig;berufstätig;;;Adjektiv;;https://www.dwds.de/wb/berufst%C3%A4tig;0.0;;;Pos;;
B1;beruhigen;beruhigen;;;Verb;;https://www.dwds.de/wb/beruhigen;0.0;;;;;Inf
A2;berühmt;berühmt;;;partizipiales Adjektiv;;https://www.dwds.de/wb/ber%C3%BChmt;0.0;;;Pos;;
B1;beschließen;beschließen;;;Verb;;https://www.dwds.de/wb/beschlie%C3%9Fen;0.0;;;;;Inf
A2;beschreiben;beschreiben;;;Verb;;https://www.dwds.de/wb/beschreiben;0.0;;Plur;;;Fin
B1;beschränken;beschränken;;;Verb;;https://www.dwds.de/wb/beschr%C3%A4nken;0.0;;;;;Inf
A2;beschweren;beschweren;;;Verb;;https://www.dwds.de/wb/beschweren#2;0.0;;;;;Inf
B1;beschädigen;beschädigen;;;Verb;;https://www.dwds.de/wb/besch%C3%A4digen;0.0;;;;;Inf
B1;beschäftigen;beschäftigen;;;Verb;;https://www.dwds.de/wb/besch%C3%A4ftigen;0.0;;;;;Inf
B1;besetzen;besetzen;;;Verb;;https://www.dwds.de/wb/besetzen;0.0;;;;;Inf
A1;besetzt;besetzen;;;partizipiales Adjektiv;;https://www.dwds.de/wb/besetzt;0.0;;;;;Part
A1;besichtigen;besichtigen;;;Verb;;https://www.dwds.de/wb/besichtigen;0.0;;;;;Inf
B1;besonder;besonde;;;Adjektiv;;https://www.dwds.de/wb/besonder;0.0;;;;;
A2;besonders;besonders;;;Adverb;;https://www.dwds.de/wb/besonders;0.0;;;;;
B1;besorgen;besorgen;;;Verb;;https://www.dwds.de/wb/besorgen;0.0;;;;;Inf
B1;besprechen;besprechen;;;Verb;;https://www.dwds.de/wb/besprechen;0.0;;Plur;;;Fin
A1,BW3;besser;gut;;;Komparativ;;https://www.dwds.de/wb/besser;0.0;;;Cmp;;
A1;best;Best;;;Superlativ;;https://www.dwds.de/wb/best;0.0;;Sing;;;Fin
A2;bestehen;bestehen;;;Verb;;https://www.dwds.de/wb/bestehen;0.0;;Plur;;;Fin
A1;bestellen;bestellen;;;Verb;;https://www.dwds.de/wb/bestellen;0.0;;;;;Inf
B1;bestimmt;bestimmen;;;partizipiales Adjektiv;;https://www.dwds.de/wb/bestimmt;0.0;;;;;Part
B1;bestrafen;bestrafen;;;Verb;;https://www.dwds.de/wb/bestrafen;0.0;;;;;Inf
A2;bestätigen;bestätigen;;;Verb;;https://www.dwds.de/wb/best%C3%A4tigen;0.0;;Plur;;;Fin
A1;besuchen;besuchen;;;Verb;;https://www.dwds.de/wb/besuchen;0.0;;;;;Inf
A2;besucht;besuchen;;;partizipiales Adjektiv;;https://www.dwds.de/wb/besucht;0.0;;;;;Part
B1;beteiligen;beteiligen;;;Verb;;https://www.dwds.de/wb/beteiligen;0.0;;;;;Inf
B1;betreuen;betreuen;;;Verb;;https://www.dwds.de/wb/betreuen;0.0;;;;;Inf
B1;betrunken;betrunken;;;partizipiales Adjektiv;;https://www.dwds.de/wb/betrunken;0.0;;;Pos;;
B1;betrügen;betragen;;;Verb;;https://www.dwds.de/wb/betr%C3%BCgen;0.0;Nom;Plur;;;
B1;bevor;bevor;;;Konjunktion;;https://www.dwds.de/wb/bevor;0.0;;;;;
B1;beweisen;beweisen;;;Verb;;https://www.dwds.de/wb/beweisen;0.0;;;;;Inf
A2;bewerben;bewerben;;;Verb;;https://www.dwds.de/wb/bewerben;0.0;;Plur;;;Fin
A2;bewölkt;Bewölkt;;;partizipiales Adjektiv;;https://www.dwds.de/wb/bew%C3%B6lkt;0.0;;;;;Part
A1;bezahlen;bezahlen;;;Verb;;https://www.dwds.de/wb/bezahlen;0.0;;;;;Inf
B1;bieten;bieten;;;Verb;;https://www.dwds.de/wb/bieten;0.0;;Plur;;;Fin
A1;billig;billig;;;Adjektiv;;https://www.dwds.de/wb/billig;0.0;;;Pos;;
B1;bio;bio;;;Adjektiv;;https://www.dwds.de/wb/bio;0.0;;;;;
B1;bio-;bio-;;;Affix;;https://www.dwds.de/wb/bio-;0.0;;;;;
B1;biologisch;biologisch;;;Adjektiv;;https://www.dwds.de/wb/biologisch;0.0;;;Pos;;
A1,BW1;bis;bis;;;Konjunktion;;https://www.dwds.de/wb/bis;0.0;;;;;
B1;bisher;bisher;;;Adverb;;https://www.dwds.de/wb/bisher;0.0;;;;;
A1;bisschen;bisschen;;;Adverb;;https://www.dwds.de/wb/bisschen;0.0;;Plur;;;Fin
A1;bitte;bitte;;;Partikel;;https://www.dwds.de/wb/bitte;0.0;;;;;
A1,BW1;bitten;bitten;;du bittest, ich bat, Bitte;Verb;;https://www.dwds.de/wb/bitten;0.0;;;;;Inf
A1;bitter;bitter;;;Adjektiv;;https://www.dwds.de/wb/bitter;0.0;;;Cmp;;
B1;blass;Blass;;;Adjektiv;;https://www.dwds.de/wb/blass;0.0;;Sing;;;Fin
A1,BW1;blau;blau;;;Adjektiv;;https://www.dwds.de/wb/blau;0.0;;;Pos;;
A1,BW1;bleiben;bleiben;;du bleibst, ich blieb;Verb;;https://www.dwds.de/wb/bleiben;0.0;;;;;Inf
B1,BW3;blind;blind;;blinde;Adjektiv;;https://www.dwds.de/wb/blind;0.0;;;Pos;;
B1,BW3;blitzen;blitzen;;es blitzt, Blitz;Verb;;https://www.dwds.de/wb/blitzen;0.0;;;;;Inf
A2,BW3;blond;blond;;blonde;Adjektiv;;https://www.dwds.de/wb/blond;0.0;;;Pos;;
B1;bloß;bloß;;;Adverb;;https://www.dwds.de/wb/blo%C3%9F#2;0.0;;;;;
B1,BW1;bluten;bluten;;du blutest, Blut;Verb;;https://www.dwds.de/wb/bluten;0.0;;;;;
A2;blöd;Blöd;;;Adjektiv;;https://www.dwds.de/wb/bl%C3%B6d;0.0;Nom;Plur;;;
A2;blöde;blöde;;;Adjektiv;;https://www.dwds.de/wb/bl%C3%B6de;0.0;;Sing;;;Fin
B1,BW3;blühen;blühen;;es blüht;Verb;;https://www.dwds.de/wb/bl%C3%BChen;0.0;;;;;Inf
BW1;boxen;boxen;;Boxer;Verb;;;;;;;;Inf
A2;braten;braten;;;Verb;;https://www.dwds.de/wb/braten;0.0;;;;;Inf
A1,BW1;brauchen;brauchen;;du brauchst;Verb;;https://www.dwds.de/wb/brauchen;0.0;;Plur;;;Fin
A1,BW1;braun;Braun;;;Adjektiv;;https://www.dwds.de/wb/braun;0.0;Nom;Sing;;;
B1;brechen;brechen;;;Verb;;https://www.dwds.de/wb/brechen;0.0;;;;;Inf
A1;breit;breit;;;Adjektiv;;https://www.dwds.de/wb/breit;0.0;;;Pos;;
B1;bremsen;bremsen;;;Verb;;https://www.dwds.de/wb/bremsen;0.0;;;;;Inf
B1,BW3;brennen;brennen;;Brand, Verbrennung;Verb;;https://www.dwds.de/wb/brennen;0.0;;Plur;;;Fin
A1,BW1;bringen;bringen;;du bringst, ich brachte;Verb;;https://www.dwds.de/wb/bringen;0.0;;;;;Inf
BW3;brüllen;brüllen;;du brüllst;Verb;;;;;;;;Inf
A2;buchen;buchen;;;Verb;;https://www.dwds.de/wb/buchen;0.0;;;;;Inf
A1;buchstabieren;buchstabieren;;;Verb;;https://www.dwds.de/wb/buchstabieren;0.0;;Plur;;;Fin
A2,BW3;bunt;bunt;;;Adjektiv;;https://www.dwds.de/wb/bunt;0.0;;;Pos;;
A1;bös;bös;;;Adjektiv;;https://www.dwds.de/wb/b%C3%B6s;0.0;Nom;Sing;;;
A1,BW1;böse;böse;;;Adjektiv;;https://www.dwds.de/wb/b%C3%B6se;0.0;;;Pos;;
A2;chatten;Chatt;;;Verb;;https://www.dwds.de/wb/chatten;0.0;Nom;Plur;;;
B1;chic;Chic;;;Adjektiv;;https://www.dwds.de/wb/chic;0.0;Nom;Sing;;;
A1;circa;Circa;;;Adverb;;https://www.dwds.de/wb/circa;0.0;;;;;
A1;cm;cm;;;Symbol;;https://www.dwds.de/wb/cm;0.0;Nom;Sing;;;
A1,B1,BW1;da;da;;;Adverb;;https://www.dwds.de/wb/da#1;0.0;;;;;
A2;dabei;dabei;;;Pronominaladverb;;https://www.dwds.de/wb/dabei;0.0;;;;;
A2;dafür;dafür;;;Pronominaladverb;;https://www.dwds.de/wb/daf%C3%BCr;0.0;;;;;
A2;dagegen;dagegen;;;Pronominaladverb;;https://www.dwds.de/wb/dagegen;0.0;;;;;
B1;daher;daher;;;Pronominaladverb;;https://www.dwds.de/wb/daher;0.0;;;;;
B1;dahin;dahin;;;Pronominaladverb;;https://www.dwds.de/wb/dahin;0.0;;;;;
A2;damals;damals;;;Adverb;;https://www.dwds.de/wb/damals;0.0;;;;;
B1;damit;damit;;;Pronominaladverb;;https://www.dwds.de/wb/damit#1;0.0;;;;;
B1,BW3;danach;danach;;;Pronominaladverb;;https://www.dwds.de/wb/danach;0.0;;;;;
A1;daneben;daneben;;;Pronominaladverb;;https://www.dwds.de/wb/daneben;0.0;;;;;
B1;dankbar;dankbar;;;Adjektiv;;https://www.dwds.de/wb/dankbar;0.0;;;Pos;;
A1;danke;danke;;;Partikel;;https://www.dwds.de/wb/danke;0.0;Nom;Sing;;;
A1,BW1;danken;danken;;du dankst, Dank;Verb;;https://www.dwds.de/wb/danken;0.0;;;;;Inf
A1,BW1;dann;dann;;;Adverb;;https://www.dwds.de/wb/dann;0.0;;;;;
A2;darauf;darauf;;;Pronominaladverb;;https://www.dwds.de/wb/darauf;0.0;;;;;
B1;darstellen;darstellen;;;Verb;;https://www.dwds.de/wb/darstellen;0.0;;Plur;;;Fin
A2;darüber;darüber;;;Pronominaladverb;;https://www.dwds.de/wb/dar%C3%BCber;0.0;;;;;
A1,BW1;das;der;;;bestimmter Artikel;neut.;https://www.dwds.de/wb/das#1;0.0;Nom;Sing;;Dem;
A2;dass;dass;;;Konjunktion;;https://www.dwds.de/wb/dass;0.0;;;;;
B1;dasselbe;dasselbe;;;Demonstrativpronomen;neut.;https://www.dwds.de/wb/dasselbe;0.0;Nom;Sing;;Dem;
A1;dauern;dauern;;;Verb;;https://www.dwds.de/wb/dauern#1;0.0;;;;;Inf
B1;dauernd;dauernd;;;partizipiales Adjektiv;;https://www.dwds.de/wb/dauernd;0.0;;;Pos;;
A1;dein;dein;;;Possessivpronomen;mask.;https://www.dwds.de/wb/dein#1;0.0;Nom;Sing;;Prs;
BW3;dein(-);dein(-;;;Satzzeichen;;;;;;;;
B1;dekorieren;dekorieren;;;Verb;;https://www.dwds.de/wb/dekorieren;0.0;;;;;Inf
BW1;dem;der;;;Artikel;mask.;;;Dat;Sing;;Art;
BW1;den;der;;;Artikel;;;;Dat;Plur;;Art;
A2,BW1;denken;denken;;du denkst, ich dachte, Gedanke;Verb;;https://www.dwds.de/wb/denken;0.0;;Plur;;;Fin
A1,BW3;denn;denn;;;Konjunktion;;https://www.dwds.de/wb/denn#1;0.0;;;;;
A1,BW1;der;der;;;bestimmter Artikel;mask.;https://www.dwds.de/wb/der#1;0.0;Nom;Sing;;Art;
B1;derselbe;derselbe;;;Demonstrativpronomen;neut.;https://www.dwds.de/wb/derselbe;0.0;Nom;Sing;;Dem;
BW3;des;der;;;Artikel;mask.;;;Gen;Sing;;Art;
A2,BW3;deshalb;deshalb;;;Konjunktion;;https://www.dwds.de/wb/deshalb;0.0;;;;;
B1;desto;desto;;;Konjunktion;;https://www.dwds.de/wb/desto;0.0;;;;;
B1;deswegen;deswegen;;;Konjunktion;;https://www.dwds.de/wb/deswegen;0.0;;;;;
A2;deutlich;deutlich;;;Adjektiv;;https://www.dwds.de/wb/deutlich;0.0;;;Pos;;
A1;deutsch;deutsch;;;Adjektiv;;https://www.dwds.de/wb/deutsch;0.0;;;Pos;;
A1,BW1;dich;dich;;;Pronomen;;https://www.dwds.de/wb/dich;0.0;Acc;Sing;;Prs;
B1;dicht;dicht;;;Adjektiv;;https://www.dwds.de/wb/dicht;0.0;;;Pos;;
A2,BW3;dick;dick;;;Adjektiv;;https://www.dwds.de/wb/dick;0.0;;;Pos;;
A1,BW1;die;der;;;bestimmter Artikel;fem.;https://www.dwds.de/wb/die#1;0.0;Nom;Sing;;Art;
B1;dienen;dienen;;;Verb;;https://www.dwds.de/wb/dienen;0.0;;Plur;;;Fin
B1;dies;dieser;;;Demonstrativpronomen;neut.;https://www.dwds.de/wb/dies;0.0;Acc;Sing;;Dem;
BW3;dies(-);dies(-;;;Substantiv;neut.;;;Nom;Sing;;;
B1;diese;dieser;;;Demonstrativpronomen;fem.;https://www.dwds.de/wb/diese;0.0;Nom;Sing;;Dem;
B1;dieselbe;derselbe;;;Demonstrativpronomen;fem.;https://www.dwds.de/wb/dieselbe;0.0;Nom;Sing;;Dem;
B1;dieser;dieser;;;Demonstrativpronomen;mask.;https://www.dwds.de/wb/dieser;0.0;Nom;Sing;;Dem;
B1;dieses;dieser;;;Demonstrativpronomen;neut.;https://www.dwds.de/wb/dieses;0.0;Nom;Sing;;Dem;
B1;diesmal;diesmal;;;Adverb;;https://www.dwds.de/wb/diesmal;0.0;;;;;
B1;digital;Digital;;;Adjektiv;;https://www.dwds.de/wb/digital;0.0;Nom;Sing;;;
A1,BW1;dir;dir;;;Pronomen;;https://www.dwds.de/wb/dir;0.0;Dat;Sing;;Prs;
A2;direkt;direkt;;;Adjektiv;;https://www.dwds.de/wb/direkt;0.0;;;Pos;;
A2;diskutieren;diskutieren;;;Verb;;https://www.dwds.de/wb/diskutieren;0.0;;Plur;;;Fin
A2,BW3;doch;doch;;;Adverb;;https://www.dwds.de/wb/doch#2;0.0;;;;;
B1,BW3;donnern;donnern;;Donner;Verb;;https://www.dwds.de/wb/donnern;0.0;;;;;Inf
B1;doppel-;doppel-;;;Affix;;https://www.dwds.de/wb/doppel-;0.0;;;;;
B1,BW3;doppelt;doppelt;;;Adjektiv;;https://www.dwds.de/wb/doppelt;0.0;;;Pos;;
A1,BW1;dort;dort;;;Adverb;;https://www.dwds.de/wb/dort;0.0;;;;;
A2;dorther;dorth;;;Pronominaladverb;;https://www.dwds.de/wb/dorther;0.0;;;Cmp;;
A2;dorthin;dorthin;;;Pronominaladverb;;https://www.dwds.de/wb/dorthin;0.0;;;;;
A1,BW3;draußen;draußen;;;Adverb;;https://www.dwds.de/wb/drau%C3%9Fen;0.0;;;;;
BW3;dreckig;dreckig;;Dreck;Adverb;;;;;;Pos;;
B1,BW3;drehen;drehen;;du drehst;Verb;;https://www.dwds.de/wb/drehen;0.0;;;;;Inf
A1,BW1;drei;drei;;;Kardinalzahlwort;;https://www.dwds.de/wb/drei;0.0;;;;;
A1;dreizehn;dreizehn;;;Kardinalzahlwort;;https://www.dwds.de/wb/dreizehn;0.0;;;;;
A1;dreißig;dreißig;;;Kardinalzahlwort;;https://www.dwds.de/wb/drei%C3%9Fig;0.0;;;;;
B1;drin;drin;;;Pronominaladverb;;https://www.dwds.de/wb/drin;0.0;;;;;
A2;dringend;dringend;;;partizipiales Adjektiv;;https://www.dwds.de/wb/dringend;0.0;;;Pos;;
A2;drinnen;drinnen;;;Adverb;;https://www.dwds.de/wb/drinnen;0.0;;;;;
A1;dritte;dritter;;;Ordinalzahlwort;;https://www.dwds.de/wb/dritte;0.0;Nom;Sing;Pos;;
A1;drucken;drucken;;;Verb;;https://www.dwds.de/wb/drucken;0.0;;;;;Inf
A2;drüben;drüben;;;Adverb;;https://www.dwds.de/wb/dr%C3%BCben;0.0;;;;;
A1,BW3;drücken;drücken;;du drückst, Druck;Verb;;https://www.dwds.de/wb/dr%C3%BCcken;0.0;;;;;Inf
BW1;du;du;;;Pronomen;;;;Nom;Sing;;Prs;
A2,BW3;dumm;dumm;;;Adjektiv;;https://www.dwds.de/wb/dumm;0.0;;;Pos;;
A2,BW1;dunkel;dunkel;;Dunkelheit;Adjektiv;;https://www.dwds.de/wb/dunkel;0.0;;;Pos;;
A1,BW3;durch;durch;;;Präposition;;https://www.dwds.de/wb/durch#1;0.0;;;;;
B1;durcheinander;durcheinander;;;Adverb;;https://www.dwds.de/wb/durcheinander;0.0;;;;;
B1;durchschnittlich;durchschnittlich;;;Adjektiv;;https://www.dwds.de/wb/durchschnittlich;0.0;;;Pos;;
B1;durstig;durstig;;;Adjektiv;;https://www.dwds.de/wb/durstig;0.0;;;Pos;;
A1;duschen;dusch;;;Verb;;https://www.dwds.de/wb/duschen;0.0;;;;;Inf
B1;duzen;duzen;;;Verb;;https://www.dwds.de/wb/duzen;0.0;;;;;Inf
A2,BW3;dünn;dünn;;;Adjektiv;;https://www.dwds.de/wb/d%C3%BCnn;0.0;;;Pos;;
A1,BW1,BW3;dürfen;dürfen;;du darfst, ich durfte;Verb;;https://www.dwds.de/wb/d%C3%BCrfen;0.0;;Plur;;;Fin
B1;eben;eben;;;Adverb;;https://www.dwds.de/wb/eben#2;0.0;;;;;
B1;ebenfalls;ebenfalls;;;Konjunktion;;https://www.dwds.de/wb/ebenfalls;0.0;;;;;
B1;ebenso;ebenso;;;Adverb;;https://www.dwds.de/wb/ebenso;0.0;;;;;
A2;echt;echt;;;Adjektiv;;https://www.dwds.de/wb/echt;0.0;;;Pos;;
B1;eckig;eckig;;;Adjektiv;;https://www.dwds.de/wb/eckig;0.0;;;Pos;;
A2;egal;egal;;;Adjektiv;;https://www.dwds.de/wb/egal#1;0.0;;;;;
B1;eher;eher;;;Komparativ;;https://www.dwds.de/wb/eher;0.0;;;;;
B1,BW3;ehrlich;ehrlich;;;Adjektiv;;https://www.dwds.de/wb/ehrlich;0.0;;;Pos;;
A2;eigen;eigen;;;Adjektiv;;https://www.dwds.de/wb/eigen;0.0;;;Pos;;
A2;eigentlich;eigentlich;;;Adjektiv;;https://www.dwds.de/wb/eigentlich;0.0;;;;;
B1;eignen;eignen;;;Verb;;https://www.dwds.de/wb/eignen#1;0.0;;Plur;;;Fin
B1;eilen;eilen;;;Verb;;https://www.dwds.de/wb/eilen;0.0;;;;;Inf
A1;eilig;eilig;;;Adjektiv;;https://www.dwds.de/wb/eilig;0.0;;;Pos;;
A1;ein;ein;;;unbestimmter Artikel;mask.;https://www.dwds.de/wb/ein#1;0.0;Nom;Sing;;Art;
A2;ein Mal;ein;;;Adverb;;https://www.dwds.de/wb/ein%20Mal;0.0;Nom;Sing;;Art;
B1;ein paar;ein;;;Indefinitpronomen;;https://www.dwds.de/wb/ein%20paar;0.0;;;;Art;
BW1;ein(-);ein(-;;;Substantiv;fem.;;;Nom;Sing;;;
B1;einbrechen;einbrechen;;;Verb;;https://www.dwds.de/wb/einbrechen;0.0;;Plur;;;Fin
B1;eindeutig;eindeutig;;;Adjektiv;;https://www.dwds.de/wb/eindeutig;0.0;;;Pos;;
A1;eine;ein;;;unbestimmter Artikel;fem.;https://www.dwds.de/wb/eine#1;0.0;Nom;Sing;;Art;
B1;einerseits;einerseits;;;Adverb;;https://www.dwds.de/wb/einerseits;0.0;;;;;
A1;einfach;einfach;;;Adjektiv;;https://www.dwds.de/wb/einfach;0.0;;;Pos;;
B1;einfallen;einfallen;;;Verb;;https://www.dwds.de/wb/einfallen;0.0;;Plur;;;Fin
B1;einfügen;einfügen;;;Verb;;https://www.dwds.de/wb/einf%C3%BCgen;0.0;;;;;Inf
B1;einführen;einführen;;;Verb;;https://www.dwds.de/wb/einf%C3%BChren;0.0;;;;;Inf
B1;einheitlich;einheitlich;;;Adjektiv;;https://www.dwds.de/wb/einheitlich;0.0;;;Pos;;
A1;einhundert;einhunderen;;;Kardinalzahlwort;;https://www.dwds.de/wb/einhundert;0.0;;;;;Part
A2,BW3;einige;einige;;;Indefinitpronomen;;https://www.dwds.de/wb/einige;0.0;Nom;Plur;;Ind;
B1;einigen;einigen;;;Verb;;https://www.dwds.de/wb/einigen;0.0;;Plur;;;Fin
A1;einkaufen;einkaufen;;;Verb;;https://www.dwds.de/wb/einkaufen;0.0;;;;;Inf
A1;einladen;einladen;;;Verb;;https://www.dwds.de/wb/einladen#2;0.0;;;;;Inf
A2,BW1;einmal;einmal;;;Adverb;;https://www.dwds.de/wb/einmal;0.0;;;;;
B1;einnehmen;einnehmen;;;Verb;;https://www.dwds.de/wb/einnehmen;0.0;;;;;Inf
A2;einpacken;einpacken;;;Verb;;https://www.dwds.de/wb/einpacken;0.0;;;;;Inf
B1;einrichten;einrichten;;;Verb;;https://www.dwds.de/wb/einrichten;0.0;;;;;Inf
A1;eins;einer;;;Kardinalzahlwort;;https://www.dwds.de/wb/eins;0.0;;;;;
B1;einsam;einsam;;;Adjektiv;;https://www.dwds.de/wb/einsam;0.0;;;Pos;;
B1;einschalten;einschalten;;;Verb;;https://www.dwds.de/wb/einschalten;0.0;;Plur;;;Fin
B1;einschließlich;einschließlich;;;Präposition;;https://www.dwds.de/wb/einschlie%C3%9Flich#1;0.0;;;;;
B1;einsetzen;einsetzen;;;Verb;;https://www.dwds.de/wb/einsetzen;0.0;;;;;Inf
A1;einsteigen;einsteigen;;;Verb;;https://www.dwds.de/wb/einsteigen;0.0;;;;;Inf
B1;einstellen;einstellen;;;Verb;;https://www.dwds.de/wb/einstellen;0.0;;;;;Inf
A1;eintausend;eintausend;;;Kardinalzahlwort;;https://www.dwds.de/wb/eintausend;0.0;;;Pos;;
A2;eintragen;eintragen;;;Verb;;https://www.dwds.de/wb/eintragen;0.0;;Plur;;;Fin
B1;eintreten;eintreten;;;Verb;;https://www.dwds.de/wb/eintreten;0.0;;;;;Inf
A2;einverstanden;einverstanden;;;partizipiales Adjektiv;;https://www.dwds.de/wb/einverstanden;0.0;;;Pos;;
B1;einzahlen;einzahlen;;;Verb;;https://www.dwds.de/wb/einzahlen;0.0;;;;;Inf
B1;einzel-;einzel-;;;Affix;;https://www.dwds.de/wb/einzel-;0.0;;;;;
A2;einzeln;einzeln;;;Adjektiv;;https://www.dwds.de/wb/einzeln;0.0;;;;;Inf
A2;einziehen;einziehen;;;Verb;;https://www.dwds.de/wb/einziehen;0.0;;Plur;;;Fin
B1;einzig;einzig;;;Adjektiv;;https://www.dwds.de/wb/einzig;0.0;;;Pos;;
B1;elegant;elegant;;;Adjektiv;;https://www.dwds.de/wb/elegant;0.0;;;Pos;;
B1;elektr-;elektr-;;;Affix;;https://www.dwds.de/wb/elektr-;0.0;;;;;
B1;elektrisch;elektrisch;;;Adjektiv;;https://www.dwds.de/wb/elektrisch;0.0;;;Pos;;
B1;elektro-;elektro-;;;Affix;;https://www.dwds.de/wb/elektro-;0.0;;;;;
B1;elektronisch;elektronisch;;;Adjektiv;;https://www.dwds.de/wb/elektronisch;0.0;;;Pos;;
A1;elf;elf;;;Kardinalzahlwort;;https://www.dwds.de/wb/elf;0.0;;;;;
B1;empfangen;empfangen;;;Verb;;https://www.dwds.de/wb/empfangen;0.0;;;;;Part
A1;empfehlen;empfehlen;;;Verb;;https://www.dwds.de/wb/empfehlen;0.0;;;;;Inf
BW3;empfindlich;empfindlich;;;Adverb;;;;;;Pos;;
A1;enden;enden;;;Verb;;https://www.dwds.de/wb/enden;0.0;;;;;Inf
B1;endgültig;endgültig;;;Adjektiv;;https://www.dwds.de/wb/endg%C3%BCltig;0.0;;;Pos;;
A2,BW3;endlich;endlich;;;Adverb;;https://www.dwds.de/wb/endlich;0.0;;;;;
A2;eng;eng;;;Adjektiv;;https://www.dwds.de/wb/eng;0.0;;;Pos;;
B1;entdecken;entdecken;;;Verb;;https://www.dwds.de/wb/entdecken;0.0;;;;;Inf
B1;entfernen;entfernen;;;Verb;;https://www.dwds.de/wb/entfernen;0.0;;;;;Inf
B1;entgegenkommen;entgegenkommen;;;Verb;;https://www.dwds.de/wb/entgegenkommen;0.0;;;;;Inf
B1;enthalten;enthalten;;;Verb;;https://www.dwds.de/wb/enthalten;0.0;;;;;Part
B1;entlang;entlang;;;Präposition;;https://www.dwds.de/wb/entlang;0.0;;;;;
B1;entlassen;entlassen;;;Verb;;https://www.dwds.de/wb/entlassen;0.0;;;;;Part
B1;entscheiden;entscheiden;;;Verb;;https://www.dwds.de/wb/entscheiden;0.0;;;;;Inf
B1;entschließen;entschließen;;;Verb;;https://www.dwds.de/wb/entschlie%C3%9Fen;0.0;;Plur;;;Fin
B1;entschlossen;entschlossen;;;partizipiales Adjektiv;;https://www.dwds.de/wb/entschlossen;0.0;;;;;Part
A1;entschuldigen;entschuldigen;;;Verb;;https://www.dwds.de/wb/entschuldigen;0.0;;;;;Inf
B1;entsorgen;entsorgen;;;Verb;;https://www.dwds.de/wb/entsorgen;0.0;;;;;Inf
B1;entspannen;entspannen;;;Verb;;https://www.dwds.de/wb/entspannen;0.0;;;;;Inf
B1;entstehen;entstehen;;;Verb;;https://www.dwds.de/wb/entstehen;0.0;;Plur;;;Fin
B1;enttäuschen;enttäuschen;;;Verb;;https://www.dwds.de/wb/entt%C3%A4uschen;0.0;;;;;Inf
B1;entweder;entweder;;;Konjunktion;;https://www.dwds.de/wb/entweder;0.0;;;;;
B1;entwickeln;entwickeln;;;Verb;;https://www.dwds.de/wb/entwickeln;0.0;;;;;Inf
A1,BW1;er;er;;;Personalpronomen;mask.;https://www.dwds.de/wb/er;0.0;Nom;Sing;;Prs;
B1;ereignen;ereignen;;;Verb;;https://www.dwds.de/wb/ereignen;0.0;;;;;Inf
B1;erfahren;erfahren;;;Verb;;https://www.dwds.de/wb/erfahren#1;0.0;;;;;Inf
B1;erfinden;erfinden;;;Verb;;https://www.dwds.de/wb/erfinden;0.0;;;;;Inf
B1;erfolgreich;erfolgreich;;;Adjektiv;;https://www.dwds.de/wb/erfolgreich;0.0;;;Pos;;
B1;erforderlich;erforderlich;;;Adjektiv;;https://www.dwds.de/wb/erforderlich;0.0;;;Pos;;
B1;erfordern;erfordern;;;Verb;;https://www.dwds.de/wb/erfordern;0.0;;;;;Inf
B1;erfüllen;erfüllen;;;Verb;;https://www.dwds.de/wb/erf%C3%BCllen;0.0;;Plur;;;Fin
B1;ergänzen;ergänzen;;;Verb;;https://www.dwds.de/wb/erg%C3%A4nzen;0.0;;;;;Inf
B1;erhalten;erhalten;;;Verb;;https://www.dwds.de/wb/erhalten;0.0;;Plur;;;Fin
B1;erholen;erholen;;;Verb;;https://www.dwds.de/wb/erholen;0.0;;;;;Inf
B1;erhöhen;erhöhen;;;Verb;;https://www.dwds.de/wb/erh%C3%B6hen;0.0;;;;;Inf
A2;erinnern;erinnern;;;Verb;;https://www.dwds.de/wb/erinnern;0.0;;Plur;;;Fin
B1;erkennen;erkennen;;;Verb;;https://www.dwds.de/wb/erkennen;0.0;;;;;Inf
A1;erklären;erklären;;;Verb;;https://www.dwds.de/wb/erkl%C3%A4ren;0.0;;;;;Inf
B1;erkundigen;erkundigen;;;Verb;;https://www.dwds.de/wb/erkundigen;0.0;;;;;Inf
B1;erkälten;erkäln;;;Verb;;https://www.dwds.de/wb/erk%C3%A4lten;0.0;;Plur;;;Fin
A1;erlauben;erlauben;;;Verb;;https://www.dwds.de/wb/erlauben;0.0;;Plur;;;Fin
B1;erleben;erleben;;;Verb;;https://www.dwds.de/wb/erleben;0.0;;;;;Inf
B1;erledigen;erledigen;;;Verb;;https://www.dwds.de/wb/erledigen;0.0;;Plur;;;Fin
B1;erleichtern;erleichtern;;;Verb;;https://www.dwds.de/wb/erleichtern;0.0;;;;;Inf
B1;ernst;ernst;;;Adjektiv;;https://www.dwds.de/wb/ernst;0.0;;;Pos;;
B1;ernsthaft;ernsthaft;;;Adjektiv;;https://www.dwds.de/wb/ernsthaft;0.0;;;Pos;;
B1;ernähren;ernähren;;;Verb;;https://www.dwds.de/wb/ern%C3%A4hren;0.0;;;;;Inf
A2;erreichen;erreichen;;;Verb;;https://www.dwds.de/wb/erreichen;0.0;;;;;Inf
B1,BW3;erschrecken;erschrecken;;du erschrickst, ich erschrak, Schreck;Verb;;https://www.dwds.de/wb/erschrecken#1;0.0;;;;;Inf
B1;erschöpft;erschöpfen;;;partizipiales Adjektiv;;https://www.dwds.de/wb/ersch%C3%B6pft;0.0;;Sing;;;Fin
B1;ersetzen;ersetzen;;;Verb;;https://www.dwds.de/wb/ersetzen;0.0;;;;;Inf
A2,BW1;erst;erst;;;Adverb;;https://www.dwds.de/wb/erst;0.0;;;;;
A1;erste;erster;;;Ordinalzahlwort;;https://www.dwds.de/wb/erste;0.0;Nom;Sing;Pos;;
B1;erstellen;erstellen;;;Verb;;https://www.dwds.de/wb/erstellen;0.0;;Plur;;;Fin
B1;erwachsen;erwachsen;;;partizipiales Adjektiv;;https://www.dwds.de/wb/erwachsen#2;0.0;;;;;Inf
B1;erwarten;erwarten;;;Verb;;https://www.dwds.de/wb/erwarten;0.0;;Plur;;;Fin
B1;erziehen;erziehen;;;Verb;;https://www.dwds.de/wb/erziehen;0.0;;;;;Inf
A1;erzählen;erzählen;;;Verb;;https://www.dwds.de/wb/erz%C3%A4hlen;0.0;;Plur;;;Fin
B1;eröffnen;eröffnen;;;Verb;;https://www.dwds.de/wb/er%C3%B6ffnen;0.0;;;;;Inf
A1,BW1;es;es;;;Personalpronomen;neut.;https://www.dwds.de/wb/es#1;0.0;Nom;Sing;;Prs;
A1,BW1;essen;essen;;du isst, ich aß;Verb;;https://www.dwds.de/wb/essen;0.0;;;;;Inf
B1;etwa;etwa;;;Adverb;;https://www.dwds.de/wb/etwa;0.0;;;;;
A2,BW3;etwas;etwas;;;Indefinitpronomen;neut.;https://www.dwds.de/wb/etwas;0.0;;;;Ind;
BW1;euch;euch;;;Pronomen;;;;Dat;Plur;;Prs;
A1,BW3;euer;eu;;;Possessivpronomen;;https://www.dwds.de/wb/euer#1;0.0;;;Cmp;;
BW1;eure(-);eure(-;;;Satzzeichen;;;;;;;;
A1;europäisch;europäisch;;;Adjektiv;;https://www.dwds.de/wb/europ%C3%A4isch;0.0;;;Pos;;
B1;eventuell;eventuell;;;Adjektiv;;https://www.dwds.de/wb/eventuell;0.0;;;Pos;;
B1;ewig;ewig;;;Adjektiv;;https://www.dwds.de/wb/ewig;0.0;;;Pos;;
B1;extra;extra;;;Adverb;;https://www.dwds.de/wb/extra;0.0;;;;;
B1;extrem;extrem;;;Adjektiv;;https://www.dwds.de/wb/extrem;0.0;;;Pos;;
A1,BW3;fahren;fahren;;du fährst, ich fuhr;Verb;;https://www.dwds.de/wb/fahren;0.0;;;;;Inf
B1;fair;fair;;;Adjektiv;;https://www.dwds.de/wb/fair;0.0;;;Pos;;
A2,BW1;fallen;fallen;;du fällst, ich fiel;Verb;;https://www.dwds.de/wb/fallen;0.0;;Plur;;;Fin
B1;falls;falls;;;Konjunktion;;https://www.dwds.de/wb/falls;0.0;;;;;
A1;falsch;falsch;;;Adjektiv;;https://www.dwds.de/wb/falsch;0.0;;;Pos;;
B1,BW3;fangen;fangen;;du fängst, er fängt, ich fing;Verb;;https://www.dwds.de/wb/fangen;0.0;;Plur;;;Fin
A2;fantastisch;fantastisch;;;Adjektiv;;https://www.dwds.de/wb/fantastisch;0.0;;;Pos;;
B1;farbig;farbig;;;Adjektiv;;https://www.dwds.de/wb/farbig;0.0;;;Pos;;
B1;fassen;fassen;;;Verb;;https://www.dwds.de/wb/fassen;0.0;;;;;Inf
A2;fast;fast;;;Adverb;;https://www.dwds.de/wb/fast;0.0;;;;;
A2;faul;Faul;;;Adjektiv;;https://www.dwds.de/wb/faul;0.0;;;Pos;;
B1;faulenzen;Faulenz;;;Verb;;https://www.dwds.de/wb/faulenzen;0.0;;;;;Inf
A1;fehlen;fehlen;;;Verb;;https://www.dwds.de/wb/fehlen#1;0.0;;Plur;;;Fin
A1;feiern;feiern;;;Verb;;https://www.dwds.de/wb/feiern;0.0;;Plur;;;Fin
A1;fernsehen;fernsehen;;;Verb;;https://www.dwds.de/wb/fernsehen;0.0;Nom;Sing;;;
A1;fertig;fertig;;;Adjektiv;;https://www.dwds.de/wb/fertig;0.0;;;Pos;;
B1;fest;fest;;;Adjektiv;;https://www.dwds.de/wb/fest;0.0;;;;;
B1;festhalten;festhalten;;;Verb;;https://www.dwds.de/wb/festhalten;0.0;;Plur;;;Fin
B1;festlegen;festlegen;;;Verb;;https://www.dwds.de/wb/festlegen;0.0;;;;;Inf
B1;festnehmen;Festnehm;;;Verb;;https://www.dwds.de/wb/festnehmen;0.0;;;;;Inf
B1;festsetzen;festsetzen;;;Verb;;https://www.dwds.de/wb/festsetzen;0.0;;;;;Inf
B1;feststehen;feststehen;;;Verb;;https://www.dwds.de/wb/feststehen;0.0;;;;;Inf
B1;feststellen;feststellen;;;Verb;;https://www.dwds.de/wb/feststellen;0.0;;;;;Inf
A2;fett;Fett;;;Adjektiv;;https://www.dwds.de/wb/fett;0.0;Nom;Sing;;;
B1;feucht;feucht;;;Adjektiv;;https://www.dwds.de/wb/feucht;0.0;;;Pos;;
B1;finanziell;finanziell;;;Adjektiv;;https://www.dwds.de/wb/finanziell;0.0;;;Pos;;
B1;finanzieren;finanzieren;;;Verb;;https://www.dwds.de/wb/finanzieren;0.0;;;;;Inf
A1,BW1;finden;finden;;du findest, ich fand;Verb;;https://www.dwds.de/wb/finden;0.0;;Plur;;;Fin
A2;fit;fit;;;Adjektiv;;https://www.dwds.de/wb/fit;0.0;;;Pos;;
B1;flach;flach;;;Adjektiv;;https://www.dwds.de/wb/flach;0.0;;;;;
A2,BW3;fleißig;fleißig;;Fleiß;Adjektiv;;https://www.dwds.de/wb/flei%C3%9Fig;0.0;;;Pos;;
B1;flexibel;flexibel;;;Adjektiv;;https://www.dwds.de/wb/flexibel;0.0;;;Pos;;
A1;fliegen;fliegen;;;Verb;;https://www.dwds.de/wb/fliegen;0.0;;;;;Inf
B1;fliehen;fliehen;;;Verb;;https://www.dwds.de/wb/fliehen;0.0;;;;;Inf
B1,BW1;fließen;fließen;;du fließt, ich floss;Verb;;https://www.dwds.de/wb/flie%C3%9Fen;0.0;;;;;Inf
B1;fließend;fließend;;;partizipiales Adjektiv;;https://www.dwds.de/wb/flie%C3%9Fend;0.0;;;Pos;;
BW3;flüssig;flüssig;;;Adverb;;;;;;Pos;;
BW3;flüstern;flüstern;;du flüsterst;Verb;;;;;;;;Inf
B1;folgen;folgen;;;Verb;;https://www.dwds.de/wb/folgen;0.0;;;;;Inf
B1;folgend;folgend;;;partizipiales Adjektiv;;https://www.dwds.de/wb/folgend;0.0;;;Pos;;
B1;fordern;fordern;;;Verb;;https://www.dwds.de/wb/fordern;0.0;;Plur;;;Fin
B1;fortsetzen;fortsetzen;;;Verb;;https://www.dwds.de/wb/fortsetzen;0.0;;;;;Inf
A2;fotografieren;fotografieren;;;Verb;;https://www.dwds.de/wb/fotografieren;0.0;;;;;Inf
A1;fragen;fragen;;;Verb;;https://www.dwds.de/wb/fragen;0.0;;;;;Inf
B1;frech;Frech;;;Adjektiv;;https://www.dwds.de/wb/frech;0.0;Nom;Sing;;;
A1;frei;frei;;;Adjektiv;;https://www.dwds.de/wb/frei;0.0;;;Pos;;
A2;freiwillig;freiwillig;;;Adjektiv;;https://www.dwds.de/wb/freiwillig;0.0;;;Pos;;
A1;fremd;fremd;;;Adjektiv;;https://www.dwds.de/wb/fremd;0.0;;;Pos;;
B1,BW3;fressen;fressen;;du frisst, ich fraß;Verb;;https://www.dwds.de/wb/fressen;0.0;;;;;Inf
A1;freuen;freuen;;;Verb;;https://www.dwds.de/wb/freuen;0.0;;;;;Inf
A2,BW3;freundlich;freundlich;;Freund, Freundin, Freunde;Adjektiv;;https://www.dwds.de/wb/freundlich;0.0;;;Pos;;
BW3;friedlich;friedlich;;Frieden;Adverb;;;;;;Pos;;
B1,BW3;frieren;frieren;;du frierst, ich fror;Verb;;https://www.dwds.de/wb/frieren;0.0;;Plur;;;Fin
A2;frisch;frisch;;;Adjektiv;;https://www.dwds.de/wb/frisch;0.0;;;Pos;;
A2;froh;froh;;;Adjektiv;;https://www.dwds.de/wb/froh;0.0;;;Pos;;
B1,BW3;fröhlich;fröhlich;;froh;Adjektiv;;https://www.dwds.de/wb/fr%C3%B6hlich;0.0;;;Pos;;
A2,BW3;früh;früh;;früher;Adjektiv;;https://www.dwds.de/wb/fr%C3%BCh;0.0;;;Pos;;
A1;früher;früh;;;Adjektiv;;https://www.dwds.de/wb/fr%C3%BCher;0.0;;;Cmp;;
A1;frühstücken;frühstücken;;;Verb;;https://www.dwds.de/wb/fr%C3%BChst%C3%BCcken;0.0;;Plur;;;Fin
B1;funktionieren;funktionieren;;;Verb;;https://www.dwds.de/wb/funktionieren;0.0;;Plur;;;Fin
A2;furchtbar;furchtbar;;;Adjektiv;;https://www.dwds.de/wb/furchtbar;0.0;;;Pos;;
B1;fällig;fällig;;;Adjektiv;;https://www.dwds.de/wb/f%C3%A4llig;0.0;;;Pos;;
B1;färbig;färbig;;;Adjektiv;;https://www.dwds.de/wb/f%C3%A4rbig;0.0;;;Pos;;
B1;fördern;fördern;;;Verb;;https://www.dwds.de/wb/f%C3%B6rdern;0.0;;;;;Inf
A2,BW3;fühlen;fühlen;;du fühlst;Verb;;https://www.dwds.de/wb/f%C3%BChlen;0.0;;Plur;;;Fin
B1;führen;führen;;;Verb;;https://www.dwds.de/wb/f%C3%BChren;0.0;;Plur;;;Fin
A1;fünf;fünf;;;Kardinalzahlwort;;https://www.dwds.de/wb/f%C3%BCnf;0.0;;;;;
A1;fünfzehn;fünfzehn;;;Kardinalzahlwort;;https://www.dwds.de/wb/f%C3%BCnfzehn;0.0;;;;;
A1;fünfzig;fünfzig;;;Kardinalzahlwort;;https://www.dwds.de/wb/f%C3%BCnfzig;0.0;;;;;
A1,BW1;für;für;;;Präposition;;https://www.dwds.de/wb/f%C3%BCr#1;0.0;;;;;
B1;fürchten;fürchten;;;Verb;;https://www.dwds.de/wb/f%C3%BCrchten;0.0;;Plur;;;Fin
B1,BW3;füttern;füttern;;du fütterst, Futter;Verb;;https://www.dwds.de/wb/f%C3%BCttern#1;0.0;;;;;Inf
A1;g;G;;;Symbol;;https://www.dwds.de/wb/g#2;0.0;Nom;Sing;;;
A2;ganz;ganz;;;Adjektiv;;https://www.dwds.de/wb/ganz;0.0;;;;;
BW3;ganz(-);ganz(-;;;Satzzeichen;;;;;;;;
B1;gar;gar;;;Adjektiv;;https://www.dwds.de/wb/gar#1;0.0;;;;;
B1;garantieren;garantieren;;;Verb;;https://www.dwds.de/wb/garantieren;0.0;;;;;Inf
A1;geben;geben;;;Verb;;https://www.dwds.de/wb/geben;0.0;;;;;Inf
A1;geboren;gebären;;;partizipiales Adjektiv;;https://www.dwds.de/wb/geboren;0.0;;;;;Part
B1;gebrauchen;gebrauchen;;;Verb;;https://www.dwds.de/wb/gebrauchen;0.0;;;;;Inf
B1;geeignet;eignen;;;partizipiales Adjektiv;;https://www.dwds.de/wb/geeignet;0.0;;;Pos;;
A1,BW3;gefallen;fallen;;es gefällt;Verb;;https://www.dwds.de/wb/gefallen#1;0.0;;;;;Part
A2,BW3;gefährlich;gefährlich;;Gefahr;Adjektiv;;https://www.dwds.de/wb/gef%C3%A4hrlich;0.0;;;Pos;;
A1,BW3;gegen;gegen;;;Präposition;;https://www.dwds.de/wb/gegen;0.0;;;;;
A2;gegenüber;gegenüber;;;Präposition;;https://www.dwds.de/wb/gegen%C3%BCber#1;0.0;;;;;
B1;geheim;Geheim;;;Adjektiv;;https://www.dwds.de/wb/geheim;0.0;;;Pos;;
A1,BW3;gehen;gehen;;du gehst, ich ging;Verb;;https://www.dwds.de/wb/gehen;0.0;;;;;Inf
A1;gehören;gehören;;;Verb;;https://www.dwds.de/wb/geh%C3%B6ren;0.0;;Plur;;;Fin
A1,BW3;gelb;gelb;;gelbe;Adjektiv;;https://www.dwds.de/wb/gelb;0.0;;;Pos;;
B1;gelingen;gelingen;;;Verb;;https://www.dwds.de/wb/gelingen;0.0;;;;;Inf
B1;gelten;gelten;;;Verb;;https://www.dwds.de/wb/gelten;0.0;;Plur;;;Fin
B1;gemeinsam;gemeinsam;;;Adjektiv;;https://www.dwds.de/wb/gemeinsam;0.0;;;Pos;;
B1;gemütlich;gemütlich;;;Adjektiv;;https://www.dwds.de/wb/gem%C3%BCtlich;0.0;;;Pos;;
A2;genau;genau;;;Adjektiv;;https://www.dwds.de/wb/genau;0.0;;;Pos;;
B1;genauso;genauso;;;Adverb;;https://www.dwds.de/wb/genauso;0.0;;;;;
B1;genehmigen;Genehmig;;;Verb;;https://www.dwds.de/wb/genehmigen;0.0;Nom;Plur;;;
B1;genießen;genießen;;;Verb;;https://www.dwds.de/wb/genie%C3%9Fen;0.0;;;;;Inf
A2;genug;genug;;;Indefinitpronomen;;https://www.dwds.de/wb/genug;0.0;;;;Ind;
B1;genügen;genügen;;;Verb;;https://www.dwds.de/wb/gen%C3%BCgen;0.0;;;;;Inf
A1;gerade;gerade;;;Adverb;;https://www.dwds.de/wb/gerade#2;0.0;;;;;
A1;geradeaus;Geradeaus;;;Adverb;;https://www.dwds.de/wb/geradeaus;0.0;Nom;Sing;;;
B1;gerecht;gerecht;;;Adjektiv;;https://www.dwds.de/wb/gerecht;0.0;;;Pos;;
B1;gering;gering;;;Adjektiv;;https://www.dwds.de/wb/gering;0.0;;;Pos;;
A1,BW1;gern;gern;;;Adverb;;https://www.dwds.de/wb/gern;0.0;;;;;
A1;gerne;gerne;;;Adverb;;https://www.dwds.de/wb/gerne;0.0;;;;;
B1;gesamt;samen;;;Adjektiv;;https://www.dwds.de/wb/gesamt;0.0;;;Pos;;
B1;geschehen;geschehen;;;Verb;;https://www.dwds.de/wb/geschehen;0.0;;;;;Inf
B1;geschieden;scheiden;;;partizipiales Adjektiv;;https://www.dwds.de/wb/geschieden;0.0;;;;;Part
A1;geschlossen;schließen;;;partizipiales Adjektiv;;https://www.dwds.de/wb/geschlossen;0.0;;;;;Part
B1;gespannt;gespannt;;;partizipiales Adjektiv;;https://www.dwds.de/wb/gespannt;0.0;;;Pos;;
A1,BW3;gestern;gestern;;;Adverb;;https://www.dwds.de/wb/gestern;0.0;;;;;
A2;gesund;gesund;;;Adjektiv;;https://www.dwds.de/wb/gesund;0.0;;;Pos;;
B1;getrennt;trennen;;;partizipiales Adjektiv;;https://www.dwds.de/wb/getrennt;0.0;;;;;Part
A1,BW3;gewinnen;gewinnen;;Gewinn;Verb;;https://www.dwds.de/wb/gewinnen;0.0;;;;;Inf
B1;gewohnt;wohnen;;;partizipiales Adjektiv;;https://www.dwds.de/wb/gewohnt;0.0;;;Pos;;
B1;gewöhnen;gewöhnen;;;Verb;;https://www.dwds.de/wb/gew%C3%B6hnen;0.0;;;;;Inf
B1;gewöhnlich;gewöhnlich;;;Adjektiv;;https://www.dwds.de/wb/gew%C3%B6hnlich;0.0;;;Pos;;
B1;gießen;gießen;;;Verb;;https://www.dwds.de/wb/gie%C3%9Fen;0.0;;Plur;;;Fin
B1;giftig;giftig;;;Adjektiv;;https://www.dwds.de/wb/giftig;0.0;;;Pos;;
B1,BW3;glatt;glatt;;Glätte;Adjektiv;;https://www.dwds.de/wb/glatt;0.0;;;;;
A1,BW1;glauben;glauben;;du glaubst, Glaube;Verb;;https://www.dwds.de/wb/glauben;0.0;;Plur;;;Fin
A1,BW1;gleich;gleich;;;Adjektiv;;https://www.dwds.de/wb/gleich#1;0.0;;;;;
B1;gleichberechtigt;gleichberechtigt;;;Adjektiv;;https://www.dwds.de/wb/gleichberechtigt;0.0;;;;;Part
B1;gleichfalls;gleichfalls;;;Konjunktion;;https://www.dwds.de/wb/gleichfalls;0.0;;;;;
B1;gleichzeitig;gleichzeitig;;;Adjektiv;;https://www.dwds.de/wb/gleichzeitig;0.0;;;Pos;;
A1;glücklich;glücklich;;;Adjektiv;;https://www.dwds.de/wb/gl%C3%BCcklich;0.0;;;Pos;;
BW1;graben;graben;;du gräbst, ich grub;Verb;;;;;Plur;;;Fin
A1;grade;graden;;;Adverb;;https://www.dwds.de/wb/grade#2;0.0;;Sing;;;Fin
A1;gradeaus;Gradeaus;;;Adverb;;https://www.dwds.de/wb/gradeaus;0.0;Nom;Sing;;;
B1;gratis;gratis;;;Adverb;;https://www.dwds.de/wb/gratis;0.0;;;;;
A1;gratulieren;gratulieren;;;Verb;;https://www.dwds.de/wb/gratulieren;0.0;;;;;Inf
A1,BW1;grau;grau;;;Adjektiv;;https://www.dwds.de/wb/grau;0.0;;;Pos;;
B1;greifen;greifen;;;Verb;;https://www.dwds.de/wb/greifen;0.0;;;;;Inf
A1;grillen;Grille;;;Verb;;https://www.dwds.de/wb/grillen;0.0;Nom;Plur;;;
B1;grillieren;grillieren;;;Verb;;https://www.dwds.de/wb/grillieren;0.0;;;;;Inf
A1,BW3;groß;groß;;größer, Größe;Adjektiv;;https://www.dwds.de/wb/gro%C3%9F;0.0;;;Pos;;
A1,BW1;grün;grün;;;Adjektiv;;https://www.dwds.de/wb/gr%C3%BCn;0.0;;;Pos;;
B1;gründen;gründen;;;Verb;;https://www.dwds.de/wb/gr%C3%BCnden;0.0;;;;;Inf
B1;gründlich;gründlich;;;Adjektiv;;https://www.dwds.de/wb/gr%C3%BCndlich;0.0;;;Pos;;
B1;grüßen;grüßen;;;Verb;;https://www.dwds.de/wb/gr%C3%BC%C3%9Fen;0.0;;Plur;;;Fin
B1;gucken;gucken;;;Verb;;https://www.dwds.de/wb/gucken;0.0;;;;;Inf
A1,BW1;gut;gut;;;Adjektiv;;https://www.dwds.de/wb/gut;0.0;;;Pos;;
A1;gültig;gültig;;;Adjektiv;;https://www.dwds.de/wb/g%C3%BCltig;0.0;;;Pos;;
A1;günstig;günstig;;;Adjektiv;;https://www.dwds.de/wb/g%C3%BCnstig;0.0;;;Pos;;
A1;h;h;;;Symbol;;https://www.dwds.de/wb/h#2;0.0;;;;;
A1;haben;haben;;;Verb;;https://www.dwds.de/wb/haben;0.0;;Plur;;;Fin
B1;hageln;hageln;;;Verb;;https://www.dwds.de/wb/hageln;0.0;;;;;Inf
A1;halb;halb;;;Adjektiv;;https://www.dwds.de/wb/halb;0.0;;;Pos;;
B1;halbtags;halbtags;;;Adverb;;https://www.dwds.de/wb/halbtags;0.0;;;;;
A1;hallo;Hallo;;;Interjektion;;https://www.dwds.de/wb/hallo;0.0;Nom;Sing;;;
B1;halt;halt;;;Partikel;;https://www.dwds.de/wb/halt#1;0.0;;;;;
B1;haltbar;haltbar;;;Adjektiv;;https://www.dwds.de/wb/haltbar;0.0;;;Pos;;
A1,BW3;halten;halten;;du hältst, er hält, ich hielt;Verb;;https://www.dwds.de/wb/halten;0.0;;;;;Inf
B1;handeln;handeln;;;Verb;;https://www.dwds.de/wb/handeln#1;0.0;;;;;Inf
A2,BW1;hart;hart;;härter, Härte;Adjektiv;;https://www.dwds.de/wb/hart#1;0.0;;;Pos;;
B1;hassen;hassen;;;Verb;;https://www.dwds.de/wb/hassen;0.0;;;;;Inf
B1;haupt-;haupt-;;;Affix;;https://www.dwds.de/wb/haupt-;0.0;;;;;
B1;heben;heben;;;Verb;;https://www.dwds.de/wb/heben;0.0;;;;;Inf
B1;heim;Heim;;;Adverb;;https://www.dwds.de/wb/heim;0.0;Nom;Sing;;;
B1,BW3;heimlich;heimlich;;Geheimnis;Adjektiv;;https://www.dwds.de/wb/heimlich;0.0;;;Pos;;
A1;heiraten;heiraten;;;Verb;;https://www.dwds.de/wb/heiraten;0.0;;Plur;;;Fin
B1;heizen;heizen;;;Verb;;https://www.dwds.de/wb/heizen;0.0;;;;;Inf
A2,BW3;heiß;heiß;;;Adjektiv;;https://www.dwds.de/wb/hei%C3%9F;0.0;;;Pos;;
A1,BW3;heißen;heißen;;du heißt, ich hieß;Verb;;https://www.dwds.de/wb/hei%C3%9Fen#1;0.0;;Plur;;;Fin
A1;helfen;helfen;;;Verb;;https://www.dwds.de/wb/helfen;0.0;;;;;Inf
A1,BW3;hell;hell;;;Adjektiv;;https://www.dwds.de/wb/hell;0.0;;;Pos;;
A2;her;her;;;Adverb;;https://www.dwds.de/wb/her;0.0;;;;;
A2;her-;her-;;;Affix;;https://www.dwds.de/wb/her-;0.0;;;;;
A2;heraus;heraus;;;Adverb;;https://www.dwds.de/wb/heraus;0.0;;;;;
B1;herausfinden;herausfinden;;;Verb;;https://www.dwds.de/wb/herausfinden;0.0;;Plur;;;Fin
A2;herein;herein;;;Adverb;;https://www.dwds.de/wb/herein;0.0;;;;;
B1;herein-;herein-;;;Affix;;https://www.dwds.de/wb/herein-;0.0;;;;;
A2;herstellen;herstellen;;;Verb;;https://www.dwds.de/wb/herstellen#2;0.0;;;;;Inf
B1;herunterfahren;herunterfahren;;;Verb;;https://www.dwds.de/wb/herunterfahren;0.0;;Plur;;;Fin
A2;herunterladen;herunterladen;;;Verb;;https://www.dwds.de/wb/herunterladen;0.0;;;;;Inf
A1,BW3;herzlich;herzlich;;Herz;Adjektiv;;https://www.dwds.de/wb/herzlich;0.0;;;Pos;;
A1;heut;heuen;;;Adverb;;https://www.dwds.de/wb/heut;0.0;;Sing;;;Fin
A1;heute;heute;;;Adverb;;https://www.dwds.de/wb/heute;0.0;;;;;
B1;hieher;Hieher;;;Pronominaladverb;;https://www.dwds.de/wb/hieher;0.0;;;Cmp;;
A1,BW1;hier;hier;;;Adverb;;https://www.dwds.de/wb/hier;0.0;;;;;
B1;hierher;hierher;;;Pronominaladverb;;https://www.dwds.de/wb/hierher;0.0;;;;;
A2;hin;hin;;;Adverb;;https://www.dwds.de/wb/hin;0.0;;;;;
A2;hin-;hin-;;;Affix;;https://www.dwds.de/wb/hin-;0.0;;;;;
A1;hinten;hinten;;;Adverb;;https://www.dwds.de/wb/hinten;0.0;;;;;
A2;hinter;hinter;;;Präposition;;https://www.dwds.de/wb/hinter#1;0.0;;;;;
B1;hinter-;hinter-;;;Affix;;https://www.dwds.de/wb/hinter-;0.0;;;;;
B1;hinterher;hinterher;;;Adverb;;https://www.dwds.de/wb/hinterher;0.0;;;;;
B1;hinterlassen;hinterlassen;;;Verb;;https://www.dwds.de/wb/hinterlassen;0.0;;;;;Inf
B1;hinweisen;hinweisen;;;Verb;;https://www.dwds.de/wb/hinweisen;0.0;;Plur;;;Fin
B1;historisch;historisch;;;Adjektiv;;https://www.dwds.de/wb/historisch;0.0;;;Pos;;
A1;hoch;hoch;;;Adjektiv;;https://www.dwds.de/wb/hoch;0.0;;;Pos;;
B1;hochladen;hochladen;;;Verb;;https://www.dwds.de/wb/hochladen;0.0;;;;;Inf
A2;hoffen;hoffen;;;Verb;;https://www.dwds.de/wb/hoffen;0.0;;Plur;;;Fin
A2,BW3;hoffentlich;hoffentlich;;;Adverb;;https://www.dwds.de/wb/hoffentlich;0.0;;;Pos;;
A1;holen;holen;;;Verb;;https://www.dwds.de/wb/holen;0.0;;;;;Inf
A1,BW3;hundert;hundert;;;Kardinalzahlwort;;https://www.dwds.de/wb/hundert;0.0;;;;;
B1,BW3;hungrig;hungrig;;Hunger;Adjektiv;;https://www.dwds.de/wb/hungrig;0.0;;;Pos;;
B1;hupen;hupen;;;Verb;;https://www.dwds.de/wb/hupen;0.0;Nom;Plur;;;
A2,BW1;husten;husten;;Husten;Verb;;https://www.dwds.de/wb/husten;0.0;;;;;Part
A2;hängen;hängen;;;Verb;;https://www.dwds.de/wb/h%C3%A4ngen#1;0.0;;Plur;;;Fin
A2;hässlich;hässlich;;;Adjektiv;;https://www.dwds.de/wb/h%C3%A4sslich;0.0;;;Pos;;
B1;häufig;häufig;;;Adjektiv;;https://www.dwds.de/wb/h%C3%A4ufig;0.0;;;Pos;;
B1;höchstens;höchstens;;;Adverb;;https://www.dwds.de/wb/h%C3%B6chstens;0.0;;;;;
B1,BW3;höflich;höflich;;;Adjektiv;;https://www.dwds.de/wb/h%C3%B6flich;0.0;;;Pos;;
A1,BW1;hören;hören;;du hörst, Gehör;Verb;;https://www.dwds.de/wb/h%C3%B6ren;0.0;;;;;Inf
B1,BW3;hübsch;hübsch;;;Adjektiv;;https://www.dwds.de/wb/h%C3%BCbsch;0.0;;;Pos;;
A1,BW1;ich;ich;;;Personalpronomen;;https://www.dwds.de/wb/ich;0.0;Nom;Sing;;Prs;
B1;ideal;ideal;;;Adjektiv;;https://www.dwds.de/wb/ideal;0.0;;;Pos;;
A1,BW3;ihm;ihm;;;Personalpronomen;mask.;https://www.dwds.de/wb/ihm;0.0;Dat;Sing;;Prs;
A1;ihn;ihn;;;Personalpronomen;mask.;https://www.dwds.de/wb/ihn;0.0;Acc;Sing;;Prs;
BW3;ihn(-);ihn(-;;;Substantiv;fem.;;;Nom;Sing;;;
A1;ihr;ihr;;;Personalpronomen;fem.;https://www.dwds.de/wb/ihr#1;0.0;Dat;Sing;;Prs;
BW3;ihr(-);ihr(-;;;Substantiv;neut.;;;Nom;Sing;;;
B1;illegal;illegal;;;Adjektiv;;https://www.dwds.de/wb/illegal;0.0;;;Pos;;
BW1;im;in;;;Präposition;;;;Dat;Sing;;;
A1,BW1;immer;immer;;;Adverb;;https://www.dwds.de/wb/immer;0.0;;;;;
A1,BW1;in;in;;;Präposition;;https://www.dwds.de/wb/in#1;0.0;;;;;
B1;indem;indem;;;Konjunktion;;https://www.dwds.de/wb/indem#1;0.0;;;;;
B1;individuell;individuell;;;Adjektiv;;https://www.dwds.de/wb/individuell;0.0;;;Pos;;
A2;informieren;informieren;;;Verb;;https://www.dwds.de/wb/informieren;0.0;;;;;Inf
B1;inklusive;inklusive;;;Präposition;;https://www.dwds.de/wb/inklusive#1;0.0;;;;;
B1;innen;innen;;;Adverb;;https://www.dwds.de/wb/innen;0.0;;;;;
B1;inner;inn;;;Adjektiv;;https://www.dwds.de/wb/inner;0.0;Gen;Sing;;Prs;
B1;innerhalb;innerhalb;;;Präposition;;https://www.dwds.de/wb/innerhalb#1;0.0;;;;;
A1,BW1;ins;in;;;Präposition + Artikel;neut.;https://www.dwds.de/wb/ins;0.0;Acc;Sing;;;
B1;insgesamt;insgesamt;;;Adverb;;https://www.dwds.de/wb/insgesamt;0.0;;;;;
B1;installieren;installieren;;;Verb;;https://www.dwds.de/wb/installieren;0.0;;;;;Inf
B1;integrieren;integrieren;;;Verb;;https://www.dwds.de/wb/integrieren;0.0;;;;;Inf
A2;intelligent;intelligent;;;Adjektiv;;https://www.dwds.de/wb/intelligent;0.0;;;Pos;;
B1;intensiv;intensiv;;;Adjektiv;;https://www.dwds.de/wb/intensiv;0.0;;;Pos;;
B1;interessant;interessant;;;Adjektiv;;https://www.dwds.de/wb/interessant;0.0;;;Pos;;
A2;interessieren;interessieren;;;Verb;;https://www.dwds.de/wb/interessieren;0.0;;;;;Inf
B1;interessiert;interessiert;;;partizipiales Adjektiv;;https://www.dwds.de/wb/interessiert;0.0;;;Pos;;
B1;interkulturell;interkulturell;;;Adjektiv;;https://www.dwds.de/wb/interkulturell;0.0;;;Pos;;
A1;international;international;;;Adjektiv;;https://www.dwds.de/wb/international;0.0;;;Pos;;
B1;inzwischen;inzwischen;;;Adverb;;https://www.dwds.de/wb/inzwischen;0.0;;;;;
B1;irgendein;irgendein;;;Indefinitpronomen;mask.;https://www.dwds.de/wb/irgendein;0.0;Nom;Sing;;Ind;
B1;irgendwann;irgendwann;;;Adverb;;https://www.dwds.de/wb/irgendwann;0.0;;;;;
B1;irren;irren;;;Verb;;https://www.dwds.de/wb/irren;0.0;;;;;Inf
A1,BW1;ja;ja;;;Adverb;;https://www.dwds.de/wb/ja;0.0;;;;;
B1;je;je;;;Konjunktion;;https://www.dwds.de/wb/je#2;0.0;;;;;
A1;jede;jeder;;;Indefinitpronomen;fem.;https://www.dwds.de/wb/jede;0.0;Nom;Sing;;Ind;
BW3;jede(-);Jede(-;;;Satzzeichen;;;;;;;;
A1;jeder;jeder;;;Indefinitpronomen;mask.;https://www.dwds.de/wb/jeder;0.0;Nom;Sing;;Ind;
B1;jederzeit;jederzeit;;;Adverb;;https://www.dwds.de/wb/jederzeit;0.0;;;;;
A1;jedes;jeder;;;Indefinitpronomen;neut.;https://www.dwds.de/wb/jedes;0.0;Nom;Sing;;Ind;
B1;jedes Mal;jeder;;;Adverb;;https://www.dwds.de/wb/jedes%20Mal;0.0;Nom;Sing;;Ind;
B1,BW3;jedoch;jedoch;;;Konjunktion;;https://www.dwds.de/wb/jedoch;0.0;;;;;
B1;jemals;jemals;;;Adverb;;https://www.dwds.de/wb/jemals;0.0;;;;;
A2;jemand;jemand;;;Indefinitpronomen;mask.;https://www.dwds.de/wb/jemand;0.0;Nom;Sing;;Ind;
BW3;jemand(-);Jemand(-;;;Substantiv;neut.;;;Nom;Sing;;;
A1,BW3;jetzt;jetzt;;;Adverb;;https://www.dwds.de/wb/jetzt;0.0;;;;;
B1;jeweils;jeweils;;;Adverb;;https://www.dwds.de/wb/jeweils;0.0;;;;;
A2;joggen;joggen;;;Verb;;https://www.dwds.de/wb/joggen;0.0;;;;;Inf
A1;jung;jung;;;Adjektiv;;https://www.dwds.de/wb/jung;0.0;;;Pos;;
A2;kalt;kalt;;;Adjektiv;;https://www.dwds.de/wb/kalt;0.0;;;Pos;;
A1,BW3;kaputt;kaputt;;;Adjektiv;;https://www.dwds.de/wb/kaputt;0.0;;;Pos;;
B1;kaputt machen;kaputt;;;Verb;;https://www.dwds.de/wb/kaputt%20machen;0.0;;;Pos;;
B1;kaputtgehen;kaputtgeh;;;Verb;;https://www.dwds.de/wb/kaputtgehen;0.0;;Plur;;;Fin
B1;kaputtmachen;kaputtmach;;;Verb;;https://www.dwds.de/wb/kaputtmachen;0.0;;Plur;;;Fin
A1,BW1;kaufen;kaufen;;du kaufst;Verb;;https://www.dwds.de/wb/kaufen;0.0;;;;;Inf
B1;kaum;kaum;;;Adverb;;https://www.dwds.de/wb/kaum;0.0;;;;;
A1;kein;kein;;;Indefinitpronomen;mask.;https://www.dwds.de/wb/kein;0.0;Nom;Sing;;Ind;
BW3;kein(-);kein(-;;;Satzzeichen;;;;;;;;
A1,BW1;kennen;kennen;;du kennst, ich kannte;Verb;;https://www.dwds.de/wb/kennen;0.0;;Plur;;;Fin
A1;kennen lernen;kennen;;;Verb;;https://www.dwds.de/wb/kennen%20lernen;0.0;;;;;Inf
A1;kennenlernen;kennenlernen;;;Verb;;https://www.dwds.de/wb/kennenlernen;0.0;;Plur;;;Fin
A1;kg;kg;;;Symbol;;https://www.dwds.de/wb/kg;0.0;;;;;
BW1;kicken;kicken;;du kickst;Verb;;;;;Plur;;;Fin
B1;klagen;klagen;;;Verb;;https://www.dwds.de/wb/klagen;0.0;;;;;Inf
A2;klappen;Klappe;;;Verb;;https://www.dwds.de/wb/klappen;0.0;Nom;Plur;;;
A1,BW1;klar;klar;;klären;Adjektiv;;https://www.dwds.de/wb/klar;0.0;;;Pos;;
B1;klasse;Klasse;;;Adjektiv;;https://www.dwds.de/wb/klasse;0.0;Nom;Sing;;;
B1,BW1;kleben;kleben;;du klebst;Verb;;https://www.dwds.de/wb/kleben;0.0;;;;;Inf
A1,BW1;klein;klein;;;Adjektiv;;https://www.dwds.de/wb/klein;0.0;;;Pos;;
B1,BW3;klettern;klettern;;du kletterst;Verb;;https://www.dwds.de/wb/klettern;0.0;;;;;Inf
B1;klicken;klicken;;;Verb;;https://www.dwds.de/wb/klicken;0.0;;Plur;;;Fin
B1;klingeln;klingeln;;;Verb;;https://www.dwds.de/wb/klingeln;0.0;;;;;Inf
B1;klingen;klingen;;;Verb;;https://www.dwds.de/wb/klingen;0.0;;;;;Inf
B1;klopfen;klopfen;;;Verb;;https://www.dwds.de/wb/klopfen;0.0;;;;;Inf
A2,BW3;klug;klug;;kluge;Adjektiv;;https://www.dwds.de/wb/klug;0.0;;;Pos;;
B1;klären;klären;;;Verb;;https://www.dwds.de/wb/kl%C3%A4ren;0.0;;Plur;;;Fin
A1;km;km;;;Symbol;;https://www.dwds.de/wb/km;0.0;;;;;
B1;knapp;knapp;;;Adjektiv;;https://www.dwds.de/wb/knapp;0.0;;;Pos;;
A1,BW1;kochen;kochen;;du kochst, Koch;Verb;;https://www.dwds.de/wb/kochen;0.0;;Plur;;;Fin
A2;komisch;komisch;;;Adjektiv;;https://www.dwds.de/wb/komisch;0.0;;;Pos;;
A1,BW1;kommen;kommen;;du kommst, ich kam;Verb;;https://www.dwds.de/wb/kommen;0.0;;Plur;;;Fin
B1;komplett;komplett;;;Adjektiv;;https://www.dwds.de/wb/komplett;0.0;;;Pos;;
B1;kompliziert;kompliziert;;;partizipiales Adjektiv;;https://www.dwds.de/wb/kompliziert;0.0;;;Pos;;
B1;konsumieren;konsumieren;;;Verb;;https://www.dwds.de/wb/konsumieren;0.0;;;;;Inf
A2;kontrollieren;kontrollieren;;;Verb;;https://www.dwds.de/wb/kontrollieren;0.0;;Plur;;;Fin
B1;konzentrieren;konzentrieren;;;Verb;;https://www.dwds.de/wb/konzentrieren;0.0;;;;;Inf
B1;kopieren;kopieren;;;Verb;;https://www.dwds.de/wb/kopieren;0.0;;;;;Inf
B1;korrekt;korrekt;;;Adjektiv;;https://www.dwds.de/wb/korrekt;0.0;;;Pos;;
B1;korrigieren;korrigieren;;;Verb;;https://www.dwds.de/wb/korrigieren;0.0;;;;;Inf
A1;kosten;kosten;;;Verb;;https://www.dwds.de/wb/kosten#2;0.0;;Plur;;;Fin
A2;kostenlos;kostenlos;;;Adjektiv;;https://www.dwds.de/wb/kostenlos;0.0;;;Pos;;
A1;krank;krank;;;Adjektiv;;https://www.dwds.de/wb/krank;0.0;;;Pos;;
BW3;kratzen;kratzen;;du kratzt;Verb;;;;;;;;Inf
B1;kreativ;kreativ;;;Adjektiv;;https://www.dwds.de/wb/kreativ;0.0;;;Pos;;
BW3;kriechen;kriechen;;du kriechst, ich kroch;Verb;;;;;Plur;;;Fin
A1;kriegen;kriegen;;;Verb;;https://www.dwds.de/wb/kriegen#1;0.0;;;;;Inf
B1;kritisch;kritisch;;;Adjektiv;;https://www.dwds.de/wb/kritisch;0.0;;;Pos;;
B1;kritisieren;kritisieren;;;Verb;;https://www.dwds.de/wb/kritisieren;0.0;;;;;Inf
BW3;krumm;krumm;;;Adverb;;;;;;Pos;;
B1,BW3;kräftig;kräftig;;Kraft;Adjektiv;;https://www.dwds.de/wb/kr%C3%A4ftig;0.0;;;Pos;;
A1;kulturell;kulturell;;;Adjektiv;;https://www.dwds.de/wb/kulturell;0.0;;;Pos;;
A1;kurz;kurz;;;Adjektiv;;https://www.dwds.de/wb/kurz;0.0;;;Pos;;
BW3;kämmen;kämmen;;Kamm;Verb;;;;;;;;Inf
B1,BW3;kämpfen;kämpfen;;Kampf;Verb;;https://www.dwds.de/wb/k%C3%A4mpfen;0.0;;Plur;;;Fin
A1;können;können;;;Verb;;https://www.dwds.de/wb/k%C3%B6nnen;0.0;;Plur;;;Fin
B1;körperlich;körperlich;;;Adjektiv;;https://www.dwds.de/wb/k%C3%B6rperlich;0.0;;;Pos;;
A2,BW3;kühl;kühl;;;Adjektiv;;https://www.dwds.de/wb/k%C3%BChl;0.0;;;Pos;;
A1;kümmern;kümmern;;;Verb;;https://www.dwds.de/wb/k%C3%BCmmern#1;0.0;;;;;Inf
A2;kündigen;kündigen;;;Verb;;https://www.dwds.de/wb/k%C3%BCndigen;0.0;;Plur;;;Fin
B1;künstlich;künstlich;;;Adjektiv;;https://www.dwds.de/wb/k%C3%BCnstlich;0.0;;;Pos;;
B1;kürzlich;kürzlich;;;Adjektiv;;https://www.dwds.de/wb/k%C3%BCrzlich;0.0;;;;;
B1,BW3;küssen;Küsse;;du küsst, Kuss;Verb;;https://www.dwds.de/wb/k%C3%BCssen;0.0;;Plur;;;Fin
A1,BW1;lachen;lachen;;du lachst;Verb;;https://www.dwds.de/wb/lachen;0.0;;;;;Inf
B1;landen;landen;;;Verb;;https://www.dwds.de/wb/landen;0.0;;;;;Inf
A1,BW1;lang;lang;;länger, Länge;Adjektiv;;https://www.dwds.de/wb/lang#1;0.0;;;Pos;;
A1;lange;lange;;;Adverb;;https://www.dwds.de/wb/lange;0.0;;;;;
A1,BW1;langsam;langsam;;;Adjektiv;;https://www.dwds.de/wb/langsam;0.0;;;Pos;;
B1;langweilen;langweilen;;;Verb;;https://www.dwds.de/wb/langweilen;0.0;;Plur;;;Fin
A2;langweilig;langweilig;;;Adjektiv;;https://www.dwds.de/wb/langweilig;0.0;;;Pos;;
A2,BW1;lassen;lassen;;du lässt, ich ließ;Verb;;https://www.dwds.de/wb/lassen;0.0;;;;;Inf
A1,BW1,BW3;laufen;laufen;;er läuft, du läufst, ich lief;Verb;;https://www.dwds.de/wb/laufen;0.0;;;;;Inf
A1,BW1;laut;laut;;;Adjektiv;;https://www.dwds.de/wb/laut#1;0.0;;;;;
A1,BW1;leben;leben;;du lebst;Verb;;https://www.dwds.de/wb/leben;0.0;;Plur;;;Fin
B1,BW1;lecker;lecker;;;Adjektiv;;https://www.dwds.de/wb/lecker;0.0;;;;Int;
A1;ledig;ledig;;;Adjektiv;;https://www.dwds.de/wb/ledig;0.0;;;Pos;;
A2;leer;leer;;;Adjektiv;;https://www.dwds.de/wb/leer;0.0;;;Pos;;
A1;legen;legen;;;Verb;;https://www.dwds.de/wb/legen;0.0;;Plur;;;Fin
A1,BW1;leicht;leicht;;;Adjektiv;;https://www.dwds.de/wb/leicht;0.0;;;Pos;;
B1;leiden;leiden;;;Verb;;https://www.dwds.de/wb/leiden;0.0;;;;;Inf
A1;leider;leider;;;Adverb;;https://www.dwds.de/wb/leider;0.0;;;;;
A2;leidtun;leidtun;;;Verb;;https://www.dwds.de/wb/leidtun;0.0;;;;;Inf
A2,BW3;leihen;leihen;;du leihst, ich lieh;Verb;;https://www.dwds.de/wb/leihen;0.0;;;;;Inf
A1,BW1;leise;leise;;;Adjektiv;;https://www.dwds.de/wb/leise;0.0;;;Pos;;
B1;leisten;leisten;;;Verb;;https://www.dwds.de/wb/leisten;0.0;;;;;Inf
B1;leiten;leiten;;;Verb;;https://www.dwds.de/wb/leiten;0.0;;Plur;;;Fin
BW1;lenken;lenken;;Lenker;Verb;;;;;;;;Inf
A1,BW1;lernen;lernen;;du lernst;Verb;;https://www.dwds.de/wb/lernen;0.0;;;;;Inf
A1,BW1;lesen;lesen;;du liest, ich las;Verb;;https://www.dwds.de/wb/lesen#1;0.0;;;;;Inf
A1;letzt;letzen;;;Adjektiv;;https://www.dwds.de/wb/letzt;0.0;;Sing;;;Fin
A1;lieb;leiben;;;Adjektiv;;https://www.dwds.de/wb/lieb;0.0;;Sing;;;Fin
A1,BW1;lieben;lieben;;du liebst, Liebe;Verb;;https://www.dwds.de/wb/lieben;0.0;;;;;Inf
A1;lieber;lieb;;;Komparativ;;https://www.dwds.de/wb/lieber;0.0;;;Cmp;;
A2;liefern;liefern;;;Verb;;https://www.dwds.de/wb/liefern;0.0;;;;;Inf
A1,BW1;liegen;liegen;;du liegst, ich lag;Verb;;https://www.dwds.de/wb/liegen;0.0;;Plur;;;Fin
B1;link;link;;;Adjektiv;;https://www.dwds.de/wb/link;0.0;;;Pos;;
A1,BW3;links;links;;;Adverb;;https://www.dwds.de/wb/links#1;0.0;;;;;
B1;loben;loben;;;Verb;;https://www.dwds.de/wb/loben;0.0;;;;;Inf
B1;locker;locker;;;Adjektiv;;https://www.dwds.de/wb/locker;0.0;;;;;
B1;lohnen;lohnen;;;Verb;;https://www.dwds.de/wb/lohnen;0.0;;Plur;;;Fin
B1;los;los;;;Adverb;;https://www.dwds.de/wb/los;0.0;;;;;
B1;losfahren;losfahren;;;Verb;;https://www.dwds.de/wb/losfahren;0.0;;;;;Inf
A1,BW3;lustig;lustig;;Lust;Adjektiv;;https://www.dwds.de/wb/lustig;0.0;;;Pos;;
B1;lächeln;lächeln;;;Verb;;https://www.dwds.de/wb/l%C3%A4cheln;0.0;;;;;Inf
B1;längst;längst;;;Adverb;;https://www.dwds.de/wb/l%C3%A4ngst;0.0;;;;;
B1;löschen;löschen;;;Verb;;https://www.dwds.de/wb/l%C3%B6schen#1;0.0;;;;;Inf
B1;lösen;lösen;;;Verb;;https://www.dwds.de/wb/l%C3%B6sen;0.0;;Plur;;;Fin
A2;lügen;lügen;;;Verb;;https://www.dwds.de/wb/l%C3%BCgen;0.0;;Plur;;;Fin
A1;m;m;;;Symbol;;https://www.dwds.de/wb/m#2;0.0;;;;;
A1,BW1;machen;machen;;du machst;Verb;;https://www.dwds.de/wb/machen;0.0;;;;;Inf
B1;mager;mager;;;Adjektiv;;https://www.dwds.de/wb/mager;0.0;;;Pos;;
A2;mal;mal;;;Adverb;;https://www.dwds.de/wb/mal;0.0;;;;;
A2,BW1;malen;malen;;du malst;Verb;;https://www.dwds.de/wb/malen;0.0;;;;;Inf
A1,BW1;man;man;;;Indefinitpronomen;;https://www.dwds.de/wb/man#1;0.0;Nom;Sing;;Ind;
A2;manch;mancher;;;Indefinitpronomen;;https://www.dwds.de/wb/manch;0.0;;;;Ind;
BW3;manch(-);manch(-;;;Substantiv;neut.;;;Nom;Sing;;;
A2,BW3;manchmal;manchmal;;;Adverb;;https://www.dwds.de/wb/manchmal;0.0;;;;;
B1;markieren;markieren;;;Verb;;https://www.dwds.de/wb/markieren;0.0;;;;;Inf
B1;maximal;maximal;;;Adjektiv;;https://www.dwds.de/wb/maximal;0.0;;;Pos;;
A1,BW3;mehr;mehr;;;Komparativ;;https://www.dwds.de/wb/mehr;0.0;;;;;
B1;mehrere;mehrere;;;Indefinitpronomen;;https://www.dwds.de/wb/mehrere;0.0;Nom;Plur;;Ind;
A1;mein;mein;;;Possessivpronomen;mask.;https://www.dwds.de/wb/mein#1;0.0;Nom;Sing;;Prs;
BW3;mein(-);mein(-;;;Satzzeichen;;;;;;;;
A2;meinen;meinen;;;Verb;;https://www.dwds.de/wb/meinen;0.0;;Plur;;;Fin
B1;meinetwegen;meinetwegen;;;Pronominaladverb;;https://www.dwds.de/wb/meinetwegen;0.0;;;;;
A1;meist;meist;;;Superlativ;;https://www.dwds.de/wb/meist;0.0;;;;;
A2;meistens;meistens;;;Adverb;;https://www.dwds.de/wb/meistens;0.0;;;;;
B1;melden;melden;;;Verb;;https://www.dwds.de/wb/melden;0.0;;;;;Inf
B1;menschlich;menschlich;;;Adjektiv;;https://www.dwds.de/wb/menschlich;0.0;;;Pos;;
A2;merken;merken;;;Verb;;https://www.dwds.de/wb/merken;0.0;;;;;Inf
B1;merkwürdig;merkwürdig;;;Adjektiv;;https://www.dwds.de/wb/merkw%C3%BCrdig;0.0;;;Pos;;
B1;messen;messen;;;Verb;;https://www.dwds.de/wb/messen;0.0;;;;;Inf
BW1;mich;mich;;;Pronomen;;;;Acc;Sing;;Prs;
A1;mieten;mieten;;;Verb;;https://www.dwds.de/wb/mieten;0.0;;Plur;;;Fin
B1;mild;Mild;;;Adjektiv;;https://www.dwds.de/wb/mild;0.0;Nom;Plur;;;
A2;mindestens;mindestens;;;Adverb;;https://www.dwds.de/wb/mindestens;0.0;;;;;
B1;minimal;minimal;;;Adjektiv;;https://www.dwds.de/wb/minimal;0.0;;;Pos;;
BW1;mir;mir;;;Pronomen;;;;Dat;Sing;;Prs;
B1;mischen;mischen;;;Verb;;https://www.dwds.de/wb/mischen;0.0;;;;;Inf
B1;miss-;miss-;;;Affix;;https://www.dwds.de/wb/miss-;0.0;;;;;
A1,BW1;mit;mit;;;Präposition;;https://www.dwds.de/wb/mit#1;0.0;;;;;
A1;mitbringen;mitbringen;;;Verb;;https://www.dwds.de/wb/mitbringen;0.0;;;;;Inf
B1;miteinander;miteinander;;;Adverb;;https://www.dwds.de/wb/miteinander;0.0;;;;;
A1;mitkommen;mitkommen;;;Verb;;https://www.dwds.de/wb/mitkommen;0.0;;;;;Inf
A1;mitmachen;mitmach;;;Verb;;https://www.dwds.de/wb/mitmachen;0.0;;;;;Inf
A1;mitnehmen;mitnehmen;;;Verb;;https://www.dwds.de/wb/mitnehmen;0.0;;;;;Inf
B1;mitteilen;mitteilen;;;Verb;;https://www.dwds.de/wb/mitteilen;0.0;;;;;Inf
B1;mitten;mitten;;;Adverb;;https://www.dwds.de/wb/mitten;0.0;;;;;
B1;mittler;Mittler;;;Adjektiv;;https://www.dwds.de/wb/mittler;0.0;Nom;Plur;;;
B1;mittlerweile;mittlerweile;;;Adverb;;https://www.dwds.de/wb/mittlerweile;0.0;;;;;
B1;mobil;mobil;;;Adjektiv;;https://www.dwds.de/wb/mobil;0.0;;;Pos;;
A2;modern;modern;;;Adjektiv;;https://www.dwds.de/wb/modern#1;0.0;;;Pos;;
A1,BW1;morgen;morgen;;;Adverb;;https://www.dwds.de/wb/morgen;0.0;;;;;
B1;musikalisch;musikalisch;;;Adjektiv;;https://www.dwds.de/wb/musikalisch;0.0;;;Pos;;
B1,BW3;mutig;mutig;;Mut;Adjektiv;;https://www.dwds.de/wb/mutig;0.0;;;Pos;;
A1;m²;m²;;;Symbol;fem.;https://www.dwds.de/wb/m%C2%B2;0.0;Nom;Sing;;;
A1;männlich;männlich;;;Adjektiv;;https://www.dwds.de/wb/m%C3%A4nnlich;0.0;;;Pos;;
B1;möbliert;möblieren;;;partizipiales Adjektiv;;https://www.dwds.de/wb/m%C3%B6bliert;0.0;;Sing;;;Fin
A1,BW1;mögen;mögen;;du magst, ich mochte;Verb;;https://www.dwds.de/wb/m%C3%B6gen;0.0;;Plur;;;Fin
A1;möglich;möglich;;;Adjektiv;;https://www.dwds.de/wb/m%C3%B6glich;0.0;;;Pos;;
B1;möglicherweise;möglicherweise;;;Adverb;;https://www.dwds.de/wb/m%C3%B6glicherweise;0.0;;;;;
B1;möglichst;möglichst;;;Adverb;;https://www.dwds.de/wb/m%C3%B6glichst;0.0;;;;;
A1;müde;müde;;;Adjektiv;;https://www.dwds.de/wb/m%C3%BCde;0.0;;;Pos;;
B1;mündlich;mündlich;;;Adjektiv;;https://www.dwds.de/wb/m%C3%BCndlich;0.0;;;Pos;;
A1;müssen;müssen;;;Verb;;https://www.dwds.de/wb/m%C3%BCssen;0.0;;Plur;;;Fin
A1,BW3;nach;nach;;;Präposition;;https://www.dwds.de/wb/nach#1;0.0;;;;;
B1,BW3;nachdem;nachdem;;;Konjunktion;;https://www.dwds.de/wb/nachdem;0.0;;;;;
B1;nachdenken;nachdenken;;;Verb;;https://www.dwds.de/wb/nachdenken;0.0;;;;;Inf
B1;nachher;nachher;;;Adverb;;https://www.dwds.de/wb/nachher;0.0;;;;;
B1;nachschlagen;nachschlagen;;;Verb;;https://www.dwds.de/wb/nachschlagen;0.0;;;;;Inf
B1;nah;nah;;;Adjektiv;;https://www.dwds.de/wb/nah;0.0;;;Pos;;
B1;nahe;nah;;;Adjektiv;;https://www.dwds.de/wb/nahe;0.0;;;;;
A2,BW3;nass;nass;;Nässe;Adjektiv;;https://www.dwds.de/wb/nass;0.0;;;;;
B1;national;national;;;Adjektiv;;https://www.dwds.de/wb/national;0.0;;;Pos;;
A2;natürlich;natürlich;;;Adjektiv;;https://www.dwds.de/wb/nat%C3%BCrlich;0.0;;;;;
A2;nebelig;nebelig;;;Adjektiv;;https://www.dwds.de/wb/nebelig;0.0;;;Pos;;
A2,BW3;neben;neben;;;Präposition;;https://www.dwds.de/wb/neben;0.0;;;;;
A2;nebenan;nebenan;;;Adverb;;https://www.dwds.de/wb/nebenan;0.0;;;;;
B1;nebenbei;nebenbei;;;Adverb;;https://www.dwds.de/wb/nebenbei;0.0;;;;;
A2;neblig;neblig;;;Adjektiv;;https://www.dwds.de/wb/neblig;0.0;;;Pos;;
B1;negativ;negativ;;;Adjektiv;;https://www.dwds.de/wb/negativ;0.0;;;Pos;;
A1,BW3;nehmen;nehmen;;du nimmst, ich nahm;Verb;;https://www.dwds.de/wb/nehmen;0.0;;;;;Inf
A1,BW1;nein;nein;;;Partikel;;https://www.dwds.de/wb/nein;0.0;;;;;
A2;nennen;nennen;;;Verb;;https://www.dwds.de/wb/nennen;0.0;;;;;Inf
A2;nervös;nervös;;;Adjektiv;;https://www.dwds.de/wb/nerv%C3%B6s;0.0;;;Pos;;
A2,BW3;nett;nett;;;Adjektiv;;https://www.dwds.de/wb/nett;0.0;;;Pos;;
A1,BW1;neu;neu;;;Adjektiv;;https://www.dwds.de/wb/neu;0.0;;;Pos;;
B1;neugierig;neugierig;;;Adjektiv;;https://www.dwds.de/wb/neugierig;0.0;;;Pos;;
B1;neulich;neulich;;;Adverb;;https://www.dwds.de/wb/neulich;0.0;;;;;
A1;neun;neun;;;Kardinalzahlwort;;https://www.dwds.de/wb/neun;0.0;;;;;
A1;neunzehn;neunzehn;;;Kardinalzahlwort;;https://www.dwds.de/wb/neunzehn;0.0;;;;;
A1;neunzig;neunzig;;;Kardinalzahlwort;;https://www.dwds.de/wb/neunzig;0.0;;;;;
A1,BW3;nicht;nicht;;;Adverb;;https://www.dwds.de/wb/nicht;0.0;;;;;
A1,BW3;nichts;nichts;;;Indefinitpronomen;neut.;https://www.dwds.de/wb/nichts;0.0;;;;Ind;
BW3;nicken;nicken;;du nickst;Substantiv;neut.;;;Nom;Sing;;;
A1,BW1;nie;nie;;;Adverb;;https://www.dwds.de/wb/nie;0.0;;;;;
B1;niedrig;niedrig;;;Adjektiv;;https://www.dwds.de/wb/niedrig;0.0;;;Pos;;
BW3;niemals;niemals;;;Adverb;;;;;;;;
A2;niemand;niemand;;;Indefinitpronomen;mask.;https://www.dwds.de/wb/niemand;0.0;Nom;Sing;;Ind;
BW3;niemand(-);niemand(-;;;Substantiv;fem.;;;Nom;Sing;;;
BW1;niesen;Niese;;;Verb;;;;;;;;Inf
A2;nirgends;nirgends;;;Adverb;;https://www.dwds.de/wb/nirgends;0.0;;;;;
B1;nirgendwo;nirgendwo;;;Adverb;;https://www.dwds.de/wb/nirgendwo;0.0;;;;;
A1,BW3;noch;noch;;;Adverb;;https://www.dwds.de/wb/noch#1;0.0;;;;;
B1;noch mal;noch;;;Adverb;;https://www.dwds.de/wb/noch%20mal#1;0.0;;;;;
B1;nochmal;nochmal;;;Adverb;;https://www.dwds.de/wb/nochmal#1;0.0;;;;;
B1;nochmals;nochmals;;;Adverb;;https://www.dwds.de/wb/nochmals;0.0;;;;;
A1;normal;normal;;;Adjektiv;;https://www.dwds.de/wb/normal;0.0;;;Pos;;
B1;normalerweise;normalerweise;;;Adverb;;https://www.dwds.de/wb/normalerweise;0.0;;;;;
A2;notieren;notieren;;;Verb;;https://www.dwds.de/wb/notieren;0.0;;;;;Inf
A2;notwendig;notwendig;;;Adjektiv;;https://www.dwds.de/wb/notwendig;0.0;;;Pos;;
B1,BW1;nun;nun;;;Adverb;;https://www.dwds.de/wb/nun#1;0.0;;;;;
A1,BW1;nur;nur;;;Adverb;;https://www.dwds.de/wb/nur;0.0;;;;;
B1;nutzen;nutzen;;;Verb;;https://www.dwds.de/wb/nutzen;0.0;;;;;Inf
A1;nächst;nächst;;;Superlativ;;https://www.dwds.de/wb/n%C3%A4chst;0.0;;Sing;;;Fin
A2,BW3;nächste;nächster;der;;Substantiv;;https://www.dwds.de/wb/n%C3%A4chste;0.0;Nom;Sing;Pos;;
B1;nähen;nähen;;;Verb;;https://www.dwds.de/wb/n%C3%A4hen;0.0;;Plur;;;Fin
B1;nähern;nähern;;;Verb;;https://www.dwds.de/wb/n%C3%A4hern;0.0;;;;;Inf
B1,BW3;nämlich;nämlich;;;Konjunktion;;https://www.dwds.de/wb/n%C3%A4mlich#2;0.0;;;;;
B1;nötig;nötig;;;Adjektiv;;https://www.dwds.de/wb/n%C3%B6tig;0.0;;;Pos;;
B1;nützen;nützen;;;Verb;;https://www.dwds.de/wb/n%C3%BCtzen;0.0;;;;;Inf
A2;nützlich;nützlich;;;Adjektiv;;https://www.dwds.de/wb/n%C3%BCtzlich;0.0;;;Pos;;
B1,BW1;ob;ob;;;Konjunktion;;https://www.dwds.de/wb/ob#1;0.0;;;;;
A1,BW1;oben;oben;;;Adverb;;https://www.dwds.de/wb/oben;0.0;;;;;
B1;ober-;ober-;;;Affix;;https://www.dwds.de/wb/ober-;0.0;;;;;
B1;obwohl;obwohl;;;Konjunktion;;https://www.dwds.de/wb/obwohl;0.0;;;;;
A1,BW1;oder;oder;;;Konjunktion;;https://www.dwds.de/wb/oder;0.0;;;;;
A2,BW3;offen;offen;;;Adjektiv;;https://www.dwds.de/wb/offen;0.0;;;Pos;;
B1;offenbar;offenbar;;;Adjektiv;;https://www.dwds.de/wb/offenbar;0.0;;;Pos;;
B1;offiziell;offiziell;;;Adjektiv;;https://www.dwds.de/wb/offiziell;0.0;;;Pos;;
A1,BW1;oft;oft;;;Adverb;;https://www.dwds.de/wb/oft;0.0;;;;;
A1,BW3;ohne;ohne;;;Präposition;;https://www.dwds.de/wb/ohne;0.0;;;;;
A2;online;online;;;Adverb;;https://www.dwds.de/wb/online;0.0;;;;;
B1;operieren;operieren;;;Verb;;https://www.dwds.de/wb/operieren;0.0;;;;;Inf
B1;optimistisch;optimistisch;;;Adjektiv;;https://www.dwds.de/wb/optimistisch;0.0;;;Pos;;
B1;ordentlich;ordentlich;;;Adjektiv;;https://www.dwds.de/wb/ordentlich;0.0;;;Pos;;
B1;ordnen;ordnen;;;Verb;;https://www.dwds.de/wb/ordnen;0.0;;;;;Inf
A2;organisieren;organisieren;;;Verb;;https://www.dwds.de/wb/organisieren;0.0;;;;;Inf
B1;original;Original;;;Adjektiv;;https://www.dwds.de/wb/original;0.0;;;Pos;;
A2;paar;paar;;;Indefinitpronomen;;https://www.dwds.de/wb/paar;0.0;;;;Ind;
A2,BW1;packen;packen;;du packst, Päckchen, Gepäck;Verb;;https://www.dwds.de/wb/packen;0.0;;;;;Inf
B1;parallel;parallel;;;Adjektiv;;https://www.dwds.de/wb/parallel;0.0;;;Pos;;
A2;parken;parken;;;Verb;;https://www.dwds.de/wb/parken;0.0;;Plur;;;Fin
B1;parkieren;parkieren;;;Verb;;https://www.dwds.de/wb/parkieren;0.0;;;;;Inf
A2,BW3;passen;passen;;du passt;Verb;;https://www.dwds.de/wb/passen;0.0;;Plur;;;Fin
A2;passieren;passieren;;;Verb;;https://www.dwds.de/wb/passieren#2;0.0;;;;;Inf
B1;passiv;passiv;;;Adjektiv;;https://www.dwds.de/wb/passiv;0.0;;;Pos;;
B1;pauschal;pauschal;;;Adjektiv;;https://www.dwds.de/wb/pauschal;0.0;;;Pos;;
B1;peinlich;peinlich;;;Adjektiv;;https://www.dwds.de/wb/peinlich;0.0;;;Pos;;
B1;pensionieren;pensionieren;;;Verb;;https://www.dwds.de/wb/pensionieren;0.0;;Plur;;;Fin
B1;per;per;;;Präposition;;https://www.dwds.de/wb/per;0.0;;;;;
B1;perfekt;perfekt;;;Adjektiv;;https://www.dwds.de/wb/perfekt;0.0;;;Pos;;
B1;persönlich;persönlich;;;Adjektiv;;https://www.dwds.de/wb/pers%C3%B6nlich;0.0;;;Pos;;
B1;pflanzen;pflanzen;;;Verb;;https://www.dwds.de/wb/pflanzen#1;0.0;;;;;Inf
B1;pflegen;pflegen;;;Verb;;https://www.dwds.de/wb/pflegen#1;0.0;;;;;Inf
BW3;pflücken;pflücken;;du pflückst;Verb;;;;;;;;Inf
A2;phantastisch;phantastisch;;;Adjektiv;;https://www.dwds.de/wb/phantastisch;0.0;;;Pos;;
A2;planen;planen;;;Verb;;https://www.dwds.de/wb/planen;0.0;;;;;Inf
A2,BW3;plötzlich;plötzlich;;;Adjektiv;;https://www.dwds.de/wb/pl%C3%B6tzlich;0.0;;;Pos;;
B1;politisch;politisch;;;Adjektiv;;https://www.dwds.de/wb/politisch;0.0;;;Pos;;
B1;populär;populär;;;Adjektiv;;https://www.dwds.de/wb/popul%C3%A4r;0.0;;;Pos;;
B1;positiv;positiv;;;Adjektiv;;https://www.dwds.de/wb/positiv;0.0;;;Pos;;
A2;praktisch;praktisch;;;Adjektiv;;https://www.dwds.de/wb/praktisch;0.0;;;Pos;;
A2;preiswert;preiswert;;;Adjektiv;;https://www.dwds.de/wb/preiswert;0.0;;;Pos;;
B1;prima;prima;;;Adjektiv;;https://www.dwds.de/wb/prima;0.0;;;Pos;;
A2;privat;privat;;;Adjektiv;;https://www.dwds.de/wb/privat;0.0;;;Pos;;
A2;pro;pro;;;Präposition;;https://www.dwds.de/wb/pro#1;0.0;;;;;
BW3;proben;proben;;du probst, Probe;Verb;;;;;Plur;;;Fin
A2;probieren;probieren;;;Verb;;https://www.dwds.de/wb/probieren;0.0;;Plur;;;Fin
B1;produzieren;produzieren;;;Verb;;https://www.dwds.de/wb/produzieren;0.0;;;;;Inf
B1;prost;Prost;;;Interjektion;;https://www.dwds.de/wb/prost;0.0;Nom;Sing;;;
B1;protestieren;protestieren;;;Verb;;https://www.dwds.de/wb/protestieren;0.0;;Plur;;;Fin
B1;präsentieren;präsentieren;;;Verb;;https://www.dwds.de/wb/pr%C3%A4sentieren;0.0;;;;;Inf
A2,BW3;prüfen;prüfen;;du prüfst, Prüfung;Verb;;https://www.dwds.de/wb/pr%C3%BCfen;0.0;;;;;Inf
A2;putzen;putzen;;;Verb;;https://www.dwds.de/wb/putzen;0.0;;;;;Inf
A1,BW3;pünktlich;pünktlich;;Pünktlichkeit;Adjektiv;;https://www.dwds.de/wb/p%C3%BCnktlich;0.0;;;Pos;;
A1;qm;qm;;;Symbol;mask.;https://www.dwds.de/wb/qm;0.0;Nom;Sing;;;
BW1;quaken;quaken;;er quakt;Verb;;;;;;;;Inf
B1,BW3;quer;quer;;;Adverb;;https://www.dwds.de/wb/quer;0.0;;;;;
B1;rasieren;rasieren;;;Verb;;https://www.dwds.de/wb/rasieren;0.0;;Plur;;;Fin
A2,BW1;raten;raten;;du rätst, ich riet;Verb;;https://www.dwds.de/wb/raten#1;0.0;;;;;Inf
A1;rauchen;rauchen;;;Verb;;https://www.dwds.de/wb/rauchen;0.0;;Plur;;;Fin
B1;rauf;Rauf;;;Adverb;;https://www.dwds.de/wb/rauf;0.0;;;Cmp;;
B1;rauf-;rauf-;;;Affix;;https://www.dwds.de/wb/rauf-;0.0;;;;;
A2;raus;raus;;;Adverb;;https://www.dwds.de/wb/raus;0.0;;;;;
B1;raus-;raus-;;;Affix;;https://www.dwds.de/wb/raus-;0.0;;;;;
B1;reagieren;reagieren;;;Verb;;https://www.dwds.de/wb/reagieren;0.0;;;;;Inf
B1;realisieren;realisieren;;;Verb;;https://www.dwds.de/wb/realisieren;0.0;;;;;Inf
B1;realistisch;realistisch;;;Adjektiv;;https://www.dwds.de/wb/realistisch;0.0;;;Pos;;
A2,BW1;rechnen;rechnen;;du rechnest, Rechnung;Verb;;https://www.dwds.de/wb/rechnen;0.0;;;;;Inf
A2,B1;recht;recht;;;Adjektiv;;https://www.dwds.de/wb/recht#2;0.0;;;;;
B1;rechtlich;rechtlich;;;Adjektiv;;https://www.dwds.de/wb/rechtlich;0.0;;;Pos;;
A1,BW3;rechts;rechts;;;Adverb;;https://www.dwds.de/wb/rechts#1;0.0;;;;;
B1;rechtzeitig;rechtzeitig;;;Adjektiv;;https://www.dwds.de/wb/rechtzeitig;0.0;;;Pos;;
A2,BW1;reden;reden;;du redest;Verb;;https://www.dwds.de/wb/reden;0.0;;;;;Inf
B1;reduzieren;reduzieren;;;Verb;;https://www.dwds.de/wb/reduzieren;0.0;;;;;Inf
B1;regelmäßig;regelmäßig;;;Adjektiv;;https://www.dwds.de/wb/regelm%C3%A4%C3%9Fig;0.0;;;Pos;;
B1;regeln;regeln;;;Verb;;https://www.dwds.de/wb/regeln;0.0;;;;;Inf
B1;regional;regional;;;Adjektiv;;https://www.dwds.de/wb/regional;0.0;;;Pos;;
A1;regnen;regnen;;;Verb;;https://www.dwds.de/wb/regnen;0.0;;;;;Inf
A2,BW1;reich;reich;;;Adjektiv;;https://www.dwds.de/wb/reich;0.0;;;Pos;;
B1;reichen;reichen;;;Verb;;https://www.dwds.de/wb/reichen;0.0;;Plur;;;Fin
B1;reif;reif;;;Adjektiv;;https://www.dwds.de/wb/reif;0.0;;;Pos;;
A2;rein;rein;;;Adverb;;https://www.dwds.de/wb/rein#2;0.0;;;Pos;;
B1;reinigen;reinigen;;;Verb;;https://www.dwds.de/wb/reinigen;0.0;;Plur;;;Fin
A1;reisen;reisen;;;Verb;;https://www.dwds.de/wb/reisen;0.0;;;;;Inf
A2;reiten;reiten;;;Verb;;https://www.dwds.de/wb/reiten;0.0;;Plur;;;Fin
B1;relativ;relativ;;;Adjektiv;;https://www.dwds.de/wb/relativ;0.0;;;Pos;;
B1,BW1;rennen;rennen;;du rennst, ich rannte;Verb;;https://www.dwds.de/wb/rennen;0.0;;Plur;;;Fin
A2;renovieren;renovieren;;;Verb;;https://www.dwds.de/wb/renovieren;0.0;;;;;Inf
A1;reparieren;reparieren;;;Verb;;https://www.dwds.de/wb/reparieren;0.0;;;;;Inf
A2;reservieren;reservieren;;;Verb;;https://www.dwds.de/wb/reservieren;0.0;;;;;Inf
B1,BW3;retten;retten;;du rettest, Rettung;Verb;;https://www.dwds.de/wb/retten;0.0;;Plur;;;Fin
A1;richtig;richtig;;;Adjektiv;;https://www.dwds.de/wb/richtig;0.0;;;Pos;;
A1,BW1;riechen;riechen;;du riechst, ich roch, Geruch;Verb;;https://www.dwds.de/wb/riechen;0.0;;Plur;;;Fin
B1,BW3;riesig;riesig;;Riese;Adjektiv;;https://www.dwds.de/wb/riesig;0.0;;;Pos;;
B1;roh;roh;;;Adjektiv;;https://www.dwds.de/wb/roh;0.0;;;;;
A2;romantisch;romantisch;;;Adjektiv;;https://www.dwds.de/wb/romantisch;0.0;;;Pos;;
A1,BW1;rot;rot;;;Adjektiv;;https://www.dwds.de/wb/rot;0.0;;;Pos;;
A2,BW1;rufen;rufen;;du rufst, ich rief;Verb;;https://www.dwds.de/wb/rufen;0.0;;;;;Inf
A1;ruhig;ruhig;;;Adjektiv;;https://www.dwds.de/wb/ruhig;0.0;;;Pos;;
A2,BW3;rund;rund;;runde;Adjektiv;;https://www.dwds.de/wb/rund;0.0;;;;;
B1;runterwerfen;runterwerfen;;;Verb;;https://www.dwds.de/wb/runterwerfen;0.0;;Plur;;;Fin
B1;rück-;rück-;;;Affix;;https://www.dwds.de/wb/r%C3%BCck-;0.0;;;;;
B1;rückwärts;rückwärts;;;Adverb;;https://www.dwds.de/wb/r%C3%BCckw%C3%A4rts;0.0;;;;;
A1,BW1;sagen;sagen;;du sagst;Verb;;https://www.dwds.de/wb/sagen;0.0;;Plur;;;Fin
B1;salzig;Salzig;;;Adjektiv;;https://www.dwds.de/wb/salzig;0.0;;;Pos;;
A2,BW3;sammeln;sammeln;;du sammelst, Sammlung;Verb;;https://www.dwds.de/wb/sammeln;0.0;;;;;Inf
B1,BW3;satt;satt;;;Adjektiv;;https://www.dwds.de/wb/satt;0.0;Nom;Sing;;;
A2;sauber;Sauber;;;Adjektiv;;https://www.dwds.de/wb/sauber;0.0;;;Pos;;
A2;sauer;sauer;;;Adjektiv;;https://www.dwds.de/wb/sauer;0.0;;;Pos;;
A2;schade;schade;;;Adjektiv;;https://www.dwds.de/wb/schade;0.0;;;Pos;;
B1;schaden;schaden;;;Verb;;https://www.dwds.de/wb/schaden;0.0;;;;;Inf
A2,BW3;schaffen;schaffen;;du schaffst;Verb;;https://www.dwds.de/wb/schaffen;0.0;;;;;Inf
B1;schalten;schalten;;;Verb;;https://www.dwds.de/wb/schalten#1;0.0;;Plur;;;Fin
A2,BW3;scharf;scharf;;Schärfe;Adjektiv;;https://www.dwds.de/wb/scharf;0.0;;;Pos;;
B1;schauen;schauen;;;Verb;;https://www.dwds.de/wb/schauen;0.0;;;;;Inf
B1;scheiden;scheid;;;Verb;;https://www.dwds.de/wb/scheiden;0.0;;;;;Inf
A1;scheinen;scheinen;;;Verb;;https://www.dwds.de/wb/scheinen;0.0;;Plur;;;Fin
A2,BW1;schenken;schenken;;;Verb;;https://www.dwds.de/wb/schenken;0.0;;;;;Inf
B1;schick;Schick;;;Adjektiv;;https://www.dwds.de/wb/schick;0.0;;;;;
A1,BW1;schicken;schicken;;du schickst;Verb;;https://www.dwds.de/wb/schicken#1;0.0;;;;;Inf
B1;schieben;schieben;;;Verb;;https://www.dwds.de/wb/schieben;0.0;;;;;Inf
B1;schief;schief;;;Adjektiv;;https://www.dwds.de/wb/schief;0.0;;;Pos;;
B1;schießen;schießen;;;Verb;;https://www.dwds.de/wb/schie%C3%9Fen;0.0;;Plur;;;Fin
A2;schimpfen;schimpfen;;;Verb;;https://www.dwds.de/wb/schimpfen;0.0;;;;;Inf
A1,BW1,BW3;schlafen;schlafen;;du schläfst, er schläft, ich schlief, Schlaf;Verb;;https://www.dwds.de/wb/schlafen;0.0;;;;;Inf
BW3;schlagen;schlagen;;du schlägst, er schlägt, ich schlug;Verb;;;;;Plur;;;Fin
B1;schlank;Schlank;;;Adjektiv;;https://www.dwds.de/wb/schlank;0.0;Nom;Sing;;;
A1;schlecht;schlecht;;;Adjektiv;;https://www.dwds.de/wb/schlecht;0.0;;;Pos;;
A1,BW3;schließen;schließen;;du schließt, ich schloss;Verb;;https://www.dwds.de/wb/schlie%C3%9Fen;0.0;;Plur;;;Fin
B1;schließlich;schließlich;;;Adverb;;https://www.dwds.de/wb/schlie%C3%9Flich;0.0;;;;;
A2,BW3;schlimm;schlimm;;;Adjektiv;;https://www.dwds.de/wb/schlimm;0.0;;;Pos;;
B1;schmal;schmal;;;Adjektiv;;https://www.dwds.de/wb/schmal;0.0;;;;;
A1,BW1;schmecken;schmecken;;du schmeckst, Geschmack;Verb;;https://www.dwds.de/wb/schmecken;0.0;;;;;Inf
B1;schminken;schminken;;;Verb;;https://www.dwds.de/wb/schminken;0.0;;;;;Inf
A2,BW3;schmutzig;schmutzig;;Schmutz;Adjektiv;;https://www.dwds.de/wb/schmutzig;0.0;;;Pos;;
A2,BW1;schneiden;schneiden;;du schneidest, ich schnitt;Verb;;https://www.dwds.de/wb/schneiden;0.0;;Plur;;;Fin
A2,BW3;schneien;Schneien;;es schneit;Verb;;https://www.dwds.de/wb/schneien;0.0;Nom;Sing;;;
A1,BW3;schnell;schnell;;;Adjektiv;;https://www.dwds.de/wb/schnell;0.0;;;Pos;;
A1,BW1;schon;schon;;;Adverb;;https://www.dwds.de/wb/schon;0.0;;;;;
A2;schrecklich;schrecklich;;;Adjektiv;;https://www.dwds.de/wb/schrecklich;0.0;;;Pos;;
A1,BW1;schreiben;schreiben;;du schreibst, ich schrieb;Verb;;https://www.dwds.de/wb/schreiben;0.0;;Plur;;;Fin
B1,BW3;schreien;schreien;;du schreist, ich schrie;Verb;;https://www.dwds.de/wb/schreien;0.0;;Plur;;;Fin
A2;schriftlich;schriftlich;;;Adjektiv;;https://www.dwds.de/wb/schriftlich;0.0;;;Pos;;
B1;schuld;schuld;;;Adjektiv;;https://www.dwds.de/wb/schuld;0.0;;;Pos;;
B1;schuldig;schuldig;;;Adjektiv;;https://www.dwds.de/wb/schuldig;0.0;;;Pos;;
A2;schwach;schwach;;;Adjektiv;;https://www.dwds.de/wb/schwach;0.0;;;Pos;;
A2;schwanger;schwanger;;;Adjektiv;;https://www.dwds.de/wb/schwanger;0.0;;;Pos;;
A1,BW1;schwarz;schwarz;;;Adjektiv;;https://www.dwds.de/wb/schwarz;0.0;;;Pos;;
B1;schweigen;schweigen;;;Verb;;https://www.dwds.de/wb/schweigen;0.0;;Plur;;;Fin
A1,BW1;schwer;schwer;;;Adjektiv;;https://www.dwds.de/wb/schwer;0.0;;;Pos;;
B1;schwieger-;schwieger-;;;Affix;;https://www.dwds.de/wb/schwieger-;0.0;;;;;
A2;schwierig;schwierig;;;Adjektiv;;https://www.dwds.de/wb/schwierig;0.0;;;Pos;;
A1,BW3;schwimmen;schwimmen;;du schwimmst, ich schwamm;Verb;;https://www.dwds.de/wb/schwimmen;0.0;;;;;Inf
B1,BW3;schwitzen;schwitzen;;du schwitzt;Verb;;https://www.dwds.de/wb/schwitzen;0.0;;;;;Inf
A2;schädlich;schädlich;;;Adjektiv;;https://www.dwds.de/wb/sch%C3%A4dlich;0.0;;;Pos;;
B1;schätzen;schätzen;;;Verb;;https://www.dwds.de/wb/sch%C3%A4tzen;0.0;;Plur;;;Fin
A1,BW1;schön;schön;;;Adjektiv;;https://www.dwds.de/wb/sch%C3%B6n;0.0;;;Pos;;
B1;schütteln;schütteln;;;Verb;;https://www.dwds.de/wb/sch%C3%BCtteln;0.0;;;;;Inf
B1;schützen;schützen;;;Verb;;https://www.dwds.de/wb/sch%C3%BCtzen;0.0;;;;;Inf
A1,BW1;sechs;sechs;;;Kardinalzahlwort;;https://www.dwds.de/wb/sechs;0.0;;;;;
A1;sechzehn;sechzehn;;;Kardinalzahlwort;;https://www.dwds.de/wb/sechzehn;0.0;;;;;
A1;sechzig;sechzig;;;Kardinalzahlwort;;https://www.dwds.de/wb/sechzig;0.0;;;;;
A1,BW3;sehen;sehen;;du siehst, ich sah;Verb;;https://www.dwds.de/wb/sehen;0.0;;Plur;;;Fin
A1,BW3;sehr;sehr;;;Adverb;;https://www.dwds.de/wb/sehr;0.0;;;;;
A1;sein;sein;;;Possessivpronomen;;https://www.dwds.de/wb/sein#1;0.0;;;;;Inf
BW3;sein(-);sein(--;;;Satzzeichen;;;;;;;;
A1,BW3;seit;seit;;;Präposition;;https://www.dwds.de/wb/seit;0.0;;;;;
B1;seitdem;seitdem;;;Adverb;;https://www.dwds.de/wb/seitdem;0.0;;;;;
B1;selb;selb;;;Demonstrativpronomen;;https://www.dwds.de/wb/selb;0.0;;;Pos;;
B1;selber;selber;;;Demonstrativpronomen;;https://www.dwds.de/wb/selber;0.0;;;;;
A2;selbst;selbst;;;Pronomen;;https://www.dwds.de/wb/selbst#1;0.0;;;;;
A1;selbstständig;selbstständig;;;Adjektiv;;https://www.dwds.de/wb/selbstst%C3%A4ndig;0.0;;;Pos;;
B1;selbstverständlich;selbstverständlich;;;Adjektiv;;https://www.dwds.de/wb/selbstverst%C3%A4ndlich;0.0;;;Pos;;
A1;selbständig;selbständig;;;Adjektiv;;https://www.dwds.de/wb/selbst%C3%A4ndig;0.0;;;Pos;;
B1;selten;selten;;;Adjektiv;;https://www.dwds.de/wb/selten;0.0;;;Pos;;
B1;seltsam;seltsam;;;Adjektiv;;https://www.dwds.de/wb/seltsam;0.0;;;Pos;;
B1;senden;senden;;;Verb;;https://www.dwds.de/wb/senden;0.0;;Plur;;;Fin
B1;senkrecht;senkrechen;;;Adjektiv;;https://www.dwds.de/wb/senkrecht;0.0;;;;;Part
A2;setzen;setzen;;;Verb;;https://www.dwds.de/wb/setzen;0.0;;;;;Inf
A1,BW3;sich;sich;;;Reflexivpronomen;;https://www.dwds.de/wb/sich;0.0;Acc;Sing;;Prs;
B1;sicher;sicher;;;Adjektiv;;https://www.dwds.de/wb/sicher;0.0;;;Pos;;
B1;sichern;sichern;;;Verb;;https://www.dwds.de/wb/sichern;0.0;;;;;Inf
B1;sichtbar;sichtbar;;;Adjektiv;;https://www.dwds.de/wb/sichtbar;0.0;;;Pos;;
A1,BW1;sie;sie;;;Personalpronomen;fem.;https://www.dwds.de/wb/sie;0.0;Nom;Sing;;Prs;
A1;sieben;sieben;;;Kardinalzahlwort;;https://www.dwds.de/wb/sieben#2;0.0;;;;;
A1;siebenzig;siebenzig;;;Kardinalzahlwort;;https://www.dwds.de/wb/siebenzig;0.0;;;;;
A1;siebzehn;siebzehn;;;Kardinalzahlwort;;https://www.dwds.de/wb/siebzehn;0.0;;;;;
A1;siebzig;siebzig;;;Kardinalzahlwort;;https://www.dwds.de/wb/siebzig;0.0;;;;;
B1;siegen;siegen;;;Verb;;https://www.dwds.de/wb/siegen;0.0;;Plur;;;Fin
B1;siezen;siezen;;;Verb;;https://www.dwds.de/wb/siezen;0.0;;;;;Inf
A2,BW1;singen;singen;;du singst, ich sang, Gesang;Verb;;https://www.dwds.de/wb/singen;0.0;;;;;Inf
B1,BW1;sinken;sinken;;du sinkst, ich sank;Verb;;https://www.dwds.de/wb/sinken;0.0;;;;;Inf
B1;sinnlos;sinnlos;;;Adjektiv;;https://www.dwds.de/wb/sinnlos;0.0;;;Pos;;
B1;sinnvoll;sinnvoll;;;Adjektiv;;https://www.dwds.de/wb/sinnvoll;0.0;;;Pos;;
A1,BW1;sitzen;sitzen;;du sitzt, ich saß, Sitz;Verb;;https://www.dwds.de/wb/sitzen;0.0;;Plur;;;Fin
A1,BW1;so;so;;;Adverb;;https://www.dwds.de/wb/so;0.0;;;;;
B1;so dass;so;;;Konjunktion;;https://www.dwds.de/wb/so%20dass;0.0;;;;;
B1;so genannt;so;;;Adjektiv;;https://www.dwds.de/wb/so%20genannt;0.0;;;;;
B1;so viel;so;;;Konjunktion;;https://www.dwds.de/wb/so%20viel#1;0.0;;;;;
B1;sobald;sobald;;;Konjunktion;;https://www.dwds.de/wb/sobald;0.0;;;;;
B1;sodass;sodass;;;Konjunktion;;https://www.dwds.de/wb/sodass;0.0;;;;;
A1;sofort;sofort;;;Adverb;;https://www.dwds.de/wb/sofort;0.0;;;;;
A2,BW3;sogar;sogar;;;Adverb;;https://www.dwds.de/wb/sogar;0.0;;;;;
B1;sogenannt;sogenannen;;;Adjektiv;;https://www.dwds.de/wb/sogenannt;0.0;;Sing;;;Fin
B1;solange;solange;;;Konjunktion;;https://www.dwds.de/wb/solange;0.0;;;;;
B1;solch;solch;;;Demonstrativpronomen;;https://www.dwds.de/wb/solch;0.0;;;;Ind;
BW3;solch(-);solch(-;;;Satzzeichen;;;;;;;;
A1,BW1;sollen;sollen;;du sollst, ich sollte;Verb;;https://www.dwds.de/wb/sollen;0.0;;Plur;;;Fin
B1;sonder-;sonder-;;;Affix;;https://www.dwds.de/wb/sonder-;0.0;;;;;
B1,BW3;sondern;sondern;;;Konjunktion;;https://www.dwds.de/wb/sondern#2;0.0;;;;;
A2;sonnig;Sonnig;;;Adjektiv;;https://www.dwds.de/wb/sonnig;0.0;Nom;Sing;;;
A2;sonst;sonst;;;Adverb;;https://www.dwds.de/wb/sonst;0.0;;;;;
B1;sorgen;sorgen;;;Verb;;https://www.dwds.de/wb/sorgen;0.0;;Plur;;;Fin
B1;soviel;soviel;;;Konjunktion;;https://www.dwds.de/wb/soviel#1;0.0;;;;Ind;
B1;sowieso;sowieso;;;Partikel;;https://www.dwds.de/wb/sowieso;0.0;;;;;
B1;sowohl;sowohl;;;Konjunktion;;https://www.dwds.de/wb/sowohl;0.0;;;;;
B1;sozial;sozial;;;Adjektiv;;https://www.dwds.de/wb/sozial;0.0;;;Pos;;
A2;spannend;spannend;;;partizipiales Adjektiv;;https://www.dwds.de/wb/spannend;0.0;;;Pos;;
A2,BW1;sparen;sparen;;du sparst;Verb;;https://www.dwds.de/wb/sparen;0.0;;;;;Inf
B1;sparsam;sparsam;;;Adjektiv;;https://www.dwds.de/wb/sparsam;0.0;;;Pos;;
A2;spazieren;spazieren;;;Verb;;https://www.dwds.de/wb/spazieren;0.0;;;;;Inf
B1;spazieren gehen;Spazier;;;Verb;;https://www.dwds.de/wb/spazieren%20gehen;0.0;Nom;Plur;;;
B1;spezial-;spezial-;;;Affix;;https://www.dwds.de/wb/spezial-;0.0;;;;;
B1;speziell;speziell;;;Adjektiv;;https://www.dwds.de/wb/speziell;0.0;;;Pos;;
A1;spielen;spielen;;;Verb;;https://www.dwds.de/wb/spielen;0.0;;Plur;;;Fin
B1;spitz;spitz;;;Adjektiv;;https://www.dwds.de/wb/spitz;0.0;;;Pos;;
A2,BW3;sportlich;sportlich;;Sport;Adjektiv;;https://www.dwds.de/wb/sportlich;0.0;;;Pos;;
A1,BW3;sprechen;sprechen;;du sprichst, ich sprach;Verb;;https://www.dwds.de/wb/sprechen;0.0;;Plur;;;Fin
B1,BW3;springen;springen;;du springst, ich sprang, Sprung;Verb;;https://www.dwds.de/wb/springen;0.0;;;;;Inf
BW3;spritzen;spritzen;;du spritzt, ich spritzte, Spritze;Verb;;;;;Plur;;;Fin
A1,BW3;spät;spät;;später;Adjektiv;;https://www.dwds.de/wb/sp%C3%A4t;0.0;;;Pos;;
A1;später;spät;;;Adjektiv;;https://www.dwds.de/wb/sp%C3%A4ter;0.0;;;Cmp;;
B1;spätestens;spätestens;;;Adverb;;https://www.dwds.de/wb/sp%C3%A4testens;0.0;;;;;
B1,BW1;spülen;spülen;;du spülst;Verb;;https://www.dwds.de/wb/sp%C3%BClen;0.0;;Plur;;;Fin
B1;spüren;spüren;;;Verb;;https://www.dwds.de/wb/sp%C3%BCren;0.0;;;;;Inf
A1;st;st;;;Symbol;;https://www.dwds.de/wb/st#2;0.0;;;;;
B1;stammen;stammen;;;Verb;;https://www.dwds.de/wb/stammen;0.0;;;;;Inf
A2,BW3;stark;stark;;Stärke;Adjektiv;;https://www.dwds.de/wb/stark;0.0;;;Pos;;
B1;starten;starten;;;Verb;;https://www.dwds.de/wb/starten;0.0;;Plur;;;Fin
B1;statistisch;statistisch;;;Adjektiv;;https://www.dwds.de/wb/statistisch;0.0;;;Pos;;
B1;statt;statt;;;Präposition;;https://www.dwds.de/wb/statt#2;0.0;;;;;
A2;stattfinden;stattfinden;;;Verb;;https://www.dwds.de/wb/stattfinden;0.0;;Plur;;;Fin
B1;staubsaugen;staubsaugen;;;Verb;;https://www.dwds.de/wb/staubsaugen;0.0;;Plur;;;Fin
BW1;staunen;staune;;du staunst;Verb;;;;;Plur;;;Fin
B1;stechen;stechen;;;Verb;;https://www.dwds.de/wb/stechen;0.0;;Plur;;;Fin
B1;stecken;stecken;;;Verb;;https://www.dwds.de/wb/stecken#1;0.0;;Plur;;;Fin
A1,BW3;stehen;stehen;;du stehst, ich stand;Verb;;https://www.dwds.de/wb/stehen;0.0;;Plur;;;Fin
B1;stehen bleiben;stehen;;;Verb;;https://www.dwds.de/wb/stehen%20bleiben;0.0;;Plur;;;Fin
B1;stehenbleiben;stehenbleiben;;;Verb;;https://www.dwds.de/wb/stehenbleiben;0.0;;Plur;;;Fin
B1,BW3;stehlen;stehlen;;du stiehlst, ich stahl;Verb;;https://www.dwds.de/wb/stehlen;0.0;;;;;Inf
B1;steigen;steigen;;;Verb;;https://www.dwds.de/wb/steigen;0.0;;Plur;;;Fin
B1;steil;Steil;;;Adjektiv;;https://www.dwds.de/wb/steil;0.0;;;Pos;;
A1,BW3;stellen;stellen;;du stellst;Verb;;https://www.dwds.de/wb/stellen;0.0;;Plur;;;Fin
A2;sterben;sterben;;;Verb;;https://www.dwds.de/wb/sterben;0.0;;Plur;;;Fin
B1;stilistisch;stilistisch;;;Adjektiv;;https://www.dwds.de/wb/stilistisch;0.0;;;Pos;;
B1,BW3;still;still;;;Adjektiv;;https://www.dwds.de/wb/still;0.0;;;;;
B1,BW3;stimmen;stimmen;;es stimmt;Verb;;https://www.dwds.de/wb/stimmen;0.0;;Plur;;;Fin
B1;stinken;stinken;;;Verb;;https://www.dwds.de/wb/stinken;0.0;;Plur;;;Fin
B1;stolz;stolz;;;Adjektiv;;https://www.dwds.de/wb/stolz;0.0;;;Pos;;
B1;stoppen;stoppen;;;Verb;;https://www.dwds.de/wb/stoppen;0.0;;;;;Inf
B1;strafbar;strafbar;;;Adjektiv;;https://www.dwds.de/wb/strafbar;0.0;;;Pos;;
BW3;streicheln;streicheln;;du streichelst;Verb;;;;;Plur;;;Fin
BW3;streichen;streichen;;du streichst, ich strich;Verb;;;;;;;;Inf
B1;streiken;streiken;;;Verb;;https://www.dwds.de/wb/streiken;0.0;;Plur;;;Fin
A2,BW3;streiten;streiten;;du streitest, ich stritt, Streit;Verb;;https://www.dwds.de/wb/streiten;0.0;;Plur;;;Fin
A2,BW3;streng;streng;;;Adjektiv;;https://www.dwds.de/wb/streng;0.0;;;Pos;;
A2;stressig;stressig;;;Adjektiv;;https://www.dwds.de/wb/stressig;0.0;;;Pos;;
A1;studieren;studieren;;;Verb;;https://www.dwds.de/wb/studieren;0.0;;;;;Inf
B1,BW3;stumm;stumm;;;Adjektiv;;https://www.dwds.de/wb/stumm;0.0;;;Pos;;
B1;städtisch;städtisch;;;Adjektiv;;https://www.dwds.de/wb/st%C3%A4dtisch;0.0;;;Pos;;
B1;ständig;ständig;;;Adjektiv;;https://www.dwds.de/wb/st%C3%A4ndig;0.0;;;Pos;;
A2,BW1;stören;stören;;du störst, Störung;Verb;;https://www.dwds.de/wb/st%C3%B6ren;0.0;;;;;Inf
B1;stürzen;stürzen;;;Verb;;https://www.dwds.de/wb/st%C3%BCrzen;0.0;;;;;Inf
A1,BW1;suchen;suchen;;du suchst, Suche;Verb;;https://www.dwds.de/wb/suchen;0.0;;;;;Inf
A2;super;Super;;;Adjektiv;;https://www.dwds.de/wb/super;0.0;Nom;Sing;;;
A2;surfen;surfen;;;Verb;;https://www.dwds.de/wb/surfen;0.0;;;;;Inf
A2;sympathisch;sympathisch;;;Adjektiv;;https://www.dwds.de/wb/sympathisch;0.0;;;Pos;;
B1;sämtlich;sämtlich;;;Indefinitpronomen;;https://www.dwds.de/wb/s%C3%A4mtlich;0.0;;;Pos;;
B1;süchtig;süchtig;;;Adjektiv;;https://www.dwds.de/wb/s%C3%BCchtig;0.0;;;Pos;;
A2,BW3;süß;süß;;;Adjektiv;;https://www.dwds.de/wb/s%C3%BC%C3%9F;0.0;;;Pos;;
B1;tanken;tanken;;;Verb;;https://www.dwds.de/wb/tanken;0.0;;;;;Inf
A1;tanzen;tanzen;;;Verb;;https://www.dwds.de/wb/tanzen;0.0;;;;;Inf
B1;tatsächlich;tatsächlich;;;Adjektiv;;https://www.dwds.de/wb/tats%C3%A4chlich;0.0;;;Pos;;
B1;taub;Taub;;;Adjektiv;;https://www.dwds.de/wb/taub;0.0;Nom;Sing;;;
B1;tauchen;tauchen;;;Verb;;https://www.dwds.de/wb/tauchen;0.0;;Plur;;;Fin
A2;tauschen;tauschen;;;Verb;;https://www.dwds.de/wb/tauschen;0.0;;Plur;;;Fin
A1;tausend;tausend;;;Kardinalzahlwort;;https://www.dwds.de/wb/tausend;0.0;;;;;
B1;technisch;technisch;;;Adjektiv;;https://www.dwds.de/wb/technisch;0.0;;;Pos;;
A2;teilen;teilen;;;Verb;;https://www.dwds.de/wb/teilen;0.0;;;;;Inf
A2;teilnehmen;teilnehmen;;;Verb;;https://www.dwds.de/wb/teilnehmen;0.0;;Plur;;;Fin
B1;teilweise;teilweise;;;Adverb;;https://www.dwds.de/wb/teilweise#1;0.0;;;;;
A1;telefonieren;telefonieren;;;Verb;;https://www.dwds.de/wb/telefonieren;0.0;;;;;Inf
B1;testen;testen;;;Verb;;https://www.dwds.de/wb/testen;0.0;;Plur;;;Fin
A1;teuer;teuer;;;Adjektiv;;https://www.dwds.de/wb/teuer;0.0;;;Pos;;
B1;theoretisch;theoretisch;;;Adjektiv;;https://www.dwds.de/wb/theoretisch;0.0;;;Pos;;
A2;tief;tief;;;Adjektiv;;https://www.dwds.de/wb/tief;0.0;;;Pos;;
B1;tippen;tippen;;;Verb;;https://www.dwds.de/wb/tippen#1;0.0;;;;;Inf
B1;tolerant;tolerant;;;Adjektiv;;https://www.dwds.de/wb/tolerant;0.0;;;Pos;;
A2,BW3;toll;toll;;;Adjektiv;;https://www.dwds.de/wb/toll;0.0;;;Pos;;
A1;tot;tot;;;Adjektiv;;https://www.dwds.de/wb/tot;0.0;;;Pos;;
A2;total;total;;;Adjektiv;;https://www.dwds.de/wb/total;0.0;;;Pos;;
B1;traditionell;traditionell;;;Adjektiv;;https://www.dwds.de/wb/traditionell;0.0;;;Pos;;
A2;tragen;tragen;;;Verb;;https://www.dwds.de/wb/tragen;0.0;;Plur;;;Fin
A2;trainieren;trainieren;;;Verb;;https://www.dwds.de/wb/trainieren;0.0;;;;;Inf
B1;transportieren;transportieren;;;Verb;;https://www.dwds.de/wb/transportieren;0.0;;;;;Inf
A2,BW3;traurig;traurig;;Traurigkeit;Adjektiv;;https://www.dwds.de/wb/traurig;0.0;;;Pos;;
A1,BW1;treffen;treffen;;du triffst, ich traf;Verb;;https://www.dwds.de/wb/treffen;0.0;;Plur;;;Fin
B1;treiben;treiben;;;Verb;;https://www.dwds.de/wb/treiben;0.0;;;;;Inf
B1;trennen;trennen;;;Verb;;https://www.dwds.de/wb/trennen;0.0;;Plur;;;Fin
B1;treten;treten;;;Verb;;https://www.dwds.de/wb/treten;0.0;;;;;Inf
B1,BW3;treu;treu;;;Adjektiv;;https://www.dwds.de/wb/treu;0.0;;;Pos;;
A1,BW3;trinken;trinken;;du trinkst, ich trank, Getränk;Verb;;https://www.dwds.de/wb/trinken;0.0;;;;;Inf
A2,BW3;trocken;trocken;;;Adjektiv;;https://www.dwds.de/wb/trocken;0.0;;;Pos;;
B1;trocknen;Trockn;;;Verb;;https://www.dwds.de/wb/trocknen;0.0;;Plur;;;Fin
B1;trotz;trotz;;;Präposition;;https://www.dwds.de/wb/trotz;0.0;;;;;
B1,BW3;trotzdem;trotzdem;;;Konjunktion;;https://www.dwds.de/wb/trotzdem;0.0;;;;;
A2;träumen;träumen;;;Verb;;https://www.dwds.de/wb/tr%C3%A4umen;0.0;;;;;Inf
BW3;trösten;tröst;;du tröstest, Trost;Verb;;;;;Plur;;;Fin
A1;tschüss;Tschüss;;;Interjektion;;https://www.dwds.de/wb/tsch%C3%BCss;0.0;Nom;Sing;;;
A1;tun;tun;;;Verb;;https://www.dwds.de/wb/tun;0.0;;;;;Inf
BW1;turnen;turnen;;du turnst;Verb;;;;;Plur;;;Fin
B1;twittern;twittern;;;Verb;;https://www.dwds.de/wb/twittern;0.0;;;;;
A2;typisch;typisch;;;Adjektiv;;https://www.dwds.de/wb/typisch;0.0;;;Pos;;
BW3;täglich;täglich;;Tag, Tage;Adverb;;;;;;Pos;;
B1;tödlich;tödlich;;;Adjektiv;;https://www.dwds.de/wb/t%C3%B6dlich;0.0;;;Pos;;
A1,BW1;um;um;;;Präposition;;https://www.dwds.de/wb/um#1;0.0;;;;;
B1;umarmen;umarmen;;;Verb;;https://www.dwds.de/wb/umarmen;0.0;;Plur;;;Fin
B1;umdrehen;umdreh;;;Verb;;https://www.dwds.de/wb/umdrehen;0.0;;;;;Inf
B1;umgehen;umgehen;;;Verb;;https://www.dwds.de/wb/umgehen;0.0;;Plur;;;Fin
B1;umgekehrt;umgekehrt;;;partizipiales Adjektiv;;https://www.dwds.de/wb/umgekehrt;0.0;;;Pos;;
B1;umso;umso;;;Konjunktion;;https://www.dwds.de/wb/umso;0.0;;;;;
B1;umsonst;umsonst;;;Adverb;;https://www.dwds.de/wb/umsonst;0.0;;;;;
A2;umsteigen;umsteigen;;;Verb;;https://www.dwds.de/wb/umsteigen;0.0;;;;;Part
B1;umtauschen;umtauschen;;;Verb;;https://www.dwds.de/wb/umtauschen;0.0;;;;;Inf
A1;umziehen;umziehen;;;Verb;;https://www.dwds.de/wb/umziehen;0.0;;;;;Inf
B1;un-;un-;;;Affix;;https://www.dwds.de/wb/un-;0.0;;;;;
A2;unbedingt;unbedingt;;;Adjektiv;;https://www.dwds.de/wb/unbedingt;0.0;;;;;
A1,BW1;und;und;;;Konjunktion;;https://www.dwds.de/wb/und;0.0;;;;;
B1;unentschieden;unentschieden;;;Adjektiv;;https://www.dwds.de/wb/unentschieden;0.0;;;Pos;;
B1;ungefähr;ungefähr;;;Adjektiv;;https://www.dwds.de/wb/ungef%C3%A4hr;0.0;;;Pos;;
B1;ungewöhnlich;ungewöhnlich;;;Adjektiv;;https://www.dwds.de/wb/ungew%C3%B6hnlich;0.0;;;Pos;;
B1;unglaublich;unglaublich;;;Adjektiv;;https://www.dwds.de/wb/unglaublich;0.0;;;Pos;;
B1;unheimlich;unheimlich;;;Adjektiv;;https://www.dwds.de/wb/unheimlich;0.0;;;Pos;;
BW1;uns;uns;;;Pronomen;;;;Acc;Plur;;Prs;
BW3;uns(-);uns(-;;;Substantiv;;;;Nom;Sing;;;
A1;unser;unser;;;Possessivpronomen;mask.;https://www.dwds.de/wb/unser#1;0.0;Nom;Sing;;Prs;
A1,BW1;unten;unten;;;Adverb;;https://www.dwds.de/wb/unten;0.0;;;;;
A1,BW3;unter;unter;;;Präposition;;https://www.dwds.de/wb/unter#1;0.0;;;;;
B1;unter-;unter-;;;Affix;;https://www.dwds.de/wb/unter-;0.0;;;;;
B1;unterbrechen;unterbrechen;;;Verb;;https://www.dwds.de/wb/unterbrechen;0.0;;;;;Inf
A2;unterhalten;unterhalten;;;Verb;;https://www.dwds.de/wb/unterhalten#1;0.0;;Plur;;;Fin
B1;unterlassen;unterlassen;;;Verb;;https://www.dwds.de/wb/unterlassen;0.0;;;;;Part
A2;unternehmen;Unternehmen;;;Verb;;https://www.dwds.de/wb/unternehmen;0.0;Nom;Sing;;;
B1;unterrichten;unterrichten;;;Verb;;https://www.dwds.de/wb/unterrichten;0.0;;;;;Inf
B1;untersagt;untersagen;;;partizipiales Adjektiv;;https://www.dwds.de/wb/untersagt;0.0;;;;;Part
B1;unterscheiden;unterscheiden;;;Verb;;https://www.dwds.de/wb/unterscheiden;0.0;;;;;Inf
B1;unterschiedlich;unterschiedlich;;;Adjektiv;;https://www.dwds.de/wb/unterschiedlich;0.0;;;Pos;;
A1;unterschreiben;unterschreiben;;;Verb;;https://www.dwds.de/wb/unterschreiben;0.0;;;;;Inf
B1;unterstreichen;unterstreichen;;;Verb;;https://www.dwds.de/wb/unterstreichen;0.0;;;;;Inf
B1;unterstützen;unterstützen;;;Verb;;https://www.dwds.de/wb/unterst%C3%BCtzen;0.0;;;;;Inf
A2;untersuchen;untersuchen;;;Verb;;https://www.dwds.de/wb/untersuchen;0.0;;;;;Inf
A2;unterwegs;unterwegs;;;Adverb;;https://www.dwds.de/wb/unterwegs;0.0;;;;;
B1;ursprünglich;ursprünglich;;;Adjektiv;;https://www.dwds.de/wb/urspr%C3%BCnglich;0.0;;;Pos;;
B1;vegetarisch;vegetarisch;;;Adjektiv;;https://www.dwds.de/wb/vegetarisch;0.0;;;Pos;;
A2;verabreden;verabred;;;Verb;;https://www.dwds.de/wb/verabreden;0.0;Nom;Plur;Pos;;
B1;verabschieden;verabschieden;;;Verb;;https://www.dwds.de/wb/verabschieden;0.0;;;;;Inf
B1;verantwortlich;verantwortlich;;;Adjektiv;;https://www.dwds.de/wb/verantwortlich;0.0;;;Pos;;
B1;verbessern;verbessern;;;Verb;;https://www.dwds.de/wb/verbessern;0.0;;;;;Inf
A2,BW3;verbieten;verbieten;;du verbietest, ich verbat, Verbot;Verb;;https://www.dwds.de/wb/verbieten;0.0;;Plur;;;Fin
B1;verbinden;verbinden;;;Verb;;https://www.dwds.de/wb/verbinden;0.0;;;;;Inf
A1;verboten;verbieten;;;partizipiales Adjektiv;;https://www.dwds.de/wb/verboten;0.0;;;;;Part
B1;verbrauchen;verbrauchen;;;Verb;;https://www.dwds.de/wb/verbrauchen;0.0;;;;;Inf
B1,BW3;verbrennen;verbrennen;;du verbrennst, ich verbrannte, Verbrennung;Verb;;https://www.dwds.de/wb/verbrennen;0.0;Nom;Plur;;;
B1;verbringen;verbringen;;;Verb;;https://www.dwds.de/wb/verbringen;0.0;;;;;Inf
A1;verdienen;verdienen;;;Verb;;https://www.dwds.de/wb/verdienen;0.0;;;;;Inf
B1;verdächtig;verdächtig;;;Adjektiv;;https://www.dwds.de/wb/verd%C3%A4chtig;0.0;;;Pos;;
A2;vereinbaren;vereinbaren;;;Verb;;https://www.dwds.de/wb/vereinbaren;0.0;;Plur;;;Fin
B1;vergeblich;vergeblich;;;Adjektiv;;https://www.dwds.de/wb/vergeblich;0.0;;;Pos;;
A2;vergessen;vergessen;;;Verb;;https://www.dwds.de/wb/vergessen;0.0;;;;;Part
A2,BW3;vergleichen;vergleichen;;du verkaufst, Verkäufer, Verkäuferin;Verb;;https://www.dwds.de/wb/vergleichen;0.0;;;;;Inf
B1;vergnügen;vergnügen;;;Verb;;https://www.dwds.de/wb/vergn%C3%BCgen;0.0;;;;;Part
B1;vergnügt;vergnügen;;;partizipiales Adjektiv;;https://www.dwds.de/wb/vergn%C3%BCgt;0.0;;;;;Part
B1;vergrößern;vergrößern;;;Verb;;https://www.dwds.de/wb/vergr%C3%B6%C3%9Fern;0.0;Nom;Sing;;;
B1;verhaften;verhaften;;;Verb;;https://www.dwds.de/wb/verhaften;0.0;;;;;Inf
B1;verhalten;verhalten;;;Verb;;https://www.dwds.de/wb/verhalten#1;0.0;;Plur;;;Fin
A1;verheiratet;verheiraten;;;partizipiales Adjektiv;;https://www.dwds.de/wb/verheiratet;0.0;;Sing;;;Fin
B1;verhindern;verhindern;;;Verb;;https://www.dwds.de/wb/verhindern;0.0;;;;;Inf
A1,BW3;verkaufen;verkaufen;;du verkleidest, Verkleidung;Verb;;https://www.dwds.de/wb/verkaufen;0.0;;;;;Inf
BW3;verkleiden;verkleiden;;du verletzt, ich verletzte, Verletzung;Verb;;;;;Plur;;;Fin
B1;verlangen;verlangen;;;Verb;;https://www.dwds.de/wb/verlangen;0.0;;Plur;;;Fin
B1;verlassen;verlassen;;;Verb;;https://www.dwds.de/wb/verlassen#1;0.0;;;;;Inf
B1;verlaufen;verlaufen;;;Verb;;https://www.dwds.de/wb/verlaufen;0.0;;;;;Part
A2,BW3;verletzen;verletzen;;du verlierst, ich verlor;Verb;;https://www.dwds.de/wb/verletzen;0.0;;Plur;;;Fin
A2;verlieben;verlieben;;;Verb;;https://www.dwds.de/wb/verlieben;0.0;;;;;Inf
B1;verliebt;verlieben;;;partizipiales Adjektiv;;https://www.dwds.de/wb/verliebt;0.0;;;;;Part
A2,BW3;verlieren;verlieren;;du verpackst, Verpackung;Verb;;https://www.dwds.de/wb/verlieren;0.0;;Plur;;;Fin
B1;verlängern;verlängern;;;Verb;;https://www.dwds.de/wb/verl%C3%A4ngern;0.0;;;;;Inf
B1;vermeiden;vermeiden;;;Verb;;https://www.dwds.de/wb/vermeiden;0.0;;;;;Inf
A1;vermieten;vermieten;;;Verb;;https://www.dwds.de/wb/vermieten;0.0;;;;;Inf
B1;vermissen;vermissen;;;Verb;;https://www.dwds.de/wb/vermissen;0.0;;;;;Inf
B1;vermuten;vermuten;;;Verb;;https://www.dwds.de/wb/vermuten;0.0;;Plur;;;Fin
B1;vermutlich;vermutlich;;;Adjektiv;;https://www.dwds.de/wb/vermutlich;0.0;;;;;
B1;vernünftig;vernünftig;;;Adjektiv;;https://www.dwds.de/wb/vern%C3%BCnftig;0.0;;;Pos;;
B1,BW3;verpacken;verpacken;;du verrätst, ich verriet;Verb;;https://www.dwds.de/wb/verpacken;0.0;;;;;Inf
A2;verpassen;verpassen;;;Verb;;https://www.dwds.de/wb/verpassen;0.0;;;;;Inf
B1;verpflegen;verpflegen;;;Verb;;https://www.dwds.de/wb/verpflegen;0.0;;Plur;;;Fin
B1;verpflichten;verpflichten;;;Verb;;https://www.dwds.de/wb/verpflichten;0.0;;;;;Inf
B1,BW3;verraten;verran;;du verschwindest,;Verb;;https://www.dwds.de/wb/verraten;0.0;;Plur;;;Fin
A2;verreisen;verreisen;;;Verb;;https://www.dwds.de/wb/verreisen;0.0;;;;;Part
B1;verrückt;verrückt;;;partizipiales Adjektiv;;https://www.dwds.de/wb/verr%C3%BCckt;0.0;;;Pos;;
A2;verschieben;verschieben;;;Verb;;https://www.dwds.de/wb/verschieben;0.0;;;;;Inf
A2;verschieden;verschieden;;;Adjektiv;;https://www.dwds.de/wb/verschieden;0.0;;;Pos;;
B1;verschmutzen;verschmutzen;;;Verb;;https://www.dwds.de/wb/verschmutzen;0.0;;;;;Inf
B1;verschreiben;verschreiben;;;Verb;;https://www.dwds.de/wb/verschreiben;0.0;;;;;Inf
B1,BW3;verschwinden;verschwinden;;ich verschwand;Verb;;https://www.dwds.de/wb/verschwinden;0.0;;Plur;;;Fin
B1;versichern;versichern;;;Verb;;https://www.dwds.de/wb/versichern;0.0;;;;;Inf
B1;versprechen;versprechen;;;Verb;;https://www.dwds.de/wb/versprechen;0.0;;;;;Inf
B1,BW3;verstecken;verstecken;;du versteckst, Versteck;Verb;;https://www.dwds.de/wb/verstecken;0.0;;;;;Inf
A1,BW3;verstehen;verstehen;;du verstehst, ich verstand;Verb;;https://www.dwds.de/wb/verstehen#1;0.0;;;;;Inf
B1;verständlich;verständlich;;;Adjektiv;;https://www.dwds.de/wb/verst%C3%A4ndlich;0.0;;;Pos;;
A2,BW3;versuchen;versuchen;;du versuchst, Versuch;Verb;;https://www.dwds.de/wb/versuchen;0.0;;;;;Inf
B1;versäumen;versäumen;;;Verb;;https://www.dwds.de/wb/vers%C3%A4umen;0.0;;;;;Inf
B1;verteilen;verteilen;;;Verb;;https://www.dwds.de/wb/verteilen;0.0;;;;;Inf
B1,BW3;vertrauen;vertrauen;;du vertraust, Vertrauen;Verb;;https://www.dwds.de/wb/vertrauen;0.0;;;;;Inf
B1;vertreten;vertreten;;;Verb;;https://www.dwds.de/wb/vertreten;0.0;;;;;Part
B1;verursachen;verursachen;;;Verb;;https://www.dwds.de/wb/verursachen;0.0;;;;;Inf
B1;verurteilen;verurteilen;;;Verb;;https://www.dwds.de/wb/verurteilen;0.0;;Plur;;;Fin
B1;verwandt;verwandt;;;Adjektiv;;https://www.dwds.de/wb/verwandt;0.0;;;Pos;;
B1;verwechseln;verwechseln;;;Verb;;https://www.dwds.de/wb/verwechseln;0.0;;Plur;;;Fin
B1;verwenden;verwenden;;;Verb;;https://www.dwds.de/wb/verwenden;0.0;;;;;Inf
B1;verzeihen;verzeihen;;;Verb;;https://www.dwds.de/wb/verzeihen;0.0;;;;;Part
B1;verzichten;verzichten;;;Verb;;https://www.dwds.de/wb/verzichten;0.0;;;;;Inf
B1;verändern;verändern;;;Verb;;https://www.dwds.de/wb/ver%C3%A4ndern;0.0;;;;;Inf
B1;veröffentlichen;veröffentlichen;;;Verb;;https://www.dwds.de/wb/ver%C3%B6ffentlichen;0.0;;Plur;;;Fin
A1;viel;viel;;;Adjektiv;;https://www.dwds.de/wb/viel;0.0;;;;Ind;
BW1;viel(-);viel(-;;;Substantiv;fem.;;;Nom;Sing;;;
A1,BW3;vielleicht;vielleicht;;;Adverb;;https://www.dwds.de/wb/vielleicht;0.0;;;;;
A1,BW1;vier;vier;;;Kardinalzahlwort;;https://www.dwds.de/wb/vier;0.0;;;;;
A1;vierte;vierter;;;Ordinalzahlwort;;https://www.dwds.de/wb/vierte;0.0;Nom;Sing;Pos;;
A1;vierzehn;vierzehn;;;Kardinalzahlwort;;https://www.dwds.de/wb/vierzehn;0.0;;;;;
A1;vierzig;vierzig;;;Kardinalzahlwort;;https://www.dwds.de/wb/vierzig;0.0;;;;;
B1;virtuell;virtuell;;;Adjektiv;;https://www.dwds.de/wb/virtuell;0.0;;;Pos;;
A2,BW3;voll;voll;;;Adjektiv;;https://www.dwds.de/wb/voll;0.0;;;Pos;;
BW1;vom;von;;;Präposition;;;;Dat;Sing;;;
A1,BW1;von;von;;;Präposition;;https://www.dwds.de/wb/von#1;0.0;;;;;
B1;voneinander;voneinander;;;Adverb;;https://www.dwds.de/wb/voneinander;0.0;;;;;
A1,BW1;vor;vor;;;Präposition;;https://www.dwds.de/wb/vor#1;0.0;;;;;
B1;vor allem;vor allem;;;Mehrwortausdruck;;https://www.dwds.de/wb/vor%20allem;0.0;;;;;
B1;voraus;voraus;;;Adverb;;https://www.dwds.de/wb/voraus;0.0;;;;;
B1;voraussichtlich;voraussichtlich;;;Adjektiv;;https://www.dwds.de/wb/voraussichtlich;0.0;;;Pos;;
A2,BW3;vorbei;vorbei;;;Adverb;;https://www.dwds.de/wb/vorbei;0.0;;;;;
B1;vorbei-;vorbei-;;;Affix;;https://www.dwds.de/wb/vorbei-;0.0;;;;;
A2;vorbereiten;vorbereiten;;;Verb;;https://www.dwds.de/wb/vorbereiten;0.0;;;;;Inf
B1;vorder;Vorder;;;Adjektiv;;https://www.dwds.de/wb/vorder;0.0;Dat;Plur;;Ind;
BW3;vorfahren;vorfahren;;du fährst vor, ich fuhr vor, Vorfahrt;Verb;;;;;;;;Inf
A2;vorgestern;vorgestern;;;Adverb;;https://www.dwds.de/wb/vorgestern;0.0;;;;;
B1;vorhaben;vorhaben;;;Verb;;https://www.dwds.de/wb/vorhaben;0.0;;;;;Inf
A2,BW3;vorher;vorher;;;Adverb;;https://www.dwds.de/wb/vorher;0.0;;;;;
B1;vorhin;vorhin;;;Adverb;;https://www.dwds.de/wb/vorhin;0.0;;;;;
B1,BW3;vorkommen;vorkommen;;du kommst vor, ich kam vor;Verb;;https://www.dwds.de/wb/vorkommen;0.0;;;;;Inf
B1,BW3;vorlesen;vorlesen;;du liest vor, ich las vor;Verb;;https://www.dwds.de/wb/vorlesen;0.0;;;;;Inf
B1;vorläufig;vorläufig;;;Adjektiv;;https://www.dwds.de/wb/vorl%C3%A4ufig;0.0;;;Pos;;
A2;vorn;vorn;;;Adverb;;https://www.dwds.de/wb/vorn;0.0;;;;;
A2,BW3;vorne;vorne;;;Adverb;;https://www.dwds.de/wb/vorne;0.0;;;;;
BW3;vornehmen;vornehmen;;du nimmst vor, ich nahm vor;Verb;;;;;;;;Inf
B1,BW3;vorschlagen;vorschlagen;;du schlägst vor, ich schlug vor, Vorschlag;Verb;;https://www.dwds.de/wb/vorschlagen;0.0;;;;;Inf
BW3;vorschreiben;vorschreiben;;du schreibst vor, ich schrieb vor;Verb;;;;;;;;Inf
BW3;vorsichtig;vorsichtig;;Vorsicht;Adverb;;;;;;Pos;;
A1;vorstellen;vorstellen;;;Verb;;https://www.dwds.de/wb/vorstellen;0.0;;;;;Inf
BW3;vortragen;vortragen;;du trägst vor, ich trug vor, Vortrag;Verb;;;;;;;;Inf
A2;vorwärts;vorwärts;;;Adverb;;https://www.dwds.de/wb/vorw%C3%A4rts;0.0;;;;;
B1;völlig;völlig;;;Adjektiv;;https://www.dwds.de/wb/v%C3%B6llig;0.0;;;Pos;;
B1;waagerecht;waagerechen;;;Adjektiv;;https://www.dwds.de/wb/waagerecht;0.0;;Sing;;;Fin
B1;waagrecht;waagrecht;;;Adjektiv;;https://www.dwds.de/wb/waagrecht;0.0;;Sing;;;Fin
A2;wach;Wach;;;Adjektiv;;https://www.dwds.de/wb/wach;0.0;;;Pos;;
B1,BW1;wachsen;wachsen;;du wächst, ich wuchs;Verb;;https://www.dwds.de/wb/wachsen#1;0.0;;Plur;;;Fin
B1;wahnsinnig;wahnsinnig;;;Adjektiv;;https://www.dwds.de/wb/wahnsinnig;0.0;;;Pos;;
A2,BW3;wahr;wahr;;Wahrheit;Adjektiv;;https://www.dwds.de/wb/wahr;0.0;;;Pos;;
A2;wahrscheinlich;wahrscheinlich;;;Adjektiv;;https://www.dwds.de/wb/wahrscheinlich;0.0;;;Pos;;
A1;wandern;wandern;;;Verb;;https://www.dwds.de/wb/wandern;0.0;;Plur;;;Fin
A1,BW1;wann;Wann;;;Adverb;;https://www.dwds.de/wb/wann;0.0;;;;Int;
A2,BW1;warm;warm;;wärmer, Wärme;Adjektiv;;https://www.dwds.de/wb/warm;0.0;;;Pos;;
B1;warnen;warnen;;;Verb;;https://www.dwds.de/wb/warnen;0.0;;Plur;;;Fin
A1,BW1;warten;warten;;du wartest;Verb;;https://www.dwds.de/wb/warten#1;0.0;;;;;Inf
A1,BW1;warum;warum;;;Adverb;;https://www.dwds.de/wb/warum;0.0;;;;Int;
A1,BW1;was;was;;;Pronomen;neut.;https://www.dwds.de/wb/was#1;0.0;Acc;Sing;;Int;
A1;was für ein;was für ein;;;Mehrwortausdruck;;https://www.dwds.de/wb/was%20f%C3%BCr%20ein;0.0;Nom;Sing;;Int;
A1;was für eine;was für eine;;;Mehrwortausdruck;;https://www.dwds.de/wb/was%20f%C3%BCr%20eine;0.0;Nom;Sing;;Int;
A1;waschen;waschen;;;Verb;;https://www.dwds.de/wb/waschen;0.0;;;;;Inf
A2;wechseln;wechseln;;;Verb;;https://www.dwds.de/wb/wechseln;0.0;;Plur;;;Fin
A2;wecken;wecken;;;Verb;;https://www.dwds.de/wb/wecken;0.0;;;;;Inf
B1;weder;weder;;;Konjunktion;;https://www.dwds.de/wb/weder;0.0;;;;;
A2,BW3;weg;Weg;;;Adverb;;https://www.dwds.de/wb/weg;0.0;;;;;
A1;weg sein;Weg;;;Verb;;https://www.dwds.de/wb/weg%20sein;0.0;;;;;
B1;weg-;weg-;;;Affix;;https://www.dwds.de/wb/weg-;0.0;;;;;
A2,BW3;wegen;wegen;;;Präposition;;https://www.dwds.de/wb/wegen;0.0;;;;;
A1;weh tun;weh;;;Verb;;https://www.dwds.de/wb/weh%20tun;0.0;;;;;
A1;wehtun;wehtun;;;Verb;;https://www.dwds.de/wb/wehtun;0.0;;;;;
A1;weiblich;weiblich;;;Adjektiv;;https://www.dwds.de/wb/weiblich;0.0;;;Pos;;
A2,BW1;weich;weich;;;Adjektiv;;https://www.dwds.de/wb/weich;0.0;;;Pos;;
B1;weigern;weigern;;;Verb;;https://www.dwds.de/wb/weigern;0.0;Nom;Sing;;;
A2,BW3;weil;weil;;;Konjunktion;;https://www.dwds.de/wb/weil;0.0;;;;;
A2,BW1;weinen;weinen;;du weinst;Verb;;https://www.dwds.de/wb/weinen;0.0;;;;;Inf
A1;weit;weit;;;Adjektiv;;https://www.dwds.de/wb/weit;0.0;;;Pos;;
B1,BW1;weiter;weiter;;;Adjektiv;;https://www.dwds.de/wb/weiter;0.0;;;;;
A1;weiter-;weiter-;;;Affix;;https://www.dwds.de/wb/weiter-;0.0;;;;;
A1,BW1;weiß;wissen;;;Adjektiv;;https://www.dwds.de/wb/wei%C3%9F;0.0;;Sing;;;Fin
A1;welche;welcher;;;Interrogativpronomen;fem.;https://www.dwds.de/wb/welche#1;0.0;Nom;Sing;;Dem;
BW3;welche(-);welche(-;;;Satzzeichen;;;;;;;;
A1;welcher;welcher;;;Interrogativpronomen;mask.;https://www.dwds.de/wb/welcher#1;0.0;Nom;Sing;;Int;
A1;welches;welcher;;;Interrogativpronomen;neut.;https://www.dwds.de/wb/welches#1;0.0;Acc;Sing;;Int;
B1;weltenweit;Weltenweit;;;Adjektiv;;https://www.dwds.de/wb/weltenweit;0.0;Nom;Sing;;;
B1;weltweit;weltweit;;;Adjektiv;;https://www.dwds.de/wb/weltweit;0.0;;;Pos;;
BW1;wem;wem;;;Pronomen;mask.;;;Dat;Sing;;Int;
BW1;wen;wen;;;Pronomen;mask.;;;Acc;Sing;;Int;
B1;wenden;wenden;;;Verb;;https://www.dwds.de/wb/wenden;0.0;;;;;Inf
A1;wenig;wenig;;;Adjektiv;;https://www.dwds.de/wb/wenig;0.0;;;;Ind;
BW3;wenig(-);wenig(-;;;Satzzeichen;;;;;;;;
A2;wenigstens;wenigstens;;;Adverb;;https://www.dwds.de/wb/wenigstens;0.0;;;;;
A2,BW3;wenn;wenn;;;Konjunktion;;https://www.dwds.de/wb/wenn;0.0;;;;;
A1,BW1;wer;wer;;;Pronomen;mask.;https://www.dwds.de/wb/wer;0.0;Nom;Sing;;Int;
A1,BW3;werden;werden;;du wirst, ich wurde;Verb;;https://www.dwds.de/wb/werden;0.0;;Plur;;;Fin
B1,BW1;werfen;werfen;;du wirfst, ich warf, Wurf;Verb;;https://www.dwds.de/wb/werfen;0.0;;;;;Inf
B1;wert;wert;;;Adjektiv;;https://www.dwds.de/wb/wert;0.0;;;Pos;;
B1;wertlos;wertlos;;;Adjektiv;;https://www.dwds.de/wb/wertlos;0.0;;;Pos;;
B1;wertvoll;wertvoll;;;Adjektiv;;https://www.dwds.de/wb/wertvoll;0.0;;;Pos;;
B1;weshalb;weshalb;;;Adverb;;https://www.dwds.de/wb/weshalb;0.0;;;;Int;
B1;wetten;wetten;;;Verb;;https://www.dwds.de/wb/wetten;0.0;;;;;Inf
A1,BW3;wichtig;wichtig;;;Adjektiv;;https://www.dwds.de/wb/wichtig;0.0;;;Pos;;
B1;widersprechen;widersprechen;;;Verb;;https://www.dwds.de/wb/widersprechen;0.0;;;;;Inf
A1,BW1;wie;wie;;;Adverb;;https://www.dwds.de/wb/wie;0.0;;;;Int;
A1;wie viel;wie;;;Adverb;;https://www.dwds.de/wb/wie%20viel;0.0;;;;;
A1,BW3;wieder;wieder;;;Adverb;;https://www.dwds.de/wb/wieder;0.0;;;;;
A1;wieder holen;wieder;;;Verb;;https://www.dwds.de/wb/wieder%20holen;0.0;;;;;
B1;wieder-;wieder-;;;Affix;;https://www.dwds.de/wb/wieder-;0.0;;;;;
A1;wiederholen;wiederholen;;;Verb;;https://www.dwds.de/wb/wiederholen#1;0.0;;;;;Inf
B1;wiegen;wiegen;;;Verb;;https://www.dwds.de/wb/wiegen#1;0.0;;Plur;;;Fin
B1;wieso;wieso;;;Adverb;;https://www.dwds.de/wb/wieso;0.0;;;;Int;
B1,BW3;wild;wild;;wilde;Adjektiv;;https://www.dwds.de/wb/wild;0.0;;;Pos;;
A1;willkommen;willkommen;;;Adjektiv;;https://www.dwds.de/wb/willkommen;0.0;;;Pos;;
A2,BW3;windig;windig;;Wind;Adjektiv;;https://www.dwds.de/wb/windig;0.0;;;Pos;;
B1,BW1;winken;winken;;du winkst;Verb;;https://www.dwds.de/wb/winken;0.0;;Plur;;;Fin
A1,BW1;wir;wir;;;Personalpronomen;;https://www.dwds.de/wb/wir;0.0;Nom;Plur;;Prs;
B1;wirken;wirken;;;Verb;;https://www.dwds.de/wb/wirken#1;0.0;;Plur;;;Fin
A2,BW3;wirklich;wirklich;;;Adjektiv;;https://www.dwds.de/wb/wirklich;0.0;;;Pos;;
A1,BW1;wissen;wissen;;du weißt, ich wusste;Verb;;https://www.dwds.de/wb/wissen;0.0;;;;;Inf
A2;witzig;witzig;;;Adjektiv;;https://www.dwds.de/wb/witzig;0.0;;;Pos;;
A1,BW1;wo;wo;;;Adverb;;https://www.dwds.de/wb/wo;0.0;;;;Int;
A1;woher;woher;;;Pronominaladverb;;https://www.dwds.de/wb/woher;0.0;;;;Int;
A1;wohin;wohin;;;Pronominaladverb;;https://www.dwds.de/wb/wohin;0.0;;;;Int;
B1;wohl;wohl;;;Adjektiv;;https://www.dwds.de/wb/wohl#1;0.0;;;;;
A1,BW3;wohnen;wohnen;;;Verb;;https://www.dwds.de/wb/wohnen;0.0;;;;;Inf
A1,BW1;wollen;wollen;;du willst, ich wollte;Verb;;https://www.dwds.de/wb/wollen#2;0.0;;Plur;;;Fin
B1;worum;Worum;;;Pronominaladverb;;https://www.dwds.de/wb/worum;0.0;;;;Int;
B1;worüber;worüber;;;Pronominaladverb;;https://www.dwds.de/wb/wor%C3%BCber;0.0;;;;Int;
A1;wunderbar;wunderbar;;;Adjektiv;;https://www.dwds.de/wb/wunderbar;0.0;;;Pos;;
B1;wundern;wundern;;;Verb;;https://www.dwds.de/wb/wundern;0.0;;;;;Inf
B1;wunderschön;wunderschön;;;Adjektiv;;https://www.dwds.de/wb/wundersch%C3%B6n;0.0;;;Pos;;
A2;wurscht;wurschen;;;Adjektiv;;https://www.dwds.de/wb/wurscht;0.0;;;;;Part
A2;wurst;Wurst;;;Adjektiv;;https://www.dwds.de/wb/wurst;0.0;;Sing;;;Fin
A2;wählen;wählen;;;Verb;;https://www.dwds.de/wb/w%C3%A4hlen;0.0;;;;;Inf
B1,BW3;während;während;;;Konjunktion;;https://www.dwds.de/wb/w%C3%A4hrend;0.0;;;;;
A2,BW1;wünschen;wünschen;;du wünschst, Wunsch;Verb;;https://www.dwds.de/wb/w%C3%BCnschen;0.0;;;;;Inf
B1,BW3;wütend;wütend;;wütende, Wut;partizipiales Adjektiv;;https://www.dwds.de/wb/w%C3%BCtend;0.0;;;Pos;;
A1;zahlen;zahlen;;;Verb;;https://www.dwds.de/wb/zahlen;0.0;;;;;Inf
B1;zahlreich;zahlreich;;;Adjektiv;;https://www.dwds.de/wb/zahlreich;0.0;;;Pos;;
A1;zehn;zehn;;;Kardinalzahlwort;;https://www.dwds.de/wb/zehn;0.0;;;;;
A2;zeichnen;zeichnen;;;Verb;;https://www.dwds.de/wb/zeichnen;0.0;;;;;Inf
A2,BW1;zeigen;zeigen;;du zeigst;Verb;;https://www.dwds.de/wb/zeigen;0.0;;;;;Inf
B1;zelten;zelt;;;Verb;;https://www.dwds.de/wb/zelten;0.0;Nom;Plur;Pos;;
B1;zentral;zentral;;;Adjektiv;;https://www.dwds.de/wb/zentral;0.0;;;Pos;;
B1;zerstören;zerstören;;;Verb;;https://www.dwds.de/wb/zerst%C3%B6ren;0.0;;;;;Inf
A2;ziehen;ziehen;;;Verb;;https://www.dwds.de/wb/ziehen;0.0;;;;;Inf
B1;ziemlich;ziemlich;;;Adjektiv;;https://www.dwds.de/wb/ziemlich;0.0;;;;;
A1;zirka;zirka;;;Adverb;;https://www.dwds.de/wb/zirka;0.0;;;;;
A1,BW1;zu;zu;;;Präposition;;https://www.dwds.de/wb/zu#1;0.0;;;;;
A1;zu sein;zu;;;Verb;;https://www.dwds.de/wb/zu%20sein;0.0;;;;;
B1;zubereiten;zubereien;;;Verb;;https://www.dwds.de/wb/zubereiten;0.0;;Plur;;;Fin
A2;zuerst;zuerst;;;Adverb;;https://www.dwds.de/wb/zuerst;0.0;;;;;
A1;zufrieden;zufrieden;;;Adjektiv;;https://www.dwds.de/wb/zufrieden;0.0;;;Pos;;
B1;zufällig;zufällig;;;Adjektiv;;https://www.dwds.de/wb/zuf%C3%A4llig;0.0;;;Pos;;
B1;zugehen;zugehen;;;Verb;;https://www.dwds.de/wb/zugehen;0.0;;;;;Part
B1;zugänglich;zugänglich;;;Adjektiv;;https://www.dwds.de/wb/zug%C3%A4nglich;0.0;;;Pos;;
A2;zuhören;zuhören;;;Verb;;https://www.dwds.de/wb/zuh%C3%B6ren;0.0;;;;;Inf
B1;zukünftig;zukünftig;;;Adjektiv;;https://www.dwds.de/wb/zuk%C3%BCnftig;0.0;;;Pos;;
A2;zuletzt;zuletzt;;;Adverb;;https://www.dwds.de/wb/zuletzt;0.0;;;;;
BW1;zum;zu;;;Präposition;;;;Dat;Sing;;;
A2;zum Beispiel;zum Beispiel;;;Mehrwortausdruck;;https://www.dwds.de/wb/zum%20Beispiel;0.0;Dat;Sing;;;
A2;zumachen;zumachen;;;Verb;;https://www.dwds.de/wb/zumachen;0.0;;;;;Inf
B1;zumindest;zumindest;;;Adverb;;https://www.dwds.de/wb/zumindest;0.0;;;;;
B1;zunehmen;zunehmen;;;Verb;;https://www.dwds.de/wb/zunehmen;0.0;;Plur;;;Fin
B1;zunächst;zunächst;;;Adverb;;https://www.dwds.de/wb/zun%C3%A4chst;0.0;;;;;
BW1;zur;zu;;;Präposition;;;;Dat;Sing;;;
B1;zurechtkommen;zurechtkommen;;;Verb;;https://www.dwds.de/wb/zurechtkommen;0.0;;;;;Inf
A1;zurzeit;Zurzeit;;;Adverb;;https://www.dwds.de/wb/zurzeit;0.0;Nom;Sing;;;
A1;zurück;zurück;;;Adverb;;https://www.dwds.de/wb/zur%C3%BCck;0.0;;;;;
A2;zurück-;zurück-;;;Affix;;https://www.dwds.de/wb/zur%C3%BCck-;0.0;;;;;
A2;zurückfahren;zurückfahren;;;Verb;;https://www.dwds.de/wb/zur%C3%BCckfahren;0.0;;Plur;;;Fin
A2;zurückgeben;zurückgeben;;;Verb;;https://www.dwds.de/wb/zur%C3%BCckgeben;0.0;;;;;Inf
A2;zurückgehen;zurückgehen;;;Verb;;https://www.dwds.de/wb/zur%C3%BCckgehen;0.0;;;;;Inf
A2;zurückkommen;zurückkommen;;;Verb;;https://www.dwds.de/wb/zur%C3%BCckkommen;0.0;;;;;Inf
A2;zurücklaufen;zurücklaufen;;;Verb;;https://www.dwds.de/wb/zur%C3%BCcklaufen;0.0;;;;;Part
B1;zusagen;Zusage;;;Verb;;https://www.dwds.de/wb/zusagen;0.0;Nom;Plur;;;
A1;zusammen;zusammen;;;Adverb;;https://www.dwds.de/wb/zusammen;0.0;;;;;
B1;zusammen-;zusammen-;;;Affix;;https://www.dwds.de/wb/zusammen-;0.0;;;;;
B1;zusammenfassen;zusammenfassen;;;Verb;;https://www.dwds.de/wb/zusammenfassen;0.0;;;;;Inf
B1;zuschauen;zuschauen;;;Verb;;https://www.dwds.de/wb/zuschauen;0.0;;;;;Inf
B1;zustimmen;zustimmen;;;Verb;;https://www.dwds.de/wb/zustimmen;0.0;;;;;Inf
B1;zuständig;zuständig;;;Adjektiv;;https://www.dwds.de/wb/zust%C3%A4ndig;0.0;;;Pos;;
B1;zusätzlich;zusätzlich;;;Adjektiv;;https://www.dwds.de/wb/zus%C3%A4tzlich;0.0;;;Pos;;
B1;zuverlässig;zuverlässig;;;Adjektiv;;https://www.dwds.de/wb/zuverl%C3%A4ssig;0.0;;;Pos;;
A1;zwanzig;zwanzig;;;Kardinalzahlwort;;https://www.dwds.de/wb/zwanzig;0.0;;;;;
B1;zwar;zwar;;;Konjunktion;;https://www.dwds.de/wb/zwar;0.0;;;;;
A1;zwei;zwei;;;Kardinalzahlwort;;https://www.dwds.de/wb/zwei;0.0;;;;;
B1;zweifeln;zweifeln;;;Verb;;https://www.dwds.de/wb/zweifeln;0.0;;Plur;;;Fin
A1;zweihundert;zweihundern;;;Kardinalzahlwort;;https://www.dwds.de/wb/zweihundert;0.0;;;;;Part
A1;zweite;zweiter;;;Ordinalzahlwort;;https://www.dwds.de/wb/zweite;0.0;Nom;Sing;Pos;;
B1;zwingen;zwingen;;;Verb;;https://www.dwds.de/wb/zwingen;0.0;;;;;Inf
A1;zwischen;zwischen;;;Präposition;;https://www.dwds.de/wb/zwischen;0.0;;;;;
A1;zwölf;zwölf;;;Kardinalzahlwort;;https://www.dwds.de/wb/zw%C3%B6lf;0.0;;;;;
B1;zählen;zählen;;;Verb;;https://www.dwds.de/wb/z%C3%A4hlen;0.0;;Plur;;;Fin
B1;Änderung;Änderung;die;;Substantiv;fem.;https://www.dwds.de/wb/%C3%84nderung;0.0;Nom;Sing;;;
B1;Ärger;Ärger;der;;Substantiv;mask.;https://www.dwds.de/wb/%C3%84rger;0.0;Nom;Sing;;;
B1;Ärztin;Ärztin;die;;Substantiv;fem.;https://www.dwds.de/wb/%C3%84rztin;0.0;Nom;Sing;;;
B1;Öffentlichkeit;Öffentlichkeit;die;;Substantiv;fem.;https://www.dwds.de/wb/%C3%96ffentlichkeit;0.0;Nom;Sing;;;
A1,BW1;Öl;Öl;das;ölig;Substantiv;neut.;https://www.dwds.de/wb/%C3%96l;0.0;Nom;Sing;;;
B1;Übernachtung;Übernachtung;die;;Substantiv;fem.;https://www.dwds.de/wb/%C3%9Cbernachtung;0.0;Nom;Sing;;;
B1;Überraschung;Überraschung;die;;Substantiv;fem.;https://www.dwds.de/wb/%C3%9Cberraschung;0.0;Nom;Sing;;;
B1;Überschrift;Überschrift;die;;Substantiv;fem.;https://www.dwds.de/wb/%C3%9Cberschrift;0.0;Nom;Sing;;;
B1;Übersetzer;Übersetzer;der;;Substantiv;mask.;https://www.dwds.de/wb/%C3%9Cbersetzer;0.0;Nom;;;;
B1;Übersetzerin;Übersetzerin;die;;Substantiv;fem.;https://www.dwds.de/wb/%C3%9Cbersetzerin;0.0;Nom;Sing;;;
A2;Übersetzung;Übersetzung;die;;Substantiv;fem.;https://www.dwds.de/wb/%C3%9Cbersetzung;0.0;Nom;Sing;;;
B1;Überstunde;überstund;die;;Substantiv;fem.;https://www.dwds.de/wb/%C3%9Cberstunde;0.0;Acc;Plur;;;
B1;Überweisung;Überweisung;die;;Substantiv;fem.;https://www.dwds.de/wb/%C3%9Cberweisung;0.0;Nom;Sing;;;
B1;Überzeugung;Überzeugung;die;;Substantiv;fem.;https://www.dwds.de/wb/%C3%9Cberzeugung;0.0;Nom;Sing;;;
B1,BW3;Übung;Übung;die;üben, du übst;Substantiv;fem.;https://www.dwds.de/wb/%C3%9Cbung;0.0;Nom;Sing;;;
B1;ähnlich;ähnlich;;;Adjektiv;;https://www.dwds.de/wb/%C3%A4hnlich;0.0;;;Pos;;
A2,BW3;ändern;ändern;;du änderst;Verb;;https://www.dwds.de/wb/%C3%A4ndern;0.0;;;;;Inf
B1;ängstlich;ängstlich;;;Adjektiv;;https://www.dwds.de/wb/%C3%A4ngstlich;0.0;;;Pos;;
B1;ärgerlich;ärgerlich;;;Adjektiv;;https://www.dwds.de/wb/%C3%A4rgerlich;0.0;;;Pos;;
A2,BW3;ärgern;ärgern;;du ärgerst;Verb;;https://www.dwds.de/wb/%C3%A4rgern;0.0;;Plur;;;Fin
B1;äußerlich;äußerlich;;;Adjektiv;;https://www.dwds.de/wb/%C3%A4u%C3%9Ferlich;0.0;;;Pos;;
B1;öffentlich;öffentlich;;;Adjektiv;;https://www.dwds.de/wb/%C3%B6ffentlich;0.0;;;Pos;;
A1,BW3;öffnen;öffnen;;du öffnest, Öffnung;Verb;;https://www.dwds.de/wb/%C3%B6ffnen;0.0;;;;;Inf
B1;öfter;öfter;;;Komparativ;;https://www.dwds.de/wb/%C3%B6fter;0.0;;;;;
B1;öko-;öko-;;;Affix;;https://www.dwds.de/wb/%C3%B6ko-;0.0;;;;;
B1;ökologisch;ökologisch;;;Adjektiv;;https://www.dwds.de/wb/%C3%B6kologisch;0.0;;;Pos;;
A2,BW1;üben;üben;;du übst, Übung;Verb;;https://www.dwds.de/wb/%C3%BCben;0.0;;;;;Inf
A1,BW3;über;über;;;Präposition;;https://www.dwds.de/wb/%C3%BCber#1;0.0;;;;;
B1;über-;über-;;;Affix;;https://www.dwds.de/wb/%C3%BCber-;0.0;;;;;
A2,BW3;überall;überall;;;Adverb;;https://www.dwds.de/wb/%C3%BCberall;0.0;;;;;
B1;überfahren;überfahren;;;Verb;;https://www.dwds.de/wb/%C3%BCberfahren;0.0;;;;;Part
B1;überhaupt;überhaupt;;;Adverb;;https://www.dwds.de/wb/%C3%BCberhaupt;0.0;;;;;
B1;überholen;überholen;;;Verb;;https://www.dwds.de/wb/%C3%BCberholen;0.0;;;;;Inf
B1;überlegen;überlegen;;;Verb;;https://www.dwds.de/wb/%C3%BCberlegen#1;0.0;;;;;Inf
A2;übermorgen;übermorgen;;;Adverb;;https://www.dwds.de/wb/%C3%BCbermorgen;0.0;;;;;
A1;übernachten;übernachten;;;Verb;;https://www.dwds.de/wb/%C3%BCbernachten;0.0;;;;;Inf
B1;übernehmen;übernehmen;;;Verb;;https://www.dwds.de/wb/%C3%BCbernehmen;0.0;;;;;Inf
B1;überprüfen;überprüfen;;;Verb;;https://www.dwds.de/wb/%C3%BCberpr%C3%BCfen;0.0;;;;;Inf
B1;überqueren;überqueren;;;Verb;;https://www.dwds.de/wb/%C3%BCberqueren;0.0;;;;;Inf
B1;überraschen;überraschen;;;Verb;;https://www.dwds.de/wb/%C3%BCberraschen;0.0;;;;;Inf
B1;überreden;überreden;;;Verb;;https://www.dwds.de/wb/%C3%BCberreden;0.0;;Plur;;;Fin
A2;übersetzen;übersetzen;;;Verb;;https://www.dwds.de/wb/%C3%BCbersetzen;0.0;;;;;Inf
B1;übertreiben;übertreiben;;;Verb;;https://www.dwds.de/wb/%C3%BCbertreiben;0.0;;;;;Part
A1;überweisen;überweisen;;;Verb;;https://www.dwds.de/wb/%C3%BCberweisen;0.0;;;;;Inf
B1;überzeugen;überzeugen;;;Verb;;https://www.dwds.de/wb/%C3%BCberzeugen;0.0;;;;;Inf
B1;üblich;üblich;;;Adjektiv;;https://www.dwds.de/wb/%C3%BCblich;0.0;;;Pos;;
B1;übrig;übrig;;;Adjektiv;;https://www.dwds.de/wb/%C3%BCbrig;0.0;;;;;
B1;übrigens;übrigens;;;Adverb;;https://www.dwds.de/wb/%C3%BCbrigens;0.0;;;;;
A1;’s;’s;;;Personalpronomen;mask.;https://www.dwds.de/wb/%E2%80%99s;0.0;Nom;Sing;;;
