Source;Word;Article;Forms;Wortart;Genus;URL;nur_im_Plural;BUCHMEIER_rank;BUCHMEIER_freq;LEEDS_rank;LEEDS_freq;LEIPZIG_rank;HERMIT_rank;HERMIT_freq
BUCHMEIER,HERMIT;Aah;;;;;;;4368.0;387;;;;5847.0;1414.0
BUCHMEIER,HERMIT;Aaron;;;;;;;3526.0;517;;;;3799.0;2454.0
A1,BUCHMEIER,BW1,HERMIT,LEEDS,LEIPZIG,LEO739,NRW111;ab;;;Präposition;;https://www.dwds.de/wb/ab#1;0.0;208.0;16283;130.0;536.43;125.0;182.0;104853.0
LEEDS,LEIPZIG;Abbau;;;;;;;;;3404.0;19.44;2442.0;;
LEEDS,LEIPZIG;abbauen;;;;;;;;;3281.0;20.33;7948.0;;
B1;abbiegen;;;Verb;;https://www.dwds.de/wb/abbiegen;0.0;;;;;;;
B1,LEEDS,LEIPZIG;Abbildung;die;;Substantiv;fem.;https://www.dwds.de/wb/Abbildung;0.0;;;2446.0;29.55;8806.0;;
BUCHMEIER,HERMIT,LEEDS;abbrechen;;;;;;;6975.0;208;4215.0;14.66;;6303.0;1286.0
BUCHMEIER,HERMIT;Abby;;;;;;;6311.0;238;;;;3026.0;3278.0
BUCHMEIER,HERMIT;Abe;;;;;;;8723.0;155;;;;7880.0;961.0
BUCHMEIER,HERMIT;Abel;;;;;;;7037.0;206;;;;7961.0;947.0
A1,BUCHMEIER,BW3,HERMIT,LEEDS,LEIPZIG,LEO739,NRW422;Abend;der;die Abende, abends;Substantiv;mask.;https://www.dwds.de/wb/Abend;0.0;338.0;8803;659.0;111.35;803.0;254.0;71375.0
BUCHMEIER,BW3,HERMIT;Abendessen;das;;Substantiv;;;;1821.0;1172;;;;1400.0;8629.0
BUCHMEIER,FEHLER100,FEHLER300,HERMIT,LEEDS,LEIPZIG;abends;;;;;;;4570.0;366;2484.0;28.97;3331.0;2284.0;4696.0
B1,BUCHMEIER,HERMIT,LEEDS,LEIPZIG;Abenteuer;das;;Substantiv;neutr.;https://www.dwds.de/wb/Abenteuer;0.0;3556.0;509;3337.0;19.91;4508.0;2968.0;3348.0
A1,BUCHMEIER,BW1,HERMIT,LEEDS,LEIPZIG,LEO739,NRW111;aber;;;Konjunktion;;https://www.dwds.de/wb/aber#1;0.0;64.0;67062;32.0;2854.59;52.0;25.0;854492.0
A1;abfahren;;;Verb;;https://www.dwds.de/wb/abfahren;0.0;;;;;;;
A1,HERMIT,LEIPZIG;Abfahrt;die;;Substantiv;fem.;https://www.dwds.de/wb/Abfahrt;0.0;;;;;7897.0;9905.0;709.0
B1,BUCHMEIER,HERMIT,LEIPZIG;Abfall;der;;Substantiv;mask.;https://www.dwds.de/wb/Abfall;0.0;8860.0;152;;;7144.0;9203.0;781.0
B1;Abfalleimer;der;;Substantiv;mask.;https://www.dwds.de/wb/Abfalleimer;0.0;;;;;;;
A1;abfliegen;;;Verb;;https://www.dwds.de/wb/abfliegen;0.0;;;;;;;
A1,BUCHMEIER;Abflug;der;;Substantiv;mask.;https://www.dwds.de/wb/Abflug;0.0;9912.0;131;;;;;
LEEDS,LEIPZIG;Abgabe;;;;;;;;;4472.0;13.59;7370.0;;
B1;Abgas;das;;Substantiv;neutr.;https://www.dwds.de/wb/Abgas;0.0;;;;;;;
A1,BUCHMEIER,HERMIT,LEEDS,LEIPZIG;abgeben;;;Verb;;https://www.dwds.de/wb/abgeben;0.0;4342.0;390;1798.0;41.63;3394.0;3726.0;2513.0
BUCHMEIER,HERMIT,LEIPZIG;abgebrochen;;;;;;;7556.0;187;;;6388.0;6837.0;1152.0
BUCHMEIER,HERMIT;abgefahren;;;;;;;7886.0;177;;;;5902.0;1399.0
BUCHMEIER,HERMIT,LEIPZIG;abgegeben;;;;;;;7555.0;187;;;3709.0;6067.0;1353.0
BUCHMEIER,HERMIT;abgehauen;;;;;;;3825.0;460;;;;2828.0;3545.0
BUCHMEIER,HERMIT;abgeholt;;;;;;;5797.0;266;;;;4198.0;2165.0
BUCHMEIER,HERMIT;abgelaufen;;;;;;;7004.0;207;;;;6854.0;1149.0
HERMIT,LEIPZIG;abgelegt;;;;;;;;;;;5482.0;9145.0;788.0
BUCHMEIER,HERMIT,LEIPZIG;abgelehnt;;;;;;;5094.0;318;;;1565.0;3388.0;2846.0
BUCHMEIER,HERMIT;abgelenkt;;;;;;;7455.0;190;;;;6380.0;1269.0
BUCHMEIER,HERMIT;Abgemacht;;;;;;;4793.0;345;;;;2853.0;3506.0
BUCHMEIER,HERMIT,LEIPZIG;abgenommen;;;;;;;5647.0;275;;;6968.0;4857.0;1787.0
LEEDS,LEIPZIG;Abgeordnete;;;;;;;;;1853.0;40.04;2438.0;;
HERMIT,LEIPZIG;abgerissen;;;;;;;;;;;7715.0;8793.0;828.0
BUCHMEIER,HERMIT,LEIPZIG;abgesagt;;;;;;;7124.0;203;;;6737.0;5302.0;1594.0
BUCHMEIER,HERMIT;abgeschaltet;;;;;;;7779.0;180;;;;9061.0;796.0
BUCHMEIER,FEHLER400,HERMIT,LEIPZIG;abgeschlossen;;;;;;;2788.0;695;;;1339.0;2435.0;4322.0
BUCHMEIER,HERMIT,LEIPZIG;abgeschnitten;;;;;;;6295.0;239;;;9159.0;6185.0;1324.0
BUCHMEIER,HERMIT;abgeschossen;;;;;;;8533.0;159;;;;9559.0;744.0
BUCHMEIER,HERMIT,LEIPZIG;abgesehen;;;;;;;3185.0;589;;;3577.0;1881.0;5981.0
BUCHMEIER,HERMIT,LEIPZIG;abgesetzt;;;;;;;8823.0;153;;;5962.0;7384.0;1049.0
HERMIT,LEIPZIG;abgestellt;;;;;;;;;;;9398.0;9580.0;742.0
BUCHMEIER,HERMIT;abgestürzt;;;;;;;7248.0;199;;;;8770.0;831.0
HERMIT,LEIPZIG;abgewiesen;;;;;;;;;;;8973.0;9467.0;753.0
BUCHMEIER,HERMIT,LEIPZIG;abgezogen;;;;;;;7747.0;181;;;7564.0;6743.0;1176.0
BUCHMEIER,HERMIT;Abgrund;;;;;;;9650.0;136;;;;8405.0;882.0
BUCHMEIER,HERMIT,LEEDS;abhalten;;;;;;;5404.0;291;3247.0;20.63;;4199.0;2164.0
B1;abhangen;;;Verb;;https://www.dwds.de/wb/abhangen;0.0;;;;;;;
BUCHMEIER,HERMIT;abhauen;;;;;;;2787.0;695;;;;2369.0;4482.0
B1;abheben;;;Verb;;https://www.dwds.de/wb/abheben;0.0;;;;;;;
A1,BUCHMEIER,HERMIT,LEEDS;abholen;;;Verb;;https://www.dwds.de/wb/abholen;0.0;2372.0;845;3888.0;16.32;;1987.0;5556.0
B1,BUCHMEIER,HERMIT,LEEDS;abhängen;;;Verb;;https://www.dwds.de/wb/abh%C3%A4ngen#1;0.0;9014.0;149;3665.0;17.63;;6076.0;1350.0
B1,BUCHMEIER,HERMIT,LEEDS,LEIPZIG;abhängig;;;Adjektiv;;https://www.dwds.de/wb/abh%C3%A4ngig;0.0;7003.0;207;1747.0;42.84;2484.0;6240.0;1305.0
LEEDS,LEIPZIG;Abhängigkeit;;;;;;;;;2663.0;26.51;4883.0;;
B1,LEIPZIG;Abitur;das;;Substantiv;neutr.;https://www.dwds.de/wb/Abitur;0.0;;;;;6079.0;;
BUCHMEIER,HERMIT,LEIPZIG;Abkommen;;;;;;;8311.0;165;;;2448.0;8237.0;906.0
BUCHMEIER,HERMIT;Abkürzung;;;;;;;8055.0;172;;;;8106.0;926.0
LEEDS,LEIPZIG;Ablauf;;;;;;;;;2232.0;32.9;3495.0;;
BUCHMEIER,HERMIT,LEEDS;ablegen;;;;;;;8015.0;173;2613.0;27.24;;6477.0;1241.0
B1,BUCHMEIER,HERMIT,LEEDS,LEIPZIG;ablehnen;;;Verb;;https://www.dwds.de/wb/ablehnen;0.0;6635.0;223;1434.0;52.79;8287.0;5609.0;1483.0
LEEDS,LEIPZIG;Ablehnung;;;;;;;;;2707.0;25.94;3147.0;;
BUCHMEIER,HERMIT;ablenken;;;;;;;6404.0;234;;;;5588.0;1492.0
BUCHMEIER,HERMIT;Ablenkung;;;;;;;8133.0;170;;;;6311.0;1284.0
B1;abmachen;;;Verb;;https://www.dwds.de/wb/abmachen;0.0;;;;;;;
BUCHMEIER,HERMIT;Abmachung;;;;;;;3572.0;505;;;;3390.0;2843.0
B1,BUCHMEIER,HERMIT,LEEDS;abnehmen;;;Verb;;https://www.dwds.de/wb/abnehmen;0.0;4421.0;381;2911.0;23.65;;3954.0;2336.0
B1;Abonnement;das;;Substantiv;neutr.;https://www.dwds.de/wb/Abonnement;0.0;;;;;;;
B1;abonnieren;;;Verb;;https://www.dwds.de/wb/abonnieren;0.0;;;;;;;
B1,BUCHMEIER,HERMIT;absagen;;;Verb;;https://www.dwds.de/wb/absagen;0.0;7247.0;199;;;;5570.0;1498.0
LEEDS,LEIPZIG;Absatz;;;;;;;;;1668.0;44.86;3630.0;;
LEEDS,LEIPZIG;Abschaffung;;;;;;;;;3727.0;17.25;3828.0;;
BUCHMEIER,HERMIT;abschalten;;;;;;;5048.0;322;;;;5698.0;1458.0
BUCHMEIER,HERMIT;Abschaum;;;;;;;4981.0;328;;;;5344.0;1577.0
B1,BUCHMEIER,HERMIT,LEEDS,LEIPZIG;Abschied;der;;Substantiv;mask.;https://www.dwds.de/wb/Abschied;0.0;5382.0;293;3432.0;19.28;2868.0;4375.0;2062.0
A2,BUCHMEIER,HERMIT,LEEDS,LEIPZIG;abschließen;;;Verb;;https://www.dwds.de/wb/abschlie%C3%9Fen;0.0;7002.0;207;1386.0;54.39;8116.0;5702.0;1457.0
B1,BUCHMEIER,HERMIT;Abschluss;der;;Substantiv;mask.;https://www.dwds.de/wb/Abschluss;0.0;3925.0;446;;;;3481.0;2738.0
LEEDS,LEIPZIG;Abschluß;;;;;;;;;1423.0;53.31;1516.0;;
BUCHMEIER,HERMIT,LEEDS;abschneiden;;;;;;;7157.0;202;4748.0;12.52;;7246.0;1073.0
B1,BUCHMEIER,HERMIT,LEEDS,LEIPZIG;Abschnitt;der;;Substantiv;mask.;https://www.dwds.de/wb/Abschnitt;0.0;8776.0;154;1660.0;45.23;2368.0;7991.0;944.0
B1;abschreiben;;;Verb;;https://www.dwds.de/wb/abschreiben;0.0;;;;;;;
A1;Absender;der;;Substantiv;mask.;https://www.dwds.de/wb/Absender;0.0;;;;;;;
B1;Absenderin;die;;Substantiv;fem.;https://www.dwds.de/wb/Absenderin;0.0;;;;;;;
BUCHMEIER,HERMIT,LEEDS;absetzen;;;;;;;9342.0;142;4686.0;12.75;;7518.0;1024.0
BUCHMEIER,HERMIT,LEEDS,LEIPZIG;Absicht;;;;;;;2635.0;743;1562.0;48.54;2457.0;2240.0;4789.0
BUCHMEIER,HERMIT,LEIPZIG;Absichten;;;;;;;6881.0;212;;;8725.0;5560.0;1501.0
BUCHMEIER,HERMIT;absichtlich;;;;;;;4848.0;340;;;;4406.0;2045.0
B1,BUCHMEIER,HERMIT,LEEDS,LEIPZIG;absolut;;;Adjektiv;;https://www.dwds.de/wb/absolut#1;0.0;1488.0;1474;757.0;98.66;3375.0;986.0;13045.0
BUCHMEIER,HERMIT,LEIPZIG;absolute;;;;;;;6262.0;241;;;3754.0;5469.0;1535.0
BUCHMEIER,HERMIT,LEEDS,LEIPZIG;Abstand;;;;;;;5263.0;303;1956.0;37.94;2595.0;3949.0;2337.0
BUCHMEIER,HERMIT;abstellen;;;;;;;8822.0;153;;;;7887.0;959.0
B1,LEEDS,LEIPZIG;abstimmen;;;Verb;;https://www.dwds.de/wb/abstimmen;0.0;;;3892.0;16.32;9534.0;;
HERMIT,LEEDS,LEIPZIG;Abstimmung;;;;;;;;;2697.0;26.08;2468.0;8301.0;898.0
BUCHMEIER,HERMIT,LEIPZIG;Absturz;;;;;;;7582.0;186;;;5833.0;9841.0;716.0
BUCHMEIER,HERMIT,LEEDS,LEIPZIG;absurd;;;;;;;7156.0;202;4649.0;12.87;8445.0;4985.0;1728.0
B1;Abt;der;;Substantiv;mask.;https://www.dwds.de/wb/Abt;0.0;;;;;;;
B1,BUCHMEIER,HERMIT,LEEDS,LEIPZIG;Abteilung;die;;Substantiv;fem.;https://www.dwds.de/wb/Abteilung;0.0;2780.0;696;1987.0;37.23;2698.0;2646.0;3896.0
B1;Abwart;der;;Substantiv;mask.;https://www.dwds.de/wb/Abwart;0.0;;;;;;;
BUCHMEIER,HERMIT,LEEDS,LEIPZIG;abwarten;;;;;;;5254.0;304;4255.0;14.47;6960.0;4091.0;2234.0
B1;Abwartin;die;;Substantiv;fem.;https://www.dwds.de/wb/Abwartin;0.0;;;;;;;
B1;abwaschen;;;Verb;;https://www.dwds.de/wb/abwaschen;0.0;;;;;;;
BUCHMEIER,HERMIT;Abwechslung;;;;;;;8234.0;167;;;;7115.0;1098.0
LEEDS,LEIPZIG;Abwehr;;;;;;;;;4783.0;12.36;4400.0;;
B1;abwesend;;;Adjektiv;;https://www.dwds.de/wb/abwesend;0.0;;;;;;;
BUCHMEIER,HERMIT,LEIPZIG;Abwesenheit;;;;;;;9182.0;145;;;6792.0;6869.0;1146.0
B1;abwärts;;;Adverb;;https://www.dwds.de/wb/abw%C3%A4rts;0.0;;;;;;;
BUCHMEIER,HERMIT;abziehen;;;;;;;7842.0;178;;;;6675.0;1193.0
BUCHMEIER,HERMIT,LEEDS,LEIPZIG;Abzug;;;;;;;6723.0;219;4727.0;12.61;3715.0;6381.0;1269.0
BUCHMEIER,HERMIT;abzuhalten;;;;;;;9982.0;130;;;;9331.0;767.0
BUCHMEIER,HERMIT;abzuholen;;;;;;;6511.0;229;;;;6059.0;1356.0
BUCHMEIER,HERMIT,LEEDS,LEIPZIG;Ach;;;;;;;260.0;12242;1695.0;44.2;5755.0;226.0;82252.0
A1,BUCHMEIER,BW1,HERMIT,LEEDS,LEIPZIG;acht;;;Kardinalzahlwort;;https://www.dwds.de/wb/acht;0.0;1441.0;1535;964.0;78.56;432.0;903.0;14757.0
BUCHMEIER,HERMIT;Achte;;;;;;;6945.0;209;;;;4716.0;1868.0
B1,BUCHMEIER,HERMIT,LEEDS,LEIPZIG;achten;;;Verb;;https://www.dwds.de/wb/achten;0.0;3868.0;455;1616.0;46.5;3393.0;2954.0;3363.0
A1,BUCHMEIER,HERMIT,LEEDS,LEIPZIG;Achtung;die;;Substantiv;fem.;https://www.dwds.de/wb/Achtung;0.0;1553.0;1405;2543.0;28.11;8265.0;1372.0;8811.0
A1;achtzehn;;;Kardinalzahlwort;;https://www.dwds.de/wb/achtzehn;0.0;;;;;;;
A1,LEIPZIG;achtzig;;;Kardinalzahlwort;;https://www.dwds.de/wb/achtzig;0.0;;;;;9599.0;;
BUCHMEIER,HERMIT;Action;;;;;;;4182.0;411;;;;4713.0;1870.0
BUCHMEIER,HERMIT,LEEDS,LEIPZIG;Adam;;;;;;;2352.0;856;3874.0;16.4;8081.0;2068.0;5226.0
BUCHMEIER,HERMIT;Adams;;;;;;;6611.0;224;;;;6212.0;1316.0
BUCHMEIER,HERMIT,LEIPZIG;Adler;;;;;;;8233.0;167;;;9145.0;5597.0;1488.0
BUCHMEIER,HERMIT;Admiral;;;;;;;3103.0;607;;;;4060.0;2253.0
BUCHMEIER,HERMIT;adoptiert;;;;;;;8621.0;157;;;;7720.0;989.0
A1,BUCHMEIER,FEHLER200,FEHLER400,HERMIT,LEEDS,LEIPZIG;Adresse;die;;Substantiv;fem.;https://www.dwds.de/wb/Adresse;0.0;1709.0;1252;1682.0;44.42;3563.0;1450.0;8356.0
HERMIT,LEIPZIG;Adressen;;;;;;;;;;;6733.0;9932.0;707.0
BW3,LEO739,NRW422;Advent;der;;Substantiv;;;;;;;;;;
FEHLER400;adäquat;;;;;;;;;;;;;
BUCHMEIER,HERMIT,LEO739,NRW422;Affe;der;;Substantiv;;;;4097.0;424;;;;4605.0;1919.0
BUCHMEIER,HERMIT;Affen;;;;;;;2516.0;784;;;;3355.0;2870.0
BUCHMEIER,HERMIT,LEIPZIG;Affäre;;;;;;;4139.0;417;;;4235.0;2861.0;3496.0
BUCHMEIER,HERMIT,LEEDS,LEIPZIG;Afghanistan;;;;;;;6944.0;209;2743.0;25.56;8104.0;6549.0;1225.0
BUCHMEIER,HERMIT,LEEDS,LEIPZIG,LEO739,NRW422;Afrika;;;;;;;5144.0;313;1988.0;37.22;2557.0;3284.0;2957.0
LEEDS,LEIPZIG;AG;;;;;;;;;1098.0;69.28;524.0;;
BUCHMEIER,HERMIT,LEEDS;Agent;;;;;;;1204.0;1917;4732.0;12.57;;975.0;13322.0
BUCHMEIER,HERMIT,LEIPZIG;Agenten;;;;;;;2762.0;700;;;9811.0;2531.0;4126.0
BUCHMEIER,HERMIT;Agentin;;;;;;;8671.0;156;;;;7403.0;1045.0
BUCHMEIER,FEHLER400,HERMIT,LEEDS,LEIPZIG;Agentur;;;;;;;9275.0;143;3835.0;16.6;4585.0;5604.0;1484.0
FEHLER400;Aggression;;;;;;;;;;;;;
BUCHMEIER,FEHLER200,FEHLER400,HERMIT,LEEDS,LEIPZIG;aggressiv;;;;;;;8532.0;159;3123.0;21.72;9662.0;6892.0;1139.0
LEEDS,LEIPZIG;agieren;;;;;;;;;4047.0;15.46;8357.0;;
BUCHMEIER,HERMIT;Ah;;;;;;;610.0;4769;;;;511.0;31832.0
BUCHMEIER,HERMIT;Aha;;;;;;;2161.0;950;;;;1563.0;7512.0
BUCHMEIER,HERMIT;Ahh;;;;;;;6103.0;250;;;;9725.0;728.0
BUCHMEIER,HERMIT,LEEDS,LEIPZIG;ahnen;;;;;;;9228.0;144;3339.0;19.9;8346.0;4993.0;1726.0
A2,BUCHMEIER,HERMIT,LEEDS,LEIPZIG;Ahnung;die;;Substantiv;fem.;https://www.dwds.de/wb/Ahnung;0.0;491.0;6007;2809.0;24.79;6403.0;398.0;41525.0
BUCHMEIER,HERMIT;Air;;;;;;;5223.0;307;;;;4788.0;1832.0
BUCHMEIER,HERMIT,LEEDS,LEIPZIG;Akademie;;;;;;;9385.0;141;3574.0;18.23;4463.0;7371.0;1052.0
FEHLER400;akquirieren;;;;;;;;;;;;;
FEHLER400;Akquise;;;;;;;;;;;;;
FEHLER400;Akquisition;;;;;;;;;;;;;
BUCHMEIER,HERMIT,LEEDS,LEIPZIG;Akt;;;;;;;4692.0;354;1912.0;38.81;3929.0;4955.0;1740.0
BUCHMEIER,HERMIT,LEIPZIG;Akte;;;;;;;2443.0;809;;;9444.0;1969.0;5633.0
BUCHMEIER,HERMIT,LEIPZIG;Akten;;;;;;;3540.0;513;;;3396.0;2469.0;4250.0
LEEDS,LEIPZIG;Aktie;;;;;;;;;1927.0;38.6;1438.0;;
BUCHMEIER,HERMIT,LEIPZIG;Aktien;;;;;;;7097.0;204;;;844.0;6664.0;1196.0
B1,BUCHMEIER,HERMIT,LEEDS,LEIPZIG;Aktion;die;;Substantiv;fem.;https://www.dwds.de/wb/Aktion;0.0;4569.0;366;771.0;97.36;1134.0;4475.0;1997.0
BUCHMEIER,LEIPZIG;Aktionen;;;;;;;9384.0;141;;;2381.0;;
A2,BUCHMEIER,HERMIT,LEEDS,LEIPZIG;aktiv;;;Adjektiv;;https://www.dwds.de/wb/aktiv;0.0;6310.0;238;713.0;104.83;1864.0;5124.0;1659.0
BUCHMEIER,HERMIT,LEEDS,LEIPZIG;aktivieren;;;;;;;6060.0;252;3500.0;18.77;8086.0;5354.0;1574.0
BUCHMEIER,HERMIT,LEIPZIG;aktiviert;;;;;;;3858.0;456;;;7499.0;4037.0;2269.0
B1,HERMIT,LEEDS,LEIPZIG;Aktivität;die;;Substantiv;fem.;https://www.dwds.de/wb/Aktivit%C3%A4t;0.0;;;1106.0;68.8;6525.0;9004.0;802.0
BUCHMEIER,HERMIT,LEIPZIG;Aktivitäten;;;;;;;6676.0;221;;;1931.0;6018.0;1367.0
A2,LEEDS,LEIPZIG;aktuell;;;Adjektiv;;https://www.dwds.de/wb/aktuell;0.0;;;449.0;159.86;5909.0;;
FEHLER400;Akupunktur;;;;;;;;;;;;;
FEHLER400;akustisch;;;;;;;;;;;;;
BUCHMEIER,HERMIT;Akzent;;;;;;;5103.0;317;;;;4530.0;1962.0
LEEDS,LEIPZIG;Akzeptanz;;;;;;;;;3918.0;16.2;6358.0;;
BUCHMEIER,HERMIT;akzeptiere;;;;;;;7522.0;188;;;;6172.0;1326.0
B1,BUCHMEIER,HERMIT,LEEDS,LEIPZIG;akzeptieren;;;Verb;;https://www.dwds.de/wb/akzeptieren;0.0;2890.0;665;1359.0;55.68;3314.0;2378.0;4462.0
BUCHMEIER,HERMIT,LEIPZIG;akzeptiert;;;;;;;5685.0;273;;;3374.0;4278.0;2119.0
BUCHMEIER,HERMIT,LEEDS;Al;;;;;;;1964.0;1072;3419.0;19.34;;1384.0;8751.0
BUCHMEIER,HERMIT;Alan;;;;;;;3532.0;516;;;;2238.0;4794.0
B1,BUCHMEIER,HERMIT,LEIPZIG;Alarm;der;;Substantiv;mask.;https://www.dwds.de/wb/Alarm;0.0;2827.0;679;;;9292.0;2398.0;4422.0
BUCHMEIER,HERMIT;Alarmstufe;;;;;;;7581.0;186;;;;8822.0;824.0
BUCHMEIER,HERMIT;albern;;;;;;;3965.0;441;;;;2995.0;3315.0
BUCHMEIER,HERMIT,LEEDS,LEIPZIG;Albert;;;;;;;5240.0;305;3917.0;16.2;5454.0;2786.0;3632.0
BUCHMEIER,HERMIT;Albtraum;;;;;;;4504.0;372;;;;3916.0;2366.0
BUCHMEIER,HERMIT;Albträume;;;;;;;9597.0;137;;;;8662.0;846.0
BUCHMEIER,HERMIT,LEEDS,LEIPZIG;Album;;;;;;;6657.0;222;2463.0;29.29;7964.0;7994.0;944.0
BUCHMEIER,HERMIT;Alex;;;;;;;1314.0;1736;;;;1054.0;11988.0
BUCHMEIER,HERMIT,LEEDS,LEIPZIG;Alexander;;;;;;;6510.0;229;2614.0;27.21;2255.0;3872.0;2399.0
BUCHMEIER,HERMIT,LEEDS,LEIPZIG;Alfred;;;;;;;5768.0;268;3897.0;16.3;3271.0;4124.0;2218.0
BUCHMEIER,HERMIT,LEIPZIG;Ali;;;;;;;5060.0;321;;;4836.0;3491.0;2727.0
BUCHMEIER,HERMIT;Alibi;;;;;;;7096.0;204;;;;3985.0;2310.0
BUCHMEIER,HERMIT;Alice;;;;;;;3515.0;519;;;;2002.0;5480.0
BUCHMEIER,HERMIT;Alien;;;;;;;8054.0;172;;;;7775.0;979.0
BUCHMEIER,HERMIT;Aliens;;;;;;;6610.0;224;;;;5414.0;1554.0
B1,BUCHMEIER,HERMIT,LEEDS,LEIPZIG;Alkohol;der;;Substantiv;mask.;https://www.dwds.de/wb/Alkohol;0.0;2744.0;706;2864.0;24.19;3974.0;2190.0;4903.0
BUCHMEIER,HERMIT;Alkoholiker;;;;;;;8158.0;169;;;;8451.0;876.0
A1,BUCHMEIER,HERMIT,LEEDS,LEIPZIG;all;;;;;https://www.dwds.de/wb/all;0.0;499.0;5892;468.0;153.93;1069.0;384.0;43808.0
BUCHMEIER,HERMIT;Allah;;;;;;;6422.0;233;;;;6016.0;1367.0
BUCHMEIER,HERMIT;Allan;;;;;;;6573.0;226;;;;9771.0;722.0
A1,BUCHMEIER,BW1,FEHLER100,FEHLER300,HERMIT,LEEDS,LEIPZIG,LEO739,NRW422;alle;;;Pronomen;;https://www.dwds.de/wb/alle#2;0.0;120.0;30011;35.0;2677.23;103.0;100.0;224850.0
A1,BUCHMEIER,BW3,FEHLER100,FEHLER300,HERMIT,LEEDS,LEIPZIG,LEO739,NRW422;allein;;;;;https://www.dwds.de/wb/allein;0.0;406.0;7287;309.0;230.03;335.0;316.0;53720.0
A1,BUCHMEIER,HERMIT,LEEDS,LEIPZIG;alleine;;;;;https://www.dwds.de/wb/alleine;0.0;726.0;3781;1462.0;51.94;3154.0;696.0;20359.0
BUCHMEIER,HERMIT,LEIPZIG;allem;;;;;;;813.0;3157;;;2170.0;647.0;22790.0
BUCHMEIER,HERMIT,LEIPZIG;allen;;;;;;;673.0;4242;;;279.0;553.0;28945.0
LEEDS,LEIPZIG;allenfalls;;;;;;;;;3544.0;18.47;2781.0;;
BUCHMEIER,HERMIT,LEIPZIG;aller;;;;;;;1223.0;1887;;;285.0;1079.0;11704.0
B1;allerbest;;;Adjektiv;;https://www.dwds.de/wb/allerbest;0.0;;;;;;;
B1,BUCHMEIER,HERMIT,LEEDS,LEIPZIG;allerdings;;;Adverb;;https://www.dwds.de/wb/allerdings;0.0;2606.0;754;180.0;372.02;192.0;1354.0;8953.0
BUCHMEIER,HERMIT;allergisch;;;;;;;8497.0;160;;;;7149.0;1092.0
B1;allerschönst;;;Adjektiv;;https://www.dwds.de/wb/allersch%C3%B6nst;0.0;;;;;;;
A1,BUCHMEIER,BW3,HERMIT,LEIPZIG;alles;;;Pronomen;;https://www.dwds.de/wb/alles;0.0;93.0;42302;;;199.0;69.0;366575.0
B1,LEEDS,LEIPZIG;allgemein;;;Adjektiv;;https://www.dwds.de/wb/allgemein;0.0;;;326.0;217.57;3110.0;;
LEEDS,LEIPZIG;Allgemeine;;;;;;;;;2430.0;29.91;3034.0;;
HERMIT,LEIPZIG;allgemeinen;;;;;;;;;;;1808.0;9954.0;704.0
BUCHMEIER,HERMIT,LEEDS,LEIPZIG;Allianz;;;;;;;9649.0;136;3898.0;16.3;2196.0;6425.0;1256.0
BUCHMEIER,HERMIT;Allison;;;;;;;6509.0;229;;;;5187.0;1636.0
BUCHMEIER,HERMIT,LEEDS,LEIPZIG;allmählich;;;;;;;9472.0;139;2417.0;30.03;3458.0;6945.0;1129.0
B1,LEEDS,LEIPZIG;Alltag;der;;Substantiv;mask.;https://www.dwds.de/wb/Alltag;0.0;;;1892.0;39.27;2564.0;;
B1,LEEDS;alltäglich;;;Adjektiv;;https://www.dwds.de/wb/allt%C3%A4glich;0.0;;;3461.0;19.02;;;
BUCHMEIER,HERMIT,LEEDS,LEIPZIG;allzu;;;;;;;5111.0;316;2080.0;35.72;2017.0;4006.0;2292.0
BUCHMEIER,HERMIT;Alpha;;;;;;;6508.0;229;;;;4940.0;1747.0
B1;Alphabet;das;;Substantiv;neutr.;https://www.dwds.de/wb/Alphabet;0.0;;;;;;;
BUCHMEIER,HERMIT,LEIPZIG;Alptraum;;;;;;;6278.0;240;;;9725.0;6521.0;1230.0
A2,BUCHMEIER,BW1,HERMIT,LEEDS,LEIPZIG,LEO739,NRW111;als;;;Konjunktion;;https://www.dwds.de/wb/als;0.0;71.0;59151;21.0;4411.53;21.0;55.0;440490.0
A1,BUCHMEIER,BW3,HERMIT,LEEDS,LEIPZIG,LEO739,NRW111;also;;;Konjunktion;;https://www.dwds.de/wb/also#1;0.0;128.0;28108;97.0;741.23;226.0;87.0;276548.0
A1,BUCHMEIER,BW3,HERMIT,LEEDS,LEIPZIG,LEO739,NRW422;alt;;älter;Adjektiv;;https://www.dwds.de/wb/alt;0.0;711.0;3956;136.0;510.4;975.0;599.0;25682.0
BUCHMEIER,HERMIT;Altar;;;;;;;7436.0;191;;;;7636.0;1002.0
BUCHMEIER,HERMIT,LEEDS,LEIPZIG;alte;;;;;;;785.0;3343;1490.0;51.09;409.0;598.0;25827.0
BUCHMEIER,HERMIT,LEIPZIG;alten;;;;;;;764.0;3463;;;309.0;620.0;24660.0
B1;Altenheim;das;;Substantiv;neutr.;https://www.dwds.de/wb/Altenheim;0.0;;;;;;;
A1,BUCHMEIER,HERMIT,LEEDS,LEIPZIG;Alter;das;;Substantiv;neutr.;https://www.dwds.de/wb/Alter;0.0;756.0;3522;800.0;93.76;1038.0;508.0;32101.0
B1,LEEDS;alternativ;;;Adjektiv;;https://www.dwds.de/wb/alternativ;0.0;;;2324.0;31.39;;;
B1,BUCHMEIER,HERMIT,LEEDS,LEIPZIG;Alternative;die;;Substantiv;fem.;https://www.dwds.de/wb/Alternative#1;0.0;7297.0;197;1196.0;63.23;1902.0;5332.0;1582.0
B1;Altersheim;das;;Substantiv;neutr.;https://www.dwds.de/wb/Altersheim;0.0;;;;;;;
BUCHMEIER,HERMIT,LEIPZIG;altes;;;;;;;3309.0;558;;;6576.0;2525.0;4133.0
BUCHMEIER,HERMIT;altmodisch;;;;;;;8964.0;150;;;;8442.0;877.0
A1,BUCHMEIER,BW1,HERMIT,LEEDS,LEIPZIG,LEO739,NRW111;am;;;Präposition + Artikel;;https://www.dwds.de/wb/am;0.0;150.0;22978;46.0;1979.77;37.0;132.0;170913.0
BUCHMEIER,HERMIT;Amanda;;;;;;;3644.0;491;;;;1792.0;6306.0
BUCHMEIER,HERMIT;Amber;;;;;;;6181.0;245;;;;6614.0;1210.0
BW1;Ameise;die;;Substantiv;;;;;;;;;;
BUCHMEIER,HERMIT;Amen;;;;;;;3718.0;477;;;;2366.0;4491.0
BUCHMEIER,HERMIT,LEEDS,LEIPZIG;American;;;;;;;8531.0;159;4018.0;15.66;7654.0;7619.0;1005.0
BUCHMEIER,HERMIT,LEEDS,LEIPZIG,LEO739,NRW422;Amerika;;;;;;;1237.0;1863;1461.0;51.94;1459.0;1421.0;8518.0
BUCHMEIER,HERMIT,LEEDS,LEIPZIG;Amerikaner;;;;;;;1820.0;1173;1947.0;38.13;1384.0;1911.0;5869.0
BUCHMEIER,HERMIT,LEIPZIG;amerikanische;;;;;;;3440.0;533;;;991.0;3179.0;3060.0
BUCHMEIER,HERMIT,LEIPZIG;amerikanischen;;;;;;;3777.0;466;;;657.0;3452.0;2765.0
BUCHMEIER,HERMIT,LEIPZIG;amerikanischer;;;;;;;7674.0;183;;;4008.0;7800.0;976.0
BUCHMEIER,HERMIT,LEIPZIG;Amerikas;;;;;;;6702.0;220;;;5219.0;6950.0;1128.0
FEHLER400;Ammenhai;;;;;;;;;;;;;
A2,BUCHMEIER,BW1,LEIPZIG,LEO739;Ampel;die;;Substantiv;fem.;https://www.dwds.de/wb/Ampel;0.0;8963.0;150;;;9869.0;;
BW1;Amsel;die;;Substantiv;;;;;;;;;;
BUCHMEIER,HERMIT,LEIPZIG;Amsterdam;;;;;;;3538.0;514;;;4145.0;9094.0;794.0
B1,BUCHMEIER,HERMIT,LEEDS,LEIPZIG;Amt;das;;Substantiv;neutr.;https://www.dwds.de/wb/Amt;0.0;5002.0;326;1068.0;71.05;745.0;4378.0;2060.0
FEHLER400;Amurtiger;;;;;;;;;;;;;
BUCHMEIER,HERMIT;Amy;;;;;;;3584.0;501;;;;2303.0;4651.0
BUCHMEIER,HERMIT;amüsant;;;;;;;9340.0;142;;;;8123.0;924.0
B1,BUCHMEIER,HERMIT;amüsieren;;;Verb;;https://www.dwds.de/wb/am%C3%BCsieren;0.0;4957.0;330;;;;3936.0;2351.0
BUCHMEIER,HERMIT;amüsiert;;;;;;;6236.0;242;;;;5176.0;1640.0
A1,BUCHMEIER,BW1,HERMIT,LEEDS,LEIPZIG,LEO739,NRW111;an;;;Präposition;;https://www.dwds.de/wb/an#1;0.0;42.0;98024;25.0;3729.23;24.0;40.0;627600.0
BUCHMEIER,HERMIT;Ana;;;;;;;7701.0;182;;;;7550.0;1018.0
BUCHMEIER,HERMIT,LEEDS,LEIPZIG;Analyse;;;;;;;7246.0;199;1154.0;65.48;2535.0;5422.0;1551.0
B1,BUCHMEIER,HERMIT,LEEDS,LEIPZIG;analysieren;;;Verb;;https://www.dwds.de/wb/analysieren;0.0;9421.0;140;2704.0;25.98;8965.0;7849.0;967.0
LEO739;Ananas;die;;Substantiv;;;;;;;;;;
BUCHMEIER,HERMIT;Anbetracht;;;;;;;8962.0;150;;;;8401.0;882.0
A1,BUCHMEIER,HERMIT,LEEDS,LEIPZIG;anbieten;;;Verb;;https://www.dwds.de/wb/anbieten;0.0;3402.0;539;773.0;97.06;2436.0;2937.0;3388.0
B1,LEEDS,LEIPZIG;Anbieter;der;;Substantiv;mask.;https://www.dwds.de/wb/Anbieter;0.0;;;1861.0;39.92;2156.0;;
BUCHMEIER,HERMIT,LEEDS,LEIPZIG;Anblick;;;;;;;4539.0;368;3825.0;16.64;7398.0;4174.0;2185.0
BUCHMEIER,HERMIT,LEEDS,LEIPZIG;and;;;;;;;1372.0;1622;293.0;241.52;2204.0;1176.0;10618.0
BUCHMEIER,HERMIT;andauernd;;;;;;;5489.0;285;;;;5449.0;1540.0
BUCHMEIER,HERMIT;Andenken;;;;;;;7271.0;198;;;;6772.0;1171.0
A1,LEEDS;ander;;;Indefinitpronomen;;https://www.dwds.de/wb/ander;0.0;;;52.0;1733.48;;;
BUCHMEIER,HERMIT,LEEDS,LEIPZIG,LEO739,NRW422;andere;;;;;;;305.0;10007;1997.0;37.08;179.0;274.0;65229.0
BUCHMEIER,HERMIT,LEIPZIG;anderem;;;;;;;3205.0;582;;;9395.0;2728.0;3749.0
BUCHMEIER,HERMIT,LEIPZIG;anderen;;;;;;;225.0;14310;;;142.0;217.0;86205.0
BUCHMEIER,HERMIT,LEIPZIG;anderer;;;;;;;1468.0;1503;;;768.0;1302.0;9405.0
B1,BUCHMEIER,HERMIT,LEEDS,LEIPZIG;andererseits;;;Adverb;;https://www.dwds.de/wb/andererseits;0.0;8904.0;151;929.0;81.67;2531.0;5051.0;1700.0
BUCHMEIER,HERMIT,LEIPZIG;anderes;;;;;;;664.0;4324;;;941.0;548.0;29170.0
BUCHMEIER,HERMIT;andermal;;;;;;;7454.0;190;;;;5363.0;1571.0
BUCHMEIER,HERMIT,LEIPZIG;andern;;;;;;;6022.0;254;;;8370.0;5786.0;1432.0
A2,BUCHMEIER,BW3,FEHLER300,HERMIT,LEEDS,LEIPZIG;anders;;;Adverb;;https://www.dwds.de/wb/anders;0.0;561.0;5299;401.0;181.18;525.0;487.0;33554.0
B1;anderseits;;;Adverb;;https://www.dwds.de/wb/anderseits;0.0;;;;;;;
BUCHMEIER,HERMIT;Anderson;;;;;;;5040.0;323;;;;5464.0;1536.0
BUCHMEIER,HERMIT,LEIPZIG;anderthalb;;;;;;;9383.0;141;;;6062.0;7658.0;999.0
BUCHMEIER,HERMIT,LEEDS,LEIPZIG;Andrea;;;;;;;5179.0;310;1499.0;50.81;4704.0;5971.0;1379.0
HERMIT,LEIPZIG;Andreas;;;;;;;;;;;1553.0;9493.0;750.0
B1;andrerseits;;;Adverb;;https://www.dwds.de/wb/andrerseits;0.0;;;;;;;
BUCHMEIER,HERMIT;Andrew;;;;;;;5029.0;324;;;;3212.0;3020.0
BUCHMEIER,HERMIT;Andy;;;;;;;1832.0;1162;;;;1982.0;5575.0
HERMIT,LEIPZIG;aneinander;;;;;;;;;;;9834.0;9661.0;734.0
LEEDS,LEIPZIG;anerkannt;;;;;;;;;3940.0;16.08;3542.0;;
B1,LEEDS;anerkennen;;;Verb;;https://www.dwds.de/wb/anerkennen;0.0;;;1630.0;46.07;;;
BUCHMEIER,HERMIT,LEEDS,LEIPZIG;Anerkennung;;;;;;;7359.0;194;1800.0;41.42;2500.0;6696.0;1188.0
BUCHMEIER,HERMIT;Anfall;;;;;;;6591.0;225;;;;6757.0;1174.0
A1,BUCHMEIER,BW1,HERMIT,LEEDS,LEIPZIG;Anfang;der;Anfänge;Substantiv;mask.;https://www.dwds.de/wb/Anfang;0.0;1048.0;2309;344.0;204.39;376.0;1002.0;12784.0
A1,BUCHMEIER,HERMIT,LEEDS,LEIPZIG;anfangen;;;Verb;;https://www.dwds.de/wb/anfangen;0.0;1015.0;2378;1148.0;65.86;5350.0;933.0;14033.0
B1,BUCHMEIER,HERMIT,LEEDS,LEIPZIG;anfangs;;;Adverb;;https://www.dwds.de/wb/anfangs;0.0;9339.0;142;2716.0;25.8;4667.0;5634.0;1476.0
BUCHMEIER,HERMIT;anfassen;;;;;;;3358.0;548;;;;2686.0;3829.0
BUCHMEIER,HERMIT;anfing;;;;;;;5796.0;266;;;;5281.0;1601.0
LEEDS,LEIPZIG;Anfrage;;;;;;;;;2219.0;33.05;2784.0;;
BUCHMEIER,HERMIT;Anfänger;;;;;;;7490.0;189;;;;7253.0;1071.0
BUCHMEIER,HERMIT;anfängt;;;;;;;4956.0;330;;;;5287.0;1597.0
BUCHMEIER,HERMIT;anfühlt;;;;;;;7060.0;205;;;;5568.0;1498.0
BUCHMEIER,HERMIT,LEIPZIG;Anführer;;;;;;;2426.0;818;;;9974.0;2564.0;4075.0
B1,LEEDS,LEIPZIG;Angabe;die;;Substantiv;fem.;https://www.dwds.de/wb/Angabe;0.0;;;767.0;98.08;5315.0;;
B1,HERMIT,LEEDS,LEIPZIG;angeben;;;Verb;;https://www.dwds.de/wb/angeben;0.0;;;1717.0;43.79;4369.0;9615.0;738.0
BUCHMEIER,HERMIT,LEEDS,LEIPZIG;angeblich;;;;;;;4663.0;357;1094.0;69.62;1452.0;2694.0;3816.0
A1,BUCHMEIER,HERMIT,LEEDS,LEIPZIG;Angebot;das;;Substantiv;neutr.;https://www.dwds.de/wb/Angebot;0.0;1936.0;1087;585.0;123.49;725.0;1511.0;7873.0
BUCHMEIER,HERMIT,LEEDS,LEIPZIG;angeboten;;;;;;;4568.0;366;4760.0;12.47;1222.0;3431.0;2790.0
BUCHMEIER,HERMIT,LEIPZIG;angebracht;;;;;;;6634.0;223;;;5042.0;5760.0;1439.0
BUCHMEIER,HERMIT;angefahren;;;;;;;7095.0;204;;;;8199.0;912.0
BUCHMEIER,HERMIT,LEIPZIG;angefangen;;;;;;;1502.0;1451;;;5972.0;1362.0;8893.0
BUCHMEIER,HERMIT;angefasst;;;;;;;6797.0;216;;;;5718.0;1451.0
LEEDS,LEIPZIG;angegeben;;;;;;;;;4940.0;11.82;2862.0;;
BUCHMEIER,HERMIT,LEIPZIG;angegriffen;;;;;;;2266.0;887;;;4845.0;1891.0;5945.0
BUCHMEIER,HERMIT;angehalten;;;;;;;6119.0;249;;;;5703.0;1456.0
BUCHMEIER,HERMIT,LEEDS,LEIPZIG;angehen;;;;;;;5231.0;306;1926.0;38.6;9025.0;4750.0;1849.0
BUCHMEIER,HERMIT;angeheuert;;;;;;;7421.0;192;;;;6073.0;1351.0
BUCHMEIER,HERMIT,LEIPZIG;angeht;;;;;;;2754.0;702;;;4813.0;2186.0;4917.0
LEEDS,LEIPZIG;angehören;;;;;;;;;2769.0;25.23;5024.0;;
B1,LEEDS,LEIPZIG;Angehörige;;;Substantiv;fem., mask.;https://www.dwds.de/wb/Angeh%C3%B6rige;0.0;;;1828.0;40.76;4761.0;;
HERMIT,LEIPZIG;Angehörigen;;;;;;;;;;;3733.0;9858.0;714.0
BUCHMEIER,HERMIT,LEIPZIG;angehört;;;;;;;8721.0;155;;;6540.0;7539.0;1019.0
BUCHMEIER,HERMIT,LEIPZIG;angeklagt;;;;;;;7245.0;199;;;6221.0;4908.0;1765.0
BUCHMEIER,HERMIT,LEEDS,LEIPZIG;Angeklagte;;;;;;;8274.0;166;2940.0;23.32;3343.0;8145.0;920.0
BUCHMEIER,HERMIT,LEIPZIG;Angeklagten;;;;;;;8670.0;156;;;2325.0;7131.0;1096.0
BUCHMEIER,HERMIT,LEIPZIG;angekommen;;;;;;;2857.0;672;;;6123.0;2464.0;4258.0
BUCHMEIER,HERMIT;Angel;;;;;;;4255.0;401;;;;2703.0;3794.0
BUCHMEIER,HERMIT,LEEDS,LEIPZIG;Angela;;;;;;;3924.0;446;4288.0;14.33;7860.0;3319.0;2917.0
BUCHMEIER,HERMIT,LEEDS,LEIPZIG;Angelegenheit;;;;;;;3371.0;546;1816.0;40.98;3801.0;3157.0;3083.0
BUCHMEIER,HERMIT,LEIPZIG;Angelegenheiten;;;;;;;5586.0;279;;;6878.0;4963.0;1737.0
BUCHMEIER,HERMIT,LEEDS,LEIPZIG;angelegt;;;;;;;9136.0;146;4304.0;14.23;1676.0;7122.0;1097.0
BUCHMEIER,HERMIT;Angeles;;;;;;;2546.0;776;;;;3185.0;3053.0
BUCHMEIER,HERMIT;angeln;;;;;;;9979.0;130;;;;4566.0;1945.0
BUCHMEIER,HERMIT;angelogen;;;;;;;3595.0;499;;;;3254.0;2985.0
HERMIT,LEIPZIG;angemeldet;;;;;;;;;;;5011.0;9033.0;799.0
BUCHMEIER,HERMIT,LEEDS,LEIPZIG;angemessen;;;;;;;7554.0;187;1715.0;43.8;5507.0;6069.0;1353.0
B1,BUCHMEIER,HERMIT,LEEDS,LEIPZIG;angenehm;;;Adjektiv;;https://www.dwds.de/wb/angenehm;0.0;4646.0;358;2160.0;34.32;8919.0;3375.0;2854.0
BUCHMEIER,HERMIT,LEIPZIG;angenommen;;;;;;;2927.0;657;;;2010.0;2196.0;4897.0
BUCHMEIER,HERMIT,LEIPZIG;angeordnet;;;;;;;6973.0;208;;;5706.0;7417.0;1043.0
BUCHMEIER,HERMIT,LEIPZIG;angerichtet;;;;;;;6440.0;232;;;9146.0;5797.0;1429.0
BUCHMEIER,HERMIT,LEIPZIG;angerufen;;;;;;;956.0;2593;;;9731.0;780.0;17582.0
BUCHMEIER,HERMIT;angerührt;;;;;;;9382.0;141;;;;9127.0;790.0
BUCHMEIER,HERMIT;angeschaut;;;;;;;8455.0;161;;;;7161.0;1089.0
BUCHMEIER,HERMIT,LEIPZIG;angeschlossen;;;;;;;8132.0;170;;;4788.0;8542.0;863.0
BUCHMEIER,HERMIT;angeschossen;;;;;;;3867.0;455;;;;3788.0;2464.0
BUCHMEIER,HERMIT,LEIPZIG;angesehen;;;;;;;2876.0;667;;;3926.0;2455.0;4281.0
HERMIT,LEIPZIG;angesetzt;;;;;;;;;;;5877.0;7803.0;975.0
BUCHMEIER,HERMIT;Angesicht;;;;;;;6572.0;226;;;;5851.0;1413.0
HERMIT,LEEDS,LEIPZIG;angesichts;;;;;;;;;896.0;83.92;918.0;4903.0;1766.0
BUCHMEIER,HERMIT;angespannt;;;;;;;9549.0;138;;;;7782.0;978.0
BUCHMEIER,HERMIT,LEIPZIG;angesprochen;;;;;;;9978.0;130;;;4537.0;8481.0;871.0
BUCHMEIER,HERMIT,LEIPZIG;angestellt;;;;;;;3711.0;478;;;9663.0;3164.0;3079.0
B1,BUCHMEIER,HERMIT,LEEDS,LEIPZIG;Angestellte;;;Substantiv;mask., fem.;https://www.dwds.de/wb/Angestellte;0.0;8096.0;171;2623.0;27.12;3939.0;7854.0;965.0
BUCHMEIER,HERMIT,LEIPZIG;Angestellten;;;;;;;6261.0;241;;;3423.0;5266.0;1605.0
BUCHMEIER,HERMIT,LEIPZIG;angetan;;;;;;;1990.0;1053;;;8695.0;1649.0;7039.0
BUCHMEIER,HERMIT,LEIPZIG;angewiesen;;;;;;;7778.0;180;;;2721.0;7410.0;1043.0
HERMIT,LEIPZIG;angezeigt;;;;;;;;;;;2080.0;9530.0;746.0
BUCHMEIER,HERMIT;angezogen;;;;;;;3380.0;544;;;;3203.0;3032.0
BUCHMEIER,HERMIT,LEEDS;angreifen;;;;;;;2999.0;636;2372.0;30.62;;3081.0;3193.0
HERMIT,LEIPZIG;Angreifer;;;;;;;;;;;8815.0;7672.0;997.0
BUCHMEIER,HERMIT,LEEDS,LEIPZIG;Angriff;;;;;;;1654.0;1298;1079.0;70.26;2221.0;1607.0;7251.0
BUCHMEIER,HERMIT,LEIPZIG;Angriffe;;;;;;;7700.0;182;;;4065.0;7681.0;995.0
A2,BUCHMEIER,FEHLER100,FEHLER300,HERMIT,LEEDS,LEIPZIG,LEO739,NRW422;Angst;die;;Substantiv;fem.;https://www.dwds.de/wb/Angst;0.0;295.0;10769;525.0;138.76;764.0;267.0;67249.0
FEHLER400;angsterfüllt;;;;;;;;;;;;;
B1,BUCHMEIER,HERMIT;anhaben;;;Verb;;https://www.dwds.de/wb/anhaben;0.0;8618.0;157;;;;9315.0;769.0
BUCHMEIER,HERMIT,LEEDS;anhalten;;;;;;;3125.0;603;3854.0;16.49;;2375.0;4466.0
FEHLER200,FEHLER400,HERMIT,LEEDS,LEIPZIG;anhand;;;;;;;;;1840.0;40.38;3620.0;9604.0;739.0
BUCHMEIER,HERMIT,LEEDS,LEIPZIG;Anhänger;;;;;;;6816.0;215;2429.0;29.92;2412.0;5909.0;1397.0
BUCHMEIER,HERMIT;anhören;;;;;;;4725.0;351;;;;3729.0;2511.0
BUCHMEIER,HERMIT,LEIPZIG;Anhörung;;;;;;;9135.0;146;;;6238.0;5987.0;1375.0
BUCHMEIER,HERMIT;Anita;;;;;;;9338.0;142;;;;9188.0;783.0
BUCHMEIER,HERMIT;ankam;;;;;;;8095.0;171;;;;6496.0;1237.0
BUCHMEIER,HERMIT,LEEDS,LEIPZIG;Anklage;;;;;;;4090.0;425;4330.0;14.13;2460.0;2948.0;3375.0
A1;anklicken;;;Verb;;https://www.dwds.de/wb/anklicken;0.0;;;;;;;
A1,BUCHMEIER,HERMIT,LEEDS;ankommen;;;Verb;;https://www.dwds.de/wb/ankommen;0.0;4445.0;378;1326.0;56.71;;4346.0;2077.0
BUCHMEIER,HERMIT,LEIPZIG;ankommt;;;;;;;5569.0;280;;;8699.0;5897.0;1400.0
A1;ankreuzen;;;Verb;;https://www.dwds.de/wb/ankreuzen;0.0;;;;;;;
A1,BUCHMEIER,HERMIT,LEEDS,LEIPZIG;Ankunft;die;;Substantiv;fem.;https://www.dwds.de/wb/Ankunft;0.0;4767.0;347;3668.0;17.6;5565.0;3947.0;2340.0
B1,LEEDS;ankündigen;;;Verb;;https://www.dwds.de/wb/ank%C3%BCndigen;0.0;;;2361.0;30.76;;;
LEEDS,LEIPZIG;Ankündigung;;;;;;;;;4694.0;12.73;3862.0;;
B1,BUCHMEIER,HERMIT,LEEDS,LEIPZIG;Anlage;die;;Substantiv;fem.;https://www.dwds.de/wb/Anlage;0.0;5627.0;276;1232.0;61.19;1546.0;5463.0;1537.0
BUCHMEIER,HERMIT;Anlass;;;;;;;6010.0;255;;;;4926.0;1757.0
LEEDS,LEIPZIG;Anlaß;;;;;;;;;1453.0;52.31;1326.0;;
BUCHMEIER,HERMIT,LEEDS,LEIPZIG;anlegen;;;;;;;5739.0;270;1755.0;42.61;2375.0;4616.0;1915.0
LEEDS,LEIPZIG;Anleger;;;;;;;;;4413.0;13.79;1639.0;;
B1,LEEDS;Anleitung;die;;Substantiv;fem.;https://www.dwds.de/wb/Anleitung;0.0;;;4163.0;14.93;;;
HERMIT,LEEDS,LEIPZIG;Anliegen;;;;;;;;;2677.0;26.38;4421.0;9923.0;707.0
LEEDS,LEIPZIG;anläßlich;;;;;;;;;2653.0;26.62;4018.0;;
BUCHMEIER,HERMIT;anlügen;;;;;;;6421.0;233;;;;5856.0;1412.0
A1,BUCHMEIER,HERMIT;anmachen;;;Verb;;https://www.dwds.de/wb/anmachen;0.0;8617.0;157;;;;9734.0;726.0
A1,LEEDS,LEIPZIG;anmelden;;;Verb;;https://www.dwds.de/wb/anmelden;0.0;;;2973.0;23.03;7901.0;;
A1,LEEDS,LEIPZIG;Anmeldung;die;;Substantiv;fem.;https://www.dwds.de/wb/Anmeldung;0.0;;;3092.0;22.01;5512.0;;
BUCHMEIER,HERMIT;Ann;;;;;;;4181.0;411;;;;4044.0;2265.0
BUCHMEIER,HERMIT,LEEDS,LEIPZIG;Anna;;;;;;;2085.0;995;2928.0;23.45;2529.0;1472.0;8151.0
BUCHMEIER,HERMIT,LEEDS,LEIPZIG;Annahme;;;;;;;7840.0;178;1896.0;39.13;4402.0;6839.0;1152.0
FEHLER200,FEHLER400;Annalen;;;;;;;;;;;;;
BUCHMEIER,HERMIT,LEIPZIG;Anne;;;;;;;4792.0;345;;;9061.0;2522.0;4140.0
B1,BUCHMEIER,HERMIT,LEEDS,LEIPZIG;annehmen;;;Verb;;https://www.dwds.de/wb/annehmen;0.0;2477.0;798;706.0;105.61;5234.0;2140.0;5041.0
BUCHMEIER,HERMIT;Annie;;;;;;;4596.0;363;;;;2533.0;4126.0
B1;Annonce;die;;Substantiv;fem.;https://www.dwds.de/wb/Annonce;0.0;;;;;;;
FEHLER200,FEHLER400;annullieren;;;;;;;;;;;;;
BUCHMEIER,HERMIT,LEIPZIG;annähernd;;;;;;;9977.0;130;;;5950.0;8379.0;885.0
HERMIT,LEEDS;anonym;;;;;;;;;3623.0;17.87;;8661.0;846.0
BUCHMEIER,HERMIT,LEEDS,LEIPZIG;Anordnung;;;;;;;9911.0;131;3503.0;18.77;5557.0;9342.0;766.0
BUCHMEIER,HERMIT,LEEDS,LEIPZIG;anpassen;;;;;;;9420.0;140;1919.0;38.72;8633.0;8441.0;877.0
BUCHMEIER,HERMIT,LEEDS,LEIPZIG;Anpassung;;;;;;;5898.0;261;2931.0;23.41;5185.0;9014.0;800.0
A1;Anrede;die;;Substantiv;fem.;https://www.dwds.de/wb/Anrede;0.0;;;;;;;
LEEDS,LEIPZIG;Anregung;;;;;;;;;2849.0;24.33;9958.0;;
A1,BUCHMEIER,HERMIT,LEEDS,LEIPZIG;Anruf;der;;Substantiv;mask.;https://www.dwds.de/wb/Anruf;0.0;1211.0;1900;4021.0;15.66;8877.0;1205.0;10355.0
A1,BUCHMEIER,HERMIT;Anrufbeantworter;der;;Substantiv;mask.;https://www.dwds.de/wb/Anrufbeantworter;0.0;9868.0;132;;;;8504.0;869.0
BUCHMEIER,HERMIT;Anrufe;;;;;;;3501.0;522;;;;2353.0;4518.0
A1,BUCHMEIER,HERMIT,LEEDS;anrufen;;;Verb;;https://www.dwds.de/wb/anrufen;0.0;971.0;2557;2961.0;23.15;;841.0;15965.0
BUCHMEIER,HERMIT;anruft;;;;;;;5683.0;273;;;;6127.0;1337.0
BUCHMEIER,HERMIT,LEEDS,LEIPZIG;ans;;;;;;;1395.0;1579;1850.0;40.08;1686.0;1174.0;10646.0
A1;Ansage;die;;Substantiv;fem.;https://www.dwds.de/wb/Ansage;0.0;;;;;;;
LEEDS,LEIPZIG;Ansatz;;;;;;;;;1103.0;69.11;4164.0;;
B1;anschaffen;;;Verb;;https://www.dwds.de/wb/anschaffen;0.0;;;;;;;
BUCHMEIER,HERMIT,LEEDS;anschauen;;;;;;;4089.0;425;2773.0;25.16;;3535.0;2677.0
BUCHMEIER,HERMIT,LEEDS,LEIPZIG;anscheinend;;;;;;;3885.0;453;2714.0;25.82;6853.0;1744.0;6532.0
BUCHMEIER,HERMIT,LEEDS,LEIPZIG;Anschlag;;;;;;;4193.0;410;2549.0;28.04;2929.0;5092.0;1678.0
B1,BUCHMEIER,HERMIT,LEEDS,LEIPZIG;anschließen;;;Verb;;https://www.dwds.de/wb/anschlie%C3%9Fen;0.0;7489.0;189;2287.0;32.06;8601.0;5918.0;1393.0
HERMIT,LEEDS,LEIPZIG,LEO739;anschließend;;;;;;;;;1034.0;73.25;1520.0;9582.0;742.0
A1,FEHLER400,HERMIT;Anschluss;der;;Substantiv;mask.;https://www.dwds.de/wb/Anschluss;0.0;;;;;;9133.0;789.0
LEEDS,LEIPZIG;Anschluß;;;;;;;;;1860.0;39.95;3810.0;;
BUCHMEIER,LEIPZIG;Anschläge;;;;;;;8157.0;169;;;6762.0;;
B1;anschnallen;;;Verb;;https://www.dwds.de/wb/anschnallen;0.0;;;;;;;
BUCHMEIER,HERMIT;ansehe;;;;;;;8094.0;171;;;;8414.0;881.0
A2,BUCHMEIER,HERMIT,LEEDS,LEIPZIG;ansehen;;;Verb;;https://www.dwds.de/wb/ansehen;0.0;1261.0;1821;803.0;93.59;4492.0;1044.0;12148.0
BUCHMEIER,HERMIT,LEEDS,LEIPZIG;Ansicht;;;;;;;5943.0;259;954.0;79.12;690.0;5454.0;1539.0
HERMIT,LEIPZIG;Ansichten;;;;;;;;;;;7015.0;8959.0;809.0
BUCHMEIER,HERMIT;ansieht;;;;;;;6609.0;224;;;;7321.0;1060.0
BUCHMEIER,HERMIT,LEEDS,LEIPZIG;Ansonsten;;;;;;;6463.0;231;1623.0;46.29;3234.0;4125.0;2218.0
B1,HERMIT,LEEDS;ansprechen;;;Verb;;https://www.dwds.de/wb/ansprechen;0.0;;;1694.0;44.21;;8531.0;864.0
B1,BUCHMEIER,HERMIT,LEEDS,LEIPZIG;Anspruch;der;;Substantiv;mask.;https://www.dwds.de/wb/Anspruch;0.0;7453.0;190;604.0;119.64;1096.0;5395.0;1558.0
HERMIT,LEIPZIG;Anstalt;;;;;;;;;;;7738.0;9291.0;771.0
BUCHMEIER,HERMIT;Anstand;;;;;;;9596.0;137;;;;7937.0;952.0
BUCHMEIER,HERMIT,LEEDS,LEIPZIG;anstatt;;;;;;;3531.0;516;2308.0;31.67;5728.0;2516.0;4149.0
BUCHMEIER,HERMIT,LEEDS,LEIPZIG;anstelle;;;;;;;9274.0;143;4410.0;13.8;6619.0;8085.0;929.0
B1,BUCHMEIER,HERMIT,LEEDS;anstellen;;;Verb;;https://www.dwds.de/wb/anstellen;0.0;4138.0;417;3603.0;18.07;;3846.0;2417.0
LEEDS,LEIPZIG;Anstieg;;;;;;;;;2938.0;23.32;2160.0;;
B1;anstrengen;;;Verb;;https://www.dwds.de/wb/anstrengen;0.0;;;;;;;
B1,BUCHMEIER,HERMIT;anstrengend;;;partizipiales Adjektiv;;https://www.dwds.de/wb/anstrengend;0.0;6385.0;235;;;;5356.0;1573.0
BUCHMEIER,HERMIT;anständig;;;;;;;5510.0;283;;;;4775.0;1839.0
BUCHMEIER,HERMIT,LEEDS,LEIPZIG;Anteil;;;;;;;3576.0;503;883.0;84.77;886.0;3112.0;3146.0
BUCHMEIER,HERMIT;Anthony;;;;;;;6675.0;221;;;;4439.0;2027.0
FEHLER200,FEHLER400;Antipathie;;;;;;;;;;;;;
LEEDS,LEIPZIG;Antisemitismus;;;;;;;;;3121.0;21.73;9283.0;;
BUCHMEIER,HERMIT;Antoine;;;;;;;7981.0;174;;;;6139.0;1334.0
BUCHMEIER,HERMIT,LEIPZIG;Anton;;;;;;;5994.0;256;;;4852.0;4611.0;1916.0
BUCHMEIER,HERMIT,LEIPZIG;Antonio;;;;;;;8053.0;172;;;6417.0;6405.0;1262.0
B1,BUCHMEIER,HERMIT,LEEDS,LEIPZIG;Antrag;der;;Substantiv;mask.;https://www.dwds.de/wb/Antrag;0.0;3673.0;487;999.0;75.89;1056.0;3024.0;3283.0
BUCHMEIER,HERMIT,LEEDS,LEIPZIG;antreten;;;;;;;7059.0;205;3124.0;21.7;3261.0;5812.0;1426.0
BUCHMEIER,HERMIT;antun;;;;;;;2797.0;692;;;;2274.0;4721.0
A1,BUCHMEIER,HERMIT,LEEDS,LEIPZIG;Antwort;die;;Substantiv;fem.;https://www.dwds.de/wb/Antwort;0.0;1028.0;2351;409.0;179.33;1206.0;942.0;13848.0
BUCHMEIER,HERMIT;Antworte;;;;;;;4284.0;397;;;;3096.0;3177.0
A1,BUCHMEIER,BW3,HERMIT,LEEDS,LEIPZIG,LEO739,NRW422;antworten;;du antwortest, Antwort;Verb;;https://www.dwds.de/wb/antworten;0.0;2181.0;937;676.0;108.88;3822.0;1280.0;9575.0
BUCHMEIER,HERMIT,LEIPZIG;antwortet;;;;;;;7579.0;186;;;6679.0;5357.0;1573.0
BUCHMEIER,HERMIT;anvertrauen;;;;;;;9595.0;137;;;;8003.0;942.0
B1,BUCHMEIER,HERMIT,LEEDS,LEIPZIG;Anwalt;der;;Substantiv;mask.;https://www.dwds.de/wb/Anwalt;0.0;1517.0;1435;2515.0;28.51;2259.0;1005.0;12728.0
BUCHMEIER,HERMIT,LEEDS,LEIPZIG;Anweisung;;;;;;;6335.0;237;3540.0;18.49;6568.0;6386.0;1266.0
BUCHMEIER,HERMIT,LEIPZIG;Anweisungen;;;;;;;3242.0;574;;;8865.0;3132.0;3121.0
B1,BUCHMEIER,LEEDS;anwenden;;;Verb;;https://www.dwds.de/wb/anwenden;0.0;9976.0;130;1495.0;50.92;;;
LEEDS,LEIPZIG;Anwender;;;;;;;;;3317.0;20.09;5825.0;;
LEEDS,LEIPZIG;Anwendung;;;;;;;;;911.0;83.02;2411.0;;
BUCHMEIER,HERMIT;Anwesen;;;;;;;8385.0;163;;;;6688.0;1190.0
B1,BUCHMEIER,HERMIT,LEEDS,LEIPZIG;anwesend;;;Adjektiv;;https://www.dwds.de/wb/anwesend;0.0;7058.0;205;2866.0;24.14;9590.0;5590.0;1492.0
BUCHMEIER,HERMIT,LEEDS,LEIPZIG;Anwesenheit;;;;;;;5315.0;298;4263.0;14.45;6956.0;4363.0;2065.0
BUCHMEIER,HERMIT,LEIPZIG;Anwälte;;;;;;;6021.0;254;;;5377.0;3956.0;2332.0
B1,BUCHMEIER,HERMIT;Anwältin;die;;Substantiv;fem.;https://www.dwds.de/wb/Anw%C3%A4ltin;0.0;8903.0;151;;;;4957.0;1739.0
B1,BUCHMEIER,HERMIT,LEEDS,LEIPZIG;Anzahl;die;;Substantiv;fem.;https://www.dwds.de/wb/Anzahl;0.0;5331.0;297;1042.0;72.94;1861.0;5906.0;1398.0
BUCHMEIER,HERMIT,LEEDS,LEIPZIG;Anzeichen;;;;;;;4724.0;351;4703.0;12.69;4991.0;3667.0;2563.0
A1,BUCHMEIER,HERMIT,LEEDS,LEIPZIG;Anzeige;die;;Substantiv;fem.;https://www.dwds.de/wb/Anzeige;0.0;5001.0;326;2233.0;32.89;3061.0;3496.0;2720.0
B1,HERMIT,LEEDS,LEIPZIG;anzeigen;;;Verb;;https://www.dwds.de/wb/anzeigen;0.0;;;1711.0;43.84;2879.0;6265.0;1299.0
A1,BUCHMEIER,HERMIT,LEEDS;anziehen;;;Verb;;https://www.dwds.de/wb/anziehen;0.0;3456.0;530;3597.0;18.1;;2381.0;4454.0
BUCHMEIER,HERMIT,LEIPZIG;anzubieten;;;;;;;9337.0;142;;;5651.0;8652.0;848.0
BUCHMEIER,HERMIT;anzufangen;;;;;;;6484.0;230;;;;6086.0;1348.0
A2,BUCHMEIER,HERMIT,LEIPZIG;Anzug;der;;Substantiv;mask.;https://www.dwds.de/wb/Anzug;0.0;2265.0;887;;;8706.0;2093.0;5163.0
BUCHMEIER,HERMIT;anzugreifen;;;;;;;7319.0;196;;;;7316.0;1061.0
BUCHMEIER,HERMIT,LEIPZIG;anzunehmen;;;;;;;7777.0;180;;;6993.0;5904.0;1399.0
BUCHMEIER,HERMIT;anzurufen;;;;;;;3866.0;455;;;;3697.0;2539.0
BUCHMEIER,HERMIT,LEIPZIG;anzusehen;;;;;;;5420.0;290;;;7312.0;4436.0;2028.0
BUCHMEIER,HERMIT;anzünden;;;;;;;9753.0;134;;;;9134.0;789.0
FEHLER200,FEHLER400;Apartheid;;;;;;;;;;;;;
A1,BUCHMEIER,HERMIT;Apartment;das;;Substantiv;neutr.;https://www.dwds.de/wb/Apartment;0.0;4750.0;349;;;;4147.0;2204.0
A1,BUCHMEIER,BW1,HERMIT,LEO739,NRW422;Apfel;der;Äpfel;Substantiv;mask.;https://www.dwds.de/wb/Apfel;0.0;7212.0;200;;;;5228.0;1621.0
BUCHMEIER,HERMIT;Apollo;;;;;;;5474.0;286;;;;6452.0;1248.0
A2,BUCHMEIER,HERMIT;Apotheke;die;;Substantiv;fem.;https://www.dwds.de/wb/Apotheke;0.0;9975.0;130;;;;7610.0;1006.0
A2,BUCHMEIER,FEHLER200,FEHLER400,HERMIT;Apparat;der;;Substantiv;mask.;https://www.dwds.de/wb/Apparat;0.0;4766.0;347;;;;4482.0;1993.0
A1;Appartement;das;;Substantiv;neutr.;https://www.dwds.de/wb/Appartement;0.0;;;;;;;
A1,BUCHMEIER,HERMIT;Appetit;der;;Substantiv;mask.;https://www.dwds.de/wb/Appetit;0.0;4248.0;402;;;;3391.0;2843.0
BUCHMEIER,HERMIT,LEIPZIG;Applaus;;;;;;;4353.0;389;;;7276.0;3072.0;3204.0
LEEDS,LEIPZIG;Apple;;;;;;;;;2926.0;23.48;9867.0;;
B1;Aprikose;die;;Substantiv;fem.;https://www.dwds.de/wb/Aprikose;0.0;;;;;;;
A1,BUCHMEIER,BW1,HERMIT,LEEDS,LEIPZIG,LEO739;April;der;;Substantiv;mask.;https://www.dwds.de/wb/April;0.0;3840.0;458;589.0;122.5;479.0;2994.0;3315.0
BUCHMEIER,HERMIT;Apropos;;;;;;;7001.0;207;;;;4122.0;2219.0
BW3;Aquarium;das;Aquarien;Substantiv;;;;;;;;;;
BUCHMEIER,HERMIT,LEIPZIG;Araber;;;;;;;9804.0;133;;;9851.0;8205.0;910.0
HERMIT,LEEDS;arabisch;;;;;;;;;2421.0;29.99;;7920.0;954.0
A1,BUCHMEIER,HERMIT,LEEDS,LEIPZIG;Arbeit;die;;Substantiv;fem.;https://www.dwds.de/wb/Arbeit;0.0;316.0;9601;160.0;446.37;287.0;296.0;59309.0
BUCHMEIER,HERMIT,LEIPZIG;arbeite;;;;;;;1058.0;2261;;;8096.0;920.0;14361.0
A1,BUCHMEIER,BW1,HERMIT,LEEDS,LEIPZIG;arbeiten;;du arbeitest;Verb;;https://www.dwds.de/wb/arbeiten;0.0;519.0;5685;265.0;263.19;642.0;419.0;38510.0
B1,BUCHMEIER,HERMIT,LEEDS,LEIPZIG;Arbeiter;der;;Substantiv;mask.;https://www.dwds.de/wb/Arbeiter;0.0;4525.0;369;1005.0;75.53;1856.0;3582.0;2640.0
B1;Arbeiterin;die;;Substantiv;fem.;https://www.dwds.de/wb/Arbeiterin;0.0;;;;;;;
BUCHMEIER,HERMIT;arbeitest;;;;;;;2618.0;748;;;;1947.0;5728.0
BUCHMEIER,HERMIT,LEIPZIG;arbeitet;;;;;;;1092.0;2180;;;1260.0;904.0;14747.0
BUCHMEIER,HERMIT,LEIPZIG;arbeitete;;;;;;;2889.0;665;;;2797.0;2501.0;4174.0
BUCHMEIER,HERMIT,LEIPZIG;arbeiteten;;;;;;;5437.0;289;;;6903.0;6629.0;1206.0
HERMIT,LEEDS,LEIPZIG;Arbeitgeber;;;;;;;;;1589.0;47.52;1284.0;8701.0;841.0
LEEDS,LEIPZIG;Arbeitnehmer;;;;;;;;;1622.0;46.3;1692.0;;
B1;Arbeitserlaubnis;die;;Substantiv;fem.;https://www.dwds.de/wb/Arbeitserlaubnis;0.0;;;;;;;
LEEDS,LEIPZIG;Arbeitsgruppe;;;;;;;;;3193.0;21.03;4640.0;;
A1,BUCHMEIER,HERMIT,LEEDS,LEIPZIG;arbeitslos;;;Adjektiv;;https://www.dwds.de/wb/arbeitslos;0.0;8350.0;164;4651.0;12.87;5731.0;7523.0;1023.0
LEEDS,LEIPZIG;Arbeitslose;;;;;;;;;3951.0;15.98;4800.0;;
B1,LEEDS,LEIPZIG;Arbeitslosigkeit;die;;Substantiv;fem.;https://www.dwds.de/wb/Arbeitslosigkeit;0.0;;;1920.0;38.71;1447.0;;
LEEDS,LEIPZIG;Arbeitsmarkt;;;;;;;;;2553.0;27.97;2832.0;;
A1,BUCHMEIER,HERMIT,LEEDS,LEIPZIG;Arbeitsplatz;der;;Substantiv;mask.;https://www.dwds.de/wb/Arbeitsplatz;0.0;9594.0;137;977.0;77.18;2379.0;8782.0;829.0
B1;Arbeitsstelle;die;;Substantiv;fem.;https://www.dwds.de/wb/Arbeitsstelle;0.0;;;;;;;
LEEDS,LEIPZIG;Arbeitszeit;;;;;;;;;2975.0;23.01;4730.0;;
BUCHMEIER,HERMIT;Archer;;;;;;;6535.0;228;;;;4740.0;1854.0
B1,LEEDS,LEIPZIG;Architekt;der;;Substantiv;mask.;https://www.dwds.de/wb/Architekt;0.0;;;3698.0;17.44;4851.0;;
B1;Architektin;die;;Substantiv;fem.;https://www.dwds.de/wb/Architektin;0.0;;;;;;;
LEEDS,LEIPZIG;Architektur;;;;;;;;;3325.0;20.02;3212.0;;
HERMIT,LEEDS,LEIPZIG;Archiv;;;;;;;;;2319.0;31.5;6548.0;8863.0;819.0
BUCHMEIER,HERMIT,LEEDS;are;;;;;;;7244.0;199;2483.0;28.97;;5141.0;1653.0
HERMIT,LEIPZIG;Arena;;;;;;;;;;;7760.0;9272.0;773.0
LEEDS,LEIPZIG;arg;;;;;;;;;4992.0;11.67;9160.0;;
BUCHMEIER,HERMIT,LEEDS,LEIPZIG;Argument;;;;;;;6260.0;241;1215.0;61.98;3340.0;6995.0;1119.0
LEEDS,LEIPZIG;Argumentation;;;;;;;;;3589.0;18.12;7380.0;;
BUCHMEIER,HERMIT;Ari;;;;;;;2007.0;1046;;;;4538.0;1959.0
BUCHMEIER,HERMIT;Arizona;;;;;;;8858.0;152;;;;7180.0;1086.0
A1,A2,BUCHMEIER,BW1,HERMIT,LEEDS,LEIPZIG;Arm;der;ärmer;Substantiv;mask.;https://www.dwds.de/wb/Arm;0.0;1305.0;1744;840.0;89.53;3691.0;1034.0;12247.0
FEHLER200,FEHLER400;Armatur;;;;;;;;;;;;;
BUCHMEIER,HERMIT;Armband;;;;;;;9701.0;135;;;;7718.0;989.0
BUCHMEIER,HERMIT,LEIPZIG;Arme;;;;;;;1841.0;1155;;;3695.0;1013.0;12576.0
BUCHMEIER,HERMIT,LEEDS,LEIPZIG;Armee;;;;;;;1321.0;1699;1262.0;60.0;1192.0;1304.0;9395.0
BUCHMEIER,HERMIT,LEIPZIG;Armen;;;;;;;2833.0;678;;;3990.0;1548.0;7639.0
BUCHMEIER,HERMIT;Armer;;;;;;;4812.0;343;;;;2514.0;4149.0
BUCHMEIER,HERMIT;armes;;;;;;;8419.0;162;;;;4721.0;1865.0
BUCHMEIER,HERMIT,LEEDS,LEIPZIG;Armut;;;;;;;9010.0;149;2341.0;31.09;3673.0;8195.0;913.0
BUCHMEIER,HERMIT;Army;;;;;;;6277.0;240;;;;6147.0;1332.0
BUCHMEIER,HERMIT,LEIPZIG;Arnold;;;;;;;8454.0;161;;;9308.0;5838.0;1417.0
BUCHMEIER,HERMIT;arrangieren;;;;;;;7035.0;206;;;;5747.0;1442.0
BUCHMEIER,HERMIT;arrangiert;;;;;;;6768.0;217;;;;5564.0;1500.0
BUCHMEIER,HERMIT;arrogant;;;;;;;9009.0;149;;;;8618.0;852.0
BUCHMEIER,HERMIT;Arsch;;;;;;;636.0;4530;;;;632.0;23823.0
BUCHMEIER,HERMIT;Arschloch;;;;;;;973.0;2549;;;;969.0;13441.0
BUCHMEIER,HERMIT;Arschlöcher;;;;;;;4160.0;414;;;;4146.0;2204.0
B1,BUCHMEIER,HERMIT,LEEDS,LEIPZIG;Art;die;;Substantiv;fem.;https://www.dwds.de/wb/Art;0.0;445.0;6711;179.0;372.97;320.0;477.0;34062.0
BUCHMEIER,HERMIT,LEIPZIG;Arten;;;;;;;4435.0;379;;;2982.0;4635.0;1906.0
BUCHMEIER,HERMIT;Arthur;;;;;;;3109.0;606;;;;1861.0;6041.0
A2,BUCHMEIER,HERMIT,LEEDS,LEIPZIG;Artikel;der;;Substantiv;mask.;https://www.dwds.de/wb/Artikel;0.0;3284.0;564;312.0;226.74;1627.0;2297.0;4670.0
A1,BUCHMEIER,BW3,FEHLER400,HERMIT,LEEDS,LEIPZIG,LEO739,NRW422;Arzt;der;Ärzte, Ärztin;Substantiv;mask.;https://www.dwds.de/wb/Arzt;0.0;863.0;2915;549.0;132.52;1848.0;729.0;19080.0
BUCHMEIER,HERMIT,LEEDS;as;;;;;;;8857.0;152;2199.0;33.46;;6962.0;1127.0
BUCHMEIER,HERMIT;Asche;;;;;;;4254.0;401;;;;3795.0;2458.0
BUCHMEIER,HERMIT;Ash;;;;;;;6815.0;215;;;;7733.0;986.0
BUCHMEIER,HERMIT;Ashley;;;;;;;8131.0;170;;;;5168.0;1643.0
LEEDS,LEIPZIG,LEO739,NRW422;Asien;;;;;;;;;3163.0;21.34;2362.0;;
FEHLER400;asozial;;;;;;;;;;;;;
LEEDS,LEIPZIG;Aspekt;;;;;;;;;867.0;86.43;5004.0;;
BUCHMEIER,HERMIT;Aspirin;;;;;;;6972.0;208;;;;7499.0;1028.0
BUCHMEIER,HERMIT;Assistent;;;;;;;5682.0;273;;;;5705.0;1454.0
BUCHMEIER,HERMIT;Assistenten;;;;;;;7182.0;201;;;;7727.0;987.0
BUCHMEIER,HERMIT;Assistentin;;;;;;;6118.0;249;;;;4866.0;1782.0
BW1,LEO739;Ast;der;Äste;Substantiv;;;;;;;;;;
FEHLER400;Astralkörper;;;;;;;;;;;;;
LEO739;Astronaut;der;;Substantiv;;;;;;;;;;
B1,LEIPZIG;Asyl;das;;Substantiv;neutr.;https://www.dwds.de/wb/Asyl;0.0;;;;;6100.0;;
FEHLER400;Asymmetrie;;;;;;;;;;;;;
FEHLER400;asymmetrisch;;;;;;;;;;;;;
HERMIT,LEEDS;at;;;;;;;;;1469.0;51.79;;7215.0;1079.0
B1,BUCHMEIER,HERMIT,LEEDS,LEIPZIG;Atem;der;;Substantiv;mask.;https://www.dwds.de/wb/Atem;0.0;4020.0;434;4314.0;14.21;6535.0;3845.0;2420.0
BUCHMEIER,HERMIT,LEIPZIG;Atlanta;;;;;;;9803.0;133;;;2593.0;9023.0;800.0
BUCHMEIER,HERMIT;Atlantis;;;;;;;4341.0;390;;;;9609.0;739.0
BUCHMEIER,HERMIT;Atme;;;;;;;5039.0;323;;;;3817.0;2442.0
B1,BUCHMEIER,HERMIT,LEEDS;atmen;;;Verb;;https://www.dwds.de/wb/atmen;0.0;3151.0;597;4478.0;13.57;;1796.0;6291.0
BUCHMEIER,HERMIT;atmet;;;;;;;5028.0;324;;;;2656.0;3878.0
BUCHMEIER,FEHLER200,FEHLER400,HERMIT,LEEDS,LEIPZIG;Atmosphäre;;;;;;;5230.0;306;2385.0;30.46;2218.0;4929.0;1756.0
BUCHMEIER,HERMIT,LEIPZIG;Attentat;;;;;;;7578.0;186;;;6502.0;8351.0;890.0
BUCHMEIER,HERMIT;Attentäter;;;;;;;7699.0;182;;;;8826.0;823.0
BUCHMEIER,HERMIT,LEEDS,LEIPZIG;attraktiv;;;;;;;4320.0;392;2496.0;28.78;6191.0;4221.0;2151.0
FEHLER200,FEHLER400;Attrappe;;;;;;;;;;;;;
B1,BUCHMEIER,HERMIT,LEEDS;Au;;;Symbol;;https://www.dwds.de/wb/Au#3;0.0;2016.0;1041;4971.0;11.73;;1648.0;7042.0
BUCHMEIER,HERMIT;Aua;;;;;;;4361.0;388;;;;4238.0;2140.0
A1,BUCHMEIER,BW3,HERMIT,LEEDS,LEIPZIG,LEO739,NRW111;auch;;;Konjunktion;;https://www.dwds.de/wb/auch;0.0;57.0;69295;19.0;5034.99;22.0;53.0;449250.0
BUCHMEIER,HERMIT;Audrey;;;;;;;2528.0;782;;;;4022.0;2280.0
A1,BUCHMEIER,BW1,HERMIT,LEEDS,LEIPZIG,LEO739,NRW111;auf;;;Präposition;;https://www.dwds.de/wb/auf#1;0.0;25.0;131482;14.0;6054.1;12.0;23.0;881418.0
LEEDS,LEIPZIG;Aufbau;;;;;;;;;1362.0;55.54;1696.0;;
BUCHMEIER,HERMIT,LEEDS,LEIPZIG;aufbauen;;;;;;;5993.0;256;1091.0;69.7;4787.0;4924.0;1758.0
BUCHMEIER,HERMIT;aufbewahrt;;;;;;;8774.0;154;;;;7795.0;976.0
BUCHMEIER,HERMIT;aufbrechen;;;;;;;6309.0;238;;;;6040.0;1361.0
LEEDS,LEIPZIG;aufbringen;;;;;;;;;4169.0;14.89;7155.0;;
BUCHMEIER,HERMIT,LEEDS,LEIPZIG;aufeinander;;;;;;;6814.0;215;3600.0;18.09;4808.0;6763.0;1173.0
B1,BUCHMEIER,HERMIT,LEEDS,LEIPZIG;Aufenthalt;der;;Substantiv;mask.;https://www.dwds.de/wb/Aufenthalt;0.0;8130.0;170;2737.0;25.6;6063.0;6796.0;1163.0
BUCHMEIER,HERMIT;Aufenthaltsort;;;;;;;8821.0;153;;;;8849.0;820.0
B1,HERMIT,LEEDS;auffallen;;;Verb;;https://www.dwds.de/wb/auffallen;0.0;;;2856.0;24.25;;9895.0;710.0
LEEDS,LEIPZIG;Auffassung;;;;;;;;;1368.0;55.4;1699.0;;
B1,LEEDS;auffordern;;;Verb;;https://www.dwds.de/wb/auffordern;0.0;;;2443.0;29.62;;;
B1,LEEDS,LEIPZIG;Aufforderung;die;;Substantiv;fem.;https://www.dwds.de/wb/Aufforderung;0.0;;;4023.0;15.63;6156.0;;
LEEDS,LEO739;auffällig;;;;;;;;;3585.0;18.14;;;
B1,LEEDS;aufführen;;;Verb;;https://www.dwds.de/wb/auff%C3%BChren;0.0;;;3509.0;18.72;;;
HERMIT,LEEDS,LEIPZIG;Aufführung;;;;;;;;;4480.0;13.56;4241.0;9903.0;709.0
A1,BUCHMEIER,BW1,HERMIT,LEEDS,LEIPZIG;Aufgabe;die;;Substantiv;fem.;https://www.dwds.de/wb/Aufgabe;0.0;1472.0;1498;328.0;215.92;780.0;1414.0;8559.0
BUCHMEIER,HERMIT,LEIPZIG;Aufgaben;;;;;;;5449.0;288;;;1300.0;4782.0;1835.0
BUCHMEIER,HERMIT,LEIPZIG;aufgebaut;;;;;;;5330.0;297;;;2275.0;4636.0;1906.0
B1,BUCHMEIER,HERMIT,LEEDS,LEIPZIG;aufgeben;;;Verb;;https://www.dwds.de/wb/aufgeben;0.0;2072.0;1003;1775.0;42.23;4607.0;1896.0;5927.0
BUCHMEIER,HERMIT,LEIPZIG;aufgebracht;;;;;;;8014.0;173;;;8199.0;5331.0;1582.0
BUCHMEIER,HERMIT,LEIPZIG;aufgefallen;;;;;;;3297.0;561;;;6892.0;2915.0;3413.0
BUCHMEIER,HERMIT,LEIPZIG;aufgegeben;;;;;;;3144.0;598;;;3712.0;2900.0;3441.0
BUCHMEIER,HERMIT;aufgehalten;;;;;;;5252.0;304;;;;4219.0;2153.0
BUCHMEIER,HERMIT,LEIPZIG;aufgehoben;;;;;;;5567.0;280;;;3228.0;4692.0;1881.0
BUCHMEIER,HERMIT;aufgehört;;;;;;;2679.0;728;;;;2448.0;4293.0
BUCHMEIER,HERMIT;aufgelegt;;;;;;;8418.0;162;;;;7014.0;1115.0
BUCHMEIER,HERMIT,LEIPZIG;aufgelöst;;;;;;;8013.0;173;;;4284.0;6630.0;1206.0
BUCHMEIER,HERMIT;aufgemacht;;;;;;;8616.0;157;;;;8121.0;924.0
BUCHMEIER,HERMIT,LEIPZIG;aufgenommen;;;;;;;2545.0;776;;;1155.0;2395.0;4427.0
BUCHMEIER,HERMIT;aufgepasst;;;;;;;6136.0;248;;;;4052.0;2257.0
BUCHMEIER,HERMIT;aufgeregt;;;;;;;2693.0;722;;;;2205.0;4868.0
BUCHMEIER,HERMIT;aufgeschrieben;;;;;;;8129.0;170;;;;8744.0;835.0
BUCHMEIER,HERMIT;aufgestanden;;;;;;;8529.0;159;;;;7988.0;945.0
HERMIT,LEIPZIG;aufgestellt;;;;;;;;;;;3761.0;8267.0;903.0
BUCHMEIER,HERMIT,LEIPZIG;aufgetaucht;;;;;;;4035.0;432;;;9299.0;3166.0;3075.0
BUCHMEIER,HERMIT,LEIPZIG;aufgewachsen;;;;;;;4409.0;382;;;8507.0;3581.0;2642.0
BUCHMEIER,HERMIT;aufgewacht;;;;;;;4283.0;397;;;;3939.0;2349.0
BUCHMEIER,HERMIT;aufgezogen;;;;;;;9086.0;147;;;;8150.0;919.0
BUCHMEIER,FEHLER400,HERMIT,LEEDS,LEIPZIG;aufgrund;;;;;;;5131.0;314;454.0;158.07;880.0;2901.0;3440.0
B1,BUCHMEIER,HERMIT,LEEDS,LEIPZIG;aufhalten;;;Verb;;https://www.dwds.de/wb/aufhalten;0.0;1399.0;1575;2699.0;26.07;7381.0;1311.0;9329.0
B1,BUCHMEIER,HERMIT,LEEDS;aufheben;;;Verb;;https://www.dwds.de/wb/aufheben;0.0;7521.0;188;2241.0;32.72;;7182.0;1085.0
LEEDS,LEIPZIG;Aufhebung;;;;;;;;;4137.0;15.03;4754.0;;
BUCHMEIER,HERMIT;aufhält;;;;;;;9178.0;145;;;;8499.0;870.0
BUCHMEIER,HERMIT;aufhängen;;;;;;;9648.0;136;;;;7056.0;1109.0
A1,BUCHMEIER,FEHLER400,HERMIT,LEEDS,LEIPZIG;aufhören;;;Verb;;https://www.dwds.de/wb/aufh%C3%B6ren;0.0;957.0;2591;3030.0;22.56;7718.0;715.0;19532.0
BUCHMEIER,HERMIT;aufhört;;;;;;;5534.0;282;;;;4909.0;1765.0
HERMIT,LEEDS;aufklären;;;;;;;;;4313.0;14.22;;7588.0;1010.0
LEEDS,LEIPZIG;Aufklärung;;;;;;;;;2220.0;33.04;2653.0;;
LEEDS,LEIPZIG;aufkommen;;;;;;;;;4609.0;13.07;6180.0;;
B1;aufladen;;;Verb;;https://www.dwds.de/wb/aufladen;0.0;;;;;;;
LEEDS,LEIPZIG;Auflage;;;;;;;;;2186.0;33.67;3520.0;;
BUCHMEIER,HERMIT;auflegen;;;;;;;6462.0;231;;;;5200.0;1631.0
B1,LEEDS;auflösen;;;Verb;;https://www.dwds.de/wb/aufl%C3%B6sen;0.0;;;2658.0;26.56;;;
LEEDS,LEIPZIG;Auflösung;;;;;;;;;2521.0;28.4;3302.0;;
A2,BUCHMEIER,HERMIT;aufmachen;;;Verb;;https://www.dwds.de/wb/aufmachen;0.0;3972.0;440;;;;2322.0;4596.0
B1,BUCHMEIER,HERMIT,LEEDS,LEIPZIG;aufmerksam;;;Adjektiv;;https://www.dwds.de/wb/aufmerksam;0.0;4434.0;379;1725.0;43.45;2828.0;4316.0;2093.0
BUCHMEIER,HERMIT,LEEDS,LEIPZIG;Aufmerksamkeit;;;;;;;2573.0;765;1426.0;53.08;2953.0;2048.0;5297.0
B1,BUCHMEIER,HERMIT,LEEDS,LEIPZIG;Aufnahme;die;;Substantiv;fem.;https://www.dwds.de/wb/Aufnahme;0.0;1552.0;1407;1366.0;55.45;2413.0;3422.0;2801.0
BUCHMEIER,HERMIT,LEIPZIG;Aufnahmen;;;;;;;2644.0;740;;;5745.0;4097.0;2232.0
B1,BUCHMEIER,HERMIT,LEEDS,LEIPZIG;aufnehmen;;;Verb;;https://www.dwds.de/wb/aufnehmen;0.0;2934.0;656;631.0;115.6;2493.0;2675.0;3849.0
A2,BUCHMEIER,FEHLER300,HERMIT,LEO739,NRW422;aufpassen;;;Verb;;https://www.dwds.de/wb/aufpassen;0.0;1912.0;1102;;;;1637.0;7091.0
BUCHMEIER,HERMIT;aufpasst;;;;;;;8773.0;154;;;;8523.0;866.0
BUCHMEIER,HERMIT,LEEDS;aufrecht;;;;;;;6590.0;225;3872.0;16.42;;6508.0;1234.0
FEHLER200,FEHLER400,LEEDS,LEIPZIG;aufrechterhalten;;;;;;;;;4962.0;11.75;9748.0;;
A2,BUCHMEIER,HERMIT;aufregen;;;Verb;;https://www.dwds.de/wb/aufregen;0.0;7034.0;206;;;;6102.0;1343.0
BUCHMEIER,HERMIT;aufregend;;;;;;;3210.0;581;;;;2804.0;3583.0
BUCHMEIER,HERMIT,LEIPZIG;Aufregung;;;;;;;4662.0;357;;;5583.0;4317.0;2093.0
BUCHMEIER,HERMIT;aufrichtig;;;;;;;6558.0;227;;;;5720.0;1450.0
LEEDS,LEIPZIG;Aufruf;;;;;;;;;3177.0;21.19;3871.0;;
LEEDS,LEIPZIG;aufrufen;;;;;;;;;2798.0;24.88;7275.0;;
BUCHMEIER,HERMIT;Aufruhr;;;;;;;9419.0;140;;;;8963.0;808.0
A2,BUCHMEIER,BW3,HERMIT;aufräumen;;Raum;Verb;;https://www.dwds.de/wb/aufr%C3%A4umen;0.0;8720.0;155;;;;5606.0;1484.0
BUCHMEIER,HERMIT,LEEDS,LEIPZIG;aufs;;;;;;;1087.0;2185;1577.0;48.09;1570.0;886.0;15026.0
HERMIT,LEEDS;Aufsatz;;;;;;;;;3446.0;19.15;;9759.0;724.0
B1,BUCHMEIER,HERMIT;aufschreiben;;;Verb;;https://www.dwds.de/wb/aufschreiben;0.0;8820.0;153;;;;8677.0;845.0
BUCHMEIER,HERMIT,LEIPZIG;Aufsicht;;;;;;;9910.0;131;;;8335.0;8157.0;918.0
BUCHMEIER,HERMIT;aufspüren;;;;;;;8615.0;157;;;;6813.0;1160.0
BUCHMEIER,HERMIT,LEEDS,LEIPZIG;Aufstand;;;;;;;7270.0;198;3625.0;17.86;6829.0;5467.0;1535.0
A1,BUCHMEIER,HERMIT;aufstehen;;;Verb;;https://www.dwds.de/wb/aufstehen;0.0;3124.0;603;;;;2023.0;5420.0
BUCHMEIER,HERMIT,LEEDS,LEIPZIG;aufstellen;;;;;;;6857.0;213;2343.0;31.06;9792.0;5892.0;1402.0
BUCHMEIER,HERMIT,LEEDS,LEIPZIG;Aufstieg;;;;;;;9008.0;149;3757.0;17.04;3641.0;9198.0;782.0
HERMIT,LEEDS;aufsuchen;;;;;;;;;4327.0;14.15;;9083.0;795.0
BUCHMEIER,HERMIT,LEEDS,LEIPZIG;auftauchen;;;;;;;3994.0;437;2731.0;25.64;9624.0;3572.0;2647.0
BUCHMEIER,HERMIT;auftaucht;;;;;;;4992.0;327;;;;4202.0;2163.0
HERMIT,LEEDS;aufteilen;;;;;;;;;4885.0;12.0;;9935.0;707.0
B1,BUCHMEIER,HERMIT,LEEDS,LEIPZIG;Auftrag;der;;Substantiv;mask.;https://www.dwds.de/wb/Auftrag;0.0;1800.0;1189;1031.0;73.59;965.0;1663.0;6980.0
LEEDS,LEIPZIG;Auftraggeber;;;;;;;;;4271.0;14.42;7431.0;;
B1,BUCHMEIER,HERMIT,LEEDS,LEIPZIG;auftreten;;;Verb;;https://www.dwds.de/wb/auftreten;0.0;7577.0;186;1473.0;51.7;3232.0;4944.0;1747.0
B1,BUCHMEIER,HERMIT,LEEDS,LEIPZIG;Auftritt;der;;Substantiv;mask.;https://www.dwds.de/wb/Auftritt;0.0;3623.0;495;2494.0;28.82;2189.0;3271.0;2967.0
HERMIT,LEIPZIG;Aufträge;;;;;;;;;;;2608.0;9855.0;714.0
B1,BUCHMEIER,BW1,HERMIT,LEO739,NRW422;aufwachen;;du wachst auf;Verb;;https://www.dwds.de/wb/aufwachen;0.0;4367.0;387;;;;2962.0;3355.0
HERMIT,LEEDS;aufwachsen;;;;;;;;;4793.0;12.32;;9887.0;710.0
BUCHMEIER,HERMIT;aufwacht;;;;;;;6633.0;223;;;;6551.0;1224.0
FEHLER400,LEEDS,LEIPZIG;Aufwand;;;;;;;;;2651.0;26.63;3344.0;;
LEEDS,LEIPZIG;aufweisen;;;;;;;;;2519.0;28.44;8127.0;;
FEHLER400,LEEDS;aufwendig;;;;;;;;;3672.0;17.58;;;
B1;aufwärts;;;Adverb;;https://www.dwds.de/wb/aufw%C3%A4rts;0.0;;;;;;;
BUCHMEIER,LEEDS;Aufzeichnung;;;;;;;9418.0;140;4621.0;13.02;;;
BUCHMEIER,HERMIT,LEIPZIG;Aufzeichnungen;;;;;;;5667.0;274;;;9316.0;4778.0;1837.0
BUCHMEIER,HERMIT,LEIPZIG;aufzubauen;;;;;;;7488.0;189;;;5278.0;6724.0;1181.0
A1,BUCHMEIER,HERMIT;Aufzug;der;;Substantiv;mask.;https://www.dwds.de/wb/Aufzug;0.0;4708.0;352;;;;4372.0;2063.0
BUCHMEIER,HERMIT,LEIPZIG;aufzugeben;;;;;;;6856.0;213;;;8622.0;5872.0;1407.0
BUCHMEIER,HERMIT;aufzuhalten;;;;;;;3783.0;465;;;;3502.0;2717.0
BUCHMEIER,HERMIT;aufzuhören;;;;;;;7576.0;186;;;;6779.0;1169.0
BUCHMEIER,HERMIT,LEIPZIG;aufzunehmen;;;;;;;5974.0;257;;;4465.0;5883.0;1404.0
BUCHMEIER,HERMIT;aufzupassen;;;;;;;8309.0;165;;;;8748.0;835.0
A1,BUCHMEIER,HERMIT,LEEDS,LEIPZIG,LEO739,NRW422;Auge;das;;Substantiv;neutr.;https://www.dwds.de/wb/Auge;0.0;1044.0;2317;287.0;246.2;1806.0;968.0;13475.0
BUCHMEIER,HERMIT,LEIPZIG;Augen;;;;;;;419.0;7055;;;710.0;405.0;40593.0
B1,BUCHMEIER,FEHLER300,HERMIT,LEEDS,LEIPZIG;Augenblick;der;;Substantiv;mask.;https://www.dwds.de/wb/Augenblick;0.0;955.0;2599;1219.0;61.9;2687.0;988.0;13032.0
A1,BUCHMEIER,BW1,HERMIT,LEEDS,LEIPZIG,LEO739;August;der;;Substantiv;mask.;https://www.dwds.de/wb/August#1;0.0;6039.0;253;603.0;119.88;531.0;3960.0;2330.0
A1,BUCHMEIER,BW1,HERMIT,LEEDS,LEIPZIG,LEO739,NRW111;aus;;;Präposition;;https://www.dwds.de/wb/aus#1;0.0;62.0;67378;29.0;2931.47;26.0;61.0;425184.0
LEEDS,LEIPZIG;Ausbau;;;;;;;;;2439.0;29.76;1880.0;;
LEEDS,LEIPZIG;ausbauen;;;;;;;;;2646.0;26.7;5605.0;;
B1,LEEDS;ausbilden;;;Verb;;https://www.dwds.de/wb/ausbilden;0.0;;;3331.0;19.97;;;
A2,BUCHMEIER,HERMIT,LEEDS,LEIPZIG;Ausbildung;die;;Substantiv;fem.;https://www.dwds.de/wb/Ausbildung;0.0;4883.0;337;952.0;79.21;1522.0;4057.0;2255.0
BUCHMEIER,HERMIT,LEEDS,LEIPZIG;Ausbruch;;;;;;;7389.0;193;4338.0;14.09;5648.0;7639.0;1002.0
LEEDS,LEIPZIG;Auschwitz;;;;;;;;;4352.0;14.04;5718.0;;
BUCHMEIER,HERMIT;ausdenken;;;;;;;8719.0;155;;;;9038.0;799.0
B1,BUCHMEIER,HERMIT,LEEDS,LEIPZIG;Ausdruck;der;;Substantiv;mask.;https://www.dwds.de/wb/Ausdruck#1;0.0;4019.0;434;780.0;96.17;1791.0;3821.0;2439.0
B1;ausdrucken;;;Verb;;https://www.dwds.de/wb/ausdrucken;0.0;;;;;;;
BUCHMEIER,HERMIT,LEEDS;ausdrücken;;;;;;;6009.0;255;1869.0;39.77;;5310.0;1590.0
LEEDS,LEIPZIG;ausdrücklich;;;;;;;;;1546.0;49.11;2572.0;;
B1,BUCHMEIER,HERMIT,LEEDS,LEIPZIG;auseinander;;;Adverb;;https://www.dwds.de/wb/auseinander;0.0;2986.0;639;2665.0;26.48;4380.0;2729.0;3748.0
LEEDS,LEIPZIG;Auseinandersetzung;;;;;;;;;1153.0;65.5;1982.0;;
BUCHMEIER,HERMIT;auserwählt;;;;;;;9548.0;138;;;;9468.0;753.0
B1;Ausfahrt;die;;Substantiv;fem.;https://www.dwds.de/wb/Ausfahrt;0.0;;;;;;;
B1,LEEDS,LEIPZIG;ausfallen;;;Verb;;https://www.dwds.de/wb/ausfallen;0.0;;;3301.0;20.22;4493.0;;
BUCHMEIER,HERMIT;ausfindig;;;;;;;8308.0;165;;;;7679.0;996.0
BUCHMEIER,HERMIT;ausflippen;;;;;;;9647.0;136;;;;9664.0;734.0
A1,BUCHMEIER,HERMIT,LEEDS,LEIPZIG,LEO739;Ausflug;der;;Substantiv;mask.;https://www.dwds.de/wb/Ausflug;0.0;4980.0;328;4578.0;13.16;8455.0;4366.0;2065.0
BUCHMEIER,HERMIT,LEEDS,LEIPZIG;ausführen;;;;;;;5822.0;265;1766.0;42.44;7447.0;5939.0;1387.0
LEEDS,LEIPZIG;ausführlich;;;;;;;;;1504.0;50.66;6167.0;;
LEEDS,LEIPZIG;Ausführung;;;;;;;;;1970.0;37.56;5263.0;;
A1;ausfüllen;;;Verb;;https://www.dwds.de/wb/ausf%C3%BCllen;0.0;;;;;;;
B1,BUCHMEIER,HERMIT,LEEDS,LEIPZIG;Ausgabe;die;;Substantiv;fem.;https://www.dwds.de/wb/Ausgabe;0.0;9177.0;145;555.0;131.45;1948.0;7967.0;947.0
HERMIT,LEIPZIG;Ausgaben;;;;;;;;;;;2300.0;8817.0;825.0
A1,BUCHMEIER,HERMIT,LEEDS,LEIPZIG;Ausgang;der;;Substantiv;mask.;https://www.dwds.de/wb/Ausgang;0.0;4088.0;425;3649.0;17.72;4130.0;4041.0;2267.0
LEEDS,LEIPZIG;Ausgangspunkt;;;;;;;;;3969.0;15.88;7458.0;;
A2,BUCHMEIER,HERMIT,LEEDS,LEIPZIG;ausgeben;;;Verb;;https://www.dwds.de/wb/ausgeben;0.0;5027.0;324;2459.0;29.36;5659.0;4628.0;1908.0
BUCHMEIER,HERMIT,LEIPZIG;ausgebildet;;;;;;;6215.0;243;;;6284.0;6180.0;1324.0
BUCHMEIER,HERMIT,LEIPZIG;ausgebrochen;;;;;;;6855.0;213;;;7224.0;7883.0;960.0
BUCHMEIER,HERMIT;ausgedacht;;;;;;;5013.0;325;;;;5060.0;1696.0
BUCHMEIER,HERMIT;ausgedrückt;;;;;;;6059.0;252;;;;5348.0;1576.0
BUCHMEIER,HERMIT,LEIPZIG;ausgefallen;;;;;;;8271.0;166;;;6617.0;6822.0;1158.0
BUCHMEIER,HERMIT;ausgeflippt;;;;;;;9866.0;132;;;;9352.0;764.0
BUCHMEIER,HERMIT,LEIPZIG;ausgeführt;;;;;;;7920.0;176;;;4061.0;7116.0;1098.0
BUCHMEIER,HERMIT,LEIPZIG;ausgegangen;;;;;;;4873.0;338;;;4785.0;4305.0;2101.0
BUCHMEIER,HERMIT,LEIPZIG;ausgegeben;;;;;;;5737.0;270;;;2486.0;5473.0;1533.0
A2,BUCHMEIER,HERMIT,LEEDS,LEIPZIG;ausgehen;;;Verb;;https://www.dwds.de/wb/ausgehen;0.0;2438.0;812;1118.0;68.08;4231.0;2133.0;5058.0
BUCHMEIER,HERMIT,LEIPZIG;ausgeht;;;;;;;7698.0;182;;;7660.0;6246.0;1304.0
BUCHMEIER,HERMIT,LEIPZIG;ausgeliefert;;;;;;;9865.0;132;;;4844.0;8619.0;852.0
BUCHMEIER,HERMIT;ausgelöscht;;;;;;;7746.0;181;;;;6726.0;1180.0
BUCHMEIER,HERMIT,LEIPZIG;ausgelöst;;;;;;;5419.0;290;;;2393.0;4844.0;1795.0
BUCHMEIER,HERMIT,LEIPZIG;ausgemacht;;;;;;;8052.0;172;;;6890.0;7392.0;1048.0
BUCHMEIER,HERMIT;ausgeraubt;;;;;;;6077.0;251;;;;6281.0;1292.0
BUCHMEIER,HERMIT,LEEDS,LEIPZIG;ausgerechnet;;;;;;;4856.0;339;2978.0;22.97;2033.0;3434.0;2784.0
BUCHMEIER,HERMIT;ausgeschaltet;;;;;;;7615.0;185;;;;6173.0;1326.0
BUCHMEIER,HERMIT,LEIPZIG;ausgeschlossen;;;;;;;6534.0;228;;;1913.0;4689.0;1882.0
BUCHMEIER,HERMIT;ausgesehen;;;;;;;6722.0;219;;;;6523.0;1229.0
BUCHMEIER,HERMIT,LEIPZIG;ausgesetzt;;;;;;;4774.0;346;;;2405.0;4331.0;2086.0
BUCHMEIER,HERMIT,LEEDS,LEIPZIG;ausgesprochen;;;;;;;6589.0;225;3456.0;19.06;1643.0;5936.0;1389.0
HERMIT,LEIPZIG;ausgestellt;;;;;;;;;;;5653.0;9159.0;786.0
BUCHMEIER,HERMIT;ausgesucht;;;;;;;4080.0;426;;;;3622.0;2601.0
HERMIT,LEIPZIG;ausgetauscht;;;;;;;;;;;7855.0;9110.0;792.0
BUCHMEIER,HERMIT,LEEDS,LEIPZIG;ausgewählt;;;;;;;5767.0;268;3522.0;18.61;5084.0;5046.0;1703.0
B1,BUCHMEIER,HERMIT,LEEDS,LEIPZIG;ausgezeichnet;;;partizipiales Adjektiv;;https://www.dwds.de/wb/ausgezeichnet;0.0;3980.0;439;3755.0;17.04;3371.0;2591.0;4006.0
BUCHMEIER,HERMIT;ausgezogen;;;;;;;7339.0;195;;;;6188.0;1323.0
LEEDS,LEIPZIG;Ausgleich;;;;;;;;;3626.0;17.85;2854.0;;
LEEDS,LEIPZIG;ausgleichen;;;;;;;;;4800.0;12.29;9224.0;;
BUCHMEIER,HERMIT;aushalten;;;;;;;5681.0;273;;;;5743.0;1443.0
B1;Aushilfe;die;;Substantiv;fem.;https://www.dwds.de/wb/Aushilfe;0.0;;;;;;;
A1,LEEDS,LEIPZIG;Auskunft;die;;Substantiv;fem.;https://www.dwds.de/wb/Auskunft;0.0;;;2281.0;32.11;1689.0;;
A1,BUCHMEIER,HERMIT,LEEDS,LEIPZIG;Ausland;das;;Substantiv;neutr.;https://www.dwds.de/wb/Ausland;0.0;6334.0;237;1246.0;60.56;870.0;4989.0;1727.0
LEEDS,LEIPZIG;Auslegung;;;;;;;;;4744.0;12.54;8579.0;;
BUCHMEIER,HERMIT;ausleihen;;;;;;;8270.0;166;;;;6893.0;1139.0
BUCHMEIER,HERMIT,LEEDS;ausliefern;;;;;;;9864.0;132;4405.0;13.82;;8181.0;914.0
A1,BUCHMEIER,HERMIT,LEEDS,LEIPZIG;Ausländer;der;;Substantiv;mask.;https://www.dwds.de/wb/Ausl%C3%A4nder;0.0;8051.0;172;2325.0;31.36;1638.0;7531.0;1022.0
A1,LEEDS;ausländisch;;;Adjektiv;;https://www.dwds.de/wb/ausl%C3%A4ndisch;0.0;;;1328.0;56.7;;;
BUCHMEIER,HERMIT;auslöschen;;;;;;;8453.0;161;;;;7663.0;998.0
BUCHMEIER,HERMIT,LEEDS,LEIPZIG;auslösen;;;;;;;7420.0;192;2030.0;36.57;6175.0;6940.0;1130.0
HERMIT,LEIPZIG;Auslöser;;;;;;;;;;;7430.0;9606.0;739.0
A1,BUCHMEIER,HERMIT,LEEDS,LEIPZIG;ausmachen;;;Verb;;https://www.dwds.de/wb/ausmachen;0.0;4872.0;338;2330.0;31.28;7076.0;4274.0;2121.0
BUCHMEIER,HERMIT;ausmacht;;;;;;;6135.0;248;;;;4894.0;1770.0
LEEDS,LEIPZIG;Ausmaß;;;;;;;;;2304.0;31.79;4340.0;;
B1,BUCHMEIER,HERMIT,LEEDS,LEIPZIG;Ausnahme;die;;Substantiv;fem.;https://www.dwds.de/wb/Ausnahme;0.0;5403.0;291;1327.0;56.7;2040.0;4338.0;2082.0
BUCHMEIER,HERMIT,LEEDS;ausnutzen;;;;;;;8528.0;159;4944.0;11.79;;7696.0;992.0
A2,HERMIT;auspacken;;;Verb;;https://www.dwds.de/wb/auspacken;0.0;;;;;;9039.0;799.0
BUCHMEIER,HERMIT,LEEDS;ausprobieren;;;;;;;6701.0;220;4209.0;14.73;;5771.0;1437.0
BUCHMEIER,HERMIT;Ausrede;;;;;;;6384.0;235;;;;5379.0;1564.0
BUCHMEIER,HERMIT;ausreden;;;;;;;6461.0;231;;;;3871.0;2399.0
B1,LEEDS,LEIPZIG;ausreichen;;;Verb;;https://www.dwds.de/wb/ausreichen;0.0;;;3805.0;16.75;7714.0;;
HERMIT,LEEDS,LEIPZIG;ausreichend;;;;;;;;;1249.0;60.52;2591.0;7656.0;999.0
B1,BUCHMEIER,HERMIT,LEEDS;ausrichten;;;Verb;;https://www.dwds.de/wb/ausrichten;0.0;5221.0;307;2675.0;26.39;;4337.0;2082.0
LEEDS,LEIPZIG;Ausrichtung;;;;;;;;;4178.0;14.87;7311.0;;
A2,BUCHMEIER,HERMIT;ausruhen;;;Verb;;https://www.dwds.de/wb/ausruhen;0.0;3555.0;509;;;;3211.0;3021.0
BUCHMEIER,HERMIT,LEEDS,LEIPZIG;Ausrüstung;;;;;;;4581.0;365;4798.0;12.3;8144.0;3963.0;2327.0
A1,BUCHMEIER,HERMIT,LEEDS,LEIPZIG;Aussage;die;;Substantiv;fem.;https://www.dwds.de/wb/Aussage;0.0;3357.0;548;741.0;100.47;1828.0;2148.0;5010.0
BUCHMEIER,HERMIT,LEIPZIG;aussagen;;;;;;;6259.0;241;;;1956.0;3362.0;2862.0
BUCHMEIER,HERMIT;aussah;;;;;;;6632.0;223;;;;6489.0;1239.0
BUCHMEIER,HERMIT;ausschalten;;;;;;;5703.0;272;;;;4557.0;1949.0
BUCHMEIER,HERMIT;Ausschau;;;;;;;6655.0;222;;;;6861.0;1148.0
BUCHMEIER,HERMIT;Ausschlag;;;;;;;8960.0;150;;;;8961.0;808.0
B1,HERMIT,LEEDS,LEIPZIG;ausschließen;;;Verb;;https://www.dwds.de/wb/ausschlie%C3%9Fen;0.0;;;1237.0;60.89;6157.0;9217.0;779.0
B1,HERMIT,LEEDS,LEIPZIG;ausschließlich;;;Adverb;;https://www.dwds.de/wb/ausschlie%C3%9Flich#2;0.0;;;2701.0;26.03;1350.0;9724.0;728.0
LEEDS,LEIPZIG;Ausschluß;;;;;;;;;4846.0;12.11;7879.0;;
LEEDS,LEIPZIG;Ausschuß;;;;;;;;;2582.0;27.69;3321.0;;
BUCHMEIER,HERMIT;aussehe;;;;;;;8384.0;163;;;;7944.0;950.0
A1,BUCHMEIER,HERMIT,LEEDS,LEIPZIG;aussehen;;;Verb;;https://www.dwds.de/wb/aussehen;0.0;1361.0;1649;1394.0;54.27;3504.0;1173.0;10647.0
BUCHMEIER,HERMIT;ausser;;;;;;;5920.0;260;;;;8797.0;827.0
BUCHMEIER,HERMIT,LEEDS,LEIPZIG;Aussicht;;;;;;;4898.0;336;2414.0;30.07;2530.0;4168.0;2192.0
BUCHMEIER,HERMIT;aussiehst;;;;;;;6180.0;245;;;;6179.0;1325.0
BUCHMEIER,HERMIT,LEIPZIG;aussieht;;;;;;;1529.0;1423;;;5113.0;1409.0;8574.0
B1;Aussprache;die;;Substantiv;fem.;https://www.dwds.de/wb/Aussprache;0.0;;;;;;;
A2,BUCHMEIER,HERMIT,LEEDS;aussprechen;;;Verb;;https://www.dwds.de/wb/aussprechen;0.0;6854.0;213;2067.0;35.95;;5613.0;1483.0
LEEDS,LEIPZIG;Ausstattung;;;;;;;;;3819.0;16.68;4526.0;;
BUCHMEIER,HERMIT;ausstehen;;;;;;;7520.0;188;;;;7035.0;1112.0
A1,BUCHMEIER,HERMIT;aussteigen;;;Verb;;https://www.dwds.de/wb/aussteigen;0.0;4333.0;391;;;;3406.0;2827.0
B1,LEEDS;ausstellen;;;Verb;;https://www.dwds.de/wb/ausstellen;0.0;;;4715.0;12.64;;;
A2,BUCHMEIER,HERMIT,LEEDS,LEIPZIG;Ausstellung;die;;Substantiv;fem.;https://www.dwds.de/wb/Ausstellung;0.0;8669.0;156;1425.0;53.2;718.0;7173.0;1087.0
B1,BUCHMEIER,HERMIT;aussuchen;;;Verb;;https://www.dwds.de/wb/aussuchen;0.0;5736.0;270;;;;4820.0;1810.0
BUCHMEIER,HERMIT,LEEDS,LEIPZIG;Austausch;;;;;;;5992.0;256;2424.0;29.98;5007.0;6101.0;1343.0
A2,HERMIT,LEEDS;austauschen;;;Verb;;https://www.dwds.de/wb/austauschen;0.0;;;3158.0;21.43;;9122.0;791.0
BUCHMEIER,HERMIT;Austin;;;;;;;6674.0;221;;;;8567.0;860.0
A2;austragen;;;Verb;;https://www.dwds.de/wb/austragen;0.0;;;;;;;
BUCHMEIER,HERMIT,LEEDS,LEIPZIG,LEO739,NRW422;Australien;;;;;;;5418.0;290;3543.0;18.47;2787.0;6319.0;1283.0
B1,BUCHMEIER,HERMIT,LEEDS,LEIPZIG;Auswahl;die;;Substantiv;fem.;https://www.dwds.de/wb/Auswahl;0.0;6420.0;233;1691.0;44.25;1881.0;5809.0;1427.0
BUCHMEIER,HERMIT,LEEDS,LEIPZIG;Ausweg;;;;;;;4494.0;373;4934.0;11.84;6289.0;4038.0;2268.0
A1,BUCHMEIER,HERMIT;Ausweis;der;;Substantiv;mask.;https://www.dwds.de/wb/Ausweis;0.0;3897.0;451;;;;3249.0;2987.0
LEEDS,LEIPZIG;Ausweitung;;;;;;;;;4726.0;12.62;5158.0;;
BUCHMEIER,HERMIT;auswendig;;;;;;;7776.0;180;;;;6787.0;1165.0
LEEDS,LEIPZIG;Auswertung;;;;;;;;;3523.0;18.61;4998.0;;
LEEDS,LEIPZIG;auswirken;;;;;;;;;3720.0;17.29;7559.0;;
BUCHMEIER,HERMIT,LEIPZIG;Auswirkungen;;;;;;;8668.0;156;;;1979.0;7788.0;977.0
B1,LEEDS,LEIPZIG;auswählen;;;Verb;;https://www.dwds.de/wb/ausw%C3%A4hlen;0.0;;;2669.0;26.45;6052.0;;
HERMIT,LEIPZIG;Auszeichnung;;;;;;;;;;;5813.0;9890.0;710.0
BUCHMEIER,HERMIT;Auszeit;;;;;;;9085.0;147;;;;7190.0;1083.0
A1,BUCHMEIER,HERMIT;ausziehen;;;Verb;;https://www.dwds.de/wb/ausziehen;0.0;3808.0;462;;;;3109.0;3153.0
LEEDS,LEIPZIG;ausüben;;;;;;;;;2208.0;33.29;7442.0;;
A1,BUCHMEIER,HERMIT,LEEDS,LEIPZIG,LEO739,NRW422;Auto;das;;Substantiv;neutr.;https://www.dwds.de/wb/Auto;0.0;434.0;6811;730.0;101.78;823.0;402.0;41372.0
A1,BUCHMEIER,HERMIT,LEEDS,LEIPZIG;Autobahn;die;;Substantiv;fem.;https://www.dwds.de/wb/Autobahn;0.0;8383.0;163;4210.0;14.71;3199.0;8243.0;905.0
BUCHMEIER,HERMIT;Autogramm;;;;;;;7295.0;197;;;;7421.0;1041.0
A1;Automat;der;;Substantiv;mask.;https://www.dwds.de/wb/Automat;0.0;;;;;;;
A1,BUCHMEIER,HERMIT,LEEDS,LEIPZIG;automatisch;;;Adjektiv;;https://www.dwds.de/wb/automatisch;0.0;8156.0;169;1111.0;68.6;1336.0;7700.0;991.0
LEEDS,LEIPZIG;Autonomie;;;;;;;;;4090.0;15.22;5922.0;;
BUCHMEIER,HERMIT;Autopsie;;;;;;;8856.0;152;;;;5923.0;1392.0
B1,BUCHMEIER,FEHLER200,FEHLER400,HERMIT,LEEDS,LEIPZIG;Autor;der;;Substantiv;mask.;https://www.dwds.de/wb/Autor;0.0;4101.0;423;512.0;142.43;1034.0;4644.0;1903.0
BUCHMEIER,LEIPZIG;Autoren;;;;;;;4802.0;344;;;1944.0;;
B1,LEEDS,LEIPZIG;Autorin;die;;Substantiv;fem.;https://www.dwds.de/wb/Autorin;0.0;;;3316.0;20.09;4157.0;;
FEHLER400;autorisieren;;;;;;;;;;;;;
FEHLER400;autorisiert;;;;;;;;;;;;;
BUCHMEIER,HERMIT,LEEDS,LEIPZIG;Autorität;;;;;;;7093.0;204;3352.0;19.82;6204.0;6112.0;1340.0
BUCHMEIER,HERMIT,LEIPZIG;Autos;;;;;;;2033.0;1025;;;1039.0;1880.0;5981.0
BUCHMEIER,HERMIT;Autounfall;;;;;;;6439.0;232;;;;5465.0;1536.0
BUCHMEIER,HERMIT;Autsch;;;;;;;7154.0;202;;;;8554.0;861.0
B1,BUCHMEIER,FEHLER100,FEHLER300,HERMIT,LEIPZIG;außen;;;Adverb;;https://www.dwds.de/wb/au%C3%9Fen;0.0;4538.0;368;;;1971.0;3634.0;2594.0
LEEDS,LEIPZIG;Außenminister;;;;;;;;;3380.0;19.61;1368.0;;
LEEDS,LEIPZIG;Außenpolitik;;;;;;;;;4602.0;13.11;5052.0;;
A2,BUCHMEIER,FEHLER300,HERMIT,LEEDS,LEIPZIG;außer;;;Präposition;;https://www.dwds.de/wb/au%C3%9Fer#1;0.0;944.0;2632;726.0;102.48;1041.0;625.0;24306.0
A2,BUCHMEIER,FEHLER300,FEHLER400,HERMIT,LEEDS,LEIPZIG,LEO739,NRW422;außerdem;;;Adverb;;https://www.dwds.de/wb/au%C3%9Ferdem;0.0;1262.0;1820;366.0;193.2;456.0;819.0;16556.0
BUCHMEIER,HERMIT,LEEDS;außergewöhnlich;;;;;;;7338.0;195;3624.0;17.86;;6745.0;1176.0
A2,BUCHMEIER,HERMIT,LEEDS,LEIPZIG;außerhalb;;;Adverb;;https://www.dwds.de/wb/au%C3%9Ferhalb#2;0.0;2427.0;817;1057.0;71.56;1443.0;2020.0;5424.0
LEEDS,LEIPZIG;außerordentlich;;;;;;;;;2357.0;30.84;5650.0;;
BUCHMEIER,HERMIT;Avenue;;;;;;;5159.0;312;;;;4722.0;1863.0
FEHLER400;avisieren;;;;;;;;;;;;;
HERMIT,LEIPZIG;Axel;;;;;;;;;;;6451.0;9151.0;787.0
BUCHMEIER,BW3,HERMIT;Axt;die;Äxte;Substantiv;;;;7950.0;175;;;;7041.0;1111.0
BUCHMEIER,HERMIT;Aye;;;;;;;4288.0;396;;;;2911.0;3421.0
BUCHMEIER,FEHLER100,FEHLER300,HERMIT;aß;;;;;;;7390.0;193;;;;5646.0;1474.0
BUCHMEIER,HERMIT;Babe;;;;;;;7181.0;201;;;;4350.0;2075.0
A1,BUCHMEIER,BW1,HERMIT,LEEDS,LEIPZIG;Baby;das;Babys;Substantiv;neutr.;https://www.dwds.de/wb/Baby;0.0;366.0;8075;3153.0;21.46;6736.0;371.0;45434.0
BUCHMEIER,HERMIT;Babys;;;;;;;3304.0;560;;;;2406.0;4399.0
A2,BUCHMEIER,HERMIT;Babysitter;der;;Substantiv;mask.;https://www.dwds.de/wb/Babysitter;0.0;6333.0;237;;;;5693.0;1460.0
BUCHMEIER,BW1,HERMIT,LEEDS,LEIPZIG;Bach;der;Bäche;Substantiv;;;;6200.0;244;3412.0;19.38;4685.0;4915.0;1762.0
A2,BW1,HERMIT;backen;;du backst, Bäcker;Verb;;https://www.dwds.de/wb/backen#1;0.0;;;;;;6931.0;1132.0
B1;Backofen;der;;Substantiv;mask.;https://www.dwds.de/wb/Backofen;0.0;;;;;;;
B1;Backrohr;das;;Substantiv;neutr.;https://www.dwds.de/wb/Backrohr;0.0;;;;;;;
A1,BUCHMEIER,BW3,HERMIT,LEEDS,LEIPZIG;Bad;das;Bäder;Substantiv;neutr.;https://www.dwds.de/wb/Bad;0.0;2083.0;996;1899.0;39.05;5940.0;1828.0;6155.0
A1,BUCHMEIER,BW1,HERMIT,LEIPZIG;baden;;du badest, Bad, Bäder;Verb;;https://www.dwds.de/wb/baden;0.0;6158.0;246;;;9481.0;4910.0;1765.0
B1,BUCHMEIER,HERMIT;Badewanne;die;;Substantiv;fem.;https://www.dwds.de/wb/Badewanne;0.0;7243.0;199;;;;7236.0;1076.0
BUCHMEIER,HERMIT;Badezimmer;;;;;;;3708.0;479;;;;3744.0;2492.0
A1,BUCHMEIER,FEHLER300,HERMIT,LEEDS,LEIPZIG;Bahn;die;;Substantiv;fem.;https://www.dwds.de/wb/Bahn;0.0;5473.0;286;1801.0;41.4;1391.0;4898.0;1768.0
A1,BUCHMEIER,HERMIT,LEEDS,LEIPZIG;Bahnhof;der;;Substantiv;mask.;https://www.dwds.de/wb/Bahnhof;0.0;4004.0;436;2691.0;26.23;2779.0;3751.0;2487.0
A1;Bahnsteig;der;;Substantiv;mask.;https://www.dwds.de/wb/Bahnsteig;0.0;;;;;;;
BUCHMEIER,HERMIT;Bailey;;;;;;;4897.0;336;;;;5073.0;1689.0
BUCHMEIER,HERMIT;Baker;;;;;;;6571.0;226;;;;4941.0;1747.0
A1,BUCHMEIER,BW3,FEHLER300,HERMIT,LEEDS,LEIPZIG,LEO739,NRW111;bald;;;Adverb;;https://www.dwds.de/wb/bald;0.0;497.0;5903;460.0;156.37;581.0;388.0;42834.0
A1,BUCHMEIER,HERMIT;Balkon;der;;Substantiv;mask.;https://www.dwds.de/wb/Balkon;0.0;7839.0;178;;;;7317.0;1061.0
A2,BUCHMEIER,BW3,HERMIT,LEEDS,LEIPZIG,LEO739,NRW422;Ball;der;Bälle;Substantiv;mask.;https://www.dwds.de/wb/Ball#1;0.0;1541.0;1414;2728.0;25.67;2344.0;1460.0;8258.0
B1,BUCHMEIER,FEHLER200,FEHLER400,HERMIT,LEIPZIG;Ballett;das;;Substantiv;neutr.;https://www.dwds.de/wb/Ballett;0.0;9084.0;147;;;9465.0;9275.0;773.0
BUCHMEIER,HERMIT;Baltimore;;;;;;;9592.0;137;;;;7360.0;1054.0
A1,HERMIT,LEO739,NRW422;Banane;die;;Substantiv;fem.;https://www.dwds.de/wb/Banane;0.0;;;;;;9786.0;721.0
B1;Bancomat;der;;Substantiv;mask.;https://www.dwds.de/wb/Bancomat;0.0;;;;;;;
B1;Bancomatkarte;die;;Substantiv;fem.;https://www.dwds.de/wb/Bancomatkarte;0.0;;;;;;;
A2,BUCHMEIER,BW3,HERMIT,LEEDS,LEIPZIG;Band;die;Bänder;Substantiv;fem.;https://www.dwds.de/wb/Band#3;0.0;1406.0;1571;570.0;128.18;1283.0;1412.0;8567.0
BUCHMEIER,HERMIT,LEIPZIG;Bande;;;;;;;3955.0;442;;;7444.0;3911.0;2368.0
BUCHMEIER,HERMIT;Banditen;;;;;;;7745.0;181;;;;6340.0;1277.0
A1,BUCHMEIER,BW1,HERMIT,LEEDS,LEIPZIG;Bank;die;Bänke;Substantiv;fem.;https://www.dwds.de/wb/Bank#1;0.0;1506.0;1448;834.0;90.15;867.0;1229.0;10059.0
BUCHMEIER,HERMIT,LEIPZIG;Banken;;;;;;;8855.0;152;;;903.0;5887.0;1403.0
B1;Bankleitzahl;die;;Substantiv;fem.;https://www.dwds.de/wb/Bankleitzahl;0.0;;;;;;;
B1;Bankomat;der;;Substantiv;mask.;https://www.dwds.de/wb/Bankomat;0.0;;;;;;;
B1;Bankomatkarte;die;;Substantiv;fem.;https://www.dwds.de/wb/Bankomatkarte;0.0;;;;;;;
A1,B1,BUCHMEIER,FEHLER400,HERMIT,LEEDS,LEIPZIG;bar;die;;Substantiv;fem.;https://www.dwds.de/wb/bar#1;0.0;1793.0;1193;4923.0;11.89;6455.0;1126.0;11161.0
BUCHMEIER,HERMIT,LEEDS,LEIPZIG;Barbara;;;;;;;5130.0;314;4134.0;15.04;3532.0;3617.0;2604.0
FEHLER400;barfuß;;;;;;;;;;;;;
B1,BUCHMEIER,HERMIT,LEIPZIG;Bargeld;das;;Substantiv;neutr.;https://www.dwds.de/wb/Bargeld;0.0;6020.0;254;;;7306.0;4711.0;1870.0
BUCHMEIER,HERMIT;Barney;;;;;;;7419.0;192;;;;3300.0;2940.0
BUCHMEIER,HERMIT;Baron;;;;;;;8667.0;156;;;;4072.0;2244.0
BUCHMEIER,HERMIT;Barry;;;;;;;3439.0;533;;;;2241.0;4787.0
B1,BUCHMEIER,HERMIT,LEO739;Bart;der;;Substantiv;mask.;https://www.dwds.de/wb/Bart;0.0;1310.0;1739;;;;2886.0;3467.0
FEHLER400;Barzahlung;;;;;;;;;;;;;
BUCHMEIER,HERMIT;Baseball;;;;;;;5942.0;259;;;;5080.0;1686.0
LEEDS,LEIPZIG;Basel;;;;;;;;;2715.0;25.81;6756.0;;
BUCHMEIER,HERMIT,LEIPZIG;basiert;;;;;;;5262.0;303;;;6474.0;7415.0;1043.0
BUCHMEIER,HERMIT,LEEDS,LEIPZIG;Basis;;;;;;;3755.0;469;1056.0;71.8;1153.0;3121.0;3131.0
A2,BUCHMEIER,HERMIT;Basketball;der;;Substantiv;mask., neutr.;https://www.dwds.de/wb/Basketball;0.0;7809.0;179;;;;7383.0;1050.0
BUCHMEIER,HERMIT;Bastard;;;;;;;2064.0;1012;;;;2421.0;4362.0
BUCHMEIER,HERMIT;Bastarde;;;;;;;7294.0;197;;;;7614.0;1006.0
A2;basteln;;;Verb;;https://www.dwds.de/wb/basteln;0.0;;;;;;;
BUCHMEIER,HERMIT,LEIPZIG;bat;;;;;;;2437.0;812;;;5335.0;1859.0;6047.0
BUCHMEIER,HERMIT;Batman;;;;;;;4723.0;351;;;;6194.0;1321.0
B1,BUCHMEIER,HERMIT;Batterie;die;;Substantiv;fem.;https://www.dwds.de/wb/Batterie#1;0.0;8128.0;170;;;;7234.0;1076.0
BUCHMEIER,HERMIT;Batterien;;;;;;;6199.0;244;;;;7768.0;980.0
B1,BUCHMEIER,HERMIT,LEEDS,LEIPZIG;Bau;der;;Substantiv;mask.;https://www.dwds.de/wb/Bau;0.0;4823.0;342;1343.0;56.21;772.0;3992.0;2306.0
A1,BUCHMEIER,HERMIT,LEEDS,LEIPZIG;Bauch;der;;Substantiv;mask.;https://www.dwds.de/wb/Bauch;0.0;2492.0;791;3767.0;16.95;5301.0;2384.0;4452.0
BUCHMEIER,HERMIT;baue;;;;;;;7949.0;175;;;;7264.0;1069.0
A2,BUCHMEIER,HERMIT,LEEDS,LEIPZIG,LEO739,NRW422;bauen;;;Verb;;https://www.dwds.de/wb/bauen#1;0.0;1858.0;1144;777.0;96.51;1690.0;1539.0;7681.0
B1,BUCHMEIER,HERMIT,LEEDS,LEIPZIG;Bauer;der;;Substantiv;mask.;https://www.dwds.de/wb/Bauer#1;0.0;1221.0;1889;1339.0;56.3;4327.0;3279.0;2959.0
BUCHMEIER,HERMIT,LEIPZIG;Bauern;;;;;;;4567.0;366;;;1847.0;4462.0;2008.0
B1;Bauernhof;der;;Substantiv;mask.;https://www.dwds.de/wb/Bauernhof;0.0;;;;;;;
A1,BUCHMEIER,BW1,HERMIT,LEEDS,LEIPZIG,LEO739,NRW422;Baum;der;Bäume;Substantiv;mask.;https://www.dwds.de/wb/Baum;0.0;2048.0;1018;1282.0;59.05;3791.0;1741.0;6544.0
A2,HERMIT,LEIPZIG;Baustelle;die;;Substantiv;fem.;https://www.dwds.de/wb/Baustelle;0.0;;;;;5730.0;9111.0;792.0
BUCHMEIER,HERMIT,LEIPZIG;baut;;;;;;;4855.0;339;;;3143.0;4292.0;2108.0
BUCHMEIER,HERMIT,LEIPZIG;baute;;;;;;;9863.0;132;;;6121.0;7964.0;947.0
BUCHMEIER,HERMIT,LEIPZIG;bauten;;;;;;;7388.0;193;;;6258.0;9060.0;796.0
BUCHMEIER,HERMIT;Baxter;;;;;;;5192.0;309;;;;9389.0;761.0
BUCHMEIER,HERMIT;Bay;;;;;;;8666.0;156;;;;5052.0;1700.0
LEEDS,LEIPZIG;Bayer;;;;;;;;;3938.0;16.08;4671.0;;
LEEDS,LEIPZIG;Bayern;;;;;;;;;1603.0;46.9;681.0;;
BUCHMEIER,HERMIT,LEEDS;be;;;;;;;4626.0;360;2412.0;30.07;;3586.0;2633.0
BUCHMEIER,HERMIT;Beach;;;;;;;7575.0;186;;;;5251.0;1612.0
B1,BUCHMEIER,HERMIT,LEEDS,LEIPZIG;beachten;;;Verb;;https://www.dwds.de/wb/beachten;0.0;9862.0;132;1544.0;49.14;5816.0;7963.0;947.0
LEEDS,LEIPZIG;Beachtung;;;;;;;;;4190.0;14.84;7659.0;;
A1,BUCHMEIER,HERMIT,LEIPZIG;Beamte;;;Substantiv;mask., fem.;https://www.dwds.de/wb/Beamte;0.0;9417.0;140;;;2203.0;8541.0;863.0
BUCHMEIER,HERMIT,LEEDS,LEIPZIG;Beamten;;;;;;;7919.0;176;2803.0;24.84;1429.0;6654.0;1200.0
BUCHMEIER,LEEDS,LEIPZIG;Beamter;;;;;;;9699.0;135;3226.0;20.8;7869.0;;
B1;Beamtin;die;;Substantiv;fem.;https://www.dwds.de/wb/Beamtin;0.0;;;;;;;
B1,LEEDS,LEIPZIG;beantragen;;;Verb;;https://www.dwds.de/wb/beantragen;0.0;;;2879.0;23.98;6816.0;;
A2,BUCHMEIER,HERMIT,LEEDS,LEIPZIG;beantworten;;;Verb;;https://www.dwds.de/wb/beantworten;0.0;3438.0;533;1516.0;50.31;5149.0;2465.0;4255.0
BUCHMEIER,HERMIT,LEIPZIG;beantwortet;;;;;;;6557.0;227;;;5720.0;5127.0;1659.0
HERMIT,LEEDS,LEIPZIG;Bearbeiten;;;;;;;;;1522.0;50.07;4796.0;9156.0;787.0
HERMIT,LEIPZIG;bearbeitet;;;;;;;;;;;4636.0;8921.0;813.0
LEEDS,LEIPZIG;Bearbeitung;;;;;;;;;3564.0;18.29;3960.0;;
BUCHMEIER,HERMIT,LEIPZIG;beauftragt;;;;;;;6654.0;222;;;5255.0;6183.0;1324.0
BUCHMEIER,HERMIT;Becher;;;;;;;8201.0;168;;;;6383.0;1268.0
BUCHMEIER,LEEDS,LEIPZIG;Beck;;;;;;;7153.0;202;4991.0;11.67;6503.0;;
HERMIT,LEIPZIG;bedacht;;;;;;;;;;;7406.0;9469.0;753.0
A2,BUCHMEIER,HERMIT,LEEDS;bedanken;;;Verb;;https://www.dwds.de/wb/bedanken;0.0;4661.0;357;3763.0;17.0;;3884.0;2391.0
B1,HERMIT,LEEDS,LEIPZIG;Bedarf;der;;Substantiv;mask.;https://www.dwds.de/wb/Bedarf;0.0;;;1963.0;37.81;2053.0;6676.0;1192.0
HERMIT,LEEDS;bedauern;;;;;;;;;4891.0;11.98;;5717.0;1451.0
BUCHMEIER,HERMIT;bedaure;;;;;;;8200.0;168;;;;5102.0;1673.0
BUCHMEIER,HERMIT,LEIPZIG;bedeckt;;;;;;;8959.0;150;;;6492.0;6085.0;1348.0
BUCHMEIER,HERMIT,LEEDS,LEIPZIG;Bedenken;;;;;;;7092.0;204;2854.0;24.27;2487.0;4187.0;2174.0
BUCHMEIER,HERMIT;bedenkt;;;;;;;8718.0;155;;;;5999.0;1372.0
A1,BUCHMEIER,HERMIT,LEEDS,LEIPZIG;bedeuten;;;Verb;;https://www.dwds.de/wb/bedeuten;0.0;1586.0;1368;365.0;193.45;2890.0;1459.0;8264.0
BUCHMEIER,HERMIT,LEIPZIG;bedeutet;;;;;;;574.0;5167;;;864.0;499.0;32688.0
BUCHMEIER,HERMIT,LEIPZIG;bedeutete;;;;;;;7091.0;204;;;7135.0;7643.0;1001.0
B1,BUCHMEIER,HERMIT,LEEDS,LEIPZIG;Bedeutung;die;;Substantiv;fem.;https://www.dwds.de/wb/Bedeutung;0.0;2605.0;754;383.0;186.5;684.0;2575.0;4047.0
B1,BUCHMEIER,HERMIT,LEEDS,LEIPZIG;bedienen;;;Verb;;https://www.dwds.de/wb/bedienen;0.0;7918.0;176;1995.0;37.16;5324.0;5012.0;1719.0
BUCHMEIER,HERMIT,LEIPZIG;bedient;;;;;;;8496.0;160;;;4051.0;6511.0;1234.0
B1;Bedienungsanleitung;die;;Substantiv;fem.;https://www.dwds.de/wb/Bedienungsanleitung;0.0;;;;;;;
LEEDS,LEIPZIG;bedingt;;;;;;;;;4647.0;12.9;5611.0;;
B1,BUCHMEIER,HERMIT,LEEDS,LEIPZIG;Bedingung;die;;Substantiv;fem.;https://www.dwds.de/wb/Bedingung;0.0;7337.0;195;665.0;110.19;4922.0;5522.0;1514.0
BUCHMEIER,HERMIT,LEIPZIG;Bedingungen;;;;;;;4707.0;352;;;1360.0;3500.0;2717.0
HERMIT,LEEDS;bedrohen;;;;;;;;;3070.0;22.16;;9692.0;731.0
BUCHMEIER,HERMIT,LEIPZIG;bedroht;;;;;;;4660.0;357;;;2542.0;3229.0;3009.0
BUCHMEIER,HERMIT,LEEDS,LEIPZIG;Bedrohung;;;;;;;3510.0;520;2620.0;27.16;4723.0;3278.0;2960.0
BUCHMEIER,HERMIT;bedrückt;;;;;;;9752.0;134;;;;8632.0;850.0
BUCHMEIER,HERMIT,LEEDS,LEIPZIG;Bedürfnis;;;;;;;9591.0;137;1116.0;68.29;7863.0;7946.0;950.0
BUCHMEIER,HERMIT,LEIPZIG;Bedürfnisse;;;;;;;8093.0;171;;;6601.0;7387.0;1049.0
BUCHMEIER,HERMIT;Beeil;;;;;;;2165.0;946;;;;1650.0;7037.0
A2,BUCHMEIER,HERMIT;beeilen;;;Verb;;https://www.dwds.de/wb/beeilen;0.0;2779.0;696;;;;2000.0;5483.0
BUCHMEIER,HERMIT;Beeilt;;;;;;;4384.0;385;;;;3067.0;3215.0
BUCHMEIER,HERMIT;Beeilung;;;;;;;2536.0;779;;;;2693.0;3818.0
BUCHMEIER,HERMIT,LEEDS;beeindrucken;;;;;;;6506.0;229;3976.0;15.87;;5574.0;1497.0
BUCHMEIER,HERMIT,LEEDS;beeindruckend;;;;;;;4834.0;341;4059.0;15.38;;3088.0;3184.0
BUCHMEIER,HERMIT,LEIPZIG;beeindruckt;;;;;;;3184.0;589;;;6699.0;2898.0;3443.0
B1,BUCHMEIER,HERMIT,LEEDS,LEIPZIG;beeinflussen;;;Verb;;https://www.dwds.de/wb/beeinflussen;0.0;5448.0;288;1524.0;50.04;5215.0;5519.0;1514.0
BUCHMEIER,HERMIT;beeinflusst;;;;;;;7387.0;193;;;;6177.0;1325.0
FEHLER400;Beeinflussung;;;;;;;;;;;;;
A2,BUCHMEIER,HERMIT,LEEDS,LEIPZIG;beenden;;;Verb;;https://www.dwds.de/wb/beenden;0.0;1830.0;1165;1364.0;55.51;3471.0;1568.0;7477.0
BUCHMEIER,HERMIT,LEIPZIG;beendet;;;;;;;2419.0;820;;;1677.0;2096.0;5153.0
LEEDS,LEIPZIG;Beendigung;;;;;;;;;4719.0;12.63;6734.0;;
BUCHMEIER,HERMIT;Beerdigung;;;;;;;2998.0;636;;;;2475.0;4227.0
BW3;Beere;die;;Substantiv;;;;;;;;;;
BUCHMEIER,HERMIT;befahl;;;;;;;9547.0;138;;;;8647.0;848.0
HERMIT,LEIPZIG;befand;;;;;;;;;;;3707.0;8376.0;886.0
LEEDS,LEIPZIG;befassen;;;;;;;;;2099.0;35.37;5001.0;;
BUCHMEIER,HERMIT,LEEDS,LEIPZIG;Befehl;;;;;;;1225.0;1881;2146.0;34.59;6603.0;1188.0;10449.0
BUCHMEIER,HERMIT;Befehle;;;;;;;2063.0;1012;;;;1706.0;6735.0
BUCHMEIER,FEHLER300,HERMIT,LEEDS,LEO739,NRW422;befehlen;;;;;;;8381.0;163;4061.0;15.36;;5096.0;1676.0
LEO739,NRW422;befiehlt;;;;;;;;;;;;;
B1,BUCHMEIER,HERMIT,LEEDS,LEIPZIG;befinden;;;Verb;;https://www.dwds.de/wb/befinden;0.0;3168.0;593;424.0;169.65;1666.0;2797.0;3597.0
BUCHMEIER,HERMIT,LEIPZIG;befindet;;;;;;;2683.0;726;;;1523.0;2511.0;4156.0
BUCHMEIER,HERMIT;befohlen;;;;;;;5082.0;319;;;;4584.0;1930.0
BUCHMEIER,HERMIT;befolgen;;;;;;;6403.0;234;;;;6027.0;1365.0
BUCHMEIER,HERMIT;befolgt;;;;;;;9546.0;138;;;;8464.0;873.0
BUCHMEIER,HERMIT,LEEDS;befragen;;;;;;;6460.0;231;3949.0;16.03;;4373.0;2063.0
BUCHMEIER,HERMIT,LEIPZIG;befragt;;;;;;;8772.0;154;;;6686.0;5898.0;1400.0
BUCHMEIER,HERMIT,LEEDS,LEIPZIG;Befragung;;;;;;;9646.0;136;4510.0;13.44;8662.0;6853.0;1149.0
BUCHMEIER,HERMIT,LEEDS,LEIPZIG;befreien;;;;;;;2841.0;675;1855.0;40.01;4885.0;2415.0;4375.0
B1,BUCHMEIER,HERMIT,LEIPZIG;befreit;;;partizipiales Adjektiv;;https://www.dwds.de/wb/befreit;0.0;4401.0;383;;;4003.0;3231.0;3007.0
LEEDS,LEIPZIG;Befreiung;;;;;;;;;2873.0;24.05;4422.0;;
BUCHMEIER,HERMIT;befreundet;;;;;;;4332.0;391;;;;3432.0;2787.0
B1;befriedigend;;;partizipiales Adjektiv;;https://www.dwds.de/wb/befriedigend;0.0;;;;;;;
BUCHMEIER,HERMIT,LEIPZIG;befördert;;;;;;;5919.0;260;;;7745.0;5294.0;1595.0
BUCHMEIER,HERMIT;Beförderung;;;;;;;7336.0;195;;;;6151.0;1332.0
BUCHMEIER,HERMIT;befürchte;;;;;;;5344.0;296;;;;4513.0;1971.0
BUCHMEIER,HERMIT,LEEDS,LEIPZIG;befürchten;;;;;;;9470.0;139;2144.0;34.6;2498.0;7068.0;1107.0
BUCHMEIER,HERMIT,LEIPZIG;befürchtet;;;;;;;8092.0;171;;;2566.0;7154.0;1091.0
LEEDS,LEIPZIG;Befürchtung;;;;;;;;;4701.0;12.7;9250.0;;
BUCHMEIER,HERMIT,LEIPZIG;begangen;;;;;;;4054.0;430;;;4870.0;3285.0;2957.0
BUCHMEIER,HERMIT,LEIPZIG;begann;;;;;;;2660.0;736;;;986.0;2195.0;4898.0
BUCHMEIER,HERMIT,LEIPZIG;begannen;;;;;;;7487.0;189;;;4653.0;7325.0;1060.0
BUCHMEIER,HERMIT,LEEDS,LEIPZIG;begeben;;;;;;;6880.0;212;2539.0;28.16;7083.0;6089.0;1346.0
B1,BUCHMEIER,HERMIT,LEEDS,LEIPZIG,LEO739,NRW422;begegnen;;;Verb;;https://www.dwds.de/wb/begegnen;0.0;6057.0;252;1597.0;47.13;4654.0;4934.0;1751.0
BUCHMEIER,HERMIT,LEIPZIG;begegnet;;;;;;;2952.0;649;;;5405.0;2618.0;3944.0
BUCHMEIER,HERMIT,LEEDS,LEIPZIG;Begegnung;;;;;;;7980.0;174;2289.0;32.06;3085.0;6449.0;1249.0
BUCHMEIER,HERMIT,LEEDS;begehen;;;;;;;5533.0;282;2481.0;28.98;;4854.0;1790.0
B1,BUCHMEIER,HERMIT,LEEDS,LEIPZIG;begeistert;;;partizipiales Adjektiv;;https://www.dwds.de/wb/begeistert;0.0;3561.0;508;3424.0;19.31;3470.0;2891.0;3462.0
BUCHMEIER,HERMIT,LEEDS,LEIPZIG;Begeisterung;;;;;;;9698.0;135;3887.0;16.32;4117.0;9994.0;701.0
B1,BUCHMEIER,HERMIT,LEEDS,LEIPZIG;Beginn;der;;Substantiv;mask.;https://www.dwds.de/wb/Beginn;0.0;4519.0;370;671.0;109.5;571.0;4381.0;2060.0
A1,BUCHMEIER,BW3,HERMIT,LEEDS,LEIPZIG;beginnen;;du beginnst, ich begann;Verb;;https://www.dwds.de/wb/beginnen;0.0;1683.0;1275;214.0;321.54;1194.0;1410.0;8570.0
BUCHMEIER,HERMIT,LEIPZIG;beginnt;;;;;;;1663.0;1293;;;659.0;1578.0;7430.0
BUCHMEIER,HERMIT;begleite;;;;;;;7917.0;176;;;;5421.0;1552.0
B1,BUCHMEIER,HERMIT,LEEDS,LEIPZIG;begleiten;;;Verb;;https://www.dwds.de/wb/begleiten;0.0;2866.0;670;1372.0;55.06;6190.0;2177.0;4940.0
HERMIT,LEIPZIG;Begleiter;;;;;;;;;;;8386.0;9418.0;758.0
BUCHMEIER,HERMIT,LEIPZIG;begleitet;;;;;;;6796.0;216;;;2693.0;5489.0;1524.0
BUCHMEIER,HERMIT,LEEDS,LEIPZIG;Begleitung;;;;;;;7358.0;194;3989.0;15.79;7036.0;6424.0;1256.0
BUCHMEIER,HERMIT,LEIPZIG;begonnen;;;;;;;3316.0;557;;;1055.0;2882.0;3471.0
BUCHMEIER,HERMIT,LEIPZIG;begraben;;;;;;;2974.0;643;;;7755.0;2312.0;4631.0
BUCHMEIER,HERMIT,LEEDS,LEIPZIG;begreifen;;;;;;;5472.0;286;1517.0;50.25;5298.0;4306.0;2101.0
B1,LEEDS,LEIPZIG;begrenzt;;;partizipiales Adjektiv;;https://www.dwds.de/wb/begrenzt;0.0;;;1776.0;42.21;3632.0;;
BUCHMEIER,HERMIT,LEEDS,LEIPZIG;Begriff;;;;;;;5291.0;300;453.0;158.12;1683.0;4222.0;2150.0
BUCHMEIER,HERMIT,LEIPZIG;begriffen;;;;;;;6294.0;239;;;6075.0;6472.0;1242.0
A2,LEEDS,LEIPZIG;begründen;;;Verb;;https://www.dwds.de/wb/begr%C3%BCnden;0.0;;;1257.0;60.29;7039.0;;
B1,LEEDS,LEIPZIG;Begründung;die;;Substantiv;fem.;https://www.dwds.de/wb/Begr%C3%BCndung;0.0;;;1741.0;42.95;1924.0;;
B1,BUCHMEIER,HERMIT,LEEDS,LEIPZIG;begrüßen;;;Verb;;https://www.dwds.de/wb/begr%C3%BC%C3%9Fen;0.0;5191.0;309;1683.0;44.41;6249.0;3553.0;2662.0
HERMIT,LEIPZIG;begrüßt;;;;;;;;;;;3716.0;8430.0;878.0
BUCHMEIER,HERMIT;Behalt;;;;;;;8901.0;151;;;;5571.0;1498.0
BUCHMEIER,HERMIT;behalte;;;;;;;4400.0;383;;;;2824.0;3548.0
B1,BUCHMEIER,HERMIT,LEEDS,LEIPZIG;behalten;;;Verb;;https://www.dwds.de/wb/behalten;0.0;1163.0;2015;1569.0;48.28;2869.0;918.0;14372.0
B1,BUCHMEIER,HERMIT,LEEDS,LEIPZIG;behandeln;;;Verb;;https://www.dwds.de/wb/behandeln;0.0;2489.0;793;855.0;87.79;4624.0;2134.0;5058.0
BUCHMEIER,HERMIT,LEIPZIG;behandelt;;;;;;;2135.0;964;;;1610.0;1804.0;6252.0
BUCHMEIER,HERMIT,LEEDS,LEIPZIG;Behandlung;;;;;;;4009.0;435;936.0;80.51;1798.0;3070.0;3208.0
B1,BUCHMEIER,HERMIT,LEEDS,LEIPZIG;behaupten;;;Verb;;https://www.dwds.de/wb/behaupten;0.0;3560.0;508;829.0;90.59;2611.0;2781.0;3640.0
BUCHMEIER,HERMIT,LEIPZIG;behauptet;;;;;;;3296.0;561;;;1813.0;2691.0;3822.0
LEEDS,LEIPZIG;Behauptung;;;;;;;;;2212.0;33.2;5176.0;;
BUCHMEIER,HERMIT,LEEDS,LEIPZIG;beherrschen;;;;;;;5158.0;312;2388.0;30.41;6583.0;5043.0;1703.0
BUCHMEIER,HERMIT,LEIPZIG;beherrscht;;;;;;;6918.0;210;;;4371.0;7745.0;985.0
BUCHMEIER,HERMIT;behilflich;;;;;;;6943.0;209;;;;5229.0;1620.0
B1,LEEDS;behindern;;;Verb;;https://www.dwds.de/wb/behindern;0.0;;;3861.0;16.47;;;
BUCHMEIER,HERMIT,LEEDS,LEIPZIG;behindert;;;;;;;7090.0;204;3048.0;22.38;6761.0;8296.0;899.0
LEEDS,LEIPZIG;Behinderte;;;;;;;;;4176.0;14.87;6416.0;;
HERMIT,LEIPZIG;behält;;;;;;;;;;;8537.0;7981.0;945.0
B1,HERMIT,LEEDS,LEIPZIG;Behörde;die;;Substantiv;fem.;https://www.dwds.de/wb/Beh%C3%B6rde;0.0;;;1024.0;74.23;2030.0;9302.0;771.0
BUCHMEIER,HERMIT,LEIPZIG;Behörden;;;;;;;4933.0;332;;;997.0;4073.0;2244.0
A1,BUCHMEIER,BW3,HERMIT,LEEDS,LEIPZIG,LEO739,NRW111;bei;;;Präposition;;https://www.dwds.de/wb/bei#1;0.0;99.0;37280;30.0;2859.94;33.0;86.0;277087.0
BUCHMEIER,HERMIT;beibringen;;;;;;;3989.0;438;;;;3436.0;2783.0
A1,BUCHMEIER,HERMIT,LEEDS,LEIPZIG;beide;;;;;https://www.dwds.de/wb/beide;0.0;426.0;6970;127.0;554.65;538.0;319.0;53120.0
BUCHMEIER,HERMIT,LEIPZIG;beiden;;;;;;;645.0;4488;;;187.0;577.0;27228.0
BUCHMEIER,HERMIT,LEIPZIG;beides;;;;;;;4212.0;407;;;5860.0;2731.0;3737.0
HERMIT,LEEDS,LEIPZIG;Beifall;;;;;;;;;4046.0;15.49;3771.0;9856.0;714.0
BUCHMEIER,HERMIT;beigebracht;;;;;;;3415.0;537;;;;2935.0;3390.0
BUCHMEIER,HERMIT;Beileid;;;;;;;6198.0;244;;;;4827.0;1805.0
BUCHMEIER,BW3,HERMIT,LEEDS,LEIPZIG;beim;;;;;;;390.0;7623;125.0;557.78;109.0;317.0;53673.0
A1,BUCHMEIER,BW1,HERMIT,LEEDS,LEIPZIG;Bein;das;;Substantiv;neutr.;https://www.dwds.de/wb/Bein;0.0;1671.0;1285;1535.0;49.65;5807.0;1627.0;7174.0
B1;beinah;;;Adverb;;https://www.dwds.de/wb/beinah;0.0;;;;;;;
B1,BUCHMEIER,HERMIT,LEEDS,LEIPZIG;beinahe;;;Adverb;;https://www.dwds.de/wb/beinahe;0.0;2904.0;662;2332.0;31.26;2812.0;2372.0;4471.0
BUCHMEIER,HERMIT,LEIPZIG;Beine;;;;;;;1485.0;1478;;;3305.0;1493.0;8009.0
BUCHMEIER,HERMIT,LEIPZIG;Beinen;;;;;;;4871.0;338;;;7012.0;3979.0;2313.0
BUCHMEIER,HERMIT,LEIPZIG;beinhaltet;;;;;;;8854.0;152;;;7637.0;8837.0;822.0
BUCHMEIER,HERMIT,LEIPZIG;beiseite;;;;;;;5869.0;262;;;8562.0;5932.0;1390.0
A1,BUCHMEIER,FEHLER300,HERMIT,LEEDS,LEIPZIG,LEO739,NRW422;Beispiel;das;;Substantiv;neutr.;https://www.dwds.de/wb/Beispiel;0.0;1208.0;1908;198.0;340.08;816.0;1095.0;11436.0
LEEDS,LEIPZIG;beispielsweise;;;;;;;;;591.0;121.89;528.0;;
B1,BUCHMEIER,HERMIT,LEEDS,LEIPZIG;Beitrag;der;;Substantiv;mask.;https://www.dwds.de/wb/Beitrag;0.0;8527.0;159;333.0;213.55;1591.0;6993.0;1119.0
LEEDS,LEIPZIG;beitragen;;;;;;;;;1305.0;57.88;3511.0;;
B1,BUCHMEIER,HERMIT;beißen;;;Verb;;https://www.dwds.de/wb/bei%C3%9Fen;0.0;5715.0;271;;;;4509.0;1974.0
BUCHMEIER,FEHLER300,HERMIT;beißt;;;;;;;8268.0;166;;;;6419.0;1258.0
BUCHMEIER,FEHLER100,FEHLER300,HERMIT,LEIPZIG;bekam;;;;;;;1497.0;1456;;;1827.0;1222.0;10138.0
BUCHMEIER,HERMIT,LEIPZIG;bekamen;;;;;;;4003.0;436;;;5005.0;4033.0;2272.0
A1,BUCHMEIER,HERMIT,LEEDS,LEIPZIG;bekannt;;;partizipiales Adjektiv;;https://www.dwds.de/wb/bekannt;0.0;1227.0;1877;440.0;162.82;427.0;1090.0;11523.0
A1,HERMIT,LEEDS,LEIPZIG;Bekannte;;;Substantiv;fem., mask.;https://www.dwds.de/wb/Bekannte;0.0;;;3017.0;22.61;2496.0;5136.0;1655.0
BUCHMEIER,HERMIT,LEIPZIG;bekannten;;;;;;;8380.0;163;;;2331.0;5289.0;1597.0
HERMIT,LEIPZIG;bekannter;;;;;;;;;;;9090.0;8191.0;913.0
B1;bekanntgeben;;;Verb;;https://www.dwds.de/wb/bekanntgeben;0.0;;;;;;;
LEEDS,LEIPZIG;bekanntlich;;;;;;;;;3553.0;18.37;4811.0;;
LEEDS,LEIPZIG;bekennen;;;;;;;;;739.0;100.79;9409.0;;
LEEDS,LEIPZIG;Bekenntnis;;;;;;;;;4776.0;12.39;7104.0;;
LEEDS,LEIPZIG;beklagen;;;;;;;;;3299.0;20.24;5851.0;;
LEEDS,LEIPZIG;Beklagte;;;;;;;;;2198.0;33.51;6263.0;;
BUCHMEIER,HERMIT,LEIPZIG;bekomme;;;;;;;1560.0;1396;;;9156.0;1299.0;9421.0
A1,BUCHMEIER,FEHLER100,HERMIT,LEEDS,LEIPZIG,LEO739,NRW422;bekommen;;;Verb;;https://www.dwds.de/wb/bekommen;0.0;411.0;7231;217.0;315.77;503.0;374.0;44852.0
BUCHMEIER,HERMIT;bekommst;;;;;;;1963.0;1072;;;;1629.0;7169.0
BUCHMEIER,FEHLER300,HERMIT,LEIPZIG;bekommt;;;;;;;1155.0;2032;;;1311.0;934.0;14023.0
BUCHMEIER,HERMIT,LEEDS,LEIPZIG;bekämpfen;;;;;;;3661.0;489;2690.0;26.23;5458.0;3578.0;2644.0
BUCHMEIER,HERMIT,LEIPZIG;bekämpft;;;;;;;9973.0;130;;;8856.0;9511.0;748.0
LEEDS,LEIPZIG;Bekämpfung;;;;;;;;;3312.0;20.12;3944.0;;
BUCHMEIER,HERMIT,LEEDS,LEIPZIG;belasten;;;;;;;9590.0;137;3431.0;19.28;5641.0;7840.0;968.0
HERMIT,LEIPZIG;belastet;;;;;;;;;;;2703.0;8888.0;816.0
HERMIT,LEEDS,LEIPZIG;Belastung;;;;;;;;;2129.0;34.85;2925.0;9800.0;720.0
B1,LEEDS,LEIPZIG;Beleg;der;;Substantiv;mask.;https://www.dwds.de/wb/Beleg;0.0;;;4349.0;14.05;5222.0;;
LEEDS,LEIPZIG;belegen;;;;;;;;;1397.0;54.18;3948.0;;
BUCHMEIER,HERMIT,LEIPZIG;belegt;;;;;;;9589.0;137;;;2616.0;8021.0;939.0
B1,BUCHMEIER,HERMIT;beleidigen;;;Verb;;https://www.dwds.de/wb/beleidigen;0.0;6607.0;224;;;;5505.0;1518.0
BUCHMEIER,HERMIT;beleidigt;;;;;;;4366.0;387;;;;3823.0;2438.0
BUCHMEIER,HERMIT;Beleidigung;;;;;;;8452.0;161;;;;7642.0;1001.0
LEEDS,LEIPZIG;Belgien;;;;;;;;;4093.0;15.21;3136.0;;
LEEDS,LEIPZIG;beliebig;;;;;;;;;2492.0;28.85;6740.0;;
A2,BUCHMEIER,HERMIT,LEEDS,LEIPZIG;beliebt;;;partizipiales Adjektiv;;https://www.dwds.de/wb/beliebt;0.0;4236.0;404;3013.0;22.65;6339.0;4280.0;2118.0
BUCHMEIER,HERMIT;Bell;;;;;;;7673.0;183;;;;5456.0;1539.0
BUCHMEIER,HERMIT;belogen;;;;;;;5862.0;263;;;;4298.0;2103.0
FEHLER300,LEO739,NRW422;belohnen;;;;;;;;;;;;;
BUCHMEIER,HERMIT,LEIPZIG;belohnt;;;;;;;9801.0;133;;;8077.0;9395.0;760.0
BUCHMEIER,HERMIT,LEIPZIG;Belohnung;;;;;;;3788.0;464;;;9907.0;3439.0;2782.0
BUCHMEIER,HERMIT;belästigen;;;;;;;6364.0;236;;;;5616.0;1482.0
BUCHMEIER,HERMIT;belästigt;;;;;;;7057.0;205;;;;6028.0;1365.0
BUCHMEIER,HERMIT;belügen;;;;;;;9273.0;143;;;;7323.0;1060.0
B1,BUCHMEIER,HERMIT,LEEDS;bemerken;;;Verb;;https://www.dwds.de/wb/bemerken;0.0;5509.0;283;1157.0;65.37;;5803.0;1428.0
HERMIT,LEEDS,LEIPZIG;bemerkenswert;;;;;;;;;3271.0;20.41;9412.0;8589.0;857.0
BUCHMEIER,HERMIT,LEIPZIG;bemerkt;;;;;;;2096.0;987;;;4335.0;1940.0;5750.0
BUCHMEIER,HERMIT,LEIPZIG;bemerkte;;;;;;;9041.0;148;;;8107.0;8354.0;890.0
LEEDS,LEIPZIG;Bemerkung;;;;;;;;;2816.0;24.7;8297.0;;
B1,BUCHMEIER,HERMIT,LEEDS,LEIPZIG;bemühen;;;Verb;;https://www.dwds.de/wb/bem%C3%BChen;0.0;8495.0;160;1590.0;47.52;4347.0;6737.0;1178.0
BUCHMEIER,HERMIT,LEIPZIG;bemüht;;;;;;;8771.0;154;;;2335.0;7817.0;972.0
HERMIT,LEIPZIG;Bemühungen;;;;;;;;;;;2805.0;8537.0;863.0
BUCHMEIER,HERMIT,LEEDS;Ben;;;;;;;1351.0;1658;4899.0;11.95;;1136.0;11045.0
BUCHMEIER,HERMIT,LEIPZIG;benannt;;;;;;;9469.0;139;;;5328.0;8429.0;878.0
BUCHMEIER,HERMIT;Bender;;;;;;;2595.0;757;;;;9801.0;720.0
BUCHMEIER,HERMIT;benehmen;;;;;;;4617.0;361;;;;3027.0;3276.0
BUCHMEIER,HERMIT;beneide;;;;;;;9380.0;141;;;;8423.0;878.0
BUCHMEIER,HERMIT;benimmst;;;;;;;7242.0;199;;;;7100.0;1101.0
BUCHMEIER,HERMIT;benimmt;;;;;;;8011.0;173;;;;7280.0;1066.0
BUCHMEIER,HERMIT;Benjamin;;;;;;;7574.0;186;;;;4544.0;1955.0
BUCHMEIER,HERMIT;Bennett;;;;;;;7241.0;199;;;;6797.0;1163.0
BUCHMEIER,HERMIT;Benny;;;;;;;7418.0;192;;;;4664.0;1894.0
BUCHMEIER,HERMIT;benommen;;;;;;;8091.0;171;;;;6946.0;1129.0
BUCHMEIER,HERMIT;benutze;;;;;;;5508.0;283;;;;3984.0;2310.0
A1,BUCHMEIER,HERMIT,LEEDS,LEIPZIG;benutzen;;;Verb;;https://www.dwds.de/wb/benutzen;0.0;1054.0;2282;732.0;101.73;3560.0;1037.0;12191.0
LEEDS,LEIPZIG;Benutzer;;;;;;;;;1950.0;38.07;2857.0;;
BUCHMEIER,HERMIT,LEIPZIG;benutzt;;;;;;;1114.0;2121;;;2415.0;994.0;12902.0
BUCHMEIER,HERMIT;benutzte;;;;;;;5897.0;261;;;;5300.0;1594.0
B1,BUCHMEIER,HERMIT,LEIPZIG;Benzin;das;;Substantiv;neutr., mask.;https://www.dwds.de/wb/Benzin;0.0;3738.0;473;;;6493.0;3469.0;2747.0
B1,BUCHMEIER,HERMIT,LEEDS,LEIPZIG;benötigen;;;Verb;;https://www.dwds.de/wb/ben%C3%B6tigen;0.0;6402.0;234;1039.0;72.99;4287.0;4376.0;2062.0
BUCHMEIER,HERMIT,LEEDS,LEIPZIG;benötigt;;;;;;;5735.0;270;4986.0;11.68;2342.0;5272.0;1603.0
BUCHMEIER,HERMIT;beobachte;;;;;;;8614.0;157;;;;6491.0;1238.0
B1,BUCHMEIER,HERMIT,LEEDS,LEIPZIG;beobachten;;;Verb;;https://www.dwds.de/wb/beobachten;0.0;3077.0;613;923.0;82.37;2763.0;2403.0;4408.0
LEEDS,LEIPZIG;Beobachter;;;;;;;;;3305.0;20.18;2836.0;;
BUCHMEIER,HERMIT,LEIPZIG;beobachtet;;;;;;;2718.0;717;;;2509.0;2157.0;4988.0
HERMIT,LEEDS,LEIPZIG;Beobachtung;;;;;;;;;2097.0;35.49;6404.0;8498.0;870.0
A2,BUCHMEIER,BW1,HERMIT,LEEDS,LEIPZIG;bequem;;;Adjektiv;;https://www.dwds.de/wb/bequem;0.0;4503.0;372;3252.0;20.6;8691.0;3644.0;2584.0
A2,HERMIT,LEEDS,LEIPZIG;beraten;;;Verb;;https://www.dwds.de/wb/beraten;0.0;;;2512.0;28.54;2143.0;7292.0;1064.0
BUCHMEIER,HERMIT,LEEDS,LEIPZIG;Berater;;;;;;;6275.0;240;3704.0;17.4;3441.0;5071.0;1692.0
B1,LEEDS,LEIPZIG;Beratung;die;;Substantiv;fem.;https://www.dwds.de/wb/Beratung;0.0;;;1625.0;46.19;2076.0;;
B1,LEEDS;berechnen;;;Verb;;https://www.dwds.de/wb/berechnen;0.0;;;3287.0;20.28;;;
LEEDS,LEIPZIG;Berechnung;;;;;;;;;3018.0;22.61;4999.0;;
BUCHMEIER,LEIPZIG;Berechnungen;;;;;;;9860.0;132;;;4956.0;;
LEEDS,LEIPZIG;berechtigt;;;;;;;;;3521.0;18.62;5873.0;;
BUCHMEIER,HERMIT;bereden;;;;;;;8665.0;156;;;;6656.0;1199.0
FEHLER400;Beredsamkeit;;;;;;;;;;;;;
B1,BUCHMEIER,HERMIT,LEEDS,LEIPZIG;Bereich;der;;Substantiv;mask., neutr.;https://www.dwds.de/wb/Bereich;0.0;3121.0;604;239.0;286.81;464.0;3104.0;3158.0
B1,BUCHMEIER,HERMIT,LEEDS,LEIPZIG;bereit;;;Adjektiv;;https://www.dwds.de/wb/bereit;0.0;498.0;5901;744.0;100.18;678.0;396.0;41925.0
BUCHMEIER,HERMIT;bereite;;;;;;;7743.0;181;;;;5298.0;1595.0
BUCHMEIER,HERMIT,LEEDS,LEIPZIG;bereiten;;;;;;;4801.0;344;1879.0;39.61;5216.0;3147.0;3099.0
BUCHMEIER,HERMIT,LEIPZIG;bereitet;;;;;;;4691.0;354;;;3280.0;3541.0;2674.0
B1,BUCHMEIER,HERMIT,LEEDS,LEIPZIG;bereits;;;Adverb;;https://www.dwds.de/wb/bereits;0.0;725.0;3792;139.0;502.63;119.0;655.0;22535.0
BUCHMEIER,HERMIT,LEEDS,LEIPZIG;Bereitschaft;;;;;;;8900.0;151;2863.0;24.19;2966.0;9756.0;724.0
BUCHMEIER,HERMIT;bereue;;;;;;;8573.0;158;;;;7060.0;1108.0
BUCHMEIER,HERMIT;bereuen;;;;;;;4105.0;422;;;;3292.0;2946.0
A2,BUCHMEIER,BW3,FEHLER300,HERMIT,LEEDS,LEIPZIG,LEO739,NRW422;Berg;der;Berge, bergig;Substantiv;mask.;https://www.dwds.de/wb/Berg;0.0;2456.0;804;1233.0;60.99;3025.0;2393.0;4430.0
BUCHMEIER,HERMIT,LEIPZIG;Berge;;;;;;;3694.0;482;;;5392.0;3294.0;2945.0
BUCHMEIER,HERMIT,LEEDS,LEIPZIG;Bergen;;;;;;;4586.0;364;3910.0;16.24;5637.0;3589.0;2629.0
B1,BUCHMEIER,HERMIT,LEEDS,LEIPZIG;Bericht;der;;Substantiv;mask.;https://www.dwds.de/wb/Bericht;0.0;1837.0;1157;505.0;144.62;656.0;1495.0;8007.0
BUCHMEIER,HERMIT,LEIPZIG;Berichte;;;;;;;4645.0;358;;;2577.0;3675.0;2553.0
A2,BUCHMEIER,HERMIT,LEEDS,LEIPZIG;berichten;;;Verb;;https://www.dwds.de/wb/berichten;0.0;4115.0;420;471.0;153.48;2374.0;3022.0;3283.0
LEEDS,LEIPZIG;Berichterstattung;;;;;;;;;4145.0;15.0;7111.0;;
BUCHMEIER,HERMIT,LEIPZIG;berichtet;;;;;;;6308.0;238;;;645.0;5322.0;1586.0
BUCHMEIER,HERMIT,LEEDS,LEIPZIG;Berlin;;;;;;;3769.0;467;298.0;239.18;169.0;2536.0;4123.0
LEEDS,LEIPZIG;Berliner;;;;;;;;;871.0;86.04;300.0;;
BUCHMEIER,LEEDS;Bern;;;;;;;9007.0;149;3058.0;22.25;;;
BUCHMEIER,HERMIT;Bernard;;;;;;;8155.0;169;;;;4579.0;1934.0
LEEDS,LEIPZIG;Bernd;;;;;;;;;3225.0;20.8;2291.0;;
LEEDS,LEIPZIG;Bernhard;;;;;;;;;4039.0;15.54;3352.0;;
BUCHMEIER,HERMIT;Bernie;;;;;;;8717.0;155;;;;6913.0;1134.0
BUCHMEIER,HERMIT;Bert;;;;;;;9751.0;134;;;;7719.0;989.0
A1,BUCHMEIER,HERMIT,LEEDS,LEIPZIG;Beruf;der;;Substantiv;mask.;https://www.dwds.de/wb/Beruf;0.0;3132.0;601;1350.0;56.04;2100.0;2437.0;4318.0
HERMIT,LEEDS,LEIPZIG;berufen;;;;;;;;;2345.0;31.05;3400.0;9980.0;702.0
B1,BUCHMEIER,HERMIT,LEEDS;beruflich;;;Adjektiv;;https://www.dwds.de/wb/beruflich;0.0;6653.0;222;1699.0;44.16;;6083.0;1348.0
B1;berufstätig;;;Adjektiv;;https://www.dwds.de/wb/berufst%C3%A4tig;0.0;;;;;;;
BUCHMEIER,HERMIT,LEEDS,LEIPZIG;Berufung;;;;;;;9588.0;137;2977.0;22.98;2623.0;6983.0;1120.0
BUCHMEIER,HERMIT;Beruhig;;;;;;;6942.0;209;;;;5164.0;1645.0
BUCHMEIER,HERMIT;Beruhige;;;;;;;2933.0;656;;;;1944.0;5737.0
B1,BUCHMEIER,HERMIT,LEEDS,LEIPZIG;beruhigen;;;Verb;;https://www.dwds.de/wb/beruhigen;0.0;2982.0;640;3539.0;18.5;9430.0;1835.0;6122.0
BUCHMEIER,HERMIT,LEIPZIG;beruhigt;;;;;;;3728.0;475;;;8409.0;2667.0;3863.0
BUCHMEIER,HERMIT;Beruhigungsmittel;;;;;;;7916.0;176;;;;8704.0;841.0
HERMIT,LEIPZIG;beruht;;;;;;;;;;;5410.0;9574.0;742.0
LEEDS,LEIPZIG;berücksichtigen;;;;;;;;;1165.0;65.06;4551.0;;
LEEDS,LEIPZIG;Berücksichtigung;;;;;;;;;2939.0;23.32;6133.0;;
A2,BUCHMEIER,HERMIT,LEEDS,LEIPZIG;berühmt;;;partizipiales Adjektiv;;https://www.dwds.de/wb/ber%C3%BChmt;0.0;3768.0;467;1602.0;46.94;6823.0;3405.0;2828.0
BUCHMEIER,HERMIT,LEIPZIG;berühmte;;;;;;;5178.0;310;;;5169.0;5283.0;1600.0
BUCHMEIER,HERMIT,LEIPZIG;berühmten;;;;;;;7033.0;206;;;3538.0;6272.0;1296.0
BUCHMEIER,HERMIT,LEEDS;berühren;;;;;;;3807.0;462;2337.0;31.15;;3343.0;2889.0
BUCHMEIER,HERMIT,LEIPZIG;berührt;;;;;;;3622.0;495;;;6432.0;3182.0;3058.0
BUCHMEIER,HERMIT;Berührung;;;;;;;9750.0;134;;;;8880.0;817.0
BUCHMEIER,HERMIT;besagt;;;;;;;7613.0;185;;;;6776.0;1170.0
BUCHMEIER,HERMIT,LEIPZIG;Besatzung;;;;;;;6179.0;245;;;7270.0;7064.0;1107.0
BUCHMEIER,HERMIT;beschaffen;;;;;;;6533.0;228;;;;6742.0;1176.0
A2,BUCHMEIER,HERMIT,LEEDS,LEIPZIG;Bescheid;der;;Substantiv;mask.;https://www.dwds.de/wb/Bescheid;0.0;1334.0;1685;3868.0;16.45;7140.0;989.0;13023.0
BUCHMEIER,HERMIT,LEEDS,LEIPZIG;bescheiden;;;;;;;9272.0;143;2912.0;23.65;5902.0;6922.0;1133.0
BUCHMEIER,HERMIT;bescheuert;;;;;;;4072.0;427;;;;3593.0;2625.0
BUCHMEIER,HERMIT;beschissen;;;;;;;3614.0;496;;;;3923.0;2360.0
BUCHMEIER,HERMIT;beschissene;;;;;;;6630.0;223;;;;5651.0;1472.0
BUCHMEIER,HERMIT;beschissenen;;;;;;;6700.0;220;;;;6044.0;1361.0
BUCHMEIER,HERMIT;beschissener;;;;;;;9587.0;137;;;;8478.0;872.0
BUCHMEIER,HERMIT,LEEDS,LEIPZIG;beschleunigen;;;;;;;8664.0;156;3688.0;17.49;7868.0;8321.0;895.0
B1,LEEDS,LEIPZIG;beschließen;;;Verb;;https://www.dwds.de/wb/beschlie%C3%9Fen;0.0;;;942.0;79.96;6184.0;;
BUCHMEIER,HERMIT;beschloss;;;;;;;5991.0;256;;;;6193.0;1322.0
BUCHMEIER,HERMIT,LEIPZIG;beschlossen;;;;;;;3158.0;596;;;1331.0;2887.0;3467.0
LEEDS,LEIPZIG;Beschluß;;;;;;;;;1542.0;49.28;1857.0;;
A2,BUCHMEIER,HERMIT,LEEDS,LEIPZIG;beschreiben;;;Verb;;https://www.dwds.de/wb/beschreiben;0.0;5598.0;278;605.0;119.51;4564.0;3621.0;2602.0
B1,BUCHMEIER,HERMIT,LEEDS,LEIPZIG;Beschreibung;die;;Substantiv;fem.;https://www.dwds.de/wb/Beschreibung;0.0;7211.0;200;1868.0;39.8;4177.0;4893.0;1771.0
BUCHMEIER,HERMIT,LEEDS,LEIPZIG;beschrieben;;;;;;;7741.0;181;3119.0;21.76;2619.0;7072.0;1105.0
B1,LEEDS,LEIPZIG;beschränken;;;Verb;;https://www.dwds.de/wb/beschr%C3%A4nken;0.0;;;1430.0;53.0;5704.0;;
LEEDS,LEIPZIG;Beschränkung;;;;;;;;;3794.0;16.8;9165.0;;
BUCHMEIER,HERMIT;beschuldigen;;;;;;;8451.0;161;;;;6663.0;1196.0
BUCHMEIER,HERMIT,LEIPZIG;beschuldigt;;;;;;;7642.0;184;;;6847.0;5217.0;1625.0
HERMIT,LEEDS,LEIPZIG;Beschwerde;;;;;;;;;2374.0;30.61;6833.0;8424.0;878.0
HERMIT,LEIPZIG;Beschwerden;;;;;;;;;;;5423.0;7905.0;957.0
A2,BUCHMEIER,HERMIT;beschweren;;;Verb;;https://www.dwds.de/wb/beschweren#2;0.0;7031.0;206;;;;6002.0;1371.0
BUCHMEIER,HERMIT,LEIPZIG;beschwert;;;;;;;8494.0;160;;;9889.0;7464.0;1034.0
B1;beschädigen;;;Verb;;https://www.dwds.de/wb/besch%C3%A4digen;0.0;;;;;;;
BUCHMEIER,HERMIT,LEIPZIG;beschädigt;;;;;;;5012.0;325;;;5338.0;4895.0;1769.0
B1,BUCHMEIER,HERMIT,LEEDS,LEIPZIG;beschäftigen;;;Verb;;https://www.dwds.de/wb/besch%C3%A4ftigen;0.0;6879.0;212;689.0;107.59;2793.0;6061.0;1355.0
BUCHMEIER,HERMIT,LEIPZIG;beschäftigt;;;;;;;1428.0;1549;;;1057.0;1230.0;10058.0
LEEDS,LEIPZIG;Beschäftigte;;;;;;;;;2009.0;36.91;3361.0;;
B1,LEEDS,LEIPZIG;Beschäftigung;die;;Substantiv;fem.;https://www.dwds.de/wb/Besch%C3%A4ftigung;0.0;;;2017.0;36.74;2538.0;;
BUCHMEIER,HERMIT;beschütze;;;;;;;7032.0;206;;;;5857.0;1412.0
BUCHMEIER,HERMIT;beschützen;;;;;;;1282.0;1786;;;;1180.0;10577.0
BUCHMEIER,HERMIT;beschützt;;;;;;;3621.0;495;;;;2825.0;3547.0
BUCHMEIER,HERMIT,LEEDS,LEIPZIG;beseitigen;;;;;;;6745.0;218;2457.0;29.38;5748.0;5937.0;1388.0
BUCHMEIER,HERMIT,LEIPZIG;beseitigt;;;;;;;9082.0;147;;;5711.0;8450.0;876.0
LEEDS,LEIPZIG;Beseitigung;;;;;;;;;4929.0;11.87;6953.0;;
BW1,HERMIT;Besen;der;;Substantiv;;;;;;;;;9322.0;768.0
BUCHMEIER,HERMIT;besessen;;;;;;;3613.0;496;;;;3075.0;3201.0
B1,LEEDS,LEIPZIG;besetzen;;;Verb;;https://www.dwds.de/wb/besetzen;0.0;;;2072.0;35.93;6866.0;;
A1,BUCHMEIER,HERMIT,LEEDS,LEIPZIG;besetzt;;;partizipiales Adjektiv;;https://www.dwds.de/wb/besetzt;0.0;5795.0;266;4064.0;15.35;2225.0;4623.0;1912.0
BUCHMEIER,LEEDS,LEIPZIG;Besetzung;;;;;;;9081.0;147;3473.0;18.94;3946.0;;
A1,LEIPZIG;besichtigen;;;Verb;;https://www.dwds.de/wb/besichtigen;0.0;;;;;8158.0;;
BUCHMEIER,HERMIT,LEEDS,LEO739,NRW422;besiegen;;;;;;;3023.0;631;4393.0;13.86;;3154.0;3085.0
BUCHMEIER,HERMIT,LEIPZIG;besiegt;;;;;;;3799.0;463;;;9426.0;3919.0;2364.0
BUCHMEIER,HERMIT,LEEDS,LEIPZIG;Besitz;;;;;;;3387.0;542;2135.0;34.73;2630.0;2809.0;3573.0
BUCHMEIER,HERMIT;besitze;;;;;;;8416.0;162;;;;6968.0;1125.0
BUCHMEIER,HERMIT,LEEDS,LEIPZIG;besitzen;;;;;;;4159.0;414;653.0;112.03;2851.0;3613.0;2607.0
BUCHMEIER,HERMIT,LEEDS,LEIPZIG;Besitzer;;;;;;;3787.0;464;3142.0;21.54;2968.0;3055.0;3230.0
BUCHMEIER,HERMIT,LEIPZIG;besitzt;;;;;;;3496.0;523;;;1901.0;3089.0;3183.0
BUCHMEIER,HERMIT;besoffen;;;;;;;8267.0;166;;;;5700.0;1458.0
B1,LEEDS;besonder;;;Adjektiv;;https://www.dwds.de/wb/besonder;0.0;;;421.0;172.7;;;
BUCHMEIER,HERMIT,LEEDS,LEIPZIG;besondere;;;;;;;4071.0;427;3965.0;15.92;1852.0;3127.0;3125.0
BUCHMEIER,HERMIT,LEIPZIG;besonderen;;;;;;;4511.0;371;;;2230.0;3606.0;2615.0
BUCHMEIER,HERMIT,LEIPZIG;besonderer;;;;;;;7641.0;184;;;5143.0;6161.0;1330.0
BUCHMEIER,HERMIT,LEIPZIG;Besonderes;;;;;;;2160.0;951;;;6344.0;1583.0;7400.0
A2,BUCHMEIER,HERMIT,LEEDS,LEIPZIG;besonders;;;Adverb;;https://www.dwds.de/wb/besonders;0.0;1123.0;2105;224.0;303.7;328.0;832.0;16170.0
BUCHMEIER,HERMIT;Besorg;;;;;;;7672.0;183;;;;4405.0;2045.0
BUCHMEIER,HERMIT;besorge;;;;;;;6178.0;245;;;;4195.0;2167.0
B1,BUCHMEIER,HERMIT,LEEDS;besorgen;;;Verb;;https://www.dwds.de/wb/besorgen;0.0;1677.0;1281;4422.0;13.75;;1485.0;8059.0
BUCHMEIER,HERMIT,LEEDS,LEIPZIG;besorgt;;;;;;;1693.0;1266;3498.0;18.78;4573.0;1340.0;9058.0
B1,BUCHMEIER,HERMIT,LEEDS;besprechen;;;Verb;;https://www.dwds.de/wb/besprechen;0.0;2740.0;708;3266.0;20.53;;1905.0;5897.0
B1,BUCHMEIER,HERMIT;Besprechung;die;;Substantiv;fem.;https://www.dwds.de/wb/Besprechung;0.0;6258.0;241;;;;5820.0;1424.0
BUCHMEIER,HERMIT;besprochen;;;;;;;6363.0;236;;;;4709.0;1872.0
A1,BUCHMEIER,BW3,FEHLER300,HERMIT,LEIPZIG,LEO739,NRW422;besser;;;Komparativ;;https://www.dwds.de/wb/besser;0.0;237.0;13968;;;408.0;204.0;92556.0
BUCHMEIER,HERMIT,LEIPZIG;bessere;;;;;;;2153.0;956;;;1673.0;1747.0;6503.0
BUCHMEIER,HERMIT,LEIPZIG;besseren;;;;;;;3315.0;557;;;2617.0;2555.0;4092.0
BUCHMEIER,HERMIT;besserer;;;;;;;5838.0;264;;;;5922.0;1392.0
BUCHMEIER,HERMIT,LEIPZIG;Besseres;;;;;;;3245.0;573;;;7837.0;1739.0;6556.0
B1,HERMIT,LEIPZIG;Besserung;die;;Substantiv;fem.;https://www.dwds.de/wb/Besserung;0.0;;;;;8524.0;9898.0;710.0
A1;best;;;Superlativ;;https://www.dwds.de/wb/best;0.0;;;;;;;
BUCHMEIER,HERMIT,LEEDS,LEIPZIG;bestand;;;;;;;5734.0;270;2868.0;24.1;3219.0;4697.0;1879.0
BUCHMEIER,HERMIT,LEIPZIG;bestanden;;;;;;;5566.0;280;;;5201.0;4476.0;1997.0
LEEDS,LEIPZIG;Bestandteil;;;;;;;;;1986.0;37.24;3903.0;;
BUCHMEIER,HERMIT,LEEDS,LEIPZIG,LEO739,NRW422;beste;;;;;;;860.0;2921;2391.0;30.39;1550.0;524.0;30671.0
BUCHMEIER,HERMIT,LEIPZIG;bestehe;;;;;;;8526.0;159;;;3301.0;6761.0;1173.0
A2,BUCHMEIER,HERMIT,LEEDS,LEIPZIG;bestehen;;;Verb;;https://www.dwds.de/wb/bestehen;0.0;3918.0;448;204.0;330.64;1351.0;3195.0;3041.0
BUCHMEIER,HERMIT,LEIPZIG;besteht;;;;;;;1951.0;1076;;;572.0;1584.0;7397.0
A1,BUCHMEIER,HERMIT,LEEDS,LEIPZIG;bestellen;;;Verb;;https://www.dwds.de/wb/bestellen;0.0;3742.0;472;1438.0;52.72;7833.0;2976.0;3334.0
BUCHMEIER,HERMIT,LEIPZIG;bestellt;;;;;;;3003.0;635;;;3376.0;2451.0;4287.0
BUCHMEIER,HERMIT,LEEDS,LEIPZIG;Bestellung;;;;;;;7357.0;194;3379.0;19.62;5460.0;6873.0;1145.0
BUCHMEIER,HERMIT,LEIPZIG;besten;;;;;;;782.0;3356;;;689.0;609.0;25164.0
BUCHMEIER,HERMIT,LEEDS,LEIPZIG;bestens;;;;;;;3875.0;454;4893.0;11.97;6473.0;2567.0;4065.0
BUCHMEIER,HERMIT,LEIPZIG;bester;;;;;;;2678.0;728;;;5630.0;2130.0;5061.0
BUCHMEIER,HERMIT;Bestes;;;;;;;2662.0;735;;;;2120.0;5085.0
BUCHMEIER,HERMIT;Bestie;;;;;;;4558.0;367;;;;3987.0;2308.0
BUCHMEIER,HERMIT,LEEDS,LEIPZIG;bestimmen;;;;;;;5123.0;315;629.0;115.61;2249.0;4330.0;2086.0
B1,BUCHMEIER,FEHLER300,HERMIT,LEEDS,LEIPZIG;bestimmt;;;partizipiales Adjektiv;;https://www.dwds.de/wb/bestimmt;0.0;597.0;4883;273.0;259.27;1078.0;506.0;32232.0
BUCHMEIER,HERMIT,LEIPZIG;bestimmte;;;;;;;4639.0;359;;;1278.0;4200.0;2164.0
BUCHMEIER,HERMIT,LEIPZIG;bestimmten;;;;;;;4137.0;417;;;1171.0;3974.0;2318.0
BUCHMEIER,HERMIT,LEEDS,LEIPZIG;Bestimmung;;;;;;;5702.0;272;1302.0;58.01;5961.0;6612.0;1210.0
B1,BUCHMEIER,HERMIT,LEEDS;bestrafen;;;Verb;;https://www.dwds.de/wb/bestrafen;0.0;5550.0;281;3584.0;18.15;;4383.0;2059.0
BUCHMEIER,HERMIT,LEIPZIG;bestraft;;;;;;;3545.0;512;;;5253.0;3190.0;3044.0
BUCHMEIER,HERMIT;Bestrafung;;;;;;;9800.0;133;;;;8204.0;911.0
LEEDS,LEIPZIG;bestreiten;;;;;;;;;3242.0;20.66;5996.0;;
A2,BUCHMEIER,HERMIT,LEEDS,LEIPZIG;bestätigen;;;Verb;;https://www.dwds.de/wb/best%C3%A4tigen;0.0;3884.0;453;798.0;94.22;3242.0;2856.0;3503.0
BUCHMEIER,HERMIT,LEIPZIG;bestätigt;;;;;;;3356.0;548;;;1077.0;2630.0;3925.0
B1,BUCHMEIER,HERMIT,LEEDS,LEIPZIG;Bestätigung;die;;Substantiv;fem.;https://www.dwds.de/wb/Best%C3%A4tigung;0.0;5733.0;270;3832.0;16.61;6402.0;6706.0;1185.0
A2,BUCHMEIER,HERMIT,LEEDS,LEIPZIG;Besuch;der;;Substantiv;mask.;https://www.dwds.de/wb/Besuch;0.0;1718.0;1246;1026.0;74.15;1265.0;1276.0;9624.0
BUCHMEIER,HERMIT;besuche;;;;;;;8232.0;167;;;;5022.0;1714.0
A1,BUCHMEIER,HERMIT,LEEDS,LEIPZIG;besuchen;;;Verb;;https://www.dwds.de/wb/besuchen;0.0;1681.0;1277;913.0;82.86;3485.0;1330.0;9177.0
BUCHMEIER,HERMIT,LEEDS,LEIPZIG;Besucher;;;;;;;4896.0;336;1315.0;57.29;943.0;3773.0;2473.0
A2,BUCHMEIER,HERMIT,LEIPZIG;besucht;;;partizipiales Adjektiv;;https://www.dwds.de/wb/besucht;0.0;3333.0;553;;;3058.0;2620.0;3941.0
BUCHMEIER,HERMIT,LEIPZIG;besuchte;;;;;;;9644.0;136;;;5936.0;8008.0;942.0
BUCHMEIER,HERMIT;bete;;;;;;;5732.0;270;;;;4160.0;2197.0
B1,LEEDS,LEIPZIG;beteiligen;;;Verb;;https://www.dwds.de/wb/beteiligen;0.0;;;905.0;83.3;2256.0;;
BUCHMEIER,HERMIT,LEEDS,LEIPZIG;beteiligt;;;;;;;4408.0;382;4006.0;15.73;1026.0;3851.0;2415.0
LEEDS,LEIPZIG;Beteiligung;;;;;;;;;1757.0;42.57;1389.0;;
BUCHMEIER,HERMIT,LEEDS;beten;;;;;;;3314.0;557;3269.0;20.45;;2441.0;4308.0
BUCHMEIER,HERMIT;betet;;;;;;;9006.0;149;;;;7962.0;947.0
BUCHMEIER,HERMIT;Beth;;;;;;;4465.0;376;;;;3528.0;2686.0
LEEDS,LEIPZIG;betonen;;;;;;;;;1016.0;74.7;7272.0;;
BUCHMEIER,HERMIT,LEEDS,LEIPZIG;Betracht;;;;;;;8127.0;170;3741.0;17.13;6896.0;5844.0;1415.0
BUCHMEIER,HERMIT;betrachte;;;;;;;9176.0;145;;;;6362.0;1272.0
BUCHMEIER,HERMIT,LEEDS,LEIPZIG;betrachten;;;;;;;5156.0;312;582.0;123.75;3796.0;3585.0;2637.0
BUCHMEIER,HERMIT,LEIPZIG;betrachtet;;;;;;;5380.0;293;;;2118.0;4461.0;2009.0
LEEDS,LEIPZIG;Betrachtung;;;;;;;;;2460.0;29.35;7770.0;;
B1,HERMIT,LEEDS,LEIPZIG;Betrag;der;;Substantiv;mask.;https://www.dwds.de/wb/Betrag;0.0;;;2507.0;28.63;2568.0;9881.0;712.0
LEEDS,LEIPZIG;betragen;;;;;;;;;1141.0;66.33;3209.0;;
LEEDS,LEIPZIG;betreffen;;;;;;;;;708.0;105.22;7345.0;;
BUCHMEIER,HERMIT,LEEDS,LEIPZIG;betreiben;;;;;;;9468.0;139;1188.0;63.75;3009.0;8580.0;858.0
LEEDS,LEIPZIG;Betreiber;;;;;;;;;3581.0;18.16;4571.0;;
BUCHMEIER,HERMIT,LEEDS,LEIPZIG;betreten;;;;;;;4811.0;343;2382.0;30.5;6460.0;3414.0;2811.0
B1,LEEDS,LEIPZIG;betreuen;;;Verb;;https://www.dwds.de/wb/betreuen;0.0;;;3236.0;20.72;8687.0;;
B1,LEIPZIG;Betreuer;der;;Substantiv;mask.;https://www.dwds.de/wb/Betreuer;0.0;;;;;8845.0;;
B1;Betreuerin;die;;Substantiv;fem.;https://www.dwds.de/wb/Betreuerin;0.0;;;;;;;
B1,LEEDS,LEIPZIG;Betreuung;die;;Substantiv;fem.;https://www.dwds.de/wb/Betreuung;0.0;;;2563.0;27.87;3316.0;;
B1,BUCHMEIER,HERMIT,LEEDS,LEIPZIG;Betrieb;der;;Substantiv;mask.;https://www.dwds.de/wb/Betrieb;0.0;7486.0;189;789.0;95.51;1024.0;4983.0;1729.0
B1,LEEDS,LEIPZIG;Betriebsrat;der;;Substantiv;mask.;https://www.dwds.de/wb/Betriebsrat;0.0;;;4407.0;13.81;5044.0;;
B1;Betriebsrätin;die;;Substantiv;fem.;https://www.dwds.de/wb/Betriebsr%C3%A4tin;0.0;;;;;;;
BUCHMEIER,HERMIT,LEIPZIG;betrifft;;;;;;;2854.0;672;;;3118.0;2220.0;4837.0
BUCHMEIER,HERMIT,LEEDS,LEIPZIG;betroffen;;;;;;;8231.0;167;1872.0;39.72;1822.0;7688.0;994.0
LEEDS,LEIPZIG;Betroffene;;;;;;;;;1398.0;54.17;8009.0;;
BUCHMEIER,HERMIT;betrogen;;;;;;;3204.0;582;;;;2619.0;3943.0
BUCHMEIER,HERMIT,LEIPZIG;Betrug;;;;;;;5961.0;258;;;3318.0;4361.0;2067.0
B1,BUCHMEIER,HERMIT;betrunken;;;partizipiales Adjektiv;;https://www.dwds.de/wb/betrunken;0.0;1971.0;1068;;;;1590.0;7350.0
LEEDS,LEIPZIG;beträchtlich;;;;;;;;;3414.0;19.36;9772.0;;
BUCHMEIER,HERMIT,LEIPZIG;beträgt;;;;;;;8199.0;168;;;1456.0;8165.0;916.0
B1,BUCHMEIER,HERMIT;betrügen;;;Verb;;https://www.dwds.de/wb/betr%C3%BCgen;0.0;5251.0;304;;;;4638.0;1906.0
BUCHMEIER,HERMIT;Betrüger;;;;;;;4675.0;356;;;;4282.0;2118.0
BUCHMEIER,HERMIT;betrügt;;;;;;;8663.0;156;;;;7093.0;1102.0
A1,BUCHMEIER,BW3,FEHLER300,HERMIT,LEEDS,LEIPZIG,LEO739,NRW422;Bett;das;;Substantiv;neutr.;https://www.dwds.de/wb/Bett;0.0;688.0;4118;1445.0;52.4;3241.0;554.0;28931.0
BUCHMEIER,HERMIT;betteln;;;;;;;8572.0;158;;;;6829.0;1155.0
BUCHMEIER,HERMIT,LEIPZIG;Betten;;;;;;;9040.0;148;;;5284.0;6098.0;1344.0
BUCHMEIER,HERMIT;Betty;;;;;;;3931.0;445;;;;3649.0;2582.0
BUCHMEIER,HERMIT;betäubt;;;;;;;8450.0;161;;;;8617.0;852.0
BUCHMEIER,HERMIT;beunruhigt;;;;;;;5751.0;269;;;;4715.0;1869.0
BUCHMEIER,HERMIT,LEEDS,LEIPZIG;beurteilen;;;;;;;6419.0;233;2231.0;32.9;5976.0;5878.0;1405.0
LEEDS,LEIPZIG;Beurteilung;;;;;;;;;2878.0;23.98;6315.0;;
BUCHMEIER,HERMIT,LEIPZIG;Beute;;;;;;;4942.0;331;;;5285.0;3991.0;2307.0
BUCHMEIER,HERMIT;Beutel;;;;;;;9545.0;138;;;;7084.0;1103.0
BUCHMEIER,HERMIT;Beverly;;;;;;;7740.0;181;;;;6487.0;1239.0
B1,BUCHMEIER,FEHLER300,HERMIT,LEEDS,LEIPZIG,LEO739,NRW422;bevor;;;Konjunktion;;https://www.dwds.de/wb/bevor;0.0;388.0;7642;571.0;128.16;833.0;307.0;56210.0
HERMIT,LEEDS;bevorzugen;;;;;;;;;3351.0;19.83;;9365.0;763.0
B1,BUCHMEIER,HERMIT,LEEDS,LEIPZIG;Bevölkerung;die;;Substantiv;fem.;https://www.dwds.de/wb/Bev%C3%B6lkerung;0.0;5731.0;270;566.0;128.87;695.0;5033.0;1709.0
BUCHMEIER,HERMIT;bewachen;;;;;;;6744.0;218;;;;5984.0;1375.0
BUCHMEIER,HERMIT;bewacht;;;;;;;6214.0;243;;;;5194.0;1633.0
BUCHMEIER,HERMIT,LEEDS;bewaffnet;;;;;;;5155.0;312;3373.0;19.68;;3927.0;2358.0
BUCHMEIER,HERMIT,LEEDS,LEIPZIG;bewahren;;;;;;;3452.0;531;2336.0;31.21;4452.0;3076.0;3201.0
BUCHMEIER,HERMIT,LEIPZIG;bewahrt;;;;;;;7915.0;176;;;6042.0;6437.0;1252.0
BUCHMEIER,HERMIT;Beweg;;;;;;;3209.0;581;;;;2772.0;3657.0
BUCHMEIER,HERMIT,LEEDS,LEIPZIG;bewegen;;;;;;;1297.0;1760;770.0;97.44;1816.0;1278.0;9579.0
BUCHMEIER,HERMIT,LEIPZIG;bewegt;;;;;;;1649.0;1302;;;2396.0;1533.0;7722.0
BUCHMEIER,HERMIT,LEEDS,LEIPZIG;Bewegung;;;;;;;1007.0;2397;499.0;145.44;1240.0;995.0;12855.0
BUCHMEIER,HERMIT,LEIPZIG;Bewegungen;;;;;;;5701.0;272;;;4121.0;6673.0;1194.0
B1,BUCHMEIER,HERMIT,LEEDS,LEIPZIG;Beweis;der;;Substantiv;mask.;https://www.dwds.de/wb/Beweis;0.0;2116.0;979;1454.0;52.11;2662.0;1740.0;6554.0
BUCHMEIER,HERMIT,LEIPZIG;Beweise;;;;;;;1608.0;1347;;;6560.0;1077.0;11714.0
B1,BUCHMEIER,HERMIT,LEEDS,LEIPZIG;beweisen;;;Verb;;https://www.dwds.de/wb/beweisen;0.0;1634.0;1321;1208.0;62.45;2927.0;1109.0;11270.0
BUCHMEIER,HERMIT,LEIPZIG;beweist;;;;;;;4955.0;330;;;5734.0;3827.0;2437.0
A2,LEEDS,LEIPZIG;bewerben;;;Verb;;https://www.dwds.de/wb/bewerben;0.0;;;3924.0;16.18;7730.0;;
LEEDS,LEIPZIG;Bewerber;;;;;;;;;3590.0;18.12;3036.0;;
A2,LEEDS,LEIPZIG;Bewerbung;die;;Substantiv;fem.;https://www.dwds.de/wb/Bewerbung;0.0;;;4569.0;13.21;7423.0;;
LEEDS,LEIPZIG;bewerten;;;;;;;;;2221.0;33.02;6349.0;;
LEEDS,LEIPZIG;Bewertung;;;;;;;;;1408.0;53.77;2987.0;;
BUCHMEIER,HERMIT,LEIPZIG;bewiesen;;;;;;;5250.0;304;;;3877.0;4334.0;2085.0
HERMIT,LEEDS,LEIPZIG;bewirken;;;;;;;;;2118.0;35.07;7511.0;8058.0;933.0
HERMIT,LEIPZIG;bewirkt;;;;;;;;;;;6132.0;9112.0;792.0
B1,BUCHMEIER,HERMIT,LEEDS,LEIPZIG;Bewohner;der;;Substantiv;mask.;https://www.dwds.de/wb/Bewohner;0.0;7030.0;206;2184.0;33.75;1831.0;6133.0;1337.0
B1;Bewohnerin;die;;Substantiv;fem.;https://www.dwds.de/wb/Bewohnerin;0.0;;;;;;;
BUCHMEIER,HERMIT;bewundere;;;;;;;5611.0;277;;;;4864.0;1783.0
HERMIT,LEEDS;bewundern;;;;;;;;;4412.0;13.79;;7862.0;964.0
BUCHMEIER,HERMIT;bewundert;;;;;;;8716.0;155;;;;8134.0;923.0
BUCHMEIER,HERMIT;bewusst;;;;;;;2620.0;747;;;;2172.0;4958.0
BUCHMEIER,HERMIT;bewusstlos;;;;;;;5304.0;299;;;;4397.0;2048.0
BUCHMEIER,HERMIT;Bewusstsein;;;;;;;4420.0;381;;;;3950.0;2337.0
LEEDS,LEIPZIG;bewußt;;;;;;;;;710.0;105.08;1707.0;;
LEEDS,LEIPZIG;Bewußtsein;;;;;;;;;1170.0;64.88;3152.0;;
BUCHMEIER,HERMIT,LEIPZIG;Bewährung;;;;;;;6505.0;229;;;5923.0;5068.0;1692.0
LEEDS,LEIPZIG;bewältigen;;;;;;;;;3308.0;20.16;5070.0;;
A2,LEIPZIG,LEO739;bewölkt;;;partizipiales Adjektiv;;https://www.dwds.de/wb/bew%C3%B6lkt;0.0;;;;;4568.0;;
BUCHMEIER,HERMIT;bezahle;;;;;;;4383.0;385;;;;3483.0;2737.0
A1,BUCHMEIER,HERMIT,LEEDS,LEIPZIG;bezahlen;;;Verb;;https://www.dwds.de/wb/bezahlen;0.0;1098.0;2159;946.0;79.72;1702.0;960.0;13651.0
BUCHMEIER,HERMIT;bezahlst;;;;;;;8347.0;164;;;;7605.0;1008.0
BUCHMEIER,FEHLER300,HERMIT,LEIPZIG;bezahlt;;;;;;;1196.0;1929;;;1753.0;951.0;13728.0
BUCHMEIER,HERMIT,LEIPZIG;Bezahlung;;;;;;;6606.0;224;;;7228.0;6580.0;1218.0
BUCHMEIER,HERMIT;bezaubernd;;;;;;;8154.0;169;;;;6353.0;1275.0
BUCHMEIER,HERMIT,LEEDS,LEIPZIG;bezeichnen;;;;;;;6917.0;210;548.0;132.53;4522.0;6081.0;1349.0
BUCHMEIER,HERMIT,LEIPZIG;bezeichnet;;;;;;;9972.0;130;;;1000.0;7358.0;1054.0
LEEDS,LEIPZIG;Bezeichnung;;;;;;;;;2107.0;35.21;3130.0;;
BUCHMEIER,HERMIT,LEEDS,LEIPZIG;beziehen;;;;;;;9858.0;132;673.0;109.36;3080.0;9525.0;747.0
BUCHMEIER,LEIPZIG;bezieht;;;;;;;9749.0;134;;;3684.0;;
B1,BUCHMEIER,HERMIT,LEEDS,LEIPZIG;Beziehung;die;;Substantiv;fem.;https://www.dwds.de/wb/Beziehung;0.0;1285.0;1779;489.0;147.8;2826.0;1135.0;11054.0
BUCHMEIER,HERMIT,LEIPZIG;Beziehungen;;;;;;;3691.0;483;;;1361.0;2852.0;3507.0
LEEDS,LEIPZIG;beziehungsweise;;;;;;;;;3369.0;19.7;2365.0;;
BUCHMEIER,HERMIT,LEEDS,LEIPZIG;Bezirk;;;;;;;7485.0;189;3215.0;20.86;3824.0;6181.0;1324.0
BUCHMEIER,HERMIT,LEEDS,LEIPZIG;Bezug;;;;;;;5276.0;302;933.0;80.86;3497.0;5268.0;1605.0
BUCHMEIER,HERMIT;bezweifle;;;;;;;4882.0;337;;;;3492.0;2726.0
BUCHMEIER,HERMIT,LEEDS,LEIPZIG;bezüglich;;;;;;;6197.0;244;1688.0;44.36;7512.0;4314.0;2095.0
LEEDS,LEIPZIG;BGB;;;;;;;;;2837.0;24.5;5294.0;;
LEEDS,LEIPZIG;BGH;;;;;;;;;4347.0;14.06;5363.0;;
BUCHMEIER,HERMIT;BH;;;;;;;7000.0;207;;;;7687.0;994.0
BUCHMEIER,HERMIT,LEEDS,LEIPZIG,LEO739;Bibel;die;;Substantiv;;;;4433.0;379;2823.0;24.64;6845.0;3609.0;2611.0
BW3;Biber;der;;Substantiv;;;;;;;;;;
A2,BUCHMEIER,HERMIT,LEEDS,LEIPZIG;Bibliothek;die;;Substantiv;fem.;https://www.dwds.de/wb/Bibliothek;0.0;4453.0;377;1539.0;49.42;4579.0;3730.0;2510.0
FEHLER300;biegt;;;;;;;;;;;;;
BUCHMEIER,HERMIT;Bienen;;;;;;;8090.0;171;;;;6331.0;1279.0
A1,BUCHMEIER,HERMIT,LEEDS,LEIPZIG;Bier;das;;Substantiv;neutr.;https://www.dwds.de/wb/Bier;0.0;1134.0;2081;2601.0;27.41;2612.0;1014.0;12543.0
BUCHMEIER,HERMIT;Biest;;;;;;;6438.0;232;;;;4841.0;1799.0
BUCHMEIER,HERMIT,LEIPZIG;biete;;;;;;;6101.0;250;;;6807.0;4422.0;2036.0
B1,BUCHMEIER,HERMIT,LEEDS,LEIPZIG;bieten;;;Verb;;https://www.dwds.de/wb/bieten;0.0;2826.0;679;262.0;265.17;932.0;2119.0;5090.0
BUCHMEIER,HERMIT,LEIPZIG;bietet;;;;;;;4870.0;338;;;577.0;3684.0;2548.0
BUCHMEIER,HERMIT;Big;;;;;;;2344.0;861;;;;2327.0;4587.0
LEEDS,LEIPZIG;Bilanz;;;;;;;;;3349.0;19.83;1887.0;;
A1,BUCHMEIER,FEHLER300,HERMIT,LEEDS,LEIPZIG;Bild;das;;Substantiv;neutr.;https://www.dwds.de/wb/Bild;0.0;959.0;2583;209.0;325.57;470.0;957.0;13679.0
BUCHMEIER,HERMIT,LEEDS,LEIPZIG;bilden;;;;;;;4419.0;381;455.0;158.02;1208.0;4364.0;2065.0
BUCHMEIER,HERMIT,LEIPZIG;Bilder;;;;;;;1535.0;1420;;;775.0;1636.0;7096.0
BUCHMEIER,HERMIT,LEIPZIG;Bildern;;;;;;;7417.0;192;;;2575.0;7909.0;956.0
BUCHMEIER,HERMIT,LEIPZIG;bildet;;;;;;;9909.0;131;;;2266.0;7974.0;946.0
B1,BUCHMEIER,HERMIT,LEEDS,LEIPZIG;Bildschirm;der;;Substantiv;mask.;https://www.dwds.de/wb/Bildschirm;0.0;6504.0;229;3346.0;19.86;3608.0;8343.0;891.0
BUCHMEIER,HERMIT,LEEDS,LEIPZIG;Bildung;;;;;;;9696.0;135;822.0;90.95;1756.0;7794.0;976.0
BUCHMEIER,HERMIT,LEEDS;Bill;;;;;;;993.0;2445;3772.0;16.92;;1429.0;8461.0
FEHLER200,FEHLER400;Billard;;;;;;;;;;;;;
B1;Billet;das;;Substantiv;neutr.;https://www.dwds.de/wb/Billet;0.0;;;;;;;
B1;Billett;das;;Substantiv;neutr.;https://www.dwds.de/wb/Billett;0.0;;;;;;;
BUCHMEIER,HERMIT;Billie;;;;;;;5220.0;307;;;;9267.0;774.0
A1,BUCHMEIER,FEHLER300,HERMIT,LEEDS,LEIPZIG;billig;;;Adjektiv;;https://www.dwds.de/wb/billig;0.0;5356.0;295;1670.0;44.83;5749.0;4577.0;1936.0
BUCHMEIER,HERMIT,LEIPZIG;billige;;;;;;;8346.0;164;;;9576.0;7667.0;997.0
BUCHMEIER,HERMIT,LEIPZIG;billigen;;;;;;;8415.0;162;;;7263.0;7833.0;969.0
BUCHMEIER,HERMIT,LEIPZIG;billiger;;;;;;;7612.0;185;;;3115.0;6414.0;1258.0
BUCHMEIER,HERMIT;Billy;;;;;;;1438.0;1537;;;;1361.0;8897.0
BUCHMEIER,HERMIT,LEIPZIG,LEO739,NRW111;bin;;;;;;;45.0;91315;;;439.0;41.0;576589.0
BUCHMEIER,HERMIT,LEEDS,LEIPZIG;binden;;;;;;;7884.0;177;1894.0;39.18;8331.0;6120.0;1338.0
HERMIT,LEEDS,LEIPZIG;Bindung;;;;;;;;;3466.0;19.0;8055.0;9802.0;719.0
BUCHMEIER,HERMIT;Bingo;;;;;;;5436.0;289;;;;5800.0;1428.0
LEEDS,LEIPZIG;binnen;;;;;;;;;4918.0;11.9;4009.0;;
B1;bio;;;Adjektiv;;https://www.dwds.de/wb/bio;0.0;;;;;;;
B1;Biologie;die;;Substantiv;fem.;https://www.dwds.de/wb/Biologie;0.0;;;;;;;
B1,LEEDS;biologisch;;;Adjektiv;;https://www.dwds.de/wb/biologisch;0.0;;;2667.0;26.47;;;
A1,BUCHMEIER,BW1,HERMIT,LEO739,NRW422;Birne;die;;Substantiv;fem.;https://www.dwds.de/wb/Birne;0.0;8957.0;150;;;;8757.0;833.0
BUCHMEIER,HERMIT;Birthday;;;;;;;9857.0;132;;;;6906.0;1136.0
A1,BUCHMEIER,BW1,HERMIT,LEEDS,LEIPZIG,LEO739,NRW111;bis;;;;;https://www.dwds.de/wb/bis;0.0;193.0;16859;71.0;1190.98;55.0;155.0;142166.0
BUCHMEIER,HERMIT,LEEDS,LEIPZIG;Bischof;;;;;;;8198.0;168;2442.0;29.67;3892.0;7033.0;1112.0
B1,BUCHMEIER,FEHLER300,HERMIT,LEEDS,LEIPZIG;bisher;;;Adverb;;https://www.dwds.de/wb/bisher;0.0;1789.0;1194;348.0;201.84;227.0;1069.0;11864.0
BUCHMEIER,HERMIT;Bishop;;;;;;;4791.0;345;;;;6781.0;1169.0
FEHLER200,FEHLER400;Biskuit;;;;;;;;;;;;;
HERMIT,LEEDS,LEIPZIG;bislang;;;;;;;;;1033.0;73.45;530.0;8519.0;867.0
A1,BUCHMEIER,FEHLER200,FEHLER400,HERMIT,LEO739,NRW111;bisschen;;;Adverb;;https://www.dwds.de/wb/bisschen;0.0;455.0;6586;;;;400.0;41471.0
BUCHMEIER,HERMIT,LEIPZIG,LEO739,NRW422;bist;;;;;;;72.0;57636;;;4931.0;67.0;381498.0
A1,BUCHMEIER,FEHLER300,HERMIT,LEEDS,LEIPZIG;Bitte;die;;Substantiv;fem.;https://www.dwds.de/wb/Bitte;0.0;144.0;24480;1190.0;63.69;2399.0;88.0;261548.0
A1,BUCHMEIER,BW1,HERMIT,LEEDS,LEIPZIG,LEO739,NRW422;bitten;;du bittest, ich bat, Bitte;Verb;;https://www.dwds.de/wb/bitten;0.0;1140.0;2062;543.0;133.43;5287.0;917.0;14438.0
A1,HERMIT,LEEDS,LEIPZIG;bitter;;;Adjektiv;;https://www.dwds.de/wb/bitter;0.0;;;3641.0;17.76;6904.0;9243.0;777.0
BUCHMEIER,HERMIT,LEIPZIG;bittet;;;;;;;5366.0;294;;;4510.0;3946.0;2343.0
BUCHMEIER,HERMIT,LEEDS,LEIPZIG;bißchen;;;;;;;2180.0;937;1134.0;66.53;1195.0;6466.0;1245.0
BUCHMEIER,HERMIT;bla;;;;;;;6257.0;241;;;;5119.0;1663.0
BUCHMEIER,HERMIT;Black;;;;;;;4046.0;431;;;;3080.0;3195.0
BUCHMEIER,HERMIT;Blair;;;;;;;9334.0;142;;;;3724.0;2514.0
BUCHMEIER,HERMIT;Blake;;;;;;;8050.0;172;;;;5142.0;1652.0
BUCHMEIER,HERMIT;Blase;;;;;;;9226.0;144;;;;7204.0;1081.0
BUCHMEIER,HERMIT;blasen;;;;;;;7210.0;200;;;;4450.0;2018.0
B1,BUCHMEIER,HERMIT;blass;;;Adjektiv;;https://www.dwds.de/wb/blass;0.0;9798.0;133;;;;7196.0;1082.0
A2,BUCHMEIER,FEHLER300,HERMIT,LEEDS,LEIPZIG,LEO739;Blatt;das;;Substantiv;neutr.;https://www.dwds.de/wb/Blatt;0.0;5229.0;306;1724.0;43.48;2696.0;4946.0;1746.0
A1,BUCHMEIER,BW1,HERMIT,LEEDS,LEIPZIG,LEO739;blau;;;Adjektiv;;https://www.dwds.de/wb/blau;0.0;4008.0;435;1936.0;38.49;9957.0;2566.0;4067.0
BUCHMEIER,HERMIT,LEIPZIG;blaue;;;;;;;4224.0;405;;;7549.0;3136.0;3112.0
BUCHMEIER,HERMIT,LEIPZIG;blauen;;;;;;;4026.0;433;;;4680.0;3316.0;2921.0
BUCHMEIER,HERMIT;Bleib;;;;;;;798.0;3257;;;;600.0;25656.0
BUCHMEIER,HERMIT,LEIPZIG;bleibe;;;;;;;1513.0;1439;;;2834.0;1216.0;10159.0
A1,BUCHMEIER,BW1,HERMIT,LEEDS,LEIPZIG,LEO739,NRW422;bleiben;;du bleibst, ich blieb;Verb;;https://www.dwds.de/wb/bleiben;0.0;311.0;9767;112.0;606.05;327.0;268.0;67238.0
BUCHMEIER,HERMIT;bleibst;;;;;;;1519.0;1432;;;;1293.0;9447.0
BUCHMEIER,HERMIT,LEIPZIG;bleibt;;;;;;;680.0;4192;;;291.0;529.0;30520.0
A1;Bleistift;der;;Substantiv;mask.;https://www.dwds.de/wb/Bleistift;0.0;;;;;;;
A1,BUCHMEIER,HERMIT,LEEDS,LEIPZIG;Blick;der;;Substantiv;mask.;https://www.dwds.de/wb/Blick#1;0.0;1384.0;1597;430.0;166.38;679.0;1275.0;9627.0
BUCHMEIER,HERMIT,LEIPZIG;Blicke;;;;;;;9748.0;134;;;8740.0;7651.0;1000.0
BUCHMEIER,HERMIT,LEEDS,LEIPZIG;blicken;;;;;;;5142.0;313;1792.0;41.72;6059.0;4131.0;2215.0
BUCHMEIER,HERMIT,LEIPZIG;blieb;;;;;;;2734.0;711;;;637.0;2399.0;4419.0
BUCHMEIER,HERMIT,LEIPZIG;blieben;;;;;;;7056.0;205;;;1504.0;6409.0;1261.0
B1,BUCHMEIER,BW3,HERMIT,LEEDS,LEIPZIG;blind;;blinde;Adjektiv;;https://www.dwds.de/wb/blind;0.0;2479.0;797;2916.0;23.61;9669.0;2235.0;4799.0
B1,BUCHMEIER,HERMIT;Blitz;der;;Substantiv;mask.;https://www.dwds.de/wb/Blitz;0.0;5154.0;312;;;;4308.0;2099.0
B1,BW3;blitzen;;es blitzt, Blitz;Verb;;https://www.dwds.de/wb/blitzen;0.0;;;;;;;
BUCHMEIER,HERMIT,LEEDS,LEIPZIG;Block;;;;;;;5110.0;316;3519.0;18.64;6197.0;4297.0;2104.0
BUCHMEIER,HERMIT,LEEDS,LEIPZIG;blockieren;;;;;;;9643.0;136;3842.0;16.57;8152.0;9215.0;780.0
BUCHMEIER,HERMIT,LEIPZIG;blockiert;;;;;;;5750.0;269;;;5782.0;5619.0;1481.0
BUCHMEIER,HERMIT;Blocks;;;;;;;7552.0;187;;;;6594.0;1215.0
A2;Blog;;;Substantiv;neutr., mask.;https://www.dwds.de/wb/Blog;0.0;;;;;;;
A2,BUCHMEIER,BW3,HERMIT;blond;;blonde;Adjektiv;;https://www.dwds.de/wb/blond;0.0;9586.0;137;;;;6830.0;1154.0
BUCHMEIER,HERMIT;Blonde;;;;;;;9746.0;134;;;;6233.0;1307.0
BUCHMEIER,HERMIT;bloss;;;;;;;5219.0;307;;;;9787.0;721.0
B1,BUCHMEIER,FEHLER100,FEHLER300,FEHLER400,HERMIT,LEEDS,LEIPZIG;bloß;;;Adverb;;https://www.dwds.de/wb/blo%C3%9F#2;0.0;685.0;4157;802.0;93.65;1981.0;574.0;27288.0
BUCHMEIER,HERMIT;Blue;;;;;;;4854.0;339;;;;4080.0;2240.0
A1,BUCHMEIER,BW1,HERMIT,LEEDS;Blume;die;;Substantiv;fem.;https://www.dwds.de/wb/Blume;0.0;3912.0;449;3223.0;20.82;;4646.0;1902.0
BUCHMEIER,HERMIT,LEIPZIG;Blumen;;;;;;;1754.0;1218;;;5411.0;1615.0;7218.0
A2,BUCHMEIER,HERMIT;Bluse;die;;Substantiv;fem.;https://www.dwds.de/wb/Bluse;0.0;9544.0;138;;;;9190.0;783.0
BUCHMEIER,HERMIT,LEEDS,LEIPZIG;Blut;;;;;;;683.0;4170;1404.0;53.98;2410.0;591.0;26293.0
BUCHMEIER,HERMIT;Blutdruck;;;;;;;5365.0;294;;;;4626.0;1909.0
B1,BUCHMEIER,BW1,HERMIT;bluten;;du blutest, Blut;Verb;;https://www.dwds.de/wb/bluten;0.0;7808.0;179;;;;6652.0;1200.0
BUCHMEIER,HERMIT;blutet;;;;;;;5821.0;265;;;;6000.0;1372.0
BUCHMEIER,HERMIT;Blutung;;;;;;;6293.0;239;;;;6802.0;1163.0
BUCHMEIER,HERMIT;bläst;;;;;;;8307.0;165;;;;7931.0;953.0
BUCHMEIER,HERMIT,LEIPZIG;Blätter;;;;;;;8770.0;154;;;5320.0;7195.0;1082.0
A2,BUCHMEIER,HERMIT,LEEDS;blöd;;;Adjektiv;;https://www.dwds.de/wb/bl%C3%B6d;0.0;1753.0;1219;4016.0;15.67;;1632.0;7125.0
A2,BUCHMEIER,HERMIT;blöde;;;Adjektiv;;https://www.dwds.de/wb/bl%C3%B6de;0.0;2574.0;764;;;;2056.0;5259.0
BUCHMEIER,HERMIT;blöden;;;;;;;3672.0;487;;;;3418.0;2804.0
BUCHMEIER,HERMIT;blöder;;;;;;;5355.0;295;;;;4285.0;2116.0
BUCHMEIER,HERMIT;blödes;;;;;;;7293.0;197;;;;5406.0;1555.0
BUCHMEIER,HERMIT;Blödmann;;;;;;;4765.0;347;;;;4805.0;1821.0
BUCHMEIER,HERMIT;Blödsinn;;;;;;;2360.0;851;;;;2067.0;5227.0
B1,BUCHMEIER,BW3,LEO739;blühen;;es blüht;Verb;;https://www.dwds.de/wb/bl%C3%BChen;0.0;9225.0;144;;;;;
BW1,LEEDS,LEO739;Blüte;die;;Substantiv;;;;;;4867.0;12.06;;;
BUCHMEIER,HERMIT;Bob;;;;;;;1174.0;1973;;;;1365.0;8852.0
BUCHMEIER,HERMIT;Bobby;;;;;;;1828.0;1166;;;;1666.0;6960.0
LEEDS,LEIPZIG;Bochum;;;;;;;;;4488.0;13.52;5561.0;;
BUCHMEIER,HERMIT;Bock;;;;;;;7807.0;179;;;;5713.0;1452.0
B1,BUCHMEIER,HERMIT,LEEDS,LEIPZIG;Boden;der;;Substantiv;mask.;https://www.dwds.de/wb/Boden;0.0;925.0;2680;703.0;105.9;825.0;846.0;15878.0
A1,BUCHMEIER,HERMIT,LEEDS,LEIPZIG;Bogen;der;;Substantiv;mask.;https://www.dwds.de/wb/Bogen#2;0.0;7551.0;187;4273.0;14.4;6944.0;6494.0;1237.0
A2;Bohne;die;;Substantiv;fem.;https://www.dwds.de/wb/Bohne;0.0;;;;;;;
BUCHMEIER,HERMIT;Bohnen;;;;;;;6176.0;245;;;;5669.0;1468.0
FEHLER400;bombardieren;;;;;;;;;;;;;
BUCHMEIER,HERMIT,LEEDS,LEIPZIG;Bombe;;;;;;;1496.0;1462;3935.0;16.09;5150.0;1695.0;6816.0
BUCHMEIER,HERMIT,LEIPZIG;Bomben;;;;;;;2882.0;666;;;7636.0;4184.0;2176.0
BUCHMEIER,HERMIT;Bond;;;;;;;3836.0;459;;;;5754.0;1440.0
LEEDS,LEIPZIG;Bonn;;;;;;;;;1807.0;41.16;344.0;;
LEEDS,LEIPZIG;Bonner;;;;;;;;;4685.0;12.75;856.0;;
BUCHMEIER,HERMIT;Bonnie;;;;;;;5918.0;260;;;;3407.0;2822.0
BUCHMEIER,HERMIT;Bonus;;;;;;;9134.0;146;;;;8904.0;815.0
HERMIT,LEIPZIG;Boom;;;;;;;;;;;7056.0;9054.0;797.0
B1,BUCHMEIER,BW3,HERMIT,LEEDS,LEIPZIG,LEO739,NRW422;Boot;das;;Substantiv;neutr.;https://www.dwds.de/wb/Boot#1;0.0;1335.0;1684;2668.0;26.46;5835.0;1156.0;10787.0
BUCHMEIER,HERMIT;Boote;;;;;;;8899.0;151;;;;7147.0;1093.0
BUCHMEIER,HERMIT;Booth;;;;;;;6503.0;229;;;;5884.0;1404.0
BUCHMEIER,HERMIT,LEEDS,LEIPZIG;Bord;;;;;;;1422.0;1553;3095.0;22.0;2768.0;1358.0;8915.0
BUCHMEIER,HERMIT,LEIPZIG;Boris;;;;;;;8413.0;162;;;7163.0;5659.0;1469.0
BUCHMEIER,HERMIT;Boss;;;;;;;821.0;3112;;;;847.0;15863.0
BUCHMEIER,HERMIT,LEIPZIG;Boston;;;;;;;6008.0;255;;;9502.0;3716.0;2519.0
BUCHMEIER,HERMIT,LEIPZIG;bot;;;;;;;8345.0;164;;;3335.0;5709.0;1453.0
HERMIT,LEIPZIG;boten;;;;;;;;;;;9149.0;7838.0;968.0
B1,BUCHMEIER,HERMIT,LEEDS,LEIPZIG;Botschaft;die;;Substantiv;fem.;https://www.dwds.de/wb/Botschaft;0.0;2791.0;694;1534.0;49.69;1762.0;2202.0;4872.0
BUCHMEIER,HERMIT,LEIPZIG;Botschafter;;;;;;;4319.0;392;;;3910.0;3899.0;2379.0
FEHLER400;Bowle;;;;;;;;;;;;;
BUCHMEIER,HERMIT,LEEDS;Box;;;;;;;6175.0;245;4752.0;12.5;;5059.0;1697.0
BUCHMEIER,BW1,HERMIT;boxen;;Boxer;;;;;8715.0;155;;;;6099.0;1344.0
BUCHMEIER,HERMIT;Boxer;;;;;;;7292.0;197;;;;7171.0;1087.0
BUCHMEIER,HERMIT;Boy;;;;;;;5218.0;307;;;;4574.0;1937.0
BUCHMEIER,HERMIT,LEIPZIG;brach;;;;;;;4444.0;378;;;3488.0;3545.0;2673.0
BUCHMEIER,HERMIT,LEIPZIG;brachte;;;;;;;1524.0;1425;;;1060.0;1273.0;9647.0
BUCHMEIER,HERMIT,LEIPZIG;brachten;;;;;;;3951.0;443;;;3304.0;3341.0;2891.0
BUCHMEIER,HERMIT;Brad;;;;;;;5026.0;324;;;;3501.0;2717.0
BUCHMEIER,HERMIT;Bradley;;;;;;;9694.0;135;;;;8516.0;867.0
BUCHMEIER,HERMIT;Brady;;;;;;;8662.0;156;;;;8735.0;836.0
BUCHMEIER,HERMIT,LEEDS,LEIPZIG;Branche;;;;;;;9133.0;146;2425.0;29.95;1253.0;7373.0;1052.0
BUCHMEIER,HERMIT,LEEDS,LEIPZIG;Brand;;;;;;;5820.0;265;3496.0;18.8;2513.0;4607.0;1918.0
LEEDS,LEIPZIG;Brandenburg;;;;;;;;;3115.0;21.81;1919.0;;
BUCHMEIER,HERMIT;Brandon;;;;;;;9224.0;144;;;;6307.0;1285.0
HERMIT,LEEDS,LEIPZIG;Brasilien;;;;;;;;;3038.0;22.49;2754.0;8024.0;939.0
A2,B1,HERMIT;braten;der;;Substantiv;mask.;https://www.dwds.de/wb/braten;0.0;;;;;;7121.0;1098.0
BUCHMEIER,HERMIT;brauch;;;;;;;1482.0;1482;;;;1443.0;8391.0
BUCHMEIER,HERMIT,LEIPZIG;brauche;;;;;;;337.0;8804;;;3518.0;313.0;53799.0
A1,BUCHMEIER,BW1,HERMIT,LEEDS,LEIPZIG,LEO739,NRW422;brauchen;;du brauchst;Verb;;https://www.dwds.de/wb/brauchen;0.0;312.0;9680;242.0;281.25;1084.0;289.0;61791.0
BUCHMEIER,HERMIT;brauchst;;;;;;;742.0;3681;;;;615.0;24773.0
BUCHMEIER,FEHLER300,HERMIT,LEIPZIG;braucht;;;;;;;556.0;5360;;;839.0;430.0;37187.0
BUCHMEIER,HERMIT,LEIPZIG;brauchte;;;;;;;2079.0;998;;;5135.0;1762.0;6401.0
BUCHMEIER,HERMIT,LEIPZIG;brauchten;;;;;;;3589.0;500;;;9685.0;4444.0;2022.0
A1,BUCHMEIER,BW1,HERMIT,LEEDS,LEIPZIG;braun;;;Adjektiv;;https://www.dwds.de/wb/braun;0.0;9415.0;140;3975.0;15.87;6987.0;6208.0;1317.0
BUCHMEIER,HERMIT;Braut;;;;;;;2345.0;860;;;;2042.0;5319.0
BUCHMEIER,HERMIT,LEIPZIG;brav;;;;;;;3943.0;444;;;9449.0;2996.0;3314.0
BUCHMEIER,HERMIT;Bravo;;;;;;;2997.0;636;;;;1974.0;5590.0
LEEDS,LEIPZIG;BRD;;;;;;;;;3615.0;17.96;6563.0;;
BUCHMEIER,HERMIT;breche;;;;;;;7640.0;184;;;;6280.0;1293.0
B1,BUCHMEIER,HERMIT,LEEDS,LEIPZIG;brechen;;;Verb;;https://www.dwds.de/wb/brechen;0.0;1987.0;1055;1078.0;70.39;4548.0;1651.0;7037.0
BUCHMEIER,HERMIT;Bree;;;;;;;6795.0;216;;;;6239.0;1306.0
A1,BUCHMEIER,HERMIT,LEEDS,LEIPZIG;breit;;;Adjektiv;;https://www.dwds.de/wb/breit;0.0;5730.0;270;762.0;98.4;3290.0;5213.0;1626.0
LEEDS,LEIPZIG;Breite;;;;;;;;;4425.0;13.73;3731.0;;
LEEDS,LEIPZIG;Bremen;;;;;;;;;2505.0;28.67;935.0;;
LEEDS,LEIPZIG;Bremer;;;;;;;;;4641.0;12.92;1099.0;;
B1,LEO739;Bremse;die;;Substantiv;fem.;https://www.dwds.de/wb/Bremse#1;0.0;;;;;;;
B1,BUCHMEIER,HERMIT,LEIPZIG,LEO739;bremsen;;;Verb;;https://www.dwds.de/wb/bremsen;0.0;9970.0;130;;;7497.0;5352.0;1575.0
BUCHMEIER,HERMIT;Brennan;;;;;;;9005.0;149;;;;9113.0;792.0
B1,BUCHMEIER,BW3,HERMIT,LEEDS;brennen;;Brand, Verbrennung;Verb;;https://www.dwds.de/wb/brennen;0.0;4722.0;351;2958.0;23.15;;3993.0;2305.0
BUCHMEIER,FEHLER300,HERMIT;brennt;;;;;;;2969.0;644;;;;2389.0;4443.0
BUCHMEIER,HERMIT;Brett;;;;;;;4296.0;395;;;;5277.0;1603.0
FEHLER400;Brezel;;;;;;;;;;;;;
BUCHMEIER,HERMIT;Brian;;;;;;;2585.0;760;;;;2109.0;5109.0
BUCHMEIER,HERMIT;brichst;;;;;;;9333.0;142;;;;9144.0;788.0
BUCHMEIER,HERMIT,LEIPZIG;bricht;;;;;;;2774.0;698;;;3880.0;2586.0;4013.0
A1,BUCHMEIER,BW1,FEHLER300,HERMIT,LEEDS,LEIPZIG,LEO739,NRW422;Brief;der;;Substantiv;mask.;https://www.dwds.de/wb/Brief;0.0;1440.0;1535;787.0;95.67;1715.0;1087.0;11573.0
BUCHMEIER,HERMIT,LEIPZIG;Briefe;;;;;;;3806.0;462;;;3402.0;2634.0;3917.0
B1,HERMIT;Briefkasten;der;;Substantiv;mask.;https://www.dwds.de/wb/Briefkasten;0.0;;;;;;9907.0;709.0
A1;Briefmarke;die;;Substantiv;fem.;https://www.dwds.de/wb/Briefmarke;0.0;;;;;;;
B1,BUCHMEIER,HERMIT;Brieftasche;die;;Substantiv;fem.;https://www.dwds.de/wb/Brieftasche;0.0;4941.0;331;;;;4758.0;1846.0
B1;Briefträger;der;;Substantiv;mask.;https://www.dwds.de/wb/Brieftr%C3%A4ger;0.0;;;;;;;
B1;Briefträgerin;die;;Substantiv;fem.;https://www.dwds.de/wb/Brieftr%C3%A4gerin;0.0;;;;;;;
B1;Briefumschlag;der;;Substantiv;mask.;https://www.dwds.de/wb/Briefumschlag;0.0;;;;;;;
BUCHMEIER,FEHLER200,FEHLER400,HERMIT;Brillant;;;;;;;5960.0;258;;;;4726.0;1861.0
A2,BUCHMEIER,BW3,FEHLER300,HERMIT,LEIPZIG,LEO739;Brille;die;;Substantiv;fem.;https://www.dwds.de/wb/Brille;0.0;2957.0;647;;;9222.0;2839.0;3523.0
BUCHMEIER,HERMIT;Bring;;;;;;;1145.0;2052;;;;642.0;23068.0
BUCHMEIER,HERMIT,LEIPZIG;bringe;;;;;;;997.0;2426;;;7037.0;812.0;16621.0
A1,BUCHMEIER,BW1,HERMIT,LEEDS,LEIPZIG,LEO739,NRW422;bringen;;du bringst, ich brachte;Verb;;https://www.dwds.de/wb/bringen;0.0;328.0;9172;142.0;492.34;423.0;285.0;63285.0
BUCHMEIER,HERMIT;bringst;;;;;;;1974.0;1066;;;;1617.0;7217.0
BUCHMEIER,HERMIT,LEIPZIG;bringt;;;;;;;687.0;4118;;;794.0;503.0;32528.0
BUCHMEIER,HERMIT,LEIPZIG;Briten;;;;;;;8010.0;173;;;2884.0;7028.0;1113.0
BUCHMEIER,HERMIT,LEIPZIG;britische;;;;;;;9132.0;146;;;1461.0;7210.0;1080.0
BUCHMEIER,HERMIT,LEIPZIG;britischen;;;;;;;9693.0;135;;;1164.0;6723.0;1181.0
BUCHMEIER,HERMIT;Broadway;;;;;;;9543.0;138;;;;9118.0;791.0
BUCHMEIER,HERMIT;Brooklyn;;;;;;;5249.0;304;;;;5031.0;1710.0
BUCHMEIER,HERMIT;Brooks;;;;;;;8819.0;153;;;;9027.0;799.0
B1,LEEDS,LEIPZIG;Broschüre;die;;Substantiv;fem.;https://www.dwds.de/wb/Brosch%C3%BCre;0.0;;;4003.0;15.74;6158.0;;
A1,BUCHMEIER,BW1,HERMIT,LEEDS,LEIPZIG,LEO739,NRW422;Brot;das;;Substantiv;neutr.;https://www.dwds.de/wb/Brot;0.0;3053.0;621;2794.0;24.93;4976.0;2535.0;4124.0
BUCHMEIER,HERMIT;Brown;;;;;;;4638.0;359;;;;3707.0;2529.0
BUCHMEIER,HERMIT;Bruce;;;;;;;2328.0;868;;;;3247.0;2990.0
HERMIT,LEEDS,LEIPZIG;Bruch;;;;;;;;;3619.0;17.92;4864.0;8786.0;829.0
A1,BUCHMEIER,BW1,HERMIT,LEEDS,LEIPZIG,LEO739,NRW422;Bruder;der;Brüder;Substantiv;mask.;https://www.dwds.de/wb/Bruder;0.0;342.0;8760;915.0;82.67;1970.0;341.0;50137.0
BUCHMEIER,HERMIT;Bruders;;;;;;;4895.0;336;;;;4076.0;2241.0
LEO739,NRW422;brummen;;;;;;;;;;;;;
BUCHMEIER,HERMIT,LEIPZIG;Brunnen;;;;;;;6134.0;248;;;7247.0;4974.0;1732.0
HERMIT,LEEDS,LEIPZIG;Bruno;;;;;;;;;4204.0;14.77;6183.0;5109.0;1666.0
B1,BUCHMEIER,HERMIT,LEEDS,LEIPZIG;Brust;die;;Substantiv;fem.;https://www.dwds.de/wb/Brust;0.0;2674.0;730;2692.0;26.23;5343.0;2447.0;4296.0
BUCHMEIER,HERMIT,LEEDS,LEIPZIG;brutal;;;;;;;5895.0;261;3504.0;18.76;8517.0;4708.0;1873.0
BUCHMEIER,HERMIT;bräuchte;;;;;;;6019.0;254;;;;4843.0;1797.0
BUCHMEIER,HERMIT;bräuchten;;;;;;;7738.0;181;;;;7716.0;989.0
BUCHMEIER,HERMIT;Bräutigam;;;;;;;7697.0;182;;;;7015.0;1115.0
A1,BUCHMEIER,HERMIT;Brötchen;das;;Substantiv;neutr.;https://www.dwds.de/wb/Br%C3%B6tchen;0.0;9271.0;143;;;;8261.0;903.0
B1;Brötli;das;;Substantiv;neutr.;https://www.dwds.de/wb/Br%C3%B6tli;0.0;;;;;;;
A2,BUCHMEIER,BW3,HERMIT,LEEDS,LEIPZIG;Brücke;die;;Substantiv;fem.;https://www.dwds.de/wb/Br%C3%BCcke;0.0;1946.0;1082;2294.0;31.91;3150.0;1656.0;7012.0
BUCHMEIER,HERMIT,LEIPZIG;Brüder;;;;;;;1917.0;1099;;;4628.0;1652.0;7035.0
BUCHMEIER,HERMIT;Brüdern;;;;;;;9585.0;137;;;;7537.0;1020.0
BW3,HERMIT;brüllen;;du brüllst;;;;;;;;;;7133.0;1096.0
BUCHMEIER,HERMIT;brüllt;;;;;;;8612.0;157;;;;4549.0;1951.0
LEEDS,LEIPZIG;Brüssel;;;;;;;;;3320.0;20.06;1268.0;;
BUCHMEIER,HERMIT;Brüste;;;;;;;4312.0;393;;;;4239.0;2140.0
B1;Bub;der;;Substantiv;mask.;https://www.dwds.de/wb/Bub;0.0;;;;;;;
A1,BUCHMEIER,BW1,HERMIT,LEEDS,LEIPZIG,LEO739,NRW422;Buch;das;Bücher;Substantiv;neutr.;https://www.dwds.de/wb/Buch;0.0;838.0;3038;228.0;300.24;543.0;723.0;19306.0
A2,LEEDS,LEIPZIG;buchen;;;Verb;;https://www.dwds.de/wb/buchen;0.0;;;4175.0;14.87;7033.0;;
BUCHMEIER,HERMIT;Buchhalter;;;;;;;7291.0;197;;;;7790.0;977.0
B1;Buchhandlung;die;;Substantiv;fem.;https://www.dwds.de/wb/Buchhandlung;0.0;;;;;;;
A1,LEEDS;Buchstabe;der;;Substantiv;mask.;https://www.dwds.de/wb/Buchstabe;0.0;;;2941.0;23.31;;;
BUCHMEIER,HERMIT,LEIPZIG;Buchstaben;;;;;;;6174.0;245;;;6118.0;5899.0;1400.0
A1;buchstabieren;;;Verb;;https://www.dwds.de/wb/buchstabieren;0.0;;;;;;;
HERMIT,LEIPZIG;buchstäblich;;;;;;;;;;;9771.0;6530.0;1228.0
BUCHMEIER,HERMIT;Bucht;;;;;;;9004.0;149;;;;8342.0;891.0
BUCHMEIER,HERMIT;Buck;;;;;;;8769.0;154;;;;5663.0;1469.0
BUCHMEIER,HERMIT;Bud;;;;;;;3671.0;487;;;;3877.0;2394.0
BUCHMEIER,HERMIT;Buddha;;;;;;;6007.0;255;;;;8903.0;815.0
BUCHMEIER,HERMIT;Buddy;;;;;;;6331.0;237;;;;6124.0;1338.0
BUCHMEIER,HERMIT;Bude;;;;;;;7550.0;187;;;;5555.0;1504.0
BUCHMEIER,HERMIT,LEEDS,LEIPZIG;Budget;;;;;;;7335.0;195;4183.0;14.86;6186.0;8214.0;909.0
B1;Buffet;das;;Substantiv;neutr.;https://www.dwds.de/wb/Buffet;0.0;;;;;;;
BUCHMEIER,HERMIT;Buffy;;;;;;;1436.0;1539;;;;3810.0;2449.0
BUCHMEIER,HERMIT;Bulle;;;;;;;2881.0;666;;;;2914.0;3413.0
BUCHMEIER,HERMIT;Bullen;;;;;;;1505.0;1448;;;;1535.0;7703.0
BUCHMEIER,HERMIT;Bullshit;;;;;;;9270.0;143;;;;9279.0;773.0
BUCHMEIER,HERMIT;bumsen;;;;;;;7774.0;180;;;;9003.0;802.0
HERMIT,LEEDS,LEIPZIG;Bund;;;;;;;;;1204.0;62.74;1022.0;9397.0;760.0
LEEDS,LEIPZIG;Bundesamt;;;;;;;;;4468.0;13.6;6227.0;;
LEEDS,LEIPZIG;Bundeskanzler;;;;;;;;;2508.0;28.62;1509.0;;
LEEDS,LEIPZIG,LEO739;Bundesland;das;;Substantiv;;;;;;2012.0;36.86;5823.0;;
LEEDS,LEIPZIG;Bundesrat;;;;;;;;;2732.0;25.64;2945.0;;
LEEDS,LEIPZIG;Bundesregierung;;;;;;;;;1253.0;60.39;604.0;;
LEEDS,LEIPZIG;Bundesrepublik;;;;;;;;;1419.0;53.35;862.0;;
LEEDS,LEIPZIG;Bundestag;;;;;;;;;1765.0;42.47;1333.0;;
LEEDS,LEIPZIG;Bundestagswahl;;;;;;;;;4632.0;12.96;5569.0;;
LEEDS,LEIPZIG;Bundesverfassungsgericht;;;;;;;;;4112.0;15.16;4643.0;;
LEEDS,LEIPZIG;Bundeswehr;;;;;;;;;3151.0;21.49;1959.0;;
LEEDS,LEIPZIG;bundesweit;;;;;;;;;2919.0;23.57;2495.0;;
BUCHMEIER,HERMIT;Bunker;;;;;;;6570.0;226;;;;6234.0;1307.0
BUCHMEIER,HERMIT;Bunny;;;;;;;8853.0;152;;;;9982.0;702.0
A2,BW3,LEEDS,LEIPZIG,LEO739;bunt;;;Adjektiv;;https://www.dwds.de/wb/bunt;0.0;;;2532.0;28.22;8753.0;;
LEO739;Buntstift;der;;Substantiv;;;;;;;;;;
B1,BUCHMEIER,BW3,HERMIT,LEEDS,LEIPZIG,LEO739,NRW422;Burg;die;Burgen;Substantiv;fem.;https://www.dwds.de/wb/Burg;0.0;6056.0;252;4040.0;15.53;6564.0;5938.0;1387.0
BUCHMEIER,HERMIT;Burger;;;;;;;6330.0;237;;;;5864.0;1410.0
FEHLER400;Burgverlies;;;;;;;;;;;;;
BUCHMEIER,HERMIT;Burke;;;;;;;3920.0;447;;;;6447.0;1249.0
BUCHMEIER,HERMIT;Burns;;;;;;;3679.0;485;;;;8432.0;878.0
BUCHMEIER,HERMIT;Bursche;;;;;;;5328.0;297;;;;4302.0;2102.0
BUCHMEIER,HERMIT;Burschen;;;;;;;8009.0;173;;;;5687.0;1461.0
BUCHMEIER,HERMIT;Burt;;;;;;;3835.0;459;;;;6833.0;1154.0
A1,BUCHMEIER,FEHLER300,HERMIT,LEEDS,LEIPZIG,LEO739,NRW422;Bus;der;;Substantiv;mask.;https://www.dwds.de/wb/Bus;0.0;1638.0;1314;1925.0;38.6;2847.0;1605.0;7253.0
BUCHMEIER,HERMIT;Busch;;;;;;;8661.0;156;;;;6868.0;1146.0
BUCHMEIER,HERMIT;Busen;;;;;;;8898.0;151;;;;9239.0;777.0
BUCHMEIER,HERMIT,LEEDS,LEIPZIG;Bush;;;;;;;8124.0;170;1582.0;47.72;8375.0;8865.0;819.0
HERMIT,LEEDS;but;;;;;;;;;4417.0;13.77;;5796.0;1429.0
BUCHMEIER,HERMIT;Butch;;;;;;;9969.0;130;;;;9152.0;787.0
BUCHMEIER,HERMIT;Butler;;;;;;;7979.0;174;;;;5966.0;1380.0
A1,BUCHMEIER,BW1,HERMIT;Butter;die;;Substantiv;fem., mask.;https://www.dwds.de/wb/Butter;0.0;5780.0;267;;;;4847.0;1793.0
BUCHMEIER,HERMIT,LEEDS;by;;;;;;;1080.0;2213;865.0;86.53;;3423.0;2801.0
BUCHMEIER,HERMIT;Bye;;;;;;;3033.0;629;;;;2844.0;3517.0
LEEDS,LEIPZIG;bzw;;;;;;;;;4440.0;13.68;787.0;;
BW3;Bäcker;der;du backst;Substantiv;;;;;;;;;;
A1;Bäckerei;die;;Substantiv;fem.;https://www.dwds.de/wb/B%C3%A4ckerei;0.0;;;;;;;
BUCHMEIER,BW1,HERMIT;Bär;der;;Substantiv;;;;4696.0;353;;;;3525.0;2690.0
BUCHMEIER,HERMIT;Bären;;;;;;;5973.0;257;;;;5017.0;1716.0
BUCHMEIER,HERMIT,LEIPZIG;Bäume;;;;;;;3707.0;479;;;2882.0;3289.0;2950.0
BUCHMEIER,HERMIT,LEIPZIG;Bäumen;;;;;;;6038.0;253;;;7198.0;6225.0;1312.0
HERMIT,LEEDS,LEIPZIG;Börse;;;;;;;;;3042.0;22.46;969.0;9758.0;724.0
A1,LEEDS;bös;;;Adjektiv;;https://www.dwds.de/wb/b%C3%B6s;0.0;;;2249.0;32.6;;;
A1,BUCHMEIER,BW1,HERMIT,LEEDS,LEIPZIG,LEO739,NRW422;böse;;;Adjektiv;;https://www.dwds.de/wb/b%C3%B6se;0.0;1064.0;2248;2670.0;26.43;4414.0;798.0;16940.0
BUCHMEIER,HERMIT,LEIPZIG;bösen;;;;;;;3643.0;491;;;7000.0;1995.0;5500.0
BUCHMEIER,HERMIT;böser;;;;;;;5329.0;297;;;;3768.0;2479.0
BUCHMEIER,HERMIT;Böses;;;;;;;5896.0;261;;;;3484.0;2737.0
BUCHMEIER,HERMIT,LEIPZIG;Bücher;;;;;;;1902.0;1113;;;1597.0;1631.0;7147.0
BUCHMEIER,HERMIT,LEIPZIG;Büchern;;;;;;;6332.0;237;;;4254.0;5631.0;1478.0
B1;Büchse;die;;Substantiv;fem.;https://www.dwds.de/wb/B%C3%BCchse#1;0.0;;;;;;;
B1,FEHLER200,FEHLER400;Büfett;das;;Substantiv;neutr.;https://www.dwds.de/wb/B%C3%BCfett;0.0;;;;;;;
B1,BUCHMEIER,HERMIT,LEEDS,LEIPZIG;Bühne;die;;Substantiv;fem.;https://www.dwds.de/wb/B%C3%BChne;0.0;2663.0;734;1758.0;42.54;906.0;2346.0;4537.0
LEEDS,LEIPZIG;Bündnis;;;;;;;;;2126.0;34.92;2904.0;;
B1,BUCHMEIER,HERMIT,LEEDS,LEIPZIG;Bürger;der;;Substantiv;mask.;https://www.dwds.de/wb/B%C3%BCrger;0.0;3401.0;539;645.0;113.7;579.0;2799.0;3593.0
B1,LEEDS;Bürgerin;die;;Substantiv;fem.;https://www.dwds.de/wb/B%C3%BCrgerin;0.0;;;3675.0;17.56;;;
BUCHMEIER,LEEDS,LEIPZIG;Bürgerkrieg;;;;;;;7948.0;175;4014.0;15.67;4596.0;;
BUCHMEIER,HERMIT,LEEDS,LEIPZIG;Bürgermeister;;;;;;;2154.0;955;1693.0;44.21;763.0;1952.0;5720.0
A2,BUCHMEIER,HERMIT,LEEDS,LEIPZIG;Büro;das;;Substantiv;neutr.;https://www.dwds.de/wb/B%C3%BCro;0.0;806.0;3213;1803.0;41.35;2009.0;660.0;22253.0
LEEDS,LEIPZIG;Bürokratie;;;;;;;;;4708.0;12.68;7911.0;;
HERMIT,LEIPZIG;Büros;;;;;;;;;;;3600.0;8539.0;863.0
B1;Bürste;die;;Substantiv;fem.;https://www.dwds.de/wb/B%C3%BCrste;0.0;;;;;;;
BUCHMEIER,HERMIT;büßen;;;;;;;7549.0;187;;;;5684.0;1463.0
BUCHMEIER,LEEDS,LEIPZIG;ca;;;;;;;6100.0;250;3418.0;19.34;3979.0;;
A2;Cafeteria;die;;Substantiv;fem.;https://www.dwds.de/wb/Cafeteria;0.0;;;;;;;
A1,BUCHMEIER,HERMIT,LEIPZIG;Café;das;;Substantiv;neutr.;https://www.dwds.de/wb/Caf%C3%A9;0.0;4979.0;328;;;5437.0;4470.0;2003.0
BUCHMEIER,HERMIT;Cal;;;;;;;6076.0;251;;;;5111.0;1666.0
BUCHMEIER,HERMIT;Cameron;;;;;;;5990.0;256;;;;5415.0;1554.0
BUCHMEIER,HERMIT;Camp;;;;;;;4305.0;394;;;;4007.0;2290.0
BUCHMEIER,HERMIT,LEEDS;can;;;;;;;7548.0;187;4159.0;14.96;;3802.0;2453.0
BUCHMEIER,HERMIT;Captain;;;;;;;757.0;3519;;;;570.0;27491.0
BUCHMEIER,HERMIT,LEEDS,LEIPZIG;Carl;;;;;;;2527.0;782;4096.0;15.21;9832.0;2428.0;4341.0
BUCHMEIER,HERMIT;Carla;;;;;;;4418.0;381;;;;5941.0;1387.0
HERMIT,LEEDS;Carlo;;;;;;;;;4974.0;11.72;;7744.0;985.0
BUCHMEIER,HERMIT;Carlos;;;;;;;3865.0;455;;;;2875.0;3480.0
BUCHMEIER,HERMIT;Carmen;;;;;;;8713.0;155;;;;5994.0;1373.0
BUCHMEIER,HERMIT;Carol;;;;;;;4175.0;412;;;;3449.0;2767.0
BUCHMEIER,HERMIT;Caroline;;;;;;;6458.0;231;;;;2836.0;3534.0
BUCHMEIER,HERMIT;Carrie;;;;;;;9692.0;135;;;;2623.0;3936.0
BUCHMEIER,HERMIT;Carson;;;;;;;5488.0;285;;;;5370.0;1568.0
BUCHMEIER,HERMIT;Carter;;;;;;;2129.0;968;;;;1814.0;6213.0
BUCHMEIER,HERMIT;Casey;;;;;;;3222.0;579;;;;3661.0;2569.0
BUCHMEIER,HERMIT;Casino;;;;;;;8344.0;164;;;;7424.0;1041.0
BUCHMEIER,HERMIT;Cassie;;;;;;;9856.0;132;;;;8163.0;916.0
BUCHMEIER,HERMIT;Cat;;;;;;;9908.0;131;;;;5678.0;1463.0
BUCHMEIER,HERMIT;Catherine;;;;;;;8660.0;156;;;;3105.0;3158.0
BUCHMEIER,HERMIT;Cathy;;;;;;;9003.0;149;;;;6008.0;1370.0
A1,BUCHMEIER,HERMIT,LEEDS,LEIPZIG;CD;die;;Substantiv;fem.;https://www.dwds.de/wb/CD#1;0.0;8197.0;168;2074.0;35.91;4964.0;9288.0;772.0
LEEDS,LEIPZIG;CDU;;;;;;;;;1360.0;55.68;303.0;;
BUCHMEIER,HERMIT;Celia;;;;;;;3400.0;539;;;;9106.0;793.0
A1,BUCHMEIER,BW1,HERMIT,LEEDS,LEO739,NRW422;Cent;der;;Substantiv;mask.;https://www.dwds.de/wb/Cent;0.0;3244.0;573;3973.0;15.87;;2850.0;3507.0
BUCHMEIER,HERMIT,LEEDS,LEIPZIG;Center;;;;;;;8152.0;169;3439.0;19.21;5061.0;8119.0;925.0
BUCHMEIER,HERMIT;Central;;;;;;;6836.0;214;;;;5679.0;1463.0
BUCHMEIER,HERMIT;Cents;;;;;;;8851.0;152;;;;9857.0;714.0
BUCHMEIER,HERMIT;Chad;;;;;;;7547.0;187;;;;7701.0;991.0
BUCHMEIER,HERMIT;Champagner;;;;;;;3544.0;512;;;;2517.0;4146.0
BUCHMEIER,HERMIT;Champion;;;;;;;6532.0;228;;;;5841.0;1417.0
BUCHMEIER,HERMIT;Chan;;;;;;;6502.0;229;;;;7083.0;1103.0
B1,BUCHMEIER,HERMIT,LEEDS,LEIPZIG;Chance;die;;Substantiv;fem.;https://www.dwds.de/wb/Chance;0.0;573.0;5169;574.0;127.5;685.0;542.0;29888.0
BUCHMEIER,HERMIT,LEIPZIG;Chancen;;;;;;;3344.0;550;;;972.0;2787.0;3630.0
BUCHMEIER,HERMIT;Chandler;;;;;;;2133.0;966;;;;5197.0;1632.0
BUCHMEIER,HERMIT,LEEDS,LEIPZIG;Chaos;;;;;;;2785.0;695;3558.0;18.35;3575.0;2370.0;4482.0
BUCHMEIER,HERMIT,LEEDS,LEIPZIG;Charakter;;;;;;;4721.0;351;1023.0;74.24;2533.0;4493.0;1988.0
FEHLER200,FEHLER400;Charisma;;;;;;;;;;;;;
BUCHMEIER,HERMIT,LEEDS,LEIPZIG;Charles;;;;;;;2208.0;923;4670.0;12.8;6658.0;1419.0;8532.0
BUCHMEIER,HERMIT;Charley;;;;;;;8768.0;154;;;;9699.0;731.0
BUCHMEIER,HERMIT;Charlie;;;;;;;1091.0;2182;;;;914.0;14515.0
BUCHMEIER,HERMIT,LEIPZIG;Charlotte;;;;;;;5093.0;318;;;6684.0;2609.0;3960.0
BUCHMEIER,HERMIT;charmant;;;;;;;7883.0;177;;;;4923.0;1758.0
BUCHMEIER,HERMIT,LEIPZIG;Charme;;;;;;;7978.0;174;;;5562.0;6260.0;1302.0
BUCHMEIER,HERMIT;Chase;;;;;;;3181.0;590;;;;3983.0;2310.0
A2;chatten;;;Verb;;https://www.dwds.de/wb/chatten;0.0;;;;;;;
BUCHMEIER,HERMIT;Chauffeur;;;;;;;9855.0;132;;;;7653.0;1000.0
BUCHMEIER,HERMIT;Check;;;;;;;8493.0;160;;;;6492.0;1238.0
BUCHMEIER,HERMIT;checken;;;;;;;9466.0;139;;;;7269.0;1069.0
A1,BUCHMEIER,HERMIT,LEEDS,LEIPZIG;Chef;der;;Substantiv;mask.;https://www.dwds.de/wb/Chef;0.0;1327.0;1696;1626.0;46.18;781.0;1036.0;12195.0
A2,BUCHMEIER,HERMIT;Chefin;die;;Substantiv;fem.;https://www.dwds.de/wb/Chefin;0.0;7240.0;199;;;;6221.0;1313.0
HERMIT,LEIPZIG;Chefs;;;;;;;;;;;5885.0;9548.0;744.0
BUCHMEIER,HERMIT,LEEDS,LEIPZIG;Chemie;;;;;;;8412.0;162;3891.0;16.32;4066.0;7949.0;950.0
BUCHMEIER,HERMIT,LEIPZIG;Chemikalien;;;;;;;9968.0;130;;;8569.0;9311.0;770.0
BUCHMEIER,HERMIT;Chen;;;;;;;7268.0;198;;;;7707.0;991.0
B1;chic;;;Adjektiv;;https://www.dwds.de/wb/chic;0.0;;;;;;;
BUCHMEIER,HERMIT,LEIPZIG;Chicago;;;;;;;3172.0;592;;;6020.0;2494.0;4189.0
BUCHMEIER,HERMIT;Chief;;;;;;;2592.0;758;;;;2089.0;5176.0
LEEDS,LEIPZIG;Chile;;;;;;;;;4954.0;11.77;7178.0;;
BUCHMEIER,HERMIT,LEEDS,LEIPZIG;China;;;;;;;3086.0;611;893.0;84.07;879.0;2866.0;3489.0
BUCHMEIER,HERMIT,LEIPZIG;Chinesen;;;;;;;3278.0;565;;;5670.0;4293.0;2107.0
BUCHMEIER,HERMIT,LEEDS;Chinesisch;;;;;;;9854.0;132;1679.0;44.48;;6071.0;1352.0
BUCHMEIER,HERMIT,LEIPZIG;chinesische;;;;;;;7546.0;187;;;4113.0;7016.0;1115.0
BUCHMEIER,HERMIT,LEIPZIG;chinesischen;;;;;;;6437.0;232;;;2783.0;7567.0;1014.0
BUCHMEIER,HERMIT;Chip;;;;;;;4399.0;383;;;;4540.0;1959.0
B1;Chipkarte;die;;Substantiv;fem.;https://www.dwds.de/wb/Chipkarte;0.0;;;;;;;
BUCHMEIER,HERMIT;Chips;;;;;;;5354.0;295;;;;5738.0;1445.0
BUCHMEIER,HERMIT;Chirurg;;;;;;;8305.0;165;;;;8116.0;925.0
BUCHMEIER,HERMIT;Chirurgen;;;;;;;8196.0;168;;;;9068.0;796.0
BUCHMEIER,HERMIT;Chloe;;;;;;;1415.0;1561;;;;2749.0;3702.0
HERMIT,LEEDS,LEIPZIG,LEO739,NRW422;Chor;der;;Substantiv;;;;;;3884.0;16.33;4833.0;6972.0;1123.0
BUCHMEIER,HERMIT;Chris;;;;;;;1836.0;1159;;;;1849.0;6067.0
HERMIT,LEEDS;Christ;;;;;;;;;1658.0;45.25;;8750.0;834.0
HERMIT,LEIPZIG;Christen;;;;;;;;;;;4275.0;8328.0;893.0
HERMIT,LEEDS;Christi;;;;;;;;;3642.0;17.76;;8683.0;843.0
BUCHMEIER,HERMIT,LEEDS,LEIPZIG;Christian;;;;;;;5728.0;270;1799.0;41.53;2527.0;3926.0;2358.0
BUCHMEIER,HERMIT,LEIPZIG;Christina;;;;;;;5549.0;281;;;9646.0;7816.0;972.0
BUCHMEIER,HERMIT,LEIPZIG;Christine;;;;;;;6767.0;217;;;4615.0;4674.0;1888.0
LEEDS,LEIPZIG;Christoph;;;;;;;;;2994.0;22.79;5347.0;;
BUCHMEIER,HERMIT,LEIPZIG;Christopher;;;;;;;5471.0;286;;;9929.0;4257.0;2129.0
BUCHMEIER,HERMIT,LEEDS;Christus;;;;;;;4318.0;392;2286.0;32.08;;3482.0;2738.0
FEHLER200,FEHLER400;Chrysantheme;;;;;;;;;;;;;
BUCHMEIER,HERMIT;Chuck;;;;;;;1773.0;1203;;;;1752.0;6479.0
BUCHMEIER,HERMIT;CIA;;;;;;;2522.0;783;;;;2645.0;3896.0
BUCHMEIER,HERMIT;Ciao;;;;;;;5081.0;319;;;;3020.0;3287.0
BUCHMEIER,HERMIT;Cindy;;;;;;;9173.0;145;;;;4542.0;1956.0
A1;circa;;;Adverb;;https://www.dwds.de/wb/circa;0.0;;;;;;;
A2;Circus;der;;Substantiv;mask.;https://www.dwds.de/wb/Circus;0.0;;;;;;;
BUCHMEIER,HERMIT,LEEDS,LEIPZIG;City;;;;;;;2188.0;933;3786.0;16.84;4016.0;1802.0;6265.0
BUCHMEIER,HERMIT;Claire;;;;;;;1302.0;1753;;;;1638.0;7090.0
BUCHMEIER,HERMIT;Clark;;;;;;;1945.0;1082;;;;1532.0;7724.0
BUCHMEIER,HERMIT;Claude;;;;;;;9269.0;143;;;;6232.0;1308.0
HERMIT,LEEDS,LEIPZIG;Claudia;;;;;;;;;4363.0;13.99;5250.0;6657.0;1199.0
BUCHMEIER,HERMIT;Clayton;;;;;;;7947.0;175;;;;8710.0;840.0
FEHLER200,FEHLER400;Clementine;;;;;;;;;;;;;
BUCHMEIER,HERMIT;Cleveland;;;;;;;8230.0;167;;;;8265.0;903.0
BUCHMEIER,HERMIT;clever;;;;;;;3834.0;459;;;;3092.0;3182.0
BUCHMEIER,HERMIT;Cliff;;;;;;;4853.0;339;;;;8933.0;812.0
BUCHMEIER,BW3,HERMIT;Clown;der;;Substantiv;;;;4566.0;366;;;;4630.0;1908.0
BUCHMEIER,HERMIT;Clowns;;;;;;;8712.0;155;;;;9018.0;800.0
A2,BUCHMEIER,HERMIT,LEEDS,LEIPZIG;Club;der;;Substantiv;mask.;https://www.dwds.de/wb/Club;0.0;2128.0;970;2706.0;25.95;3427.0;1727.0;6628.0
BUCHMEIER,HERMIT,LEIPZIG;Clubs;;;;;;;9542.0;138;;;7846.0;8245.0;905.0
BUCHMEIER,HERMIT;Clyde;;;;;;;5959.0;258;;;;7533.0;1021.0
A1,BUCHMEIER,HERMIT,LEEDS;cm;;;Symbol;;https://www.dwds.de/wb/cm;0.0;5939.0;259;2394.0;30.32;;6407.0;1261.0
BUCHMEIER,HERMIT,LEIPZIG;Coach;;;;;;;9332.0;142;;;5533.0;4259.0;2127.0
BUCHMEIER,HERMIT,LEEDS;Code;;;;;;;2262.0;888;2954.0;23.2;;2237.0;4794.0
BUCHMEIER,HERMIT;Codes;;;;;;;6853.0;213;;;;9001.0;802.0
BUCHMEIER,HERMIT;Cody;;;;;;;5819.0;265;;;;6441.0;1250.0
B1;Coiffeur;der;;Substantiv;mask.;https://www.dwds.de/wb/Coiffeur;0.0;;;;;;;
B1;Coiffeuse;die;;Substantiv;fem.;https://www.dwds.de/wb/Coiffeuse;0.0;;;;;;;
BUCHMEIER,HERMIT;Cola;;;;;;;5303.0;299;;;;5637.0;1475.0
BUCHMEIER,HERMIT;Cole;;;;;;;4893.0;336;;;;2978.0;3333.0
BUCHMEIER,HERMIT;Colin;;;;;;;7029.0;206;;;;6713.0;1183.0
BUCHMEIER,HERMIT;College;;;;;;;2200.0;926;;;;1847.0;6070.0
BUCHMEIER,HERMIT;Collins;;;;;;;9414.0;140;;;;5025.0;1713.0
BUCHMEIER,HERMIT;Colonel;;;;;;;1633.0;1321;;;;1189.0;10446.0
BUCHMEIER,HERMIT;Colorado;;;;;;;8379.0;163;;;;9359.0;764.0
BUCHMEIER,HERMIT;Colt;;;;;;;9541.0;138;;;;3887.0;2389.0
BUCHMEIER,HERMIT;come;;;;;;;9967.0;130;;;;5090.0;1680.0
A2,BW1;Comic;der;;Substantiv;mask.;https://www.dwds.de/wb/Comic;0.0;;;;;;;
BUCHMEIER,HERMIT;Commander;;;;;;;2388.0;834;;;;1779.0;6353.0
FEHLER200,FEHLER400;Commitment;;;;;;;;;;;;;
HERMIT,LEIPZIG;Company;;;;;;;;;;;7751.0;9501.0;749.0
A1,BUCHMEIER,HERMIT,LEEDS,LEIPZIG,LEO739,NRW422;Computer;der;;Substantiv;mask.;https://www.dwds.de/wb/Computer;0.0;1259.0;1824;823.0;90.88;1154.0;1231.0;10052.0
BUCHMEIER,HERMIT;Connie;;;;;;;8571.0;158;;;;7362.0;1053.0
BUCHMEIER,HERMIT;Connor;;;;;;;5395.0;292;;;;3932.0;2353.0
BUCHMEIER,HERMIT;Conrad;;;;;;;4524.0;369;;;;5721.0;1450.0
HERMIT,LEIPZIG;Container;;;;;;;;;;;7078.0;8935.0;812.0
BUCHMEIER,HERMIT,LEEDS;cool;;;;;;;1047.0;2310;3676.0;17.56;;769.0;17909.0
BUCHMEIER,HERMIT;coole;;;;;;;7054.0;205;;;;6301.0;1288.0
BUCHMEIER,HERMIT;cooler;;;;;;;8411.0;162;;;;7845.0;967.0
BUCHMEIER,HERMIT;Cooper;;;;;;;3963.0;441;;;;3445.0;2773.0
BUCHMEIER,HERMIT;Cop;;;;;;;3167.0;594;;;;2596.0;3985.0
BUCHMEIER,HERMIT;Cops;;;;;;;3324.0;555;;;;2810.0;3570.0
BUCHMEIER,HERMIT;Cordelia;;;;;;;8817.0;153;;;;8390.0;884.0
B1,BUCHMEIER,HERMIT;Couch;die;;Substantiv;fem.;https://www.dwds.de/wb/Couch;0.0;5025.0;324;;;;3814.0;2446.0
BUCHMEIER,HERMIT;County;;;;;;;5327.0;297;;;;4398.0;2047.0
B1,BUCHMEIER,HERMIT;Cousin;der;;Substantiv;mask.;https://www.dwds.de/wb/Cousin;0.0;3191.0;587;;;;2289.0;4685.0
B1,BUCHMEIER,HERMIT;Cousine;die;;Substantiv;fem.;https://www.dwds.de/wb/Cousine;0.0;6006.0;255;;;;3815.0;2445.0
B1;Couvert;das;;Substantiv;neutr.;https://www.dwds.de/wb/Couvert;0.0;;;;;;;
BUCHMEIER,HERMIT;Cowboy;;;;;;;4973.0;329;;;;4780.0;1836.0
BUCHMEIER,HERMIT;Craig;;;;;;;5626.0;276;;;;4978.0;1731.0
BUCHMEIER,HERMIT;Crawford;;;;;;;9742.0;134;;;;8969.0;807.0
A2;Creme;die;;Substantiv;fem.;https://www.dwds.de/wb/Creme;0.0;;;;;;;
BUCHMEIER,HERMIT;Crew;;;;;;;3252.0;571;;;;2496.0;4184.0
A2;Crème;die;;Substantiv;fem.;https://www.dwds.de/wb/Cr%C3%A8me;0.0;;;;;;;
LEEDS,LEIPZIG;CSU;;;;;;;;;3962.0;15.92;931.0;;
BUCHMEIER,HERMIT;CTU;;;;;;;1381.0;1604;;;;7903.0;957.0
BUCHMEIER,HERMIT;Curtis;;;;;;;3135.0;600;;;;4578.0;1936.0
BUCHMEIER,HERMIT;Cäsar;;;;;;;3817.0;461;;;;7130.0;1096.0
A1,B1,BUCHMEIER,BW1,HERMIT,LEEDS,LEIPZIG,LEO739,NRW111;da;;;Adverb;;https://www.dwds.de/wb/da#1;0.0;61.0;67905;63.0;1356.44;120.0;44.0;564244.0
A2,BUCHMEIER,FEHLER300,HERMIT,LEEDS,LEIPZIG;dabei;;;Pronominaladverb;;https://www.dwds.de/wb/dabei;0.0;327.0;9188;120.0;579.66;183.0;301.0;57923.0
B1,BUCHMEIER,HERMIT,LEEDS,LEIPZIG;Dach;das;;Substantiv;neutr.;https://www.dwds.de/wb/Dach;0.0;1741.0;1230;2537.0;28.2;2419.0;1710.0;6713.0
BW1;Dachs;der;;Substantiv;;;;;;;;;;
BUCHMEIER,HERMIT,LEIPZIG;dachte;;;;;;;226.0;14298;;;3591.0;203.0;92867.0
BUCHMEIER,HERMIT;dachten;;;;;;;1595.0;1357;;;;1411.0;8570.0
BUCHMEIER,HERMIT;dachtest;;;;;;;4382.0;385;;;;2945.0;3381.0
BUCHMEIER,HERMIT;Dad;;;;;;;453.0;6639;;;;366.0;46472.0
BUCHMEIER,HERMIT;Daddy;;;;;;;1124.0;2103;;;;826.0;16329.0
BUCHMEIER,HERMIT;Dads;;;;;;;8378.0;163;;;;5859.0;1412.0
BUCHMEIER,FEHLER300,HERMIT,LEEDS,LEIPZIG;dadurch;;;;;;;2729.0;713;385.0;186.41;801.0;1963.0;5673.0
A2,BUCHMEIER,HERMIT,LEEDS,LEIPZIG;dafür;;;Pronominaladverb;;https://www.dwds.de/wb/daf%C3%BCr;0.0;319.0;9543;188.0;365.88;213.0;245.0;75302.0
A2,BUCHMEIER,HERMIT,LEEDS,LEIPZIG;dagegen;;;Pronominaladverb;;https://www.dwds.de/wb/dagegen;0.0;1157.0;2030;491.0;147.36;308.0;961.0;13607.0
BUCHMEIER,HERMIT,LEIPZIG;daheim;;;;;;;4407.0;382;;;6627.0;3376.0;2854.0
B1,BUCHMEIER,HERMIT,LEEDS,LEIPZIG;daher;;;Pronominaladverb;;https://www.dwds.de/wb/daher;0.0;3335.0;552;278.0;254.72;602.0;1529.0;7771.0
B1,BUCHMEIER,HERMIT,LEEDS,LEIPZIG;dahin;;;Pronominaladverb;;https://www.dwds.de/wb/dahin;0.0;1260.0;1822;1395.0;54.19;1464.0;1093.0;11442.0
BUCHMEIER,HERMIT,LEEDS,LEIPZIG;dahinter;;;;;;;2926.0;657;2922.0;23.52;5153.0;2559.0;4083.0
BUCHMEIER,HERMIT;Daisy;;;;;;;7914.0;176;;;;3834.0;2431.0
BUCHMEIER,HERMIT;Dale;;;;;;;3903.0;450;;;;5405.0;1556.0
BUCHMEIER,HERMIT;Dallas;;;;;;;6075.0;251;;;;6167.0;1328.0
A2,BUCHMEIER,HERMIT,LEEDS,LEIPZIG;damals;;;Adverb;;https://www.dwds.de/wb/damals;0.0;985.0;2480;411.0;178.15;395.0;748.0;18434.0
A2,BUCHMEIER,HERMIT,LEEDS,LEIPZIG;Dame;die;;Substantiv;fem.;https://www.dwds.de/wb/Dame;0.0;1296.0;1761;1340.0;56.28;3297.0;1051.0;12010.0
BUCHMEIER,HERMIT,LEIPZIG;Damen;;;;;;;1374.0;1616;;;3356.0;1102.0;11371.0
B1,BUCHMEIER,HERMIT,LEEDS,LEIPZIG;damit;;;Pronominaladverb;;https://www.dwds.de/wb/damit#1;0.0;162.0;21036;91.0;809.85;118.0;145.0;150635.0
BUCHMEIER,HERMIT;Damm;;;;;;;8897.0;151;;;;9295.0;771.0
BUCHMEIER,HERMIT;Dampf;;;;;;;9131.0;146;;;;7052.0;1110.0
BUCHMEIER,HERMIT;Dan;;;;;;;1337.0;1678;;;;1838.0;6106.0
BUCHMEIER,HERMIT;Dana;;;;;;;4690.0;354;;;;4307.0;2100.0
B1,BUCHMEIER,BW3,FEHLER300,HERMIT,LEEDS,LEIPZIG,LEO739,NRW111;danach;;;Pronominaladverb;;https://www.dwds.de/wb/danach;0.0;1050.0;2294;501.0;144.94;767.0;686.0;20649.0
A1,BUCHMEIER,HERMIT,LEEDS,LEIPZIG;daneben;;;Pronominaladverb;;https://www.dwds.de/wb/daneben;0.0;3483.0;525;2259.0;32.48;3982.0;3145.0;3101.0
BUCHMEIER,HERMIT,LEEDS,LEIPZIG;Daniel;;;;;;;2521.0;783;2621.0;27.15;5331.0;1602.0;7272.0
BUCHMEIER,HERMIT;Danielle;;;;;;;6133.0;248;;;;9864.0;713.0
BUCHMEIER,HERMIT;Daniels;;;;;;;5435.0;289;;;;6958.0;1128.0
A1,BUCHMEIER,HERMIT,LEEDS,LEIPZIG;Dank;der;;Substantiv;mask.;https://www.dwds.de/wb/Dank;0.0;420.0;7036;1211.0;62.39;2370.0;346.0;49155.0
B1,BUCHMEIER,HERMIT,LEEDS,LEIPZIG;dankbar;;;Adjektiv;;https://www.dwds.de/wb/dankbar;0.0;2203.0;925;3416.0;19.35;7490.0;1714.0;6689.0
BUCHMEIER,HERMIT;Dankbarkeit;;;;;;;8659.0;156;;;;6680.0;1191.0
A1,BUCHMEIER,HERMIT,LEEDS;danke;;;Partikel;;https://www.dwds.de/wb/danke;0.0;136.0;26062;3342.0;19.89;;98.0;227937.0
A1,BUCHMEIER,BW1,HERMIT,LEEDS;danken;;du dankst, Dank;Verb;;https://www.dwds.de/wb/danken;0.0;1825.0;1168;1515.0;50.35;;1481.0;8074.0
BUCHMEIER,HERMIT;Dankeschön;;;;;;;5666.0;274;;;;4545.0;1954.0
A1,BUCHMEIER,BW1,FEHLER100,FEHLER300,HERMIT,LEEDS,LEIPZIG,LEO739,NRW111;dann;;;Adverb;;https://www.dwds.de/wb/dann;0.0;87.0;45618;57.0;1565.39;75.0;60.0;429424.0
BUCHMEIER,HERMIT;Danny;;;;;;;1783.0;1197;;;;1387.0;8723.0
BUCHMEIER,HERMIT,LEEDS,LEIPZIG;dar;;;;;;;6999.0;207;845.0;89.06;1475.0;5626.0;1479.0
BUCHMEIER,HERMIT,LEEDS,LEIPZIG;daran;;;;;;;385.0;7681;350.0;201.45;429.0;342.0;50081.0
A2,BUCHMEIER,HERMIT,LEEDS,LEIPZIG;darauf;;;Pronominaladverb;;https://www.dwds.de/wb/darauf;0.0;481.0;6110;200.0;336.0;280.0;385.0;43236.0
HERMIT,LEEDS,LEIPZIG;daraufhin;;;;;;;;;1795.0;41.67;2005.0;9792.0;720.0
BUCHMEIER,HERMIT,LEEDS,LEIPZIG;daraus;;;;;;;2179.0;937;819.0;91.26;1397.0;1757.0;6456.0
BUCHMEIER,HERMIT;Darcy;;;;;;;8766.0;154;;;;9216.0;780.0
BUCHMEIER,HERMIT,LEIPZIG,LEO739,NRW422;darf;;;;;;;505.0;5812;;;384.0;277.0;64161.0
BUCHMEIER,HERMIT;darfst;;;;;;;1226.0;1880;;;;1045.0;12146.0
BUCHMEIER,HERMIT,LEEDS,LEIPZIG;darin;;;;;;;1345.0;1667;442.0;161.8;744.0;1103.0;11359.0
BUCHMEIER,HERMIT;Darling;;;;;;;6292.0;239;;;;5380.0;1563.0
LEEDS,LEIPZIG;Darmstadt;;;;;;;;;4926.0;11.88;3812.0;;
B1,BUCHMEIER,HERMIT,LEEDS,LEIPZIG;darstellen;;;Verb;;https://www.dwds.de/wb/darstellen;0.0;9411.0;140;533.0;135.59;4081.0;8738.0;835.0
BUCHMEIER,LEIPZIG;Darsteller;;;;;;;6877.0;212;;;8286.0;;
B1,BUCHMEIER,LEEDS,LEIPZIG;Darstellung;die;;Substantiv;fem.;https://www.dwds.de/wb/Darstellung;0.0;8896.0;151;1138.0;66.38;1410.0;;
BUCHMEIER,HERMIT,LEEDS,LEIPZIG;darum;;;;;;;713.0;3928;535.0;135.53;984.0;428.0;37424.0
BUCHMEIER,HERMIT,LEEDS,LEIPZIG;darunter;;;;;;;5038.0;323;1125.0;67.6;813.0;3633.0;2594.0
A2,BUCHMEIER,HERMIT,LEEDS,LEIPZIG;darüber;;;Pronominaladverb;;https://www.dwds.de/wb/dar%C3%BCber;0.0;396.0;7528;277.0;255.51;381.0;330.0;51711.0
A1,BUCHMEIER,BW1,HERMIT,LEIPZIG,LEO739,NRW111;das;;;bestimmter Artikel;neutr.;https://www.dwds.de/wb/das#1;0.0;7.0;326943;;;8.0;3.0;3122198.0
LEEDS,LEIPZIG;Dasein;;;;;;;;;3652.0;17.7;9210.0;;
A2,BUCHMEIER,FEHLER200,FEHLER400,HERMIT,LEEDS,LEIPZIG;dass;;;Konjunktion;;https://www.dwds.de/wb/dass;0.0;26.0;123254;34.0;2705.45;261.0;24.0;879520.0
B1,BUCHMEIER,HERMIT,LEEDS,LEIPZIG;dasselbe;;;Demonstrativpronomen;neutr.;https://www.dwds.de/wb/dasselbe;0.0;1590.0;1362;2364.0;30.7;6538.0;1097.0;11414.0
BUCHMEIER,HERMIT;Data;;;;;;;3647.0;490;;;;4850.0;1792.0
BUCHMEIER,HERMIT;Date;;;;;;;1979.0;1063;;;;1660.0;6993.0
A2,BUCHMEIER,HERMIT,LEEDS,LEIPZIG;Datei;die;;Substantiv;fem.;https://www.dwds.de/wb/Datei;0.0;8089.0;171;1388.0;54.37;6393.0;8130.0;923.0
BUCHMEIER,HERMIT,LEIPZIG;Dateien;;;;;;;6382.0;235;;;9270.0;7394.0;1048.0
B1,BUCHMEIER,HERMIT,LEIPZIG;Daten;;;Substantiv;;https://www.dwds.de/wb/Daten;1.0;2009.0;1045;;;551.0;2059.0;5246.0
BUCHMEIER,HERMIT,LEEDS,LEIPZIG;Datenbank;;;;;;;7028.0;206;2404.0;30.16;3967.0;6227.0;1310.0
BUCHMEIER,HERMIT;Dates;;;;;;;9641.0;136;;;;8411.0;881.0
A1,BUCHMEIER,HERMIT,LEEDS,LEIPZIG,LEO739;Datum;das;;Substantiv;neutr.;https://www.dwds.de/wb/Datum;0.0;5680.0;273;389.0;185.55;3660.0;5267.0;1605.0
B1,BUCHMEIER,HERMIT,LEEDS,LEIPZIG;Dauer;die;;Substantiv;fem.;https://www.dwds.de/wb/Dauer;0.0;9377.0;141;1565.0;48.37;1781.0;8069.0;932.0
LEEDS,LEIPZIG;dauerhaft;;;;;;;;;2390.0;30.4;6530.0;;
A1,BUCHMEIER,HERMIT,LEEDS,LEIPZIG;dauern;;;Verb;;https://www.dwds.de/wb/dauern#1;0.0;1607.0;1349;1011.0;74.96;2963.0;1528.0;7776.0
B1,BUCHMEIER,HERMIT,LEEDS;dauernd;;;partizipiales Adjektiv;;https://www.dwds.de/wb/dauernd;0.0;3076.0;613;3220.0;20.84;;2605.0;3971.0
BUCHMEIER,HERMIT,LEIPZIG;dauert;;;;;;;1402.0;1572;;;2701.0;1084.0;11606.0
BUCHMEIER,HERMIT,LEIPZIG;dauerte;;;;;;;6116.0;249;;;5409.0;5030.0;1710.0
BUCHMEIER,BW1,HERMIT;Daumen;der;;Substantiv;;;;5080.0;319;;;;4382.0;2060.0
BUCHMEIER,HERMIT;Dave;;;;;;;2902.0;662;;;;2360.0;4502.0
BUCHMEIER,HERMIT,LEEDS,LEIPZIG;David;;;;;;;965.0;2574;2079.0;35.72;3204.0;1018.0;12453.0
BUCHMEIER,HERMIT;Davis;;;;;;;5326.0;297;;;;3555.0;2660.0
BUCHMEIER,FEHLER300,HERMIT,LEEDS,LEIPZIG;davon;;;;;;;287.0;11161;211.0;324.0;256.0;244.0;75947.0
BUCHMEIER,HERMIT;davonkommen;;;;;;;9640.0;136;;;;8841.0;821.0
BUCHMEIER,HERMIT,LEEDS,LEIPZIG,LEO739,NRW422;davor;;;;;;;1792.0;1193;2176.0;33.92;2039.0;1457.0;8303.0
BUCHMEIER,HERMIT;Dawn;;;;;;;5415.0;290;;;;6707.0;1185.0
HERMIT,LEIPZIG;Dax;;;;;;;;;;;3323.0;9099.0;793.0
BUCHMEIER,FEHLER300,HERMIT,LEEDS,LEIPZIG;dazu;;;;;;;415.0;7128;132.0;528.59;220.0;340.0;50144.0
BUCHMEIER,HERMIT,LEEDS,LEIPZIG;dazwischen;;;;;;;6055.0;252;4138.0;15.02;6951.0;5098.0;1674.0
BUCHMEIER,HERMIT,LEEDS,LEIPZIG;daß;;;;;;;227.0;14287;47.0;1892.95;29.0;782.0;17517.0
BUCHMEIER,HERMIT;DC;;;;;;;6157.0;246;;;;9518.0;747.0
LEEDS,LEIPZIG;DDR;;;;;;;;;1488.0;51.12;784.0;;
BUCHMEIER,HERMIT,LEEDS,LEIPZIG;de;;;;;;;2110.0;981;436.0;164.74;1269.0;1175.0;10624.0
BUCHMEIER,HERMIT,LEIPZIG;Deal;;;;;;;1887.0;1128;;;9657.0;1474.0;8098.0
BUCHMEIER,HERMIT;Dealer;;;;;;;6256.0;241;;;;6145.0;1333.0
BUCHMEIER,HERMIT;Dean;;;;;;;3240.0;575;;;;1764.0;6400.0
BUCHMEIER,HERMIT,LEEDS,LEIPZIG;Debatte;;;;;;;6483.0;230;1406.0;53.86;1348.0;8273.0;902.0
BUCHMEIER,HERMIT;Debbie;;;;;;;5836.0;264;;;;5566.0;1498.0
BUCHMEIER,HERMIT;Deck;;;;;;;4684.0;355;;;;3627.0;2598.0
B1,BUCHMEIER,BW1,FEHLER300,HERMIT,LEEDS,LEIPZIG;Decke;die;;Substantiv;fem.;https://www.dwds.de/wb/Decke;0.0;3332.0;553;3557.0;18.35;6174.0;2483.0;4213.0
BUCHMEIER,HERMIT,LEEDS,LEIPZIG;decken;;;;;;;5835.0;264;2593.0;27.54;6482.0;3941.0;2346.0
BUCHMEIER,HERMIT,LEIPZIG;Deckung;;;;;;;2531.0;781;;;9782.0;2391.0;4439.0
LEEDS,LEIPZIG;definieren;;;;;;;;;1374.0;55.01;1792.0;;
LEEDS,LEIPZIG;Definition;;;;;;;;;2119.0;35.07;3953.0;;
BUCHMEIER,FEHLER400,HERMIT,LEEDS;definitiv;;;;;;;3479.0;526;4066.0;15.34;;2279.0;4707.0
LEEDS,LEIPZIG;Defizit;;;;;;;;;3408.0;19.42;4684.0;;
A1,BUCHMEIER,HERMIT,LEEDS,LEIPZIG,LEO739,NRW111;dein;;;Possessivpronomen;;https://www.dwds.de/wb/dein#1;0.0;171.0;19661;231.0;296.09;9519.0;141.0;155913.0
BUCHMEIER,HERMIT,LEIPZIG;deine;;;;;;;137.0;26021;;;9336.0;120.0;191923.0
BUCHMEIER,HERMIT;deinem;;;;;;;399.0;7513;;;;354.0;48010.0
BUCHMEIER,HERMIT;deinen;;;;;;;280.0;11319;;;;259.0;69621.0
BUCHMEIER,HERMIT;deiner;;;;;;;397.0;7520;;;;350.0;48756.0
BUCHMEIER,HERMIT;deines;;;;;;;1465.0;1506;;;;1268.0;9680.0
BUCHMEIER,HERMIT;deinetwegen;;;;;;;9130.0;146;;;;4906.0;1765.0
BUCHMEIER,HERMIT;deins;;;;;;;5414.0;290;;;;4357.0;2072.0
FEHLER200,FEHLER400;Dekolleté;;;;;;;;;;;;;
B1;dekorieren;;;Verb;;https://www.dwds.de/wb/dekorieren;0.0;;;;;;;
HERMIT,LEEDS;del;;;;;;;;;4674.0;12.79;;7051.0;1110.0
FEHLER400;delegieren;;;;;;;;;;;;;
FEHLER400;Delegierte;;;;;;;;;;;;;
FEHLER400;Delegierter;;;;;;;;;;;;;
BUCHMEIER,HERMIT;Delta;;;;;;;6941.0;209;;;;7566.0;1014.0
BUCHMEIER,BW1,HERMIT,LEIPZIG;dem;;;;;;;55.0;74981;;;16.0;50.0;465044.0
FEHLER200,FEHLER400,LEEDS;dementsprechend;;;;;;;;;3609.0;18.0;;;
LEEDS,LEIPZIG;demnach;;;;;;;;;2375.0;30.6;3671.0;;
BUCHMEIER,HERMIT,LEEDS,LEIPZIG;demnächst;;;;;;;9797.0;133;3502.0;18.77;2281.0;6937.0;1131.0
BUCHMEIER,HERMIT,LEEDS,LEIPZIG;Demokratie;;;;;;;7151.0;202;960.0;78.93;1411.0;6881.0;1143.0
LEEDS,LEIPZIG;demokratisch;;;;;;;;;1064.0;71.31;9500.0;;
LEEDS,LEIPZIG;Demonstration;;;;;;;;;2188.0;33.66;3536.0;;
LEEDS,LEIPZIG;demonstrieren;;;;;;;;;2894.0;23.85;5010.0;;
BUCHMEIER,HERMIT,LEIPZIG;demselben;;;;;;;9038.0;148;;;8700.0;5980.0;1378.0
BUCHMEIER,BW1,HERMIT,LEIPZIG;den;;;;;;;22.0;145530;;;5.0;21.0;920646.0
BUCHMEIER,HERMIT,LEIPZIG;denen;;;;;;;586.0;5038;;;205.0;527.0;30608.0
BUCHMEIER,HERMIT;Denise;;;;;;;9539.0;138;;;;7120.0;1098.0
BUCHMEIER,HERMIT;Denk;;;;;;;1349.0;1659;;;;895.0;14888.0
LEEDS,LEIPZIG;denkbar;;;;;;;;;2778.0;25.1;3383.0;;
BUCHMEIER,HERMIT,LEIPZIG;denke;;;;;;;259.0;12245;;;3090.0;256.0;70824.0
A2,BUCHMEIER,BW1,HERMIT,LEEDS,LEIPZIG,LEO739,NRW422;denken;;du denkst, ich dachte, Gedanke;Verb;;https://www.dwds.de/wb/denken;0.0;472.0;6265;183.0;370.63;1417.0;344.0;49912.0
B1,LEIPZIG;Denkmal;das;;Substantiv;neutr.;https://www.dwds.de/wb/Denkmal;0.0;;;;;5425.0;;
BUCHMEIER,HERMIT;denkst;;;;;;;653.0;4427;;;;473.0;34170.0
BUCHMEIER,HERMIT,LEIPZIG;denkt;;;;;;;832.0;3065;;;1896.0;681.0;20863.0
A1,BUCHMEIER,BW3,FEHLER100,FEHLER300,HERMIT,LEEDS,LEIPZIG,LEO739,NRW111;denn;;;Konjunktion;;https://www.dwds.de/wb/denn#1;0.0;111.0;32609;92.0;804.04;186.0;101.0;224543.0
BUCHMEIER,HERMIT;Dennis;;;;;;;4773.0;346;;;;4290.0;2110.0
BUCHMEIER,HERMIT,LEEDS,LEIPZIG;dennoch;;;;;;;4001.0;436;541.0;133.64;783.0;2125.0;5072.0
BUCHMEIER,HERMIT,LEIPZIG;denselben;;;;;;;5011.0;325;;;8026.0;4082.0;2239.0
BUCHMEIER,HERMIT;Denver;;;;;;;6813.0;215;;;;8846.0;821.0
BUCHMEIER,HERMIT;Depp;;;;;;;8195.0;168;;;;6858.0;1148.0
BUCHMEIER,HERMIT;deprimiert;;;;;;;7483.0;189;;;;6711.0;1184.0
A1,BUCHMEIER,BW1,HERMIT,LEIPZIG,LEO739,NRW111;der;;;bestimmter Artikel;mask.;https://www.dwds.de/wb/der#1;0.0;11.0;235950;;;1.0;10.0;1726001.0
BUCHMEIER,HERMIT,LEEDS,LEIPZIG;derart;;;;;;;8710.0;155;2480.0;28.99;2901.0;9299.0;771.0
BUCHMEIER,HERMIT;Derek;;;;;;;3833.0;459;;;;3738.0;2503.0
BUCHMEIER,HERMIT,LEIPZIG;deren;;;;;;;1869.0;1136;;;248.0;1543.0;7663.0
BUCHMEIER,HERMIT,LEEDS;derjenige;;;;;;;2228.0;911;2245.0;32.67;;2153.0;5001.0
LEEDS,LEIPZIG;derjenigen;;;;;;;;;4366.0;13.98;9596.0;;
B1,BUCHMEIER,FEHLER200,FEHLER400,HERMIT,LEEDS;derselbe;;;Demonstrativpronomen;mask.;https://www.dwds.de/wb/derselbe;0.0;5665.0;274;1286.0;58.83;;3657.0;2575.0
BUCHMEIER,HERMIT,LEIPZIG;derselben;;;;;;;5217.0;307;;;4766.0;3702.0;2534.0
HERMIT,LEEDS,LEIPZIG;derzeit;;;;;;;;;691.0;107.51;334.0;6122.0;1338.0
BUCHMEIER,BW3,HERMIT,LEIPZIG;des;;;;;;;126.0;28286;;;11.0;133.0;169182.0
HERMIT,LEIPZIG;Desaster;;;;;;;;;;;9561.0;9597.0;740.0
A2,BUCHMEIER,BW3,HERMIT,LEEDS,LEIPZIG;deshalb;;;Konjunktion;;https://www.dwds.de/wb/deshalb;0.0;749.0;3634;225.0;303.61;284.0;504.0;32451.0
BUCHMEIER,HERMIT,LEEDS,LEIPZIG;Design;;;;;;;5664.0;274;3111.0;21.88;5427.0;9997.0;701.0
BUCHMEIER,HERMIT,LEIPZIG;dessen;;;;;;;1923.0;1093;;;246.0;1639.0;7082.0
B1,BUCHMEIER,HERMIT;Dessert;das;;Substantiv;neutr.;https://www.dwds.de/wb/Dessert;0.0;8610.0;157;;;;8055.0;934.0
B1,BUCHMEIER,HERMIT,LEEDS,LEIPZIG;desto;;;Konjunktion;;https://www.dwds.de/wb/desto;0.0;2540.0;777;1782.0;42.05;2816.0;2079.0;5200.0
B1,BUCHMEIER,HERMIT,LEEDS,LEIPZIG;deswegen;;;Konjunktion;;https://www.dwds.de/wb/deswegen;0.0;1375.0;1614;1171.0;64.86;2307.0;690.0;20564.0
B1,BUCHMEIER,HERMIT,LEEDS,LEIPZIG;Detail;das;;Substantiv;neutr.;https://www.dwds.de/wb/Detail;0.0;6235.0;242;1384.0;54.43;4650.0;5045.0;1703.0
FEHLER200,FEHLER400,LEEDS;detailliert;;;;;;;;;3995.0;15.78;;;
BUCHMEIER,HERMIT,LEIPZIG;Details;;;;;;;2973.0;643;;;2920.0;2597.0;3984.0
BUCHMEIER,HERMIT;Detective;;;;;;;2114.0;980;;;;1310.0;9333.0
BUCHMEIER,HERMIT,LEO739,NRW422;Detektiv;der;;Substantiv;;;;7545.0;187;;;;5536.0;1509.0
BUCHMEIER,HERMIT;Detroit;;;;;;;7518.0;188;;;;7179.0;1086.0
HERMIT,LEEDS,LEIPZIG;deuten;;;;;;;;;2096.0;35.49;7234.0;7793.0;976.0
BUCHMEIER,HERMIT,LEIPZIG;deutet;;;;;;;9965.0;130;;;4822.0;7541.0;1019.0
A2,BUCHMEIER,HERMIT,LEEDS,LEIPZIG;deutlich;;;Adjektiv;;https://www.dwds.de/wb/deutlich;0.0;3028.0;630;252.0;273.88;336.0;2466.0;4253.0
A1,BUCHMEIER,HERMIT,LEEDS,LEIPZIG,LEO739;deutsch;;;Adjektiv;;https://www.dwds.de/wb/deutsch;0.0;7517.0;188;100.0;700.63;3837.0;4784.0;1834.0
A1,BUCHMEIER,HERMIT,LEEDS,LEIPZIG;Deutsche;;;Substantiv;fem., mask.;https://www.dwds.de/wb/Deutsche#2;0.0;3686.0;484;679.0;108.53;278.0;1774.0;6370.0
BUCHMEIER,HERMIT,LEIPZIG;Deutschen;;;;;;;4217.0;406;;;174.0;2173.0;4958.0
HERMIT,LEIPZIG;deutscher;;;;;;;;;;;1005.0;6689.0;1189.0
A1,BUCHMEIER,HERMIT,LEEDS,LEIPZIG,LEO739;Deutschland;das;;Substantiv;neutr.;https://www.dwds.de/wb/Deutschland;0.0;4352.0;389;145.0;490.06;141.0;2625.0;3935.0
A1,BUCHMEIER,BW1,HERMIT,LEEDS,LEIPZIG,LEO739;Dezember;der;;Substantiv;mask.;https://www.dwds.de/wb/Dezember;0.0;7977.0;174;683.0;108.25;498.0;5394.0;1558.0
FEHLER400;dezidiert;;;;;;;;;;;;;
HERMIT,LEEDS,LEIPZIG;di;;;;;;;;;4015.0;15.67;5360.0;5316.0;1588.0
BUCHMEIER,HERMIT,LEEDS,LEIPZIG;Diagnose;;;;;;;6587.0;225;3232.0;20.74;7820.0;6209.0;1317.0
B1;Dialekt;der;;Substantiv;mask.;https://www.dwds.de/wb/Dialekt;0.0;;;;;;;
B1,BUCHMEIER,LEEDS,LEIPZIG;Dialog;der;;Substantiv;mask.;https://www.dwds.de/wb/Dialog;0.0;7180.0;201;1617.0;46.37;2482.0;;
BUCHMEIER,HERMIT;Diamanten;;;;;;;3864.0;455;;;;3521.0;2695.0
BUCHMEIER,HERMIT,LEIPZIG;Diana;;;;;;;6652.0;222;;;9634.0;4499.0;1982.0
BUCHMEIER,HERMIT;Diane;;;;;;;6196.0;244;;;;4655.0;1899.0
FEHLER200,FEHLER400;Diarrhö;;;;;;;;;;;;;
A1,BUCHMEIER,BW1,HERMIT,LEIPZIG,LEO739,NRW111;dich;;;Pronomen;;https://www.dwds.de/wb/dich;0.0;36.0;109070;;;2976.0;36.0;688780.0
B1,BUCHMEIER,HERMIT,LEEDS,LEIPZIG;dicht;;;Adjektiv;;https://www.dwds.de/wb/dicht;0.0;3006.0;634;1984.0;37.3;3970.0;2796.0;3605.0
BUCHMEIER,HERMIT,LEIPZIG;Dichter;;;;;;;8088.0;171;;;2193.0;6055.0;1357.0
A2,BUCHMEIER,BW3,FEHLER300,HERMIT,LEEDS,LEIPZIG;dick;;;Adjektiv;;https://www.dwds.de/wb/dick;0.0;3942.0;444;1813.0;41.08;8600.0;2127.0;5066.0
BUCHMEIER,HERMIT,LEIPZIG;dicke;;;;;;;5645.0;275;;;6202.0;4134.0;2212.0
BUCHMEIER,HERMIT,LEIPZIG;dicken;;;;;;;5868.0;262;;;5340.0;5263.0;1607.0
BUCHMEIER,HERMIT;dicker;;;;;;;7267.0;198;;;;5793.0;1429.0
A1,BUCHMEIER,BW1,HERMIT,LEEDS,LEIPZIG,LEO739,NRW111;die;;;bestimmter Artikel;fem.;https://www.dwds.de/wb/die#1;0.0;8.0;326305;3083.0;22.08;2.0;7.0;2484854.0
B1,BUCHMEIER,BW1,HERMIT,LEO739,NRW422;Dieb;der;Diebe;Substantiv;mask.;https://www.dwds.de/wb/Dieb;0.0;2604.0;754;;;;2600.0;3979.0
BUCHMEIER,HERMIT;Diebe;;;;;;;5153.0;312;;;;5445.0;1542.0
BUCHMEIER,HERMIT;Diebstahl;;;;;;;5699.0;272;;;;4981.0;1730.0
BUCHMEIER,HERMIT;Diego;;;;;;;5302.0;299;;;;3309.0;2932.0
BUCHMEIER,HERMIT;diejenige;;;;;;;4790.0;345;;;;3874.0;2398.0
BUCHMEIER,HERMIT,LEEDS,LEIPZIG;diejenigen;;;;;;;4903.0;335;1380.0;54.52;2983.0;4137.0;2209.0
B1,BUCHMEIER,HERMIT,LEEDS,LEIPZIG;dienen;;;Verb;;https://www.dwds.de/wb/dienen;0.0;3042.0;625;508.0;143.95;1732.0;2602.0;3976.0
BUCHMEIER,HERMIT,LEEDS;Diener;;;;;;;4253.0;401;3990.0;15.79;;3246.0;2991.0
B1,BUCHMEIER,HERMIT,LEEDS,LEIPZIG;Dienst;der;;Substantiv;mask.;https://www.dwds.de/wb/Dienst;0.0;2417.0;821;769.0;97.75;1681.0;1948.0;5727.0
A1,BUCHMEIER,BW1,HERMIT,LEEDS,LEIPZIG,LEO739,NRW422;Dienstag;der;;Substantiv;mask.;https://www.dwds.de/wb/Dienstag;0.0;4114.0;420;1338.0;56.32;396.0;3159.0;3081.0
BUCHMEIER,HERMIT,LEIPZIG;Dienste;;;;;;;6436.0;232;;;3100.0;5143.0;1652.0
BUCHMEIER,HERMIT;Diensten;;;;;;;7122.0;203;;;;5701.0;1458.0
BUCHMEIER,HERMIT,LEIPZIG;dient;;;;;;;5917.0;260;;;1988.0;4817.0;1811.0
HERMIT,LEIPZIG;diente;;;;;;;;;;;5443.0;9970.0;703.0
B1,BUCHMEIER,FEHLER300,HERMIT,LEEDS,LEIPZIG,LEO739,NRW111;dies;;;Demonstrativpronomen;neutr.;https://www.dwds.de/wb/dies;0.0;906.0;2761;16.0;5728.04;243.0;587.0;26436.0
B1,BUCHMEIER,HERMIT,LEIPZIG;diese;;;Demonstrativpronomen;fem.;https://www.dwds.de/wb/diese;0.0;123.0;28967;;;85.0;112.0;208607.0
B1,BUCHMEIER,HERMIT,LEEDS,LEIPZIG;dieselbe;;;Demonstrativpronomen;fem.;https://www.dwds.de/wb/dieselbe;0.0;3239.0;575;967.0;78.1;6207.0;2276.0;4718.0
BUCHMEIER,HERMIT,LEIPZIG;dieselben;;;;;;;5464.0;287;;;7504.0;4150.0;2203.0
BUCHMEIER,FEHLER100,HERMIT,LEIPZIG;diesem;;;;;;;246.0;13192;;;105.0;247.0;74234.0
BUCHMEIER,HERMIT,LEIPZIG;diesen;;;;;;;218.0;14984;;;215.0;221.0;83932.0
B1,BUCHMEIER,FEHLER300,HERMIT,LEIPZIG;dieser;;;Demonstrativpronomen;mask.;https://www.dwds.de/wb/dieser;0.0;170.0;19662;;;86.0;161.0;134205.0
B1,BUCHMEIER,HERMIT,LEIPZIG;dieses;;;Demonstrativpronomen;neutr.;https://www.dwds.de/wb/dieses;0.0;250.0;12894;;;181.0;208.0;91148.0
B1,BUCHMEIER,HERMIT,LEEDS,LEIPZIG;diesmal;;;Adverb;;https://www.dwds.de/wb/diesmal;0.0;1982.0;1058;1391.0;54.33;1219.0;1211.0;10282.0
LEEDS,LEIPZIG;Dieter;;;;;;;;;2782.0;25.08;1851.0;;
LEEDS,LEIPZIG;Differenz;;;;;;;;;2887.0;23.9;6299.0;;
FEHLER200,FEHLER400;diffizil;;;;;;;;;;;;;
B1,BUCHMEIER,LEEDS;digital;;;Adjektiv;;https://www.dwds.de/wb/digital;0.0;9267.0;143;1598.0;46.98;;;
LEEDS,LEIPZIG;Diktatur;;;;;;;;;3853.0;16.49;6497.0;;
FEHLER200,FEHLER400;Dilettant;;;;;;;;;;;;;
FEHLER200,FEHLER400;dilettantisch;;;;;;;;;;;;;
BUCHMEIER,HERMIT,LEEDS,LEIPZIG;Dimension;;;;;;;9907.0;131;2121.0;35.02;4780.0;8135.0;922.0
A2,BUCHMEIER,HERMIT,LEEDS,LEIPZIG;Ding;das;;Substantiv;neutr.;https://www.dwds.de/wb/Ding#1;0.0;646.0;4478;390.0;185.5;7085.0;588.0;26389.0
BUCHMEIER,HERMIT,LEIPZIG;Dinge;;;;;;;402.0;7403;;;1313.0;390.0;42560.0
BUCHMEIER,HERMIT,LEIPZIG;Dingen;;;;;;;2608.0;753;;;5640.0;2382.0;4454.0
BUCHMEIER,HERMIT;Dinger;;;;;;;3037.0;627;;;;2912.0;3420.0
BUCHMEIER,HERMIT;Dinner;;;;;;;7415.0;192;;;;5184.0;1637.0
BUCHMEIER,HERMIT;Dinosaurier;;;;;;;8343.0;164;;;;8591.0;856.0
FEHLER200,FEHLER400;Diphtherie;;;;;;;;;;;;;
B1;Diplom;das;;Substantiv;neutr.;https://www.dwds.de/wb/Diplom;0.0;;;;;;;
A1,BUCHMEIER,BW1,HERMIT,LEIPZIG,LEO739,NRW111;dir;;;Pronomen;;https://www.dwds.de/wb/dir;0.0;48.0;85986;;;3617.0;45.0;554802.0
A2,BUCHMEIER,HERMIT,LEEDS,LEIPZIG;direkt;;;Adjektiv;;https://www.dwds.de/wb/direkt;0.0;853.0;2954;336.0;211.06;693.0;678.0;21011.0
BUCHMEIER,LEIPZIG;direkten;;;;;;;8895.0;151;;;3736.0;;
B1,BUCHMEIER,HERMIT,LEEDS,LEIPZIG;Direktor;der;;Substantiv;mask.;https://www.dwds.de/wb/Direktor;0.0;2275.0;884;2685.0;26.29;2090.0;1964.0;5671.0
B1,BUCHMEIER;Direktorin;die;;Substantiv;fem.;https://www.dwds.de/wb/Direktorin;0.0;6651.0;222;;;;;
BUCHMEIER,LEEDS,LEIPZIG;Dirk;;;;;;;8569.0;158;4318.0;14.19;5436.0;;
A2;Disco;die;;Substantiv;fem.;https://www.dwds.de/wb/Disco#1;0.0;;;;;;;
A2;Disko;die;;Substantiv;fem.;https://www.dwds.de/wb/Disko#1;0.0;;;;;;;
B1;Diskothek;die;;Substantiv;fem.;https://www.dwds.de/wb/Diskothek;0.0;;;;;;;
FEHLER400;diskriminieren;;;;;;;;;;;;;
LEEDS,LEIPZIG;Diskriminierung;;;;;;;;;3846.0;16.55;8486.0;;
B1,BUCHMEIER,HERMIT,LEEDS,LEIPZIG;Diskussion;die;;Substantiv;fem.;https://www.dwds.de/wb/Diskussion;0.0;5394.0;292;506.0;144.58;793.0;4996.0;1724.0
A2,BUCHMEIER,HERMIT,LEEDS,LEIPZIG;diskutieren;;;Verb;;https://www.dwds.de/wb/diskutieren;0.0;5199.0;308;997.0;76.04;3211.0;4138.0;2207.0
BUCHMEIER,LEIPZIG;diskutiert;;;;;;;9852.0;132;;;2158.0;;
FEHLER400;Dissens;;;;;;;;;;;;;
B1,BUCHMEIER,HERMIT,LEEDS,LEIPZIG;Distanz;die;;Substantiv;fem.;https://www.dwds.de/wb/Distanz;0.0;8492.0;160;3228.0;20.77;3346.0;7823.0;972.0
BUCHMEIER,HERMIT,LEEDS,LEIPZIG;Disziplin;;;;;;;6971.0;208;3201.0;20.95;5057.0;6252.0;1304.0
BUCHMEIER,HERMIT;Dixon;;;;;;;8954.0;150;;;;7395.0;1048.0
B1,BUCHMEIER,HERMIT;Diät;die;;Substantiv;fem.;https://www.dwds.de/wb/Di%C3%A4t;0.0;8449.0;161;;;;7579.0;1013.0
BUCHMEIER,HERMIT;DJ;;;;;;;7482.0;189;;;;8855.0;820.0
LEEDS,LEIPZIG;DM;;;;;;;;;916.0;82.66;104.0;;
BUCHMEIER,HERMIT;DNA;;;;;;;4674.0;356;;;;3879.0;2394.0
BUCHMEIER,HERMIT,LEEDS,LEIPZIG;do;;;;;;;6381.0;235;4707.0;12.68;4627.0;4028.0;2277.0
BUCHMEIER,HERMIT;Doc;;;;;;;2249.0;897;;;;1990.0;5543.0
A2,BUCHMEIER,BW3,HERMIT,LEEDS,LEIPZIG,LEO739,NRW111;doch;;;Adverb;;https://www.dwds.de/wb/doch#2;0.0;75.0;55227;80.0;1082.14;110.0;68.0;381456.0
BUCHMEIER,HERMIT;Doctor;;;;;;;1962.0;1072;;;;3417.0;2805.0
BUCHMEIER,HERMIT;Dog;;;;;;;7516.0;188;;;;7065.0;1107.0
A1,BUCHMEIER,HERMIT,LEEDS,LEIPZIG;Doktor;der;;Substantiv;mask.;https://www.dwds.de/wb/Doktor;0.0;880.0;2846;4041.0;15.52;8027.0;670.0;21392.0
B1;Doktorin;die;;Substantiv;fem.;https://www.dwds.de/wb/Doktorin;0.0;;;;;;;
B1,BUCHMEIER,HERMIT,LEEDS,LEIPZIG;Dokument;das;;Substantiv;neutr.;https://www.dwds.de/wb/Dokument;0.0;7611.0;185;1256.0;60.32;3539.0;6780.0;1169.0
LEEDS,LEIPZIG;Dokumentation;;;;;;;;;2762.0;25.32;3146.0;;
BUCHMEIER,HERMIT,LEIPZIG;Dokumente;;;;;;;8007.0;173;;;3672.0;4964.0;1737.0
LEEDS,LEIPZIG;dokumentieren;;;;;;;;;2739.0;25.6;8089.0;;
BUCHMEIER,HERMIT;Dolch;;;;;;;8525.0;159;;;;7187.0;1084.0
BUCHMEIER,HERMIT,LEEDS,LEIPZIG;Dollar;;;;;;;658.0;4389;1151.0;65.64;323.0;645.0;22913.0
HERMIT,LEIPZIG;Dom;;;;;;;;;;;8844.0;7776.0;978.0
LEEDS,LEIPZIG;dominieren;;;;;;;;;3830.0;16.62;9950.0;;
BUCHMEIER,HERMIT,LEEDS;Don;;;;;;;2032.0;1025;4690.0;12.74;;1309.0;9335.0
BUCHMEIER,HERMIT;Donald;;;;;;;5102.0;317;;;;5338.0;1579.0
BUCHMEIER,HERMIT;Donna;;;;;;;3005.0;634;;;;3305.0;2935.0
B1,BUCHMEIER,HERMIT;Donner;der;;Substantiv;mask.;https://www.dwds.de/wb/Donner;0.0;7773.0;180;;;;5826.0;1423.0
B1,BW3;donnern;;Donner;Verb;;https://www.dwds.de/wb/donnern;0.0;;;;;;;
A1,BUCHMEIER,BW1,HERMIT,LEEDS,LEIPZIG,LEO739,NRW422;Donnerstag;der;;Substantiv;mask.;https://www.dwds.de/wb/Donnerstag;0.0;3660.0;489;1252.0;60.42;402.0;3240.0;2998.0
BUCHMEIER,HERMIT;Donuts;;;;;;;9795.0;133;;;;8838.0;822.0
BUCHMEIER,HERMIT,LEO739,NRW422;doof;;;;;;;5663.0;274;;;;5407.0;1555.0
B1,BUCHMEIER,BW3,HERMIT,LEEDS,LEIPZIG,LEO739,NRW422;doppelt;;;Adjektiv;;https://www.dwds.de/wb/doppelt;0.0;4246.0;402;1867.0;39.82;2974.0;3765.0;2479.0
BUCHMEIER,HERMIT,LEIPZIG;Doppelte;;;;;;;9794.0;133;;;6708.0;5658.0;1470.0
HERMIT,LEIPZIG;doppelten;;;;;;;;;;;7881.0;8133.0;923.0
A1;Doppelzimmer;das;;Substantiv;neutr.;https://www.dwds.de/wb/Doppelzimmer;0.0;;;;;;;
A1,BUCHMEIER,HERMIT,LEEDS,LEIPZIG;Dorf;das;;Substantiv;neutr.;https://www.dwds.de/wb/Dorf;0.0;1676.0;1282;1175.0;64.68;1967.0;1531.0;7729.0
BUCHMEIER,HERMIT,LEIPZIG;Doris;;;;;;;7913.0;176;;;7415.0;6442.0;1250.0
BUCHMEIER,HERMIT;Dorothy;;;;;;;5958.0;258;;;;6964.0;1125.0
A1,BUCHMEIER,BW1,HERMIT,LEEDS,LEIPZIG,LEO739,NRW111;dort;;;Adverb;;https://www.dwds.de/wb/dort;0.0;283.0;11227;156.0;457.96;198.0;231.0;79951.0
A2;dorther;;;Pronominaladverb;;https://www.dwds.de/wb/dorther;0.0;;;;;;;
A2,BUCHMEIER,HERMIT,LEEDS,LEIPZIG;dorthin;;;Pronominaladverb;;https://www.dwds.de/wb/dorthin;0.0;2177.0;938;3194.0;21.02;4902.0;1734.0;6582.0
LEEDS,LEIPZIG;Dortmund;;;;;;;;;4095.0;15.21;2561.0;;
B1,BUCHMEIER,BW1,HERMIT,LEO739,NRW422;Dose;die;;Substantiv;fem.;https://www.dwds.de/wb/Dose;0.0;7544.0;187;;;;6557.0;1223.0
BUCHMEIER,HERMIT;Dosis;;;;;;;8122.0;170;;;;6345.0;1277.0
BUCHMEIER,HERMIT;Doug;;;;;;;1853.0;1148;;;;2263.0;4742.0
BUCHMEIER,HERMIT;Douglas;;;;;;;9465.0;139;;;;5222.0;1624.0
BUCHMEIER,HERMIT;down;;;;;;;9464.0;139;;;;5303.0;1594.0
BUCHMEIER,HERMIT;Doyle;;;;;;;4000.0;436;;;;5704.0;1455.0
LEEDS,LEIPZIG;dpa;;;;;;;;;2989.0;22.83;733.0;;
BUCHMEIER,HERMIT;Dr;;;;;;;433.0;6836;;;;8448.0;876.0
BUCHMEIER,BW1,HERMIT;Drache;der;;Substantiv;;;;5894.0;261;;;;7791.0;977.0
BUCHMEIER,HERMIT,LEO739;Drachen;der;;Substantiv;;;;3495.0;523;;;;3750.0;2488.0
BUCHMEIER,HERMIT;Draht;;;;;;;8953.0;150;;;;7214.0;1079.0
BUCHMEIER,HERMIT;Drake;;;;;;;7086.0;204;;;;5827.0;1422.0
BUCHMEIER,HERMIT,LEEDS,LEIPZIG;Drama;;;;;;;3313.0;557;4679.0;12.77;5274.0;4769.0;1842.0
HERMIT,LEEDS,LEIPZIG;dramatisch;;;;;;;;;2734.0;25.63;4952.0;9012.0;800.0
HERMIT,LEIPZIG;dramatische;;;;;;;;;;;6893.0;3829.0;2434.0
BUCHMEIER,HERMIT,LEEDS,LEIPZIG;dran;;;;;;;474.0;6208;2786.0;25.05;4043.0;417.0;38593.0
LEEDS,LEIPZIG;drastisch;;;;;;;;;3594.0;18.11;4356.0;;
BUCHMEIER,HERMIT,LEEDS,LEIPZIG;drauf;;;;;;;663.0;4338;2579.0;27.72;4321.0;604.0;25564.0
BUCHMEIER,HERMIT;draus;;;;;;;4749.0;349;;;;4691.0;1881.0
BUCHMEIER,HERMIT;draussen;;;;;;;2951.0;649;;;;5935.0;1389.0
A1,BUCHMEIER,BW3,FEHLER300,HERMIT,LEEDS,LEIPZIG,LEO739,NRW422;draußen;;;Adverb;;https://www.dwds.de/wb/drau%C3%9Fen;0.0;512.0;5759;1745.0;42.86;2661.0;410.0;40075.0
B1,BUCHMEIER,HERMIT,LEIPZIG;Dreck;der;;Substantiv;mask.;https://www.dwds.de/wb/Dreck;0.0;2245.0;901;;;9029.0;2105.0;5120.0
BUCHMEIER,BW3,HERMIT;dreckig;;Dreck;;;;;5794.0;266;;;;5990.0;1374.0
BUCHMEIER,HERMIT;dreckige;;;;;;;8491.0;160;;;;6534.0;1227.0
BUCHMEIER,HERMIT;dreckigen;;;;;;;7179.0;201;;;;7286.0;1065.0
BUCHMEIER,HERMIT;dreckiger;;;;;;;9793.0;133;;;;8538.0;863.0
BUCHMEIER,HERMIT;Drecksack;;;;;;;7290.0;197;;;;7455.0;1035.0
BUCHMEIER,HERMIT;Dreckskerl;;;;;;;5364.0;294;;;;5230.0;1620.0
BUCHMEIER,HERMIT;Dreh;;;;;;;2888.0;665;;;;2129.0;5061.0
BUCHMEIER,HERMIT,LEIPZIG;Drehbuch;;;;;;;1884.0;1131;;;8319.0;4434.0;2029.0
BUCHMEIER,HERMIT;drehe;;;;;;;6195.0;244;;;;5784.0;1434.0
B1,BUCHMEIER,BW3,FEHLER300,HERMIT,LEEDS,LEIPZIG;drehen;;du drehst;Verb;;https://www.dwds.de/wb/drehen;0.0;1348.0;1660;1184.0;64.04;4739.0;1479.0;8083.0
BUCHMEIER,HERMIT,LEIPZIG;dreht;;;;;;;2286.0;878;;;4146.0;2147.0;5012.0
BUCHMEIER,HERMIT,LEIPZIG;drehte;;;;;;;5343.0;296;;;7070.0;5943.0;1387.0
A1,BUCHMEIER,BW1,HERMIT,LEEDS,LEIPZIG,LEO739,NRW422;drei;;;Kardinalzahlwort;;https://www.dwds.de/wb/drei;0.0;349.0;8501;166.0;409.52;113.0;258.0;69824.0
LEO739;Dreieck;das;;Substantiv;;;;;;;;;;
BUCHMEIER,HERMIT,LEEDS,LEIPZIG;dreimal;;;;;;;4932.0;332;4097.0;15.2;3322.0;3746.0;2491.0
A1;dreizehn;;;Kardinalzahlwort;;https://www.dwds.de/wb/dreizehn;0.0;;;;;;;
A1,HERMIT,LEEDS,LEIPZIG;dreißig;;;Kardinalzahlwort;;https://www.dwds.de/wb/drei%C3%9Fig;0.0;;;3531.0;18.57;3151.0;9991.0;702.0
LEEDS,LEIPZIG;Dresden;;;;;;;;;2451.0;29.47;2224.0;;
BUCHMEIER,HERMIT;Drew;;;;;;;6629.0;223;;;;6601.0;1213.0
B1,BUCHMEIER,HERMIT,LEEDS,LEIPZIG;drin;;;Pronominaladverb;;https://www.dwds.de/wb/drin;0.0;463.0;6452;2872.0;24.06;4271.0;433.0;36941.0
A2,BUCHMEIER,HERMIT,LEEDS,LEIPZIG;dringend;;;partizipiales Adjektiv;;https://www.dwds.de/wb/dringend;0.0;2520.0;783;1719.0;43.74;1921.0;1778.0;6359.0
BUCHMEIER,HERMIT;Drink;;;;;;;1863.0;1140;;;;1526.0;7784.0
BUCHMEIER,HERMIT;Drinks;;;;;;;5325.0;297;;;;4213.0;2157.0
A2,BUCHMEIER,HERMIT;drinnen;;;Adverb;;https://www.dwds.de/wb/drinnen;0.0;1746.0;1226;;;;1417.0;8545.0
HERMIT,LEEDS;dritt;;;;;;;;;583.0;123.65;;8302.0;898.0
A1,BUCHMEIER,FEHLER300,HERMIT,LEEDS,LEIPZIG;dritte;;;Ordinalzahlwort;;https://www.dwds.de/wb/dritte;0.0;3237.0;576;1367.0;55.41;1457.0;2336.0;4559.0
BUCHMEIER,HERMIT,LEEDS,LEIPZIG;Drittel;;;;;;;8609.0;157;1751.0;42.79;944.0;8213.0;909.0
BUCHMEIER,HERMIT,LEIPZIG;dritten;;;;;;;3338.0;551;;;860.0;2505.0;4167.0
HERMIT,LEIPZIG;dritter;;;;;;;;;;;6774.0;7227.0;1077.0
B1,BUCHMEIER,HERMIT,LEEDS;Droge;die;;Substantiv;fem.;https://www.dwds.de/wb/Droge;0.0;7836.0;178;2472.0;29.1;;7238.0;1075.0
BUCHMEIER,HERMIT,LEIPZIG;Drogen;;;;;;;1352.0;1656;;;3477.0;1246.0;9889.0
B1;Drogerie;die;;Substantiv;fem.;https://www.dwds.de/wb/Drogerie;0.0;;;;;;;
BUCHMEIER,HERMIT,LEEDS,LEIPZIG;drohen;;;;;;;9266.0;143;1361.0;55.59;3786.0;6481.0;1240.0
BUCHMEIER,HERMIT;Drohne;;;;;;;6897.0;211;;;;9939.0;706.0
BUCHMEIER,HERMIT,LEIPZIG;droht;;;;;;;7881.0;177;;;1358.0;6050.0;1359.0
HERMIT,LEIPZIG;drohte;;;;;;;;;;;3980.0;8993.0;804.0
BUCHMEIER,HERMIT,LEEDS,LEIPZIG;Drohung;;;;;;;8657.0;156;4514.0;13.43;6260.0;7022.0;1114.0
HERMIT,LEIPZIG;Drohungen;;;;;;;;;;;8497.0;8057.0;934.0
B1,BUCHMEIER,HERMIT,LEEDS,LEIPZIG;Druck;der;;Substantiv;mask.;https://www.dwds.de/wb/Druck#1;0.0;1992.0;1052;707.0;105.41;680.0;1657.0;7000.0
A1,BUCHMEIER,HERMIT,LEEDS,LEIPZIG;drucken;;;Verb;;https://www.dwds.de/wb/drucken;0.0;9584.0;137;3347.0;19.86;9137.0;8313.0;897.0
A1,LEIPZIG;Drucker;der;;Substantiv;mask.;https://www.dwds.de/wb/Drucker;0.0;;;;;9095.0;;
BUCHMEIER,HERMIT;drum;;;;;;;3883.0;453;;;;3058.0;3228.0
BUCHMEIER,HERMIT;drunter;;;;;;;7386.0;193;;;;7020.0;1114.0
HERMIT,LEEDS,LEIPZIG;drängen;;;;;;;;;2170.0;34.04;4012.0;7085.0;1102.0
HERMIT,LEIPZIG;drängt;;;;;;;;;;;4608.0;9336.0;766.0
A2,BUCHMEIER,HERMIT,LEIPZIG;drüben;;;Adverb;;https://www.dwds.de/wb/dr%C3%BCben;0.0;834.0;3055;;;9865.0;774.0;17704.0
BUCHMEIER,HERMIT;drüber;;;;;;;1896.0;1117;;;;1824.0;6179.0
BUCHMEIER,HERMIT;Drück;;;;;;;5793.0;266;;;;3882.0;2392.0
BUCHMEIER,HERMIT;drücke;;;;;;;8765.0;154;;;;7270.0;1068.0
A1,BUCHMEIER,BW3,HERMIT,LEEDS,LEIPZIG;drücken;;du drückst, Druck;Verb;;https://www.dwds.de/wb/dr%C3%BCcken;0.0;3163.0;595;1316.0;57.28;3719.0;2356.0;4513.0
BUCHMEIER,HERMIT,LEIPZIG;drückt;;;;;;;5314.0;298;;;5178.0;5569.0;1498.0
BUCHMEIER,HERMIT;Dschungel;;;;;;;3605.0;498;;;;4948.0;1746.0
BUCHMEIER,BW1,HERMIT,LEEDS,LEIPZIG;du;;;;;;;6.0;342560;69.0;1220.68;756.0;5.0;2947020.0
BUCHMEIER,HERMIT;Duck;;;;;;;8229.0;167;;;;8518.0;867.0
BUCHMEIER,HERMIT,LEIPZIG;Duell;;;;;;;8266.0;166;;;6652.0;9066.0;796.0
BUCHMEIER,HERMIT;Duft;;;;;;;6794.0;216;;;;6495.0;1237.0
BUCHMEIER,HERMIT;Duke;;;;;;;7639.0;184;;;;4884.0;1774.0
A2,BUCHMEIER,BW3,HERMIT,LEEDS,LEIPZIG,LEO739,NRW422;dumm;;;Adjektiv;;https://www.dwds.de/wb/dumm;0.0;1079.0;2216;2379.0;30.52;8242.0;955.0;13687.0
BUCHMEIER,HERMIT;dumme;;;;;;;3123.0;603;;;;2207.0;4866.0
BUCHMEIER,HERMIT;dummen;;;;;;;4809.0;343;;;;4055.0;2256.0
BUCHMEIER,HERMIT;dummer;;;;;;;5434.0;289;;;;4686.0;1883.0
BUCHMEIER,HERMIT;dummes;;;;;;;5170.0;311;;;;3475.0;2740.0
BUCHMEIER,HERMIT;Dummheit;;;;;;;7121.0;203;;;;6671.0;1194.0
BUCHMEIER,HERMIT;Dummheiten;;;;;;;8410.0;162;;;;6998.0;1118.0
BUCHMEIER,HERMIT;Dummkopf;;;;;;;2947.0;651;;;;3485.0;2737.0
BUCHMEIER,HERMIT;Duncan;;;;;;;9410.0;140;;;;5595.0;1489.0
A2,BUCHMEIER,BW1,HERMIT,LEEDS,LEIPZIG,LEO739;dunkel;;Dunkelheit;Adjektiv;;https://www.dwds.de/wb/dunkel;0.0;2794.0;693;1321.0;57.0;8952.0;2100.0;5134.0
BUCHMEIER,HERMIT,LEEDS,LEIPZIG;Dunkelheit;;;;;;;3052.0;621;4292.0;14.3;8746.0;2701.0;3799.0
BUCHMEIER,HERMIT;Dunkeln;;;;;;;4737.0;350;;;;3852.0;2415.0
BUCHMEIER,HERMIT,LEIPZIG;dunkle;;;;;;;5818.0;265;;;6285.0;3518.0;2699.0
BUCHMEIER,HERMIT,LEIPZIG;dunklen;;;;;;;4262.0;400;;;4311.0;3624.0;2599.0
BUCHMEIER,HERMIT;dunkler;;;;;;;8952.0;150;;;;8650.0;848.0
A1,BUCHMEIER,BW3,HERMIT,LEEDS,LEIPZIG,LEO739,NRW111;durch;;;Präposition;;https://www.dwds.de/wb/durch#1;0.0;216.0;15113;44.0;2014.37;57.0;194.0;97587.0
BUCHMEIER,HERMIT,LEEDS,LEIPZIG;durchaus;;;;;;;6098.0;250;588.0;122.55;742.0;4116.0;2221.0
BUCHMEIER,HERMIT,LEIPZIG;Durchbruch;;;;;;;9037.0;148;;;4260.0;6963.0;1126.0
B1,BUCHMEIER,HERMIT;durcheinander;;;Adverb;;https://www.dwds.de/wb/durcheinander;0.0;2865.0;671;;;;1957.0;5705.0
BUCHMEIER,HERMIT,LEEDS,LEIPZIG;durchführen;;;;;;;5714.0;271;850.0;88.32;4100.0;4829.0;1804.0
LEEDS,LEIPZIG;Durchführung;;;;;;;;;2047.0;36.29;4367.0;;
BUCHMEIER,HERMIT;durchgedreht;;;;;;;6916.0;210;;;;6715.0;1183.0
BUCHMEIER,HERMIT,LEEDS,LEIPZIG;durchgeführt;;;;;;;7238.0;199;4389.0;13.88;1823.0;5543.0;1507.0
BUCHMEIER,HERMIT;durchgehen;;;;;;;5565.0;280;;;;4661.0;1895.0
BUCHMEIER,HERMIT;durchgeknallt;;;;;;;9330.0;142;;;;7712.0;990.0
BUCHMEIER,HERMIT;durchgemacht;;;;;;;3514.0;519;;;;2988.0;3319.0
BUCHMEIER,HERMIT;durchhalten;;;;;;;8709.0;155;;;;6748.0;1175.0
BUCHMEIER,HERMIT;durchkommen;;;;;;;9080.0;147;;;;8063.0;933.0
BUCHMEIER,HERMIT;durchmachen;;;;;;;5792.0;266;;;;6166.0;1329.0
BUCHMEIER,HERMIT,LEEDS,LEIPZIG;durchs;;;;;;;3636.0;493;4220.0;14.64;3839.0;2893.0;3458.0
A1,BUCHMEIER,HERMIT;Durchsage;die;;Substantiv;fem.;https://www.dwds.de/wb/Durchsage;0.0;9265.0;143;;;;8808.0;826.0
BUCHMEIER,HERMIT;durchschaut;;;;;;;9375.0;141;;;;8752.0;833.0
B1,LEEDS,LEIPZIG;Durchschnitt;der;;Substantiv;mask.;https://www.dwds.de/wb/Durchschnitt;0.0;;;3258.0;20.56;3259.0;;
B1,LEEDS,LEIPZIG;durchschnittlich;;;Adjektiv;;https://www.dwds.de/wb/durchschnittlich;0.0;;;1885.0;39.54;3141.0;;
LEEDS,LEIPZIG;durchsetzen;;;;;;;;;1320.0;57.01;2590.0;;
LEEDS,LEIPZIG;Durchsetzung;;;;;;;;;3977.0;15.86;8689.0;;
BUCHMEIER,HERMIT;durchsuchen;;;;;;;5079.0;319;;;;3857.0;2411.0
BUCHMEIER,HERMIT,LEIPZIG;durchsucht;;;;;;;5662.0;274;;;9447.0;3970.0;2319.0
BUCHMEIER,HERMIT;Durchsuchungsbefehl;;;;;;;9079.0;147;;;;6944.0;1129.0
BUCHMEIER,HERMIT;durchziehen;;;;;;;5817.0;265;;;;5036.0;1707.0
BUCHMEIER,HERMIT,LEIPZIG;durfte;;;;;;;4331.0;391;;;2389.0;3410.0;2821.0
BUCHMEIER,HERMIT,LEIPZIG;durften;;;;;;;8375.0;163;;;4506.0;8730.0;837.0
A1,BUCHMEIER,HERMIT,LEO739,NRW422;Durst;der;;Substantiv;mask.;https://www.dwds.de/wb/Durst;0.0;4625.0;360;;;;3995.0;2304.0
B1,HERMIT;durstig;;;Adjektiv;;https://www.dwds.de/wb/durstig;0.0;;;;;;8493.0;870.0
A1,BUCHMEIER,BW1,HERMIT;Dusche;die;duschen;Substantiv;fem.;https://www.dwds.de/wb/Dusche;0.0;3798.0;463;;;;3226.0;3011.0
A1,BUCHMEIER,HERMIT;duschen;;;Verb;;https://www.dwds.de/wb/duschen;0.0;5413.0;290;;;;3902.0;2377.0
BUCHMEIER,HERMIT,LEEDS,LEIPZIG;Dutzend;;;;;;;4464.0;376;3450.0;19.13;2483.0;3267.0;2969.0
HERMIT,LEIPZIG;Dutzende;;;;;;;;;;;8450.0;8148.0;919.0
B1;duzen;;;Verb;;https://www.dwds.de/wb/duzen;0.0;;;;;;;
BUCHMEIER,HERMIT,LEEDS;DVD;;;;;;;5791.0;266;2342.0;31.08;;9768.0;723.0
BUCHMEIER,HERMIT;Dylan;;;;;;;6132.0;248;;;;4696.0;1880.0
LEEDS,LEIPZIG;Dynamik;;;;;;;;;3674.0;17.57;5880.0;;
BUCHMEIER,HERMIT;Dynamit;;;;;;;7085.0;204;;;;7007.0;1116.0
BUCHMEIER,HERMIT;dämlich;;;;;;;5700.0;272;;;;4935.0;1749.0
BUCHMEIER,HERMIT;Dämon;;;;;;;2968.0;644;;;;2679.0;3846.0
BUCHMEIER,HERMIT;Dämonen;;;;;;;3437.0;533;;;;2831.0;3540.0
LEEDS,LEIPZIG;Dänemark;;;;;;;;;4069.0;15.33;3338.0;;
A2,BUCHMEIER,BW3,FEHLER300,HERMIT,LEEDS,LEIPZIG;dünn;;;Adjektiv;;https://www.dwds.de/wb/d%C3%BCnn;0.0;5643.0;275;3120.0;21.75;9551.0;4988.0;1727.0
A1,BUCHMEIER,BW1,BW3,HERMIT,LEEDS,LEIPZIG,LEO739,NRW422;dürfen;;du darfst, ich durfte;Verb;;https://www.dwds.de/wb/d%C3%BCrfen;0.0;788.0;3305;141.0;497.87;544.0;630.0;23930.0
BUCHMEIER,HERMIT;dürft;;;;;;;4644.0;358;;;;4008.0;2289.0
BUCHMEIER,HERMIT,LEIPZIG;dürfte;;;;;;;3022.0;631;;;708.0;1856.0;6051.0
HERMIT,LEIPZIG;dürften;;;;;;;;;;;1496.0;8239.0;905.0
LEEDS,LEIPZIG;Düsseldorf;;;;;;;;;2301.0;31.83;1245.0;;
BUCHMEIER,HERMIT;Earl;;;;;;;1041.0;2324;;;;3259.0;2981.0
BUCHMEIER,HERMIT;East;;;;;;;7288.0;197;;;;5122.0;1661.0
B1,BUCHMEIER,FEHLER400,HERMIT,LEEDS,LEIPZIG;eben;;;Adverb;;https://www.dwds.de/wb/eben#2;0.0;595.0;4935;314.0;226.04;504.0;536.0;30288.0
BUCHMEIER,HERMIT,LEEDS,LEIPZIG;Ebene;;;;;;;4365.0;387;735.0;101.45;1915.0;4339.0;2081.0
B1,BUCHMEIER,HERMIT,LEEDS,LEIPZIG;ebenfalls;;;Konjunktion;;https://www.dwds.de/wb/ebenfalls;0.0;2897.0;663;388.0;185.75;378.0;2295.0;4672.0
B1,BUCHMEIER,HERMIT,LEEDS,LEIPZIG;ebenso;;;Adverb;;https://www.dwds.de/wb/ebenso;0.0;2996.0;636;377.0;189.27;463.0;2116.0;5095.0
BUCHMEIER,HERMIT,LEIPZIG;Echo;;;;;;;5608.0;277;;;7465.0;6427.0;1255.0
A2,BUCHMEIER,HERMIT,LEEDS,LEIPZIG;echt;;;Adjektiv;;https://www.dwds.de/wb/echt;0.0;549.0;5409;736.0;101.04;6978.0;362.0;46884.0
BUCHMEIER,HERMIT,LEIPZIG;echte;;;;;;;1685.0;1274;;;3545.0;1502.0;7942.0
BUCHMEIER,HERMIT,LEIPZIG;echten;;;;;;;2405.0;826;;;4521.0;2411.0;4385.0
BUCHMEIER,HERMIT,LEIPZIG;echter;;;;;;;2512.0;785;;;8320.0;2198.0;4888.0
BUCHMEIER,HERMIT;echtes;;;;;;;4268.0;399;;;;3748.0;2490.0
B1,LEEDS;Eck;das;;Substantiv;neutr.;https://www.dwds.de/wb/Eck;0.0;;;2378.0;30.53;;;
A1,BUCHMEIER,HERMIT,LEIPZIG;Ecke;die;;Substantiv;fem.;https://www.dwds.de/wb/Ecke;0.0;1759.0;1215;;;2471.0;1655.0;7019.0
HERMIT,LEIPZIG;Ecken;;;;;;;;;;;8210.0;9691.0;731.0
B1;eckig;;;Adjektiv;;https://www.dwds.de/wb/eckig;0.0;;;;;;;
BUCHMEIER,HERMIT;Ed;;;;;;;2628.0;745;;;;2281.0;4703.0
BUCHMEIER,HERMIT;Eddie;;;;;;;1557.0;1400;;;;1628.0;7172.0
BUCHMEIER,HERMIT;Edgar;;;;;;;5916.0;260;;;;6548.0;1225.0
HERMIT,LEIPZIG;Edith;;;;;;;;;;;7223.0;8061.0;933.0
BUCHMEIER,HERMIT;Edward;;;;;;;3702.0;480;;;;3193.0;3043.0
BUCHMEIER,HERMIT,LEEDS,LEIPZIG;Effekt;;;;;;;6743.0;218;1680.0;44.46;4947.0;9256.0;775.0
LEEDS,LEIPZIG;effektiv;;;;;;;;;2132.0;34.77;9458.0;;
A2,BUCHMEIER,HERMIT,LEEDS,LEIPZIG;egal;;;Adjektiv;;https://www.dwds.de/wb/egal#1;0.0;518.0;5697;1301.0;58.1;3160.0;352.0;48287.0
BUCHMEIER,HERMIT;Ego;;;;;;;7356.0;194;;;;7496.0;1029.0
BUCHMEIER,HERMIT;egoistisch;;;;;;;6793.0;216;;;;5577.0;1496.0
BUCHMEIER,HERMIT,LEEDS,LEIPZIG;eh;;;;;;;2476.0;798;3032.0;22.55;9476.0;1851.0;6062.0
B1,BUCHMEIER,HERMIT,LEEDS,LEIPZIG;Ehe;die;;Substantiv;fem.;https://www.dwds.de/wb/Ehe;0.0;1738.0;1232;2004.0;36.98;2501.0;1023.0;12381.0
A1,BUCHMEIER,HERMIT,LEEDS,LEIPZIG;Ehefrau;die;;Substantiv;fem.;https://www.dwds.de/wb/Ehefrau;0.0;4683.0;355;4531.0;13.36;3624.0;3712.0;2524.0
BUCHMEIER,HERMIT,LEIPZIG;ehemalige;;;;;;;9850.0;132;;;964.0;7586.0;1011.0
BUCHMEIER,HERMIT,LEIPZIG;ehemaligen;;;;;;;8894.0;151;;;706.0;7722.0;988.0
HERMIT,LEIPZIG;ehemaliger;;;;;;;;;;;3983.0;7157.0;1090.0
A1,BUCHMEIER,HERMIT,LEEDS,LEIPZIG;Ehemann;der;;Substantiv;mask.;https://www.dwds.de/wb/Ehemann;0.0;1892.0;1124;4530.0;13.37;4681.0;1434.0;8432.0
B1,LEIPZIG;Ehepaar;das;;Substantiv;neutr.;https://www.dwds.de/wb/Ehepaar;0.0;;;;;5527.0;;
A2;Ehepartner;der;;Substantiv;mask.;https://www.dwds.de/wb/Ehepartner;0.0;;;;;;;
B1,BUCHMEIER,HERMIT,LEEDS,LEIPZIG;eher;;;Komparativ;;https://www.dwds.de/wb/eher;0.0;1081.0;2207;319.0;223.32;359.0;788.0;17329.0
BUCHMEIER,HERMIT,LEEDS,LEIPZIG;Ehre;;;;;;;1342.0;1669;2227.0;32.97;4058.0;1123.0;11187.0
BUCHMEIER,HERMIT,LEIPZIG;Ehren;;;;;;;2455.0;804;;;7469.0;1579.0;7429.0
BUCHMEIER,HERMIT,LEIPZIG;Ehrgeiz;;;;;;;9538.0;138;;;7468.0;8848.0;820.0
B1,BUCHMEIER,BW3,HERMIT,LEEDS,LEIPZIG;ehrlich;;;Adjektiv;;https://www.dwds.de/wb/ehrlich;0.0;948.0;2617;1883.0;39.58;7188.0;592.0;26290.0
BUCHMEIER,HERMIT;ehrliche;;;;;;;8850.0;152;;;;7370.0;1052.0
BUCHMEIER,HERMIT;Ehrlichkeit;;;;;;;7976.0;174;;;;6807.0;1161.0
A1,BUCHMEIER,HERMIT,LEEDS,LEIPZIG,LEO739,NRW422;Ei;das;;Substantiv;neutr.;https://www.dwds.de/wb/Ei;0.0;3432.0;534;3001.0;22.72;9030.0;2892.0;3459.0
BUCHMEIER,HERMIT;Eichhörnchen;;;;;;;7149.0;202;;;;8385.0;885.0
BUCHMEIER,HERMIT;Eid;;;;;;;7120.0;203;;;;5686.0;1461.0
BUCHMEIER,HERMIT,LEIPZIG;Eier;;;;;;;1672.0;1284;;;6508.0;1519.0;7821.0
BUCHMEIER,HERMIT;Eiern;;;;;;;6792.0;216;;;;7226.0;1077.0
BUCHMEIER,HERMIT;Eifersucht;;;;;;;8951.0;150;;;;6153.0;1332.0
BUCHMEIER,HERMIT;eifersüchtig;;;;;;;3177.0;591;;;;2152.0;5002.0
FEHLER200,FEHLER400;Eiffelturm;;;;;;;;;;;;;
A2,LEEDS,LEIPZIG;eigen;;;Adjektiv;;https://www.dwds.de/wb/eigen;0.0;;;115.0;592.37;9501.0;;
BUCHMEIER,HERMIT;eigenartig;;;;;;;5496.0;284;;;;4880.0;1775.0
BUCHMEIER,HERMIT,LEIPZIG;eigene;;;;;;;1394.0;1583;;;453.0;1202.0;10375.0
BUCHMEIER,HERMIT,LEIPZIG;eigenen;;;;;;;769.0;3412;;;263.0;716.0;19530.0
BUCHMEIER,HERMIT,LEIPZIG;eigener;;;;;;;5463.0;287;;;1726.0;4673.0;1890.0
BUCHMEIER,HERMIT,LEIPZIG;eigenes;;;;;;;2015.0;1041;;;2072.0;1701.0;6771.0
LEEDS,LEIPZIG;Eigenschaft;;;;;;;;;1365.0;55.47;8588.0;;
BUCHMEIER,HERMIT,LEIPZIG;Eigenschaften;;;;;;;9537.0;138;;;3609.0;8051.0;934.0
A2,BUCHMEIER,FEHLER200,FEHLER300,FEHLER400,HERMIT,LEEDS,LEIPZIG,LEO739,NRW111;eigentlich;;;Adjektiv;;https://www.dwds.de/wb/eigentlich;0.0;456.0;6574;202.0;335.22;458.0;364.0;46744.0
BUCHMEIER,HERMIT,LEIPZIG;eigentliche;;;;;;;9688.0;135;;;2969.0;9368.0;763.0
BUCHMEIER,HERMIT,LEEDS,LEIPZIG;Eigentum;;;;;;;6097.0;250;2302.0;31.83;5934.0;4980.0;1730.0
HERMIT,LEEDS,LEIPZIG;Eigentümer;;;;;;;;;4154.0;14.97;3634.0;8624.0;851.0
B1,LEEDS;eignen;;;Verb;;https://www.dwds.de/wb/eignen#1;0.0;;;3310.0;20.14;;;
B1,BUCHMEIER,HERMIT;Eile;die;;Substantiv;fem.;https://www.dwds.de/wb/Eile;0.0;3999.0;436;;;;3507.0;2709.0
B1,LEEDS;eilen;;;Verb;;https://www.dwds.de/wb/eilen;0.0;;;3994.0;15.78;;;
A1,BUCHMEIER,HERMIT;eilig;;;Adjektiv;;https://www.dwds.de/wb/eilig;0.0;3642.0;491;;;;2735.0;3729.0
BUCHMEIER,BW1,HERMIT,LEO739,NRW422;Eimer;der;;Substantiv;;;;5379.0;293;;;;4449.0;2018.0
A1,BUCHMEIER,HERMIT,LEEDS,LEIPZIG,LEO739,NRW111;ein;;;unbestimmter Artikel;mask., neutr.;https://www.dwds.de/wb/ein#1;0.0;15.0;185794;4.0;18568.18;18.0;15.0;1315301.0
BUCHMEIER,HERMIT,LEEDS,LEIPZIG;einander;;;;;;;2690.0;724;1998.0;37.07;4071.0;2178.0;4935.0
B1;Einbahnstraße;die;;Substantiv;fem.;https://www.dwds.de/wb/Einbahnstra%C3%9Fe;0.0;;;;;;;
LEEDS,LEIPZIG;Einblick;;;;;;;;;3533.0;18.56;7453.0;;
B1;einbrechen;;;Verb;;https://www.dwds.de/wb/einbrechen;0.0;;;;;;;
B1,BUCHMEIER,HERMIT,LEIPZIG;Einbrecher;der;;Substantiv;mask.;https://www.dwds.de/wb/Einbrecher;0.0;8150.0;169;;;8592.0;7427.0;1040.0
B1;Einbrecherin;die;;Substantiv;fem.;https://www.dwds.de/wb/Einbrecherin;0.0;;;;;;;
LEEDS,LEIPZIG;einbringen;;;;;;;;;2513.0;28.53;6527.0;;
B1,BUCHMEIER,HERMIT,LEIPZIG;Einbruch;der;;Substantiv;mask.;https://www.dwds.de/wb/Einbruch;0.0;6054.0;252;;;4986.0;4507.0;1976.0
B1,BUCHMEIER,HERMIT,LEEDS,LEIPZIG;eindeutig;;;Adjektiv;;https://www.dwds.de/wb/eindeutig;0.0;3874.0;454;1072.0;70.82;1795.0;2711.0;3778.0
BUCHMEIER,HERMIT;eindringen;;;;;;;8568.0;158;;;;7189.0;1083.0
B1,BUCHMEIER,HERMIT,LEEDS,LEIPZIG;Eindruck;der;;Substantiv;mask.;https://www.dwds.de/wb/Eindruck;0.0;3021.0;631;844.0;89.09;1157.0;2404.0;4406.0
LEEDS,LEIPZIG;eindrucksvoll;;;;;;;;;4171.0;14.88;9581.0;;
A1,BUCHMEIER,HERMIT,LEEDS,LEIPZIG;eine;;;unbestimmter Artikel;fem.;https://www.dwds.de/wb/eine#1;0.0;28.0;118709;3097.0;21.98;20.0;26.0;839485.0
BUCHMEIER,HERMIT,LEIPZIG;einem;;;;;;;105.0;33790;;;41.0;109.0;210889.0
BUCHMEIER,HERMIT,LEEDS,LEIPZIG;einen;;;;;;;53.0;79612;1550.0;48.95;43.0;47.0;532402.0
BUCHMEIER,HERMIT,LEIPZIG;einer;;;;;;;115.0;31224;;;34.0;114.0;202097.0
B1,LEEDS,LEIPZIG;einerseits;;;Adverb;;https://www.dwds.de/wb/einerseits;0.0;;;1251.0;60.43;3599.0;;
BUCHMEIER,HERMIT,LEIPZIG;eines;;;;;;;336.0;8815;;;80.0;283.0;63710.0
A1,BUCHMEIER,HERMIT,LEEDS,LEIPZIG;einfach;;;Adjektiv;;https://www.dwds.de/wb/einfach;0.0;124.0;28915;152.0;479.97;357.0;134.0;168892.0
BUCHMEIER,HERMIT,LEIPZIG;einfache;;;;;;;3892.0;452;;;3430.0;3369.0;2858.0
BUCHMEIER,HERMIT,LEIPZIG;einfachen;;;;;;;5972.0;257;;;3508.0;5592.0;1491.0
BUCHMEIER,HERMIT,LEIPZIG;einfacher;;;;;;;2410.0;824;;;4660.0;2055.0;5260.0
BUCHMEIER,HERMIT;einfaches;;;;;;;9741.0;134;;;;7802.0;975.0
B1;Einfahrt;die;;Substantiv;fem.;https://www.dwds.de/wb/Einfahrt;0.0;;;;;;;
B1;Einfall;der;;Substantiv;mask.;https://www.dwds.de/wb/Einfall;0.0;;;;;;;
B1,BUCHMEIER,HERMIT,LEEDS,LEIPZIG;einfallen;;;Verb;;https://www.dwds.de/wb/einfallen;0.0;4025.0;433;3909.0;16.25;9211.0;3542.0;2674.0
FEHLER400;Einfaltspinsel;;;;;;;;;;;;;
B1,BUCHMEIER,HERMIT,LEIPZIG;Einfluss;der;;Substantiv;mask.;https://www.dwds.de/wb/Einfluss;0.0;3767.0;467;;;6592.0;3131.0;3121.0
LEEDS,LEIPZIG;Einfluß;;;;;;;;;733.0;101.71;1400.0;;
BUCHMEIER,HERMIT;einfällt;;;;;;;7208.0;200;;;;6478.0;1241.0
B1,LEEDS;einfügen;;;Verb;;https://www.dwds.de/wb/einf%C3%BCgen;0.0;;;4437.0;13.69;;;
B1,LEEDS,LEIPZIG;einführen;;;Verb;;https://www.dwds.de/wb/einf%C3%BChren;0.0;;;1428.0;53.03;7815.0;;
B1,LEEDS,LEIPZIG;Einführung;die;;Substantiv;fem.;https://www.dwds.de/wb/Einf%C3%BChrung;0.0;;;968.0;77.93;1259.0;;
LEEDS,LEIPZIG;Eingabe;;;;;;;;;4509.0;13.44;6590.0;;
A1,BUCHMEIER,HERMIT,LEEDS,LEIPZIG;Eingang;der;;Substantiv;mask.;https://www.dwds.de/wb/Eingang;0.0;4223.0;405;2785.0;25.06;3499.0;4420.0;2038.0
BUCHMEIER,LEIPZIG;eingebaut;;;;;;;9740.0;134;;;7478.0;;
LEEDS,LEIPZIG;eingeben;;;;;;;;;4546.0;13.31;4674.0;;
BUCHMEIER,HERMIT;eingebildet;;;;;;;9329.0;142;;;;9427.0;757.0
BUCHMEIER,HERMIT;eingebrochen;;;;;;;7318.0;196;;;;5175.0;1642.0
BUCHMEIER,HERMIT;eingedrungen;;;;;;;9171.0;145;;;;9381.0;762.0
BUCHMEIER,HERMIT;eingefallen;;;;;;;6156.0;246;;;;5494.0;1523.0
HERMIT,LEIPZIG;eingegangen;;;;;;;;;;;4647.0;9896.0;710.0
BUCHMEIER,HERMIT,LEEDS,LEIPZIG;eingehen;;;;;;;4376.0;386;1407.0;53.85;5322.0;3837.0;2428.0
BUCHMEIER,HERMIT,LEIPZIG;eingeladen;;;;;;;2261.0;888;;;2548.0;1565.0;7500.0
BUCHMEIER,HERMIT,LEIPZIG;eingenommen;;;;;;;8567.0;158;;;7379.0;8173.0;915.0
HERMIT,LEIPZIG;eingereicht;;;;;;;;;;;6635.0;9820.0;718.0
BUCHMEIER,HERMIT,LEIPZIG;eingerichtet;;;;;;;9639.0;136;;;1978.0;7765.0;981.0
HERMIT,LEIPZIG;eingeschaltet;;;;;;;;;;;7474.0;9409.0;759.0
BUCHMEIER,HERMIT;eingeschlafen;;;;;;;4706.0;352;;;;4232.0;2144.0
HERMIT,LEIPZIG;eingeschlagen;;;;;;;;;;;9915.0;9937.0;707.0
BUCHMEIER,HERMIT,LEIPZIG;eingeschlossen;;;;;;;5122.0;315;;;9138.0;4665.0;1894.0
BUCHMEIER,HERMIT,LEEDS,LEIPZIG;eingesetzt;;;;;;;4304.0;394;4595.0;13.13;1036.0;4610.0;1916.0
BUCHMEIER,HERMIT;eingesperrt;;;;;;;3566.0;506;;;;2811.0;3567.0
BUCHMEIER,HERMIT,LEIPZIG;eingestellt;;;;;;;4330.0;391;;;1785.0;3487.0;2734.0
BUCHMEIER,HERMIT,LEIPZIG;eingetroffen;;;;;;;7610.0;185;;;8939.0;7336.0;1058.0
BUCHMEIER,HERMIT,LEIPZIG;eingezogen;;;;;;;7053.0;205;;;9332.0;6256.0;1303.0
HERMIT,LEEDS,LEIPZIG;eingreifen;;;;;;;;;4048.0;15.45;8674.0;9080.0;795.0
HERMIT,LEEDS,LEIPZIG;Eingriff;;;;;;;;;2775.0;25.12;6017.0;8771.0;831.0
HERMIT,LEEDS;einhalten;;;;;;;;;3165.0;21.31;;9987.0;702.0
LEEDS,LEIPZIG;Einhaltung;;;;;;;;;4126.0;15.09;5985.0;;
BUCHMEIER,HERMIT,LEEDS,LEIPZIG;Einheit;;;;;;;2638.0;742;1062.0;71.42;1502.0;2512.0;4151.0
BUCHMEIER,HERMIT,LEIPZIG;Einheiten;;;;;;;3406.0;538;;;3076.0;3783.0;2469.0
B1,LEEDS;einheitlich;;;Adjektiv;;https://www.dwds.de/wb/einheitlich;0.0;;;2143.0;34.61;;;
BUCHMEIER,HERMIT,LEEDS;einholen;;;;;;;9792.0;133;4862.0;12.06;;8864.0;819.0
A1;einhundert;;;Kardinalzahlwort;;https://www.dwds.de/wb/einhundert;0.0;;;;;;;
BUCHMEIER,HERMIT,LEEDS,LEIPZIG;einig;;;;;;;4537.0;368;3285.0;20.3;2202.0;3510.0;2707.0
A2,BUCHMEIER,BW3,HERMIT,LEEDS,LEIPZIG;einige;;;Indefinitpronomen;;https://www.dwds.de/wb/einige;0.0;748.0;3637;121.0;570.32;339.0;586.0;26477.0
B1,BUCHMEIER,HERMIT,LEEDS,LEIPZIG;einigen;;;Verb;;https://www.dwds.de/wb/einigen;0.0;2229.0;910;3260.0;20.55;547.0;1876.0;5985.0
BUCHMEIER,HERMIT,LEIPZIG;einiger;;;;;;;6361.0;236;;;1867.0;5572.0;1497.0
LEEDS,LEIPZIG;einigermaßen;;;;;;;;;3554.0;18.37;6011.0;;
BUCHMEIER,HERMIT,LEEDS,LEIPZIG;einiges;;;;;;;2202.0;925;1839.0;40.45;2540.0;1840.0;6100.0
LEEDS,LEIPZIG;Einigung;;;;;;;;;4289.0;14.32;2106.0;;
B1,LEIPZIG;Einkauf;der;;Substantiv;mask.;https://www.dwds.de/wb/Einkauf;0.0;;;;;6662.0;;
A1,BUCHMEIER,HERMIT;einkaufen;;;Verb;;https://www.dwds.de/wb/einkaufen;0.0;4846.0;340;;;;3282.0;2959.0
A2,BUCHMEIER,HERMIT;Einkaufszentrum;das;;Substantiv;neutr.;https://www.dwds.de/wb/Einkaufszentrum;0.0;7317.0;196;;;;7759.0;982.0
LEEDS,LEIPZIG;Einklang;;;;;;;;;4453.0;13.64;8435.0;;
B1,LEEDS,LEIPZIG;Einkommen;das;;Substantiv;neutr.;https://www.dwds.de/wb/Einkommen;0.0;;;2006.0;36.97;2465.0;;
A1,BUCHMEIER,HERMIT,LEEDS;einladen;;;Verb;;https://www.dwds.de/wb/einladen#2;0.0;4053.0;430;1802.0;41.37;;2960.0;3356.0
A1,BUCHMEIER,HERMIT,LEEDS,LEIPZIG;Einladung;die;;Substantiv;fem.;https://www.dwds.de/wb/Einladung;0.0;3816.0;461;2968.0;23.11;3875.0;2754.0;3687.0
BUCHMEIER,HERMIT,LEEDS;einlassen;;;;;;;9739.0;134;4002.0;15.74;;8907.0;815.0
HERMIT,LEEDS;einlegen;;;;;;;;;4855.0;12.08;;9257.0;775.0
A2,BUCHMEIER,BW1,FEHLER100,FEHLER300,FEHLER400,HERMIT,LEEDS,LEIPZIG,LEO739,NRW111;einmal;;;Adverb;;https://www.dwds.de/wb/einmal;0.0;358.0;8247;150.0;485.95;188.0;309.0;55398.0
LEEDS,LEIPZIG;einmalig;;;;;;;;;3064.0;22.2;8882.0;;
HERMIT,LEIPZIG;einmalige;;;;;;;;;;;6804.0;9458.0;754.0
BUCHMEIER,HERMIT;einmischen;;;;;;;7737.0;181;;;;6658.0;1199.0
B1,LEEDS,LEIPZIG;Einnahme;die;;Substantiv;fem.;https://www.dwds.de/wb/Einnahme;0.0;;;2380.0;30.52;9833.0;;
B1,BUCHMEIER,HERMIT,LEEDS,LEIPZIG;einnehmen;;;Verb;;https://www.dwds.de/wb/einnehmen;0.0;5893.0;261;2291.0;31.97;7737.0;5867.0;1409.0
A2,HERMIT;einpacken;;;Verb;;https://www.dwds.de/wb/einpacken;0.0;;;;;;8721.0;838.0
B1,BUCHMEIER,HERMIT,LEEDS,LEIPZIG;einrichten;;;Verb;;https://www.dwds.de/wb/einrichten;0.0;9583.0;137;1651.0;45.42;5871.0;7695.0;992.0
B1,BUCHMEIER,HERMIT,LEEDS,LEIPZIG;Einrichtung;die;;Substantiv;fem.;https://www.dwds.de/wb/Einrichtung;0.0;5915.0;260;831.0;90.49;1771.0;5323.0;1586.0
A1,BUCHMEIER,HERMIT,LEEDS,LEIPZIG,LEO739,NRW111;eins;;;Kardinalzahlwort;;https://www.dwds.de/wb/eins;0.0;624.0;4665;1753.0;42.7;2045.0;393.0;42157.0
B1,BUCHMEIER,HERMIT,LEEDS,LEIPZIG;einsam;;;Adjektiv;;https://www.dwds.de/wb/einsam;0.0;2434.0;814;3333.0;19.95;9956.0;2291.0;4683.0
BUCHMEIER,HERMIT;einsame;;;;;;;8304.0;165;;;;8224.0;908.0
BUCHMEIER,HERMIT,LEIPZIG;Einsamkeit;;;;;;;6500.0;229;;;7323.0;5927.0;1391.0
BUCHMEIER,HERMIT,LEEDS,LEIPZIG;Einsatz;;;;;;;2271.0;885;607.0;119.3;701.0;2080.0;5197.0
B1,BUCHMEIER,HERMIT;einschalten;;;Verb;;https://www.dwds.de/wb/einschalten;0.0;9906.0;131;;;;7724.0;988.0
BUCHMEIER,HERMIT;einschlafen;;;;;;;8447.0;161;;;;5744.0;1443.0
BUCHMEIER,HERMIT;einschlagen;;;;;;;9463.0;139;;;;8766.0;832.0
B1,HERMIT,LEEDS,LEIPZIG;einschließlich;;;Präposition;;https://www.dwds.de/wb/einschlie%C3%9Flich#1;0.0;;;1909.0;38.87;2489.0;6358.0;1273.0
B1;Einschreiben;das;;Substantiv;neutr.;https://www.dwds.de/wb/Einschreiben;0.0;;;;;;;
LEEDS,LEIPZIG;Einschränkung;;;;;;;;;2641.0;26.88;6558.0;;
LEEDS,LEIPZIG;Einschätzung;;;;;;;;;2243.0;32.68;1679.0;;
HERMIT,LEEDS;einsehen;;;;;;;;;4024.0;15.63;;9721.0;728.0
LEEDS,LEIPZIG;einseitig;;;;;;;;;3206.0;20.93;7749.0;;
B1,BUCHMEIER,HERMIT,LEEDS,LEIPZIG;einsetzen;;;Verb;;https://www.dwds.de/wb/einsetzen;0.0;4398.0;383;561.0;130.16;2607.0;4250.0;2132.0
LEEDS,LEIPZIG;Einsicht;;;;;;;;;2415.0;30.05;4412.0;;
BUCHMEIER,HERMIT;einsperren;;;;;;;7084.0;204;;;;5207.0;1629.0
BUCHMEIER,HERMIT,LEIPZIG;Einspruch;;;;;;;6148.0;247;;;8121.0;4565.0;1945.0
BUCHMEIER,HERMIT,LEEDS,LEIPZIG;einst;;;;;;;3971.0;440;1933.0;38.53;994.0;3069.0;3210.0
A1,BUCHMEIER,HERMIT,LEIPZIG;einsteigen;;;Verb;;https://www.dwds.de/wb/einsteigen;0.0;5378.0;293;;;9368.0;4248.0;2133.0
BUCHMEIER,HERMIT,LEEDS;Einstein;;;;;;;8048.0;172;4779.0;12.38;;8656.0;847.0
B1,BUCHMEIER,HERMIT,LEEDS,LEIPZIG;einstellen;;;Verb;;https://www.dwds.de/wb/einstellen;0.0;3911.0;449;1192.0;63.6;3347.0;3718.0;2517.0
BUCHMEIER,HERMIT,LEEDS,LEIPZIG;Einstellung;;;;;;;3266.0;568;1209.0;62.44;2417.0;3780.0;2471.0
LEEDS,LEIPZIG;Einstieg;;;;;;;;;4017.0;15.66;3162.0;;
BUCHMEIER,HERMIT,LEIPZIG;Einsätze;;;;;;;8764.0;154;;;8368.0;8586.0;857.0
A1;eintausend;;;Kardinalzahlwort;;https://www.dwds.de/wb/eintausend;0.0;;;;;;;
LEEDS,LEIPZIG;Eintrag;;;;;;;;;1349.0;56.04;5931.0;;
A2,LEEDS;eintragen;;;Verb;;https://www.dwds.de/wb/eintragen;0.0;;;3040.0;22.48;;;
HERMIT,LEEDS;eintreffen;;;;;;;;;4603.0;13.11;;8494.0;870.0
B1,BUCHMEIER,HERMIT,LEEDS,LEIPZIG;eintreten;;;Verb;;https://www.dwds.de/wb/eintreten;0.0;8121.0;170;1780.0;42.08;7487.0;6773.0;1170.0
A1,HERMIT,LEEDS,LEIPZIG;Eintritt;der;;Substantiv;mask.;https://www.dwds.de/wb/Eintritt;0.0;;;3283.0;20.31;3254.0;7686.0;994.0
A2,BUCHMEIER,HERMIT,LEEDS,LEIPZIG;einverstanden;;;partizipiales Adjektiv;;https://www.dwds.de/wb/einverstanden;0.0;2955.0;648;4207.0;14.75;6731.0;1537.0;7685.0
B1,BUCHMEIER,HERMIT,LEEDS,LEIPZIG;Einwohner;der;;Substantiv;mask.;https://www.dwds.de/wb/Einwohner;0.0;7638.0;184;2402.0;30.16;2144.0;7704.0;991.0
B1;Einwohnerin;die;;Substantiv;fem.;https://www.dwds.de/wb/Einwohnerin;0.0;;;;;;;
BUCHMEIER,LEIPZIG;Einwände;;;;;;;8763.0;154;;;7643.0;;
B1;einzahlen;;;Verb;;https://www.dwds.de/wb/einzahlen;0.0;;;;;;;
B1;Einzahlung;die;;Substantiv;fem.;https://www.dwds.de/wb/Einzahlung;0.0;;;;;;;
LEEDS,LEIPZIG;Einzelfall;;;;;;;;;2969.0;23.08;5675.0;;
B1,LEEDS;Einzelheit;die;;Substantiv;fem.;https://www.dwds.de/wb/Einzelheit;0.0;;;3653.0;17.7;;;
BUCHMEIER,HERMIT,LEIPZIG;Einzelheiten;;;;;;;6147.0;247;;;3834.0;5855.0;1412.0
A2,LEEDS,LEIPZIG;einzeln;;;Adjektiv;;https://www.dwds.de/wb/einzeln;0.0;;;283.0;250.18;7878.0;;
BUCHMEIER,HERMIT,LEEDS,LEIPZIG;einzelne;;;;;;;5169.0;311;2169.0;34.05;1600.0;4235.0;2144.0
BUCHMEIER,HERMIT,LEIPZIG;einzelnen;;;;;;;4999.0;326;;;677.0;4175.0;2182.0
A1;Einzelzimmer;das;;Substantiv;neutr.;https://www.dwds.de/wb/Einzelzimmer;0.0;;;;;;;
A2,BUCHMEIER,HERMIT,LEIPZIG;einziehen;;;Verb;;https://www.dwds.de/wb/einziehen;0.0;8087.0;171;;;8528.0;5947.0;1385.0
B1,BUCHMEIER,FEHLER200,FEHLER400,HERMIT,LEEDS,LEIPZIG;einzig;;;Adjektiv;;https://www.dwds.de/wb/einzig;0.0;5037.0;323;320.0;222.47;4048.0;3635.0;2592.0
BUCHMEIER,HERMIT,LEEDS;einzigartig;;;;;;;7148.0;202;3207.0;20.92;;7027.0;1113.0
BUCHMEIER,HERMIT,LEIPZIG;einzige;;;;;;;584.0;5056;;;721.0;426.0;37724.0
BUCHMEIER,HERMIT,LEIPZIG;einzigen;;;;;;;2025.0;1029;;;1662.0;1827.0;6156.0
BUCHMEIER,HERMIT,LEIPZIG;einziger;;;;;;;3306.0;559;;;3300.0;2764.0;3663.0
BUCHMEIER,HERMIT,LEIPZIG;einziges;;;;;;;3286.0;562;;;3787.0;3047.0;3242.0
BUCHMEIER,HERMIT,LEIPZIG;einzusetzen;;;;;;;8149.0;169;;;4977.0;9492.0;750.0
A2,BUCHMEIER,BW1,FEHLER300,HERMIT,LEEDS,LEIPZIG,LEO739,NRW422;Eis;das;;Substantiv;neutr.;https://www.dwds.de/wb/Eis#1;0.0;1818.0;1174;3878.0;16.38;3114.0;1480.0;8082.0
BUCHMEIER,HERMIT,LEIPZIG;Eisen;;;;;;;6605.0;224;;;7355.0;6526.0;1229.0
B1,HERMIT,LEIPZIG;Eisenbahn;die;;Substantiv;fem.;https://www.dwds.de/wb/Eisenbahn;0.0;;;;;9679.0;9222.0;779.0
BUCHMEIER,HERMIT;eiskalt;;;;;;;8708.0;155;;;;6904.0;1137.0
BUCHMEIER,HERMIT;ekelhaft;;;;;;;5914.0;260;;;;4751.0;1848.0
BUCHMEIER,HERMIT;eklig;;;;;;;6530.0;228;;;;4719.0;1865.0
FEHLER400;Ekstase;;;;;;;;;;;;;
BUCHMEIER,HERMIT,LEEDS;El;;;;;;;3727.0;475;4301.0;14.24;;3286.0;2955.0
BUCHMEIER,FEHLER200,FEHLER400,HERMIT,LEO739,NRW422;Elefant;der;;Substantiv;;;;7772.0;180;;;;8378.0;886.0
BUCHMEIER,HERMIT;Elefanten;;;;;;;6380.0;235;;;;5255.0;1610.0
B1,BUCHMEIER,HERMIT;elegant;;;Adjektiv;;https://www.dwds.de/wb/elegant;0.0;9036.0;148;;;;7186.0;1084.0
B1,LEEDS;elektrisch;;;Adjektiv;;https://www.dwds.de/wb/elektrisch;0.0;;;3024.0;22.58;;;
B1,LEEDS;elektronisch;;;Adjektiv;;https://www.dwds.de/wb/elektronisch;0.0;;;1421.0;53.33;;;
BUCHMEIER,HERMIT,LEEDS,LEIPZIG;Element;;;;;;;8303.0;165;962.0;78.75;4166.0;9748.0;725.0
BUCHMEIER,HERMIT,LEIPZIG;Elemente;;;;;;;8341.0;164;;;3174.0;8454.0;875.0
BUCHMEIER,HERMIT;Elena;;;;;;;8656.0;156;;;;2500.0;4177.0
BUCHMEIER,HERMIT,LEEDS,LEIPZIG;Elend;;;;;;;7736.0;181;4127.0;15.09;6468.0;5448.0;1540.0
A1,BUCHMEIER,HERMIT,LEEDS,LEIPZIG;elf;;;Kardinalzahlwort;;https://www.dwds.de/wb/elf;0.0;5446.0;288;2972.0;23.04;1087.0;3087.0;3186.0
BUCHMEIER,HERMIT;Eli;;;;;;;9964.0;130;;;;5477.0;1529.0
HERMIT,LEEDS,LEIPZIG;Elisabeth;;;;;;;;;4344.0;14.07;2971.0;7013.0;1115.0
LEEDS,LEIPZIG;Elite;;;;;;;;;3707.0;17.38;8875.0;;
BUCHMEIER,HERMIT;Elizabeth;;;;;;;3082.0;612;;;;2121.0;5084.0
BUCHMEIER,HERMIT;Ellen;;;;;;;5433.0;289;;;;2495.0;4189.0
BUCHMEIER,HERMIT;Ellie;;;;;;;5168.0;311;;;;4971.0;1733.0
BUCHMEIER,HERMIT;Elliot;;;;;;;3923.0;446;;;;5312.0;1589.0
A1,BUCHMEIER,BW3,HERMIT,LEEDS,LEIPZIG,LEO739,NRW422;Eltern;die;;Substantiv;;https://www.dwds.de/wb/Eltern;1.0;690.0;4087;416.0;175.8;570.0;593.0;26221.0
BUCHMEIER,HERMIT;Elvis;;;;;;;7771.0;180;;;;6006.0;1370.0
HERMIT,LEIPZIG;EM;;;;;;;;;;;5666.0;6339.0;1277.0
BUCHMEIER,LEEDS;EMail;;;;;;;6791.0;216;2830.0;24.57;;;
BUCHMEIER,HERMIT;Emily;;;;;;;2769.0;699;;;;1815.0;6207.0
BUCHMEIER,HERMIT;Emma;;;;;;;3354.0;548;;;;1953.0;5716.0
BUCHMEIER,HERMIT,LEEDS;emotional;;;;;;;6627.0;223;2525.0;28.33;;5615.0;1482.0
BUCHMEIER,HERMIT,LEIPZIG;Emotionen;;;;;;;7515.0;188;;;7543.0;5877.0;1406.0
FEHLER200,FEHLER400;Empathie;;;;;;;;;;;;;
B1,BUCHMEIER,HERMIT,LEEDS,LEIPZIG;Empfang;der;;Substantiv;mask.;https://www.dwds.de/wb/Empfang;0.0;3805.0;462;4411.0;13.79;5161.0;3124.0;3128.0
BUCHMEIER,HERMIT;empfange;;;;;;;9791.0;133;;;;7307.0;1062.0
B1,BUCHMEIER,HERMIT,LEEDS,LEIPZIG;empfangen;;;Verb;;https://www.dwds.de/wb/empfangen;0.0;3343.0;550;1973.0;37.5;3963.0;2862.0;3495.0
BUCHMEIER,HERMIT;empfehle;;;;;;;9077.0;147;;;;6883.0;1143.0
A1,BUCHMEIER,HERMIT,LEEDS,LEIPZIG;empfehlen;;;Verb;;https://www.dwds.de/wb/empfehlen;0.0;7609.0;185;956.0;78.99;4468.0;5291.0;1596.0
B1,HERMIT,LEEDS,LEIPZIG;Empfehlung;die;;Substantiv;fem.;https://www.dwds.de/wb/Empfehlung;0.0;;;2181.0;33.81;5358.0;7836.0;969.0
BUCHMEIER,HERMIT;empfinde;;;;;;;6291.0;239;;;;5523.0;1514.0
BUCHMEIER,HERMIT,LEEDS,LEIPZIG;empfinden;;;;;;;6650.0;222;1431.0;52.88;7767.0;5296.0;1595.0
BUCHMEIER,BW3,HERMIT,LEEDS;empfindlich;;;;;;;8120.0;170;4630.0;13.0;;6268.0;1297.0
HERMIT,LEIPZIG;empfohlen;;;;;;;;;;;4778.0;8100.0;926.0
A1,LEEDS,LEIPZIG;Empfänger;der;;Substantiv;mask.;https://www.dwds.de/wb/Empf%C3%A4nger;0.0;;;3771.0;16.92;5494.0;;
BUCHMEIER,HERMIT,LEEDS,LEIPZIG;en;;;;;;;7334.0;195;2657.0;26.56;6147.0;5716.0;1451.0
A1,BUCHMEIER,BW1,FEHLER100,FEHLER300,HERMIT,LEEDS,LEIPZIG,LEO739;Ende;das;;Substantiv;neutr.;https://www.dwds.de/wb/Ende;0.0;400.0;7431;178.0;375.62;152.0;386.0;43216.0
A1,BUCHMEIER,HERMIT,LEEDS,LEIPZIG;enden;;;Verb;;https://www.dwds.de/wb/enden;0.0;2359.0;852;1275.0;59.43;5238.0;2073.0;5221.0
BUCHMEIER,HERMIT,LEIPZIG;endet;;;;;;;2627.0;745;;;2592.0;2359.0;4503.0
BUCHMEIER,HERMIT,LEIPZIG;endete;;;;;;;6896.0;211;;;4064.0;6959.0;1128.0
B1,BUCHMEIER,FEHLER200,FEHLER400,HERMIT,LEEDS,LEIPZIG;endgültig;;;Adjektiv;;https://www.dwds.de/wb/endg%C3%BCltig;0.0;6499.0;229;1492.0;51.03;1693.0;4781.0;1836.0
A2,BUCHMEIER,BW3,FEHLER100,FEHLER200,FEHLER300,FEHLER400,HERMIT,LEEDS,LEIPZIG,LEO739,NRW422;endlich;;;Adverb;;https://www.dwds.de/wb/endlich;0.0;648.0;4469;463.0;155.34;691.0;480.0;33924.0
B1,BUCHMEIER,HERMIT,LEEDS,LEIPZIG;Energie;die;;Substantiv;fem.;https://www.dwds.de/wb/Energie;0.0;1414.0;1561;897.0;83.89;1772.0;1581.0;7412.0
A2,BUCHMEIER,HERMIT,LEEDS,LEIPZIG;eng;;;Adjektiv;;https://www.dwds.de/wb/eng;0.0;3782.0;465;657.0;111.44;2363.0;3218.0;3018.0
LEEDS,LEIPZIG;Engagement;;;;;;;;;1588.0;47.56;1633.0;;
HERMIT,LEEDS,LEIPZIG;engagieren;;;;;;;;;2763.0;25.31;6488.0;9484.0;751.0
BUCHMEIER,HERMIT,LEEDS,LEIPZIG;engagiert;;;;;;;6457.0;231;4125.0;15.11;4039.0;5138.0;1654.0
HERMIT,LEIPZIG;enge;;;;;;;;;;;4188.0;7240.0;1074.0
BUCHMEIER,BW1,HERMIT,LEEDS,LEIPZIG;Engel;der;;Substantiv;;;;2075.0;1001;2269.0;32.37;5018.0;1642.0;7061.0
HERMIT,LEIPZIG;enger;;;;;;;;;;;4322.0;9108.0;792.0
BUCHMEIER,HERMIT,LEEDS,LEIPZIG;England;;;;;;;2274.0;884;1593.0;47.43;1413.0;1897.0;5919.0
BUCHMEIER,HERMIT,LEEDS,LEIPZIG,LEO739;Englisch;;;;;;;2212.0;922;1158.0;65.32;5368.0;2246.0;4778.0
BUCHMEIER,HERMIT,LEIPZIG;englische;;;;;;;9128.0;146;;;3928.0;7654.0;999.0
HERMIT,LEIPZIG;englischen;;;;;;;;;;;2447.0;7328.0;1059.0
BUCHMEIER,HERMIT,LEIPZIG;Engländer;;;;;;;5432.0;289;;;5602.0;4463.0;2007.0
B1,BUCHMEIER,BW1,HERMIT,LEIPZIG;Enkel;der;;Substantiv;mask.;https://www.dwds.de/wb/Enkel;0.0;4390.0;384;;;7646.0;4162.0;2197.0
B1,HERMIT;Enkelin;die;;Substantiv;fem.;https://www.dwds.de/wb/Enkelin;0.0;;;;;;7490.0;1030.0
BUCHMEIER,HERMIT,LEEDS,LEIPZIG;enorm;;;;;;;9462.0;139;1808.0;41.15;5770.0;9082.0;795.0
B1,BUCHMEIER,FEHLER300,HERMIT,LEEDS,LEIPZIG;entdecken;;;Verb;;https://www.dwds.de/wb/entdecken;0.0;4916.0;334;851.0;87.98;4365.0;4525.0;1965.0
BUCHMEIER,HERMIT,LEIPZIG;entdeckt;;;;;;;2147.0;960;;;1302.0;1841.0;6097.0
BUCHMEIER,HERMIT,LEIPZIG;entdeckte;;;;;;;7266.0;198;;;4655.0;6371.0;1271.0
BUCHMEIER,HERMIT,LEEDS,LEIPZIG;Entdeckung;;;;;;;8490.0;160;3139.0;21.55;4474.0;6827.0;1155.0
BUCHMEIER,BW1,HERMIT;Ente;die;;Substantiv;;;;5834.0;264;;;;5655.0;1471.0
BUCHMEIER,HERMIT;Enterprise;;;;;;;4578.0;365;;;;3065.0;3219.0
LEEDS,LEIPZIG;entfallen;;;;;;;;;3425.0;19.31;4753.0;;
LEEDS,LEIPZIG;entfalten;;;;;;;;;3176.0;21.2;9212.0;;
B1,BUCHMEIER,HERMIT,LEEDS,LEIPZIG;entfernen;;;Verb;;https://www.dwds.de/wb/entfernen;0.0;3478.0;526;2811.0;24.79;7647.0;2827.0;3545.0
BUCHMEIER,HERMIT,LEEDS,LEIPZIG;entfernt;;;;;;;1523.0;1426;981.0;77.07;1196.0;1252.0;9841.0
B1,BUCHMEIER,HERMIT,LEEDS,LEIPZIG;Entfernung;die;;Substantiv;fem.;https://www.dwds.de/wb/Entfernung;0.0;5010.0;325;2630.0;27.02;5038.0;4678.0;1886.0
BUCHMEIER,HERMIT;entführen;;;;;;;6852.0;213;;;;5056.0;1699.0
BUCHMEIER,HERMIT;Entführer;;;;;;;9790.0;133;;;;7377.0;1051.0
BUCHMEIER,HERMIT,LEIPZIG;entführt;;;;;;;2409.0;824;;;7734.0;1898.0;5917.0
BUCHMEIER,HERMIT,LEIPZIG;Entführung;;;;;;;5412.0;290;;;7289.0;4321.0;2091.0
BUCHMEIER,HERMIT,LEEDS,LEIPZIG;entgegen;;;;;;;4624.0;360;1117.0;68.17;1200.0;4061.0;2250.0
B1;entgegenkommen;;;Verb;;https://www.dwds.de/wb/entgegenkommen;0.0;;;;;;;
BUCHMEIER,HERMIT,LEEDS,LEIPZIG;entgehen;;;;;;;7147.0;202;3754.0;17.04;7849.0;6483.0;1240.0
FEHLER400;Entgelt;;;;;;;;;;;;;
B1,HERMIT,LEEDS,LEIPZIG;enthalten;;;Verb;;https://www.dwds.de/wb/enthalten;0.0;;;425.0;167.67;1349.0;8929.0;812.0
BUCHMEIER,HERMIT,LEIPZIG;enthält;;;;;;;5861.0;263;;;1255.0;5280.0;1601.0
BUCHMEIER,HERMIT,LEIPZIG;entkommen;;;;;;;1712.0;1250;;;7909.0;1665.0;6965.0
BUCHMEIER,HERMIT;entkommt;;;;;;;9076.0;147;;;;9199.0;782.0
B1,BUCHMEIER,HERMIT,LEEDS,LEIPZIG;entlang;;;;;https://www.dwds.de/wb/entlang;0.0;1817.0;1174;2191.0;33.62;2708.0;1557.0;7566.0
B1,BUCHMEIER,HERMIT,LEEDS,LEIPZIG;entlassen;;;Verb;;https://www.dwds.de/wb/entlassen;0.0;2712.0;718;2909.0;23.69;2359.0;1985.0;5562.0
B1,BUCHMEIER,HERMIT,LEEDS,LEIPZIG;Entlassung;die;;Substantiv;fem.;https://www.dwds.de/wb/Entlassung;0.0;9127.0;146;4764.0;12.45;4630.0;7881.0;961.0
LEEDS,LEIPZIG;entlasten;;;;;;;;;4906.0;11.93;6970.0;;
LEEDS,LEIPZIG;Entlastung;;;;;;;;;4968.0;11.74;4143.0;;
LEEDS,LEIPZIG;entnehmen;;;;;;;;;2694.0;26.2;6199.0;;
BUCHMEIER,HERMIT;entscheide;;;;;;;6766.0;217;;;;4394.0;2049.0
B1,BUCHMEIER,HERMIT,LEEDS,LEIPZIG;entscheiden;;;Verb;;https://www.dwds.de/wb/entscheiden;0.0;1522.0;1428;459.0;156.93;966.0;1288.0;9490.0
HERMIT,LEEDS,LEIPZIG;entscheidend;;;;;;;;;825.0;90.66;3054.0;10000.0;701.0
BUCHMEIER,HERMIT;entscheidest;;;;;;;8893.0;151;;;;7624.0;1004.0
BUCHMEIER,HERMIT,LEIPZIG;entscheidet;;;;;;;4915.0;334;;;3412.0;4458.0;2013.0
B1,BUCHMEIER,HERMIT,LEEDS,LEIPZIG;Entscheidung;die;;Substantiv;fem.;https://www.dwds.de/wb/Entscheidung;0.0;1168.0;2002;400.0;181.22;407.0;977.0;13275.0
BUCHMEIER,HERMIT,LEIPZIG;Entscheidungen;;;;;;;3157.0;596;;;1742.0;2604.0;3975.0
BUCHMEIER,HERMIT,LEIPZIG;entschied;;;;;;;7052.0;205;;;3500.0;6134.0;1336.0
BUCHMEIER,HERMIT,LEEDS,LEIPZIG;entschieden;;;;;;;1592.0;1360;3205.0;20.93;912.0;1440.0;8408.0
B1,LEEDS;entschließen;;;Verb;;https://www.dwds.de/wb/entschlie%C3%9Fen;0.0;;;2717.0;25.77;;;
B1,BUCHMEIER,HERMIT,LEEDS,LEIPZIG;entschlossen;;;partizipiales Adjektiv;;https://www.dwds.de/wb/entschlossen;0.0;4034.0;432;4457.0;13.63;3298.0;4030.0;2275.0
BUCHMEIER,HERMIT;Entschuldige;;;;;;;1003.0;2407;;;;710.0;19709.0
A1,BUCHMEIER,HERMIT,LEEDS;entschuldigen;;;Verb;;https://www.dwds.de/wb/entschuldigen;0.0;879.0;2847;2821.0;24.68;;550.0;29089.0
BUCHMEIER,HERMIT;Entschuldigt;;;;;;;2768.0;699;;;;1754.0;6467.0
A1,BUCHMEIER,HERMIT,LEIPZIG;Entschuldigung;die;;Substantiv;fem.;https://www.dwds.de/wb/Entschuldigung;0.0;601.0;4854;;;8934.0;560.0;28406.0
B1;entsorgen;;;Verb;;https://www.dwds.de/wb/entsorgen;0.0;;;;;;;
BUCHMEIER,HERMIT;Entspann;;;;;;;3751.0;470;;;;2402.0;4409.0
B1,BUCHMEIER,HERMIT;entspannen;;;Verb;;https://www.dwds.de/wb/entspannen;0.0;4340.0;390;;;;2751.0;3697.0
BUCHMEIER,HERMIT,LEIPZIG;entspannt;;;;;;;6765.0;217;;;9540.0;4770.0;1842.0
LEEDS,LEIPZIG;entsprechen;;;;;;;;;702.0;106.01;3800.0;;
BUCHMEIER,HERMIT,LEEDS,LEIPZIG;entsprechend;;;;;;;8340.0;164;291.0;243.26;1453.0;8185.0;914.0
BUCHMEIER,HERMIT,LEIPZIG;entspricht;;;;;;;6482.0;230;;;1463.0;6095.0;1344.0
BUCHMEIER,HERMIT,LEIPZIG;entstand;;;;;;;7025.0;206;;;1992.0;8821.0;824.0
BUCHMEIER,HERMIT,LEEDS,LEIPZIG;entstanden;;;;;;;8762.0;154;3598.0;18.09;1167.0;8138.0;922.0
B1,BUCHMEIER,HERMIT,LEEDS,LEIPZIG;entstehen;;;Verb;;https://www.dwds.de/wb/entstehen;0.0;8047.0;172;334.0;212.95;1080.0;7365.0;1053.0
BUCHMEIER,HERMIT,LEIPZIG;entsteht;;;;;;;7735.0;181;;;1824.0;7125.0;1097.0
LEEDS,LEIPZIG;Entstehung;;;;;;;;;2719.0;25.75;5312.0;;
B1,BUCHMEIER,HERMIT;enttäuschen;;;Verb;;https://www.dwds.de/wb/entt%C3%A4uschen;0.0;5377.0;293;;;;4153.0;2201.0
BUCHMEIER,HERMIT,LEEDS,LEIPZIG;enttäuscht;;;;;;;2806.0;689;3361.0;19.75;3059.0;2102.0;5125.0
B1,BUCHMEIER,HERMIT,LEEDS,LEIPZIG;Enttäuschung;die;;Substantiv;fem.;https://www.dwds.de/wb/Entt%C3%A4uschung;0.0;9582.0;137;4336.0;14.1;4544.0;7628.0;1003.0
B1,BUCHMEIER,HERMIT,LEEDS,LEIPZIG;entweder;;;Konjunktion;;https://www.dwds.de/wb/entweder;0.0;2408.0;825;965.0;78.56;1780.0;1307.0;9358.0
B1,BUCHMEIER,HERMIT,LEEDS,LEIPZIG;entwickeln;;;Verb;;https://www.dwds.de/wb/entwickeln;0.0;4222.0;405;307.0;231.13;1493.0;3853.0;2414.0
BUCHMEIER,HERMIT,LEEDS,LEIPZIG;entwickelt;;;;;;;2717.0;717;3219.0;20.84;791.0;2574.0;4052.0
BUCHMEIER,HERMIT,LEIPZIG;entwickelte;;;;;;;8654.0;156;;;2433.0;9005.0;802.0
B1;Entwickelung;die;;Substantiv;fem.;https://www.dwds.de/wb/Entwickelung;0.0;;;;;;;
B1,BUCHMEIER,HERMIT,LEEDS,LEIPZIG;Entwicklung;die;;Substantiv;fem.;https://www.dwds.de/wb/Entwicklung;0.0;5261.0;303;215.0;319.27;337.0;4991.0;1726.0
BUCHMEIER,HERMIT;entwischt;;;;;;;9327.0;142;;;;8366.0;888.0
BUCHMEIER,HERMIT,LEIPZIG;entworfen;;;;;;;5532.0;282;;;7802.0;8172.0;915.0
BUCHMEIER,HERMIT,LEEDS,LEIPZIG;Entwurf;;;;;;;9000.0;149;1846.0;40.22;1904.0;9921.0;707.0
LEEDS,LEIPZIG;entziehen;;;;;;;;;2290.0;31.98;5163.0;;
FEHLER400;Epidemie;;;;;;;;;;;;;
FEHLER400;Epikureer;;;;;;;;;;;;;
BUCHMEIER,HERMIT,LEEDS;Episode;;;;;;;2561.0;769;3561.0;18.33;;5137.0;1655.0
LEEDS,LEIPZIG;Epoche;;;;;;;;;3662.0;17.66;6217.0;;
A1,BUCHMEIER,BW1,HERMIT,LEEDS,LEIPZIG,LEO739,NRW111;er;;;Personalpronomen;mask.;https://www.dwds.de/wb/er;0.0;27.0;121771;20.0;4969.16;27.0;14.0;1352161.0
LEEDS,LEIPZIG;erarbeiten;;;;;;;;;2674.0;26.39;7533.0;;
BUCHMEIER,HERMIT;Erbarmen;;;;;;;8999.0;149;;;;8577.0;858.0
BUCHMEIER,HERMIT,LEEDS,LEIPZIG;Erbe;;;;;;;6812.0;215;3125.0;21.69;4792.0;4699.0;1878.0
HERMIT,LEIPZIG;Erben;;;;;;;;;;;7099.0;6899.0;1137.0
BUCHMEIER,HERMIT;erbärmlich;;;;;;;6970.0;208;;;;6159.0;1330.0
B1;Erdapfel;der;;Substantiv;mask.;https://www.dwds.de/wb/Erdapfel;0.0;;;;;;;
BUCHMEIER,HERMIT,LEIPZIG;Erdbeben;;;;;;;5607.0;277;;;6469.0;6317.0;1283.0
LEO739,NRW422;Erdbeere;die;;Substantiv;;;;;;;;;;
B1,BUCHMEIER,BW1,HERMIT,LEEDS,LEIPZIG;Erde;die;;Substantiv;fem.;https://www.dwds.de/wb/Erde;0.0;790.0;3303;669.0;109.55;1066.0;783.0;17474.0
BUCHMEIER,HERMIT;Erden;;;;;;;5564.0;280;;;;4351.0;2075.0
A2;Erdgeschoss;das;;Substantiv;neutr.;https://www.dwds.de/wb/Erdgeschoss;0.0;;;;;;;
B1;ereignen;;;Verb;;https://www.dwds.de/wb/ereignen;0.0;;;;;;;
B1,BUCHMEIER,BW3,HERMIT,LEEDS,LEIPZIG;Ereignis;das;Ereignisse;Substantiv;neutr.;https://www.dwds.de/wb/Ereignis;0.0;6146.0;247;920.0;82.48;2856.0;5650.0;1472.0
BUCHMEIER,HERMIT,LEIPZIG;Ereignisse;;;;;;;4689.0;354;;;2775.0;4819.0;1810.0
B1,BUCHMEIER,HERMIT,LEEDS,LEIPZIG;erfahren;;;Verb;;https://www.dwds.de/wb/erfahren#1;0.0;1078.0;2218;488.0;148.57;1308.0;822.0;16462.0
A2,BUCHMEIER,HERMIT,LEEDS,LEIPZIG;Erfahrung;die;;Substantiv;fem.;https://www.dwds.de/wb/Erfahrung;0.0;2078.0;999;343.0;204.74;1365.0;1769.0;6381.0
BUCHMEIER,HERMIT,LEIPZIG;Erfahrungen;;;;;;;5585.0;279;;;1190.0;5156.0;1648.0
HERMIT,LEEDS,LEIPZIG;erfassen;;;;;;;;;1637.0;45.89;3627.0;9815.0;718.0
BUCHMEIER,HERMIT;erfasst;;;;;;;7024.0;206;;;;6160.0;1330.0
B1,BUCHMEIER,HERMIT,LEEDS;erfinden;;;Verb;;https://www.dwds.de/wb/erfinden;0.0;7146.0;202;2932.0;23.4;;6535.0;1227.0
B1,BUCHMEIER,HERMIT,LEEDS,LEIPZIG;Erfindung;die;;Substantiv;fem.;https://www.dwds.de/wb/Erfindung;0.0;6969.0;208;3191.0;21.03;6257.0;5921.0;1392.0
B1,BUCHMEIER,BW3,HERMIT,LEEDS,LEIPZIG;Erfolg;der;Erfolge;Substantiv;mask.;https://www.dwds.de/wb/Erfolg;0.0;1810.0;1179;443.0;161.74;426.0;1482.0;8064.0
LEEDS,LEIPZIG;erfolgen;;;;;;;;;587.0;122.8;2480.0;;
B1,BUCHMEIER,HERMIT,LEEDS,LEIPZIG;erfolgreich;;;Adjektiv;;https://www.dwds.de/wb/erfolgreich;0.0;3208.0;581;563.0;128.96;1131.0;2833.0;3537.0
B1,LEEDS,LEIPZIG;erforderlich;;;Adjektiv;;https://www.dwds.de/wb/erforderlich;0.0;;;852.0;87.88;1721.0;;
B1,LEEDS;erfordern;;;Verb;;https://www.dwds.de/wb/erfordern;0.0;;;1752.0;42.78;;;
BUCHMEIER,HERMIT,LEIPZIG;erfordert;;;;;;;7543.0;187;;;5400.0;5531.0;1512.0
BUCHMEIER,HERMIT,LEEDS;erforschen;;;;;;;9536.0;138;4340.0;14.08;;9220.0;779.0
LEEDS,LEIPZIG;erfreulich;;;;;;;;;4535.0;13.34;8779.0;;
BUCHMEIER,HERMIT,LEIPZIG;erfreut;;;;;;;3353.0;548;;;7141.0;2537.0;4122.0
BUCHMEIER,HERMIT,LEIPZIG;erfuhr;;;;;;;7083.0;204;;;5224.0;4683.0;1884.0
BUCHMEIER,HERMIT,LEIPZIG;erfunden;;;;;;;3233.0;577;;;5710.0;2821.0;3559.0
BUCHMEIER,HERMIT,LEIPZIG;erfährt;;;;;;;3797.0;463;;;3994.0;2956.0;3362.0
B1,BUCHMEIER,HERMIT,LEEDS,LEIPZIG;erfüllen;;;Verb;;https://www.dwds.de/wb/erf%C3%BCllen;0.0;3504.0;521;776.0;96.64;2083.0;3118.0;3135.0
BUCHMEIER,HERMIT,LEIPZIG;erfüllt;;;;;;;3065.0;617;;;1687.0;2708.0;3784.0
BUCHMEIER,HERMIT,LEEDS,LEIPZIG;Erfüllung;;;;;;;9326.0;142;2957.0;23.16;5017.0;8955.0;809.0
BUCHMEIER,HERMIT,LEEDS,LEIPZIG;ergeben;;;;;;;3085.0;611;534.0;135.58;1738.0;2865.0;3491.0
A1,BUCHMEIER,BW3,FEHLER200,FEHLER400,HERMIT,LEEDS,LEIPZIG,LEO739,NRW422;Ergebnis;das;Ergebnisse;Substantiv;neutr.;https://www.dwds.de/wb/Ergebnis;0.0;3962.0;441;321.0;222.3;411.0;3499.0;2717.0
BUCHMEIER,HERMIT,LEIPZIG;Ergebnisse;;;;;;;4064.0;428;;;1198.0;3715.0;2523.0
BUCHMEIER,HERMIT,LEIPZIG;ergibt;;;;;;;2816.0;683;;;2488.0;2058.0;5251.0
BUCHMEIER,HERMIT,LEEDS,LEIPZIG;ergreifen;;;;;;;6811.0;215;1982.0;37.38;8272.0;6130.0;1337.0
B1,LEEDS,LEIPZIG;ergänzen;;;Verb;;https://www.dwds.de/wb/erg%C3%A4nzen;0.0;;;1858.0;39.97;6034.0;;
LEEDS,LEIPZIG;Ergänzung;;;;;;;;;3457.0;19.04;7354.0;;
LEEDS,LEIPZIG;Erhalt;;;;;;;;;4439.0;13.68;4717.0;;
B1,BUCHMEIER,HERMIT,LEEDS,LEIPZIG;erhalten;;;Verb;;https://www.dwds.de/wb/erhalten;0.0;1585.0;1369;191.0;347.82;321.0;1334.0;9136.0
LEEDS,LEIPZIG;Erhaltung;;;;;;;;;4316.0;14.2;6925.0;;
BUCHMEIER,HERMIT,LEEDS,LEIPZIG;erheben;;;;;;;5606.0;277;1097.0;69.53;5138.0;4141.0;2205.0
LEEDS,LEIPZIG;erheblich;;;;;;;;;810.0;92.49;1539.0;;
HERMIT,LEIPZIG;erhebt;;;;;;;;;;;6479.0;8422.0;879.0
LEEDS,LEIPZIG;Erhebung;;;;;;;;;4367.0;13.98;8029.0;;
BUCHMEIER,HERMIT,LEIPZIG;erhielt;;;;;;;6073.0;251;;;1193.0;4323.0;2091.0
HERMIT,LEIPZIG;erhielten;;;;;;;;;;;3244.0;8937.0;811.0
LEEDS,LEIPZIG;erhoffen;;;;;;;;;4982.0;11.7;9942.0;;
B1,BUCHMEIER,HERMIT,LEEDS;erholen;;;Verb;;https://www.dwds.de/wb/erholen;0.0;8194.0;168;4886.0;12.0;;5998.0;1373.0
BUCHMEIER,HERMIT,LEIPZIG;erholt;;;;;;;7945.0;175;;;8532.0;6106.0;1342.0
B1,LEIPZIG;Erholung;die;;Substantiv;fem.;https://www.dwds.de/wb/Erholung;0.0;;;;;5428.0;;
BUCHMEIER,HERMIT,LEIPZIG;erhält;;;;;;;6329.0;237;;;1174.0;5367.0;1569.0
LEEDS,LEIPZIG;erhältlich;;;;;;;;;2959.0;23.15;4291.0;;
B1,BUCHMEIER,HERMIT,LEEDS,LEIPZIG;erhöhen;;;Verb;;https://www.dwds.de/wb/erh%C3%B6hen;0.0;6360.0;236;861.0;87.13;1888.0;5170.0;1643.0
BUCHMEIER,HERMIT,LEEDS,LEIPZIG;erhöht;;;;;;;6851.0;213;2886.0;23.92;1298.0;5960.0;1382.0
B1,LEEDS,LEIPZIG;Erhöhung;die;;Substantiv;fem.;https://www.dwds.de/wb/Erh%C3%B6hung;0.0;;;2461.0;29.34;2041.0;;
BUCHMEIER,HERMIT;Eric;;;;;;;2243.0;902;;;;2087.0;5179.0
LEEDS,LEIPZIG;Erich;;;;;;;;;4319.0;14.19;4185.0;;
BUCHMEIER,HERMIT;Erin;;;;;;;8489.0;160;;;;4303.0;2101.0
BUCHMEIER,HERMIT;erinnere;;;;;;;1036.0;2337;;;;902.0;14769.0
A2,BUCHMEIER,HERMIT,LEEDS,LEIPZIG;erinnern;;;Verb;;https://www.dwds.de/wb/erinnern;0.0;856.0;2947;560.0;130.61;2064.0;697.0;20326.0
BUCHMEIER,HERMIT;Erinnerst;;;;;;;1574.0;1382;;;;1004.0;12746.0
BUCHMEIER,HERMIT,LEIPZIG;erinnert;;;;;;;1926.0;1091;;;1031.0;1431.0;8447.0
BUCHMEIER,HERMIT,LEIPZIG;erinnerte;;;;;;;7835.0;178;;;3740.0;7004.0;1117.0
B1,BUCHMEIER,HERMIT,LEEDS,LEIPZIG;Erinnerung;die;;Substantiv;fem.;https://www.dwds.de/wb/Erinnerung;0.0;2227.0;911;1143.0;66.2;1932.0;1970.0;5621.0
BUCHMEIER,HERMIT,LEIPZIG;Erinnerungen;;;;;;;1947.0;1081;;;3522.0;2031.0;5399.0
BUCHMEIER,HERMIT,LEIPZIG;erkannt;;;;;;;2808.0;687;;;2553.0;2474.0;4227.0
BUCHMEIER,HERMIT,LEIPZIG;erkannte;;;;;;;5749.0;269;;;6043.0;5417.0;1554.0
LEEDS,LEIPZIG;erkennbar;;;;;;;;;2445.0;29.57;4262.0;;
BUCHMEIER,HERMIT;erkenne;;;;;;;4276.0;398;;;;3455.0;2761.0
B1,BUCHMEIER,HERMIT,LEEDS,LEIPZIG;erkennen;;;Verb;;https://www.dwds.de/wb/erkennen;0.0;1782.0;1198;349.0;201.66;1051.0;1388.0;8717.0
BUCHMEIER,HERMIT;Erkennst;;;;;;;7975.0;174;;;;4535.0;1960.0
BUCHMEIER,HERMIT,LEIPZIG;erkennt;;;;;;;3857.0;456;;;3831.0;3472.0;2741.0
LEEDS,LEIPZIG;Erkenntnis;;;;;;;;;973.0;77.48;2909.0;;
BUCHMEIER,HERMIT;erkläre;;;;;;;3737.0;473;;;;2896.0;3450.0
A1,BUCHMEIER,FEHLER300,HERMIT,LEEDS,LEIPZIG,LEO739,NRW422;erklären;;;Verb;;https://www.dwds.de/wb/erkl%C3%A4ren;0.0;898.0;2790;255.0;271.31;1434.0;744.0;18526.0
BUCHMEIER,HERMIT,LEIPZIG;erklärt;;;;;;;1937.0;1086;;;388.0;1708.0;6727.0
BUCHMEIER,HERMIT,LEIPZIG;erklärte;;;;;;;8816.0;153;;;312.0;7889.0;959.0
B1,BUCHMEIER,HERMIT,LEEDS,LEIPZIG;Erklärung;die;;Substantiv;fem.;https://www.dwds.de/wb/Erkl%C3%A4rung;0.0;2207.0;923;895.0;83.93;1126.0;2014.0;5444.0
BUCHMEIER,HERMIT,LEIPZIG;Erklärungen;;;;;;;9374.0;141;;;5709.0;9440.0;756.0
LEEDS,LEIPZIG;Erkrankung;;;;;;;;;2299.0;31.86;7947.0;;
B1,LEEDS;erkundigen;;;Verb;;https://www.dwds.de/wb/erkundigen;0.0;;;4825.0;12.19;;;
B1;erkälten;;;Verb;;https://www.dwds.de/wb/erk%C3%A4lten;0.0;;;;;;;
B1,BUCHMEIER,HERMIT;Erkältung;die;;Substantiv;fem.;https://www.dwds.de/wb/Erk%C3%A4ltung;0.0;7879.0;177;;;;9394.0;760.0
BUCHMEIER,HERMIT,LEEDS;erlangen;;;;;;;9126.0;146;2600.0;27.42;;8712.0;839.0
LEEDS,LEIPZIG;erlassen;;;;;;;;;3488.0;18.82;5359.0;;
A1,BUCHMEIER,HERMIT,LEEDS,LEIPZIG;erlauben;;;Verb;;https://www.dwds.de/wb/erlauben;0.0;3117.0;605;827.0;90.62;4575.0;2166.0;4975.0
A2,BUCHMEIER,HERMIT,LEEDS,LEIPZIG;Erlaubnis;die;;Substantiv;fem.;https://www.dwds.de/wb/Erlaubnis;0.0;2702.0;720;4576.0;13.17;8650.0;2325.0;4592.0
BUCHMEIER,HERMIT,LEIPZIG;erlaubt;;;;;;;2260.0;888;;;1636.0;1826.0;6177.0
B1,BUCHMEIER,HERMIT,LEEDS,LEIPZIG;erleben;;;Verb;;https://www.dwds.de/wb/erleben;0.0;3156.0;596;704.0;105.74;2656.0;2481.0;4217.0
B1,BW3,FEHLER300,HERMIT,LEEDS,LEIPZIG;Erlebnis;das;Erlebnisse, erleben;Substantiv;neutr.;https://www.dwds.de/wb/Erlebnis;0.0;;;2292.0;31.97;7192.0;9240.0;777.0
BUCHMEIER,HERMIT,LEIPZIG;erlebt;;;;;;;2815.0;683;;;2054.0;2180.0;4934.0
BUCHMEIER,HERMIT;erledige;;;;;;;5584.0;279;;;;4561.0;1947.0
B1,BUCHMEIER,HERMIT,LEEDS,LEIPZIG;erledigen;;;Verb;;https://www.dwds.de/wb/erledigen;0.0;1340.0;1672;2367.0;30.67;7884.0;1255.0;9796.0
BUCHMEIER,HERMIT,LEIPZIG;erledigt;;;;;;;1320.0;1700;;;4454.0;1039.0;12166.0
B1,LEEDS,LEIPZIG;erleichtern;;;Verb;;https://www.dwds.de/wb/erleichtern;0.0;;;2326.0;31.34;5218.0;;
BUCHMEIER,HERMIT,LEIPZIG;erleichtert;;;;;;;6131.0;248;;;4264.0;4797.0;1826.0
HERMIT,LEIPZIG;Erleichterung;;;;;;;;;;;7678.0;8678.0;845.0
BUCHMEIER,HERMIT,LEIPZIG;erlitten;;;;;;;9373.0;141;;;4175.0;8687.0;843.0
BUCHMEIER,HERMIT;Erlösung;;;;;;;8193.0;168;;;;7659.0;999.0
BUCHMEIER,HERMIT,LEEDS,LEIPZIG;ermitteln;;;;;;;8950.0;150;2183.0;33.8;4300.0;5249.0;1612.0
HERMIT,LEIPZIG;ermittelt;;;;;;;;;;;1527.0;7511.0;1025.0
BUCHMEIER,HERMIT,LEIPZIG;Ermittler;;;;;;;9170.0;145;;;5645.0;7986.0;945.0
BUCHMEIER,HERMIT,LEEDS,LEIPZIG;Ermittlung;;;;;;;9219.0;144;2993.0;22.81;6776.0;5273.0;1603.0
BUCHMEIER,HERMIT,LEIPZIG;Ermittlungen;;;;;;;5563.0;280;;;1859.0;3602.0;2618.0
BUCHMEIER,HERMIT,LEEDS;ermorden;;;;;;;7265.0;198;3733.0;17.19;;5843.0;1416.0
BUCHMEIER,HERMIT,LEIPZIG;ermordet;;;;;;;2027.0;1027;;;4007.0;1250.0;9850.0
BUCHMEIER,HERMIT,LEIPZIG;Ermordung;;;;;;;7734.0;181;;;5673.0;7551.0;1017.0
A2;Ermäßigung;die;;Substantiv;fem.;https://www.dwds.de/wb/Erm%C3%A4%C3%9Figung;0.0;;;;;;;
HERMIT,LEEDS,LEIPZIG;ermöglichen;;;;;;;;;639.0;114.77;2201.0;9893.0;710.0
HERMIT,LEIPZIG;ermöglicht;;;;;;;;;;;1910.0;8938.0;811.0
HERMIT,LEIPZIG;ernannt;;;;;;;;;;;5124.0;9707.0;730.0
LEEDS,LEIPZIG;Erneuerung;;;;;;;;;4966.0;11.74;6449.0;;
BUCHMEIER,HERMIT,LEEDS,LEIPZIG;erneut;;;;;;;5301.0;299;794.0;94.72;566.0;3477.0;2740.0
B1,BUCHMEIER,HERMIT,LEEDS,LEIPZIG;ernst;;;Adjektiv;;https://www.dwds.de/wb/ernst;0.0;909.0;2747;1240.0;60.83;1907.0;525.0;30649.0
BUCHMEIER,HERMIT;ernste;;;;;;;7944.0;175;;;;6421.0;1257.0
BUCHMEIER,HERMIT;Ernstes;;;;;;;6998.0;207;;;;4312.0;2096.0
B1,BUCHMEIER,HERMIT,LEEDS,LEIPZIG;ernsthaft;;;Adjektiv;;https://www.dwds.de/wb/ernsthaft;0.0;3472.0;527;1904.0;38.92;3987.0;1693.0;6828.0
HERMIT,LEIPZIG;ernsthafte;;;;;;;;;;;9238.0;9490.0;750.0
B1,BUCHMEIER,HERMIT,LEIPZIG,LEO739;Ernte;die;;Substantiv;fem.;https://www.dwds.de/wb/Ernte;0.0;5216.0;307;;;8458.0;6536.0;1227.0
B1,BUCHMEIER,HERMIT;ernähren;;;Verb;;https://www.dwds.de/wb/ern%C3%A4hren;0.0;6850.0;213;;;;6348.0;1276.0
B1,LEEDS,LEIPZIG;Ernährung;die;;Substantiv;fem.;https://www.dwds.de/wb/Ern%C3%A4hrung;0.0;;;3276.0;20.37;6720.0;;
BUCHMEIER,HERMIT,LEEDS,LEIPZIG;erobern;;;;;;;8192.0;168;3788.0;16.82;8006.0;6595.0;1214.0
BUCHMEIER,HERMIT,LEIPZIG;erobert;;;;;;;9789.0;133;;;7477.0;8872.0;818.0
BUCHMEIER,HERMIT;erpressen;;;;;;;8761.0;154;;;;6954.0;1128.0
BUCHMEIER,HERMIT;Erpressung;;;;;;;8488.0;160;;;;6121.0;1338.0
BUCHMEIER,HERMIT;erraten;;;;;;;9788.0;133;;;;7431.0;1040.0
BUCHMEIER,HERMIT,LEEDS;erregen;;;;;;;9218.0;144;4221.0;14.64;;8425.0;878.0
BUCHMEIER,HERMIT,LEIPZIG;erregt;;;;;;;7877.0;177;;;7954.0;6628.0;1206.0
HERMIT,LEEDS,LEIPZIG;erreichbar;;;;;;;;;3773.0;16.91;6333.0;9653.0;735.0
A2,BUCHMEIER,HERMIT,LEEDS,LEIPZIG;erreichen;;;Verb;;https://www.dwds.de/wb/erreichen;0.0;1312.0;1738;247.0;277.21;670.0;1182.0;10556.0
BUCHMEIER,HERMIT,LEIPZIG;erreicht;;;;;;;2020.0;1034;;;537.0;1793.0;6303.0
HERMIT,LEEDS,LEIPZIG;errichten;;;;;;;;;2162.0;34.19;4906.0;9915.0;708.0
LEEDS,LEIPZIG;Errichtung;;;;;;;;;4087.0;15.25;5269.0;;
B1,BUCHMEIER,HERMIT,LEEDS,LEIPZIG;Ersatz;der;;Substantiv;mask.;https://www.dwds.de/wb/Ersatz;0.0;6053.0;252;4195.0;14.81;4713.0;5433.0;1547.0
BUCHMEIER,HERMIT;erschaffen;;;;;;;3447.0;532;;;;2769.0;3658.0
BUCHMEIER,HERMIT,LEEDS,LEIPZIG;erscheinen;;;;;;;3717.0;477;286.0;247.52;1717.0;3152.0;3092.0
BUCHMEIER,HERMIT,LEIPZIG;erscheint;;;;;;;3706.0;479;;;1045.0;3197.0;3039.0
LEEDS,LEIPZIG;Erscheinung;;;;;;;;;2035.0;36.5;6029.0;;
BUCHMEIER,HERMIT,LEIPZIG;erschien;;;;;;;6307.0;238;;;2524.0;5509.0;1518.0
BUCHMEIER,HERMIT,LEEDS,LEIPZIG;erschienen;;;;;;;6673.0;221;4952.0;11.77;1128.0;6559.0;1222.0
BUCHMEIER,HERMIT;Erschieß;;;;;;;7733.0;181;;;;6035.0;1362.0
BUCHMEIER,HERMIT,LEEDS;erschießen;;;;;;;2280.0;880;3979.0;15.84;;1867.0;6009.0
BUCHMEIER,HERMIT;erschießt;;;;;;;6764.0;217;;;;5563.0;1500.0
BUCHMEIER,HERMIT;erschlagen;;;;;;;8524.0;159;;;;7912.0;955.0
LEEDS,LEIPZIG;erschließen;;;;;;;;;3536.0;18.53;7529.0;;
BUCHMEIER,HERMIT,LEIPZIG;erschossen;;;;;;;1816.0;1174;;;3097.0;1435.0;8431.0
FEHLER100,FEHLER300;erschrak;;;;;;;;;;;;;
B1,BUCHMEIER,BW3,HERMIT,LEEDS,LEO739,NRW422;erschrecken;;du erschrickst, ich erschrak, Schreck;Verb;;https://www.dwds.de/wb/erschrecken#1;0.0;5462.0;287;3982.0;15.83;;4536.0;1960.0
BUCHMEIER,HERMIT;erschreckt;;;;;;;3372.0;545;;;;2857.0;3503.0
LEO739,NRW422;erschrickt;;;;;;;;;;;;;
BUCHMEIER,FEHLER300,HERMIT;erschrocken;;;;;;;9686.0;135;;;;9619.0;738.0
B1,BUCHMEIER,HERMIT,LEIPZIG;erschöpft;;;partizipiales Adjektiv;;https://www.dwds.de/wb/ersch%C3%B6pft;0.0;4637.0;359;;;7259.0;3752.0;2487.0
HERMIT,LEIPZIG;erschüttert;;;;;;;;;;;8092.0;9532.0;746.0
B1,BUCHMEIER,HERMIT,LEEDS,LEIPZIG;ersetzen;;;Verb;;https://www.dwds.de/wb/ersetzen;0.0;5109.0;316;1226.0;61.43;3066.0;4000.0;2301.0
BUCHMEIER,HERMIT,LEIPZIG;ersetzt;;;;;;;5548.0;281;;;2507.0;5401.0;1557.0
BUCHMEIER,HERMIT,LEEDS;ersparen;;;;;;;8566.0;158;4408.0;13.81;;5944.0;1387.0
HERMIT,LEIPZIG;erspart;;;;;;;;;;;7050.0;7714.0;989.0
A2,BUCHMEIER,BW1,HERMIT,LEEDS,LEIPZIG;erst;;;Adverb;;https://www.dwds.de/wb/erst;0.0;369.0;8033;65.0;1327.41;167.0;278.0;64092.0
BUCHMEIER,HERMIT,LEEDS,LEIPZIG;erstaunlich;;;;;;;3762.0;468;2489.0;28.89;5220.0;3141.0;3108.0
BUCHMEIER,HERMIT,LEIPZIG;erstaunt;;;;;;;8815.0;153;;;9843.0;7637.0;1002.0
A1,BUCHMEIER,HERMIT,LEEDS,LEIPZIG;erste;;;Ordinalzahlwort;;https://www.dwds.de/wb/erste;0.0;640.0;4515;1700.0;44.15;252.0;493.0;33254.0
B1,HERMIT,LEEDS,LEIPZIG;erstellen;;;Verb;;https://www.dwds.de/wb/erstellen;0.0;;;1169.0;64.89;4325.0;8939.0;811.0
BUCHMEIER,LEIPZIG;erstellt;;;;;;;8005.0;173;;;3046.0;;
LEEDS,LEIPZIG;Erstellung;;;;;;;;;4298.0;14.26;6561.0;;
BUCHMEIER,HERMIT,LEIPZIG;ersten;;;;;;;581.0;5076;;;131.0;540.0;29956.0
BUCHMEIER,HERMIT,LEEDS,LEIPZIG,LEO739,NRW422;erstens;;;;;;;4719.0;351;2548.0;28.04;7201.0;3389.0;2843.0
BUCHMEIER,HERMIT,LEIPZIG;erster;;;;;;;2062.0;1012;;;1382.0;1404.0;8595.0
BUCHMEIER,HERMIT,LEIPZIG;erstes;;;;;;;2509.0;786;;;2637.0;1758.0;6444.0
BUCHMEIER,HERMIT;ersticken;;;;;;;9075.0;147;;;;7232.0;1077.0
BUCHMEIER,HERMIT;erstickt;;;;;;;9263.0;143;;;;7474.0;1033.0
BUCHMEIER,HERMIT,LEEDS,LEIPZIG;erstmal;;;;;;;3303.0;560;3016.0;22.62;9618.0;3653.0;2576.0
LEEDS,LEIPZIG;erstmals;;;;;;;;;1136.0;66.51;590.0;;
BUCHMEIER,HERMIT;erstochen;;;;;;;9848.0;132;;;;7615.0;1006.0
BUCHMEIER,HERMIT,LEEDS,LEIPZIG;erteilen;;;;;;;7608.0;185;2321.0;31.47;8175.0;6712.0;1183.0
BUCHMEIER,HERMIT,LEIPZIG;erteilt;;;;;;;7413.0;192;;;3320.0;6716.0;1183.0
LEEDS,LEIPZIG;Ertrag;;;;;;;;;4823.0;12.2;6041.0;;
BUCHMEIER,HERMIT;ertrage;;;;;;;7669.0;183;;;;5785.0;1433.0
BUCHMEIER,HERMIT,LEEDS,LEIPZIG;ertragen;;;;;;;2773.0;698;3768.0;16.94;7278.0;2387.0;4448.0
BUCHMEIER,HERMIT;ertrinken;;;;;;;9685.0;135;;;;7333.0;1058.0
BUCHMEIER,HERMIT;ertrunken;;;;;;;8046.0;172;;;;7203.0;1081.0
BUCHMEIER,HERMIT;ertönt;;;;;;;6997.0;207;;;;3039.0;3257.0
FEHLER400;eruieren;;;;;;;;;;;;;
B1,BUCHMEIER,HERMIT,LEEDS;erwachsen;;;partizipiales Adjektiv;;https://www.dwds.de/wb/erwachsen#2;0.0;2454.0;804;2956.0;23.18;;2143.0;5037.0
A1,BUCHMEIER,HERMIT,LEEDS,LEIPZIG;Erwachsene;;;Substantiv;fem., mask.;https://www.dwds.de/wb/Erwachsene;0.0;5860.0;263;1870.0;39.76;4306.0;3855.0;2412.0
BUCHMEIER,HERMIT,LEIPZIG;Erwachsenen;;;;;;;6255.0;241;;;5293.0;5881.0;1404.0
BUCHMEIER,HERMIT;erwacht;;;;;;;8653.0;156;;;;8501.0;869.0
BUCHMEIER,HERMIT,LEIPZIG;erwarte;;;;;;;2972.0;643;;;5716.0;2229.0;4809.0
B1,BUCHMEIER,HERMIT,LEEDS,LEIPZIG;erwarten;;;Verb;;https://www.dwds.de/wb/erwarten;0.0;1432.0;1546;428.0;167.21;921.0;1164.0;10755.0
BUCHMEIER,HERMIT;erwartest;;;;;;;6005.0;255;;;;4659.0;1897.0
BUCHMEIER,HERMIT,LEEDS,LEIPZIG;erwartet;;;;;;;994.0;2444;4947.0;11.78;482.0;845.0;15879.0
BUCHMEIER,HERMIT,LEIPZIG;erwartete;;;;;;;9125.0;146;;;5760.0;8227.0;908.0
LEEDS,LEIPZIG;Erwartung;;;;;;;;;1734.0;43.11;5942.0;;
BUCHMEIER,HERMIT,LEIPZIG;Erwartungen;;;;;;;9124.0;146;;;1996.0;7429.0;1040.0
BUCHMEIER,HERMIT,LEEDS,LEIPZIG;erweisen;;;;;;;7943.0;175;1235.0;60.92;5800.0;5727.0;1448.0
LEEDS,LEIPZIG;erweitern;;;;;;;;;1809.0;41.14;5403.0;;
LEEDS,LEIPZIG;erweitert;;;;;;;;;3723.0;17.29;3040.0;;
LEEDS,LEIPZIG;Erweiterung;;;;;;;;;2356.0;30.85;2985.0;;
LEEDS,LEIPZIG;Erwerb;;;;;;;;;4345.0;14.07;4588.0;;
LEEDS,LEIPZIG;erwerben;;;;;;;;;1737.0;43.03;4438.0;;
HERMIT,LEIPZIG;erwiesen;;;;;;;;;;;3334.0;8764.0;832.0
BUCHMEIER,HERMIT,LEEDS;erwischen;;;;;;;3781.0;465;4463.0;13.62;;3172.0;3067.0
BUCHMEIER,HERMIT,LEIPZIG;erwischt;;;;;;;1308.0;1741;;;6703.0;1161.0;10767.0
BUCHMEIER,HERMIT,LEEDS;erwähnen;;;;;;;3845.0;457;1105.0;68.93;;3670.0;2558.0
BUCHMEIER,HERMIT,LEEDS,LEIPZIG;erwähnt;;;;;;;2256.0;892;2626.0;27.07;4470.0;1873.0;5988.0
BUCHMEIER,HERMIT;erwähnte;;;;;;;7834.0;178;;;;5177.0;1639.0
BUCHMEIER,HERMIT,LEEDS,LEIPZIG;erzeugen;;;;;;;7451.0;190;1314.0;57.31;3844.0;7466.0;1034.0
BUCHMEIER,HERMIT,LEIPZIG;erzeugt;;;;;;;8302.0;165;;;2284.0;7379.0;1050.0
B1,LEEDS;erziehen;;;Verb;;https://www.dwds.de/wb/erziehen;0.0;;;4911.0;11.92;;;
B1,HERMIT,LEEDS,LEIPZIG;Erziehung;die;;Substantiv;fem.;https://www.dwds.de/wb/Erziehung;0.0;;;1914.0;38.8;4970.0;7402.0;1046.0
LEEDS,LEIPZIG;erzielen;;;;;;;;;1351.0;55.98;3216.0;;
BUCHMEIER,HERMIT;erzogen;;;;;;;7572.0;186;;;;6253.0;1304.0
BUCHMEIER,HERMIT;Erzähl;;;;;;;1655.0;1297;;;;1075.0;11759.0
BUCHMEIER,HERMIT;erzähle;;;;;;;2560.0;769;;;;1972.0;5600.0
A1,BUCHMEIER,FEHLER100,HERMIT,LEEDS,LEIPZIG,LEO739,NRW422;erzählen;;;Verb;;https://www.dwds.de/wb/erz%C3%A4hlen;0.0;679.0;4212;509.0;143.84;2700.0;547.0;29301.0
HERMIT,LEIPZIG;Erzähler;;;;;;;;;;;7538.0;9044.0;798.0
BUCHMEIER,HERMIT;erzählst;;;;;;;2657.0;737;;;;2420.0;4363.0
BUCHMEIER,FEHLER300,HERMIT,LEIPZIG;erzählt;;;;;;;570.0;5222;;;804.0;484.0;33821.0
BUCHMEIER,HERMIT,LEIPZIG;erzählte;;;;;;;2333.0;865;;;5236.0;1917.0;5842.0
B1,LEEDS,LEIPZIG;Erzählung;die;;Substantiv;fem.;https://www.dwds.de/wb/Erz%C3%A4hlung;0.0;;;2608.0;27.31;3984.0;;
B1,BUCHMEIER,HERMIT,LEEDS,LEIPZIG;eröffnen;;;Verb;;https://www.dwds.de/wb/er%C3%B6ffnen;0.0;5625.0;276;1218.0;61.94;4286.0;4831.0;1804.0
BUCHMEIER,HERMIT,LEIPZIG;eröffnet;;;;;;;6833.0;214;;;1227.0;5151.0;1650.0
B1,HERMIT,LEEDS,LEIPZIG;Eröffnung;die;;Substantiv;fem.;https://www.dwds.de/wb/Er%C3%B6ffnung;0.0;;;3636.0;17.81;2075.0;9543.0;745.0
A1,BUCHMEIER,BW1,HERMIT,LEEDS,LEIPZIG,LEO739,NRW111;es;;;Personalpronomen;neutr.;https://www.dwds.de/wb/es#1;0.0;9.0;261560;15.0;5993.22;23.0;8.0;2303025.0
BUCHMEIER,BW1,HERMIT;Esel;der;;Substantiv;;;;5248.0;304;;;;4455.0;2016.0
BUCHMEIER,HERMIT,LEEDS;esse;;;;;;;3176.0;591;1239.0;60.84;;2595.0;3986.0
A1,BUCHMEIER,BW1,FEHLER100,HERMIT,LEEDS,LEIPZIG,LEO739,NRW422;Essen;das;du isst, ich aß;Substantiv;neutr.;https://www.dwds.de/wb/Essen;0.0;527.0;5651;1089.0;69.72;1685.0;266.0;67594.0
FEHLER400;essenziell;;;;;;;;;;;;;
B1;Essig;der;;Substantiv;mask.;https://www.dwds.de/wb/Essig;0.0;;;;;;;
HERMIT,LEEDS,LEIPZIG;et;;;;;;;;;1285.0;58.85;9321.0;5956.0;1383.0
LEEDS,LEIPZIG;etablieren;;;;;;;;;3357.0;19.77;8140.0;;
B1,BUCHMEIER,HERMIT;Etage;die;;Substantiv;fem.;https://www.dwds.de/wb/Etage;0.0;5597.0;278;;;;5097.0;1675.0
BUCHMEIER,HERMIT;Ethan;;;;;;;3232.0;577;;;;4319.0;2092.0
LEEDS,LEIPZIG;Ethik;;;;;;;;;3841.0;16.58;9110.0;;
LEO739;Etui;das;;Substantiv;;;;;;;;;;
B1,BUCHMEIER,HERMIT,LEEDS,LEIPZIG;etwa;;;Adverb;;https://www.dwds.de/wb/etwa;0.0;526.0;5667;177.0;385.88;133.0;483.0;33845.0
A2,BUCHMEIER,BW3,HERMIT,LEEDS,LEIPZIG;etwas;;;Indefinitpronomen;;https://www.dwds.de/wb/etwas;0.0;92.0;42723;105.0;662.4;189.0;83.0;286968.0
LEEDS,LEIPZIG;EU;;;;;;;;;886.0;84.43;962.0;;
BUCHMEIER,BW1,HERMIT,LEIPZIG,LEO739,NRW111;euch;;;;;;;125.0;28691;;;4467.0;113.0;206931.0
A1,BUCHMEIER,BW3,HERMIT,LEEDS;euer;;;Possessivpronomen;;https://www.dwds.de/wb/euer#1;0.0;1093.0;2170;715.0;104.39;;569.0;27634.0
LEO739,NRW422;Eule;die;;Substantiv;;;;;;;;;;
LEEDS,LEIPZIG;EUR;;;;;;;;;2095.0;35.5;9818.0;;
BUCHMEIER,HERMIT;eure;;;;;;;693.0;4070;;;;404.0;40647.0
BUCHMEIER,HERMIT;eurem;;;;;;;3020.0;631;;;;1864.0;6037.0
BUCHMEIER,HERMIT;euren;;;;;;;1785.0;1196;;;;1210.0;10288.0
BUCHMEIER,HERMIT;eurer;;;;;;;2569.0;767;;;;1497.0;7961.0
BUCHMEIER,HERMIT;eures;;;;;;;9461.0;139;;;;4570.0;1940.0
A1,BUCHMEIER,HERMIT,LEEDS,LEIPZIG;Euro;der;;Substantiv;mask.;https://www.dwds.de/wb/Euro#1;0.0;7333.0;195;306.0;231.84;558.0;3526.0;2690.0
A1,BUCHMEIER,HERMIT,LEEDS,LEIPZIG,LEO739,NRW422;Europa;das;;Substantiv;neutr.;https://www.dwds.de/wb/Europa;0.0;3745.0;471;346.0;203.74;354.0;2622.0;3937.0
A1,LEEDS,LEIPZIG;Europäer;der;;Substantiv;mask.;https://www.dwds.de/wb/Europ%C3%A4er;0.0;;;3578.0;18.19;3409.0;;
A1,LEEDS;europäisch;;;Adjektiv;;https://www.dwds.de/wb/europ%C3%A4isch;0.0;;;258.0;270.25;;;
BUCHMEIER,HERMIT,LEEDS,LEIPZIG;Eva;;;;;;;4443.0;378;4781.0;12.36;5102.0;3122.0;3130.0
BUCHMEIER,HERMIT;evakuieren;;;;;;;7876.0;177;;;;7648.0;1000.0
BUCHMEIER,HERMIT;Evan;;;;;;;4914.0;334;;;;5365.0;1570.0
BUCHMEIER,HERMIT;Evelyn;;;;;;;5313.0;298;;;;7209.0;1080.0
B1,BUCHMEIER,HERMIT,LEEDS,LEIPZIG;eventuell;;;Adjektiv;;https://www.dwds.de/wb/eventuell;0.0;7385.0;193;1886.0;39.52;4733.0;4761.0;1845.0
BUCHMEIER,LEEDS;Evolution;;;;;;;9123.0;146;4237.0;14.56;;;
B1,BUCHMEIER,HERMIT,LEEDS,LEIPZIG;ewig;;;Adjektiv;;https://www.dwds.de/wb/ewig;0.0;1486.0;1476;1594.0;47.37;5999.0;1227.0;10062.0
BUCHMEIER,HERMIT,LEIPZIG;ewige;;;;;;;8086.0;171;;;9855.0;5876.0;1406.0
BUCHMEIER,HERMIT,LEIPZIG;ewigen;;;;;;;9372.0;141;;;8101.0;7378.0;1051.0
BUCHMEIER,HERMIT;Ewigkeit;;;;;;;3922.0;446;;;;3199.0;3036.0
BUCHMEIER,HERMIT;Ex;;;;;;;5988.0;256;;;;3438.0;2783.0
BUCHMEIER,HERMIT,LEEDS,LEIPZIG;exakt;;;;;;;8301.0;165;2831.0;24.56;4850.0;5237.0;1617.0
BUCHMEIER,HERMIT,LEEDS;Exemplar;;;;;;;9217.0;144;3908.0;16.25;;9284.0;772.0
BUCHMEIER,HERMIT,LEEDS,LEIPZIG;Existenz;;;;;;;4970.0;329;1580.0;47.76;2454.0;4433.0;2030.0
BUCHMEIER,HERMIT,LEEDS,LEIPZIG;existieren;;;;;;;4033.0;432;1135.0;66.52;4375.0;3920.0;2362.0
BUCHMEIER,HERMIT,LEIPZIG;existiert;;;;;;;2661.0;735;;;3686.0;2414.0;4375.0
BUCHMEIER,HERMIT,LEEDS,LEIPZIG;Experiment;;;;;;;4636.0;359;2203.0;33.38;5618.0;4194.0;2167.0
BUCHMEIER,HERMIT,LEIPZIG;Experimente;;;;;;;7668.0;183;;;6714.0;6790.0;1165.0
B1,BUCHMEIER,HERMIT,LEEDS,LEIPZIG;Experte;der;;Substantiv;mask.;https://www.dwds.de/wb/Experte;0.0;6145.0;247;1581.0;47.76;6788.0;5333.0;1582.0
BUCHMEIER,HERMIT,LEIPZIG;Experten;;;;;;;6626.0;223;;;914.0;6097.0;1344.0
FEHLER400,LEEDS;explizit;;;;;;;;;3580.0;18.17;;;
BUCHMEIER,HERMIT;explodieren;;;;;;;5228.0;306;;;;5513.0;1516.0
BUCHMEIER,HERMIT;explodiert;;;;;;;4235.0;404;;;;4428.0;2033.0
BUCHMEIER,HERMIT,LEIPZIG;Explosion;;;;;;;2643.0;740;;;4309.0;2717.0;3770.0
B1,LEEDS,LEIPZIG;Export;der;;Substantiv;mask.;https://www.dwds.de/wb/Export;0.0;;;3927.0;16.16;3482.0;;
B1,BUCHMEIER,HERMIT,LEEDS,LEIPZIG;extra;;;Adverb;;https://www.dwds.de/wb/extra;0.0;2619.0;747;4141.0;15.01;6386.0;2401.0;4409.0
B1,BUCHMEIER,HERMIT,LEEDS,LEIPZIG;extrem;;;Adjektiv;;https://www.dwds.de/wb/extrem;0.0;4146.0;416;1242.0;60.73;3109.0;3248.0;2988.0
FEHLER200,FEHLER400;exzellent;;;;;;;;;;;;;
BUCHMEIER,HERMIT;Exzellenz;;;;;;;4350.0;389;;;;3548.0;2668.0
BUCHMEIER,HERMIT;Ey;;;;;;;6556.0;227;;;;4414.0;2042.0
BUCHMEIER,HERMIT;fabelhaft;;;;;;;7973.0;174;;;;4824.0;1807.0
B1,BUCHMEIER,HERMIT,LEEDS,LEIPZIG;Fabrik;die;;Substantiv;fem.;https://www.dwds.de/wb/Fabrik;0.0;3459.0;529;3796.0;16.8;4820.0;3361.0;2864.0
A2,BW1,HERMIT,LEEDS,LEIPZIG;Fach;das;Fächer;Substantiv;neutr.;https://www.dwds.de/wb/Fach#2;0.0;;;2396.0;30.26;6630.0;8075.0;931.0
B1;Fachfrau;die;;Substantiv;fem.;https://www.dwds.de/wb/Fachfrau;0.0;;;;;;;
B1,LEEDS,LEIPZIG;Fachleute;;;Substantiv;;https://www.dwds.de/wb/Fachleute;1.0;;;4011.0;15.7;3574.0;;
B1;Fachmann;der;;Substantiv;mask.;https://www.dwds.de/wb/Fachmann;0.0;;;;;;;
BUCHMEIER,BW1,HERMIT;Faden;der;Fäden;Substantiv;;;;8849.0;152;;;;7200.0;1081.0
BUCHMEIER,HERMIT,LEEDS,LEIPZIG;Fahne;;;;;;;8608.0;157;4377.0;13.93;8759.0;7641.0;1001.0
BUCHMEIER,HERMIT;Fahr;;;;;;;1708.0;1252;;;;1006.0;12721.0
B1,LEIPZIG;Fahrbahn;die;;Substantiv;fem.;https://www.dwds.de/wb/Fahrbahn;0.0;;;;;5838.0;;
BUCHMEIER,HERMIT;fahre;;;;;;;1627.0;1327;;;;1197.0;10409.0
A1,BUCHMEIER,BW3,FEHLER100,FEHLER300,HERMIT,LEEDS,LEIPZIG,LEO739,NRW422;fahren;;du fährst, ich fuhr;Verb;;https://www.dwds.de/wb/fahren;0.0;544.0;5480;267.0;263.09;1119.0;372.0;45060.0
A1,BUCHMEIER,HERMIT,LEEDS,LEIPZIG;Fahrer;der;;Substantiv;mask.;https://www.dwds.de/wb/Fahrer;0.0;2464.0;802;2925.0;23.49;1720.0;2183.0;4921.0
A1;Fahrkarte;die;;Substantiv;fem.;https://www.dwds.de/wb/Fahrkarte;0.0;;;;;;;
A2;Fahrplan;der;;Substantiv;mask.;https://www.dwds.de/wb/Fahrplan;0.0;;;;;;;
A1,BUCHMEIER,BW3,FEHLER100,FEHLER300,HERMIT,LEEDS,LEIPZIG,LEO739,NRW422;Fahrrad;das;;Substantiv;neutr.;https://www.dwds.de/wb/Fahrrad;0.0;4789.0;345;3857.0;16.48;5901.0;3640.0;2588.0
FEHLER300;Fahrräder;;;;;;;;;;;;;
BUCHMEIER,HERMIT;Fahrstuhl;;;;;;;5698.0;272;;;;6245.0;1305.0
BUCHMEIER,HERMIT,LEEDS,LEIPZIG;Fahrt;;;;;;;2511.0;785;1784.0;41.99;2185.0;1691.0;6833.0
B1,BUCHMEIER,HERMIT,LEEDS,LEIPZIG,LEO739;Fahrzeug;das;;Substantiv;neutr.;https://www.dwds.de/wb/Fahrzeug;0.0;4397.0;383;1686.0;44.38;3218.0;4459.0;2012.0
B1,BUCHMEIER,HERMIT,LEEDS;fair;;;Adjektiv;;https://www.dwds.de/wb/fair;0.0;2141.0;962;3109.0;21.89;;1882.0;5977.0
BUCHMEIER,HERMIT;Faith;;;;;;;5068.0;320;;;;8813.0;825.0
BUCHMEIER,HERMIT,LEIPZIG;Fakten;;;;;;;4635.0;359;;;4283.0;3463.0;2752.0
B1,LEEDS,LEIPZIG;Faktor;der;;Substantiv;mask.;https://www.dwds.de/wb/Faktor;0.0;;;1375.0;54.86;5572.0;;
B1,BUCHMEIER,HERMIT,LEEDS,LEIPZIG;Fall;der;;Substantiv;mask.;https://www.dwds.de/wb/Fall#2;0.0;452.0;6640;143.0;490.83;297.0;349.0;49042.0
BUCHMEIER,HERMIT,LEIPZIG;Falle;;;;;;;2014.0;1043;;;1903.0;1525.0;7786.0
A2,BUCHMEIER,BW1,FEHLER100,FEHLER300,HERMIT,LEEDS,LEIPZIG,LEO739,NRW422;fallen;;du fällst, ich fiel;Verb;;https://www.dwds.de/wb/fallen;0.0;1063.0;2254;235.0;290.73;1149.0;905.0;14704.0
B1,BUCHMEIER,FEHLER300,HERMIT,LEEDS,LEIPZIG;falls;;;Konjunktion;;https://www.dwds.de/wb/falls;0.0;1101.0;2153;957.0;78.96;1991.0;572.0;27447.0
A1,BUCHMEIER,HERMIT,LEEDS,LEIPZIG;falsch;;;Adjektiv;;https://www.dwds.de/wb/falsch;0.0;715.0;3886;492.0;146.88;1608.0;618.0;24701.0
BUCHMEIER,HERMIT,LEIPZIG;falsche;;;;;;;1721.0;1243;;;2948.0;1390.0;8704.0
BUCHMEIER,HERMIT,LEIPZIG;falschen;;;;;;;1704.0;1254;;;2935.0;1424.0;8507.0
BUCHMEIER,HERMIT;falscher;;;;;;;8998.0;149;;;;5638.0;1475.0
BUCHMEIER,HERMIT;Falsches;;;;;;;6810.0;215;;;;4353.0;2075.0
A1,BUCHMEIER,FEHLER300,HERMIT,LEEDS,LEIPZIG;Familie;die;;Substantiv;fem.;https://www.dwds.de/wb/Familie;0.0;364.0;8086;315.0;225.71;468.0;303.0;57288.0
BUCHMEIER,HERMIT,LEIPZIG;Familien;;;;;;;2818.0;682;;;1435.0;2290.0;4685.0
A1;Familienname;der;;Substantiv;mask.;https://www.dwds.de/wb/Familienname;0.0;;;;;;;
A1;Familienstand;der;;Substantiv;mask.;https://www.dwds.de/wb/Familienstand;0.0;;;;;;;
A2,BUCHMEIER,HERMIT,LEEDS;Fan;der;;Substantiv;mask.;https://www.dwds.de/wb/Fan;0.0;3910.0;449;2133.0;34.76;;3394.0;2839.0
BUCHMEIER,HERMIT,LEIPZIG;fand;;;;;;;846.0;2995;;;792.0;708.0;19911.0
BUCHMEIER,HERMIT,LEIPZIG;fanden;;;;;;;1882.0;1132;;;1644.0;1550.0;7635.0
BUCHMEIER,HERMIT;Fang;;;;;;;2451.0;806;;;;1645.0;7047.0
BUCHMEIER,HERMIT;fange;;;;;;;3347.0;549;;;;2867.0;3487.0
B1,BUCHMEIER,BW3,HERMIT,LEEDS,LEIPZIG,LEO739,NRW422;fangen;;du fängst, er fängt, ich fing;Verb;;https://www.dwds.de/wb/fangen;0.0;1426.0;1551;1245.0;60.6;9213.0;981.0;13232.0
BUCHMEIER,HERMIT;Fangt;;;;;;;7513.0;188;;;;5202.0;1630.0
BUCHMEIER,HERMIT,LEIPZIG;Fans;;;;;;;4389.0;384;;;1779.0;5166.0;1644.0
B1,BUCHMEIER,HERMIT;Fantasie;die;;Substantiv;fem.;https://www.dwds.de/wb/Fantasie;0.0;4748.0;349;;;;3544.0;2673.0
A2,BUCHMEIER,HERMIT;fantastisch;;;Adjektiv;;https://www.dwds.de/wb/fantastisch;0.0;2089.0;991;;;;1522.0;7805.0
BUCHMEIER,HERMIT;fantastische;;;;;;;9684.0;135;;;;7784.0;978.0
A1,BUCHMEIER,BW1,HERMIT,LEEDS,LEIPZIG,LEO739;Farbe;die;;Substantiv;fem.;https://www.dwds.de/wb/Farbe;0.0;2144.0;961;1156.0;65.37;2625.0;1874.0;5988.0
BUCHMEIER,HERMIT,LEIPZIG;Farben;;;;;;;4018.0;434;;;2707.0;4344.0;2078.0
B1;farbig;;;Adjektiv;;https://www.dwds.de/wb/farbig;0.0;;;;;;;
BUCHMEIER,HERMIT;Farm;;;;;;;3824.0;460;;;;3140.0;3108.0
B1;Faschierte;das;;Substantiv;neutr.;https://www.dwds.de/wb/Faschierte;0.0;;;;;;;
B1;Fasching;der;;Substantiv;mask.;https://www.dwds.de/wb/Fasching;0.0;;;;;;;
LEEDS,LEIPZIG;Faschismus;;;;;;;;;4293.0;14.3;9761.0;;
B1;Fasnacht;die;;Substantiv;fem.;https://www.dwds.de/wb/Fasnacht;0.0;;;;;;;
BUCHMEIER,HERMIT;Fass;;;;;;;3261.0;569;;;;1991.0;5538.0
BUCHMEIER,HERMIT;fasse;;;;;;;5713.0;271;;;;4062.0;2249.0
B1,BUCHMEIER,HERMIT,LEEDS,LEIPZIG;fassen;;;Verb;;https://www.dwds.de/wb/fassen;0.0;1891.0;1124;1168.0;64.92;4240.0;1621.0;7193.0
BUCHMEIER,HERMIT;fasst;;;;;;;9169.0;145;;;;5975.0;1379.0
BUCHMEIER,LEEDS,LEIPZIG;Fassung;;;;;;;8565.0;158;2569.0;27.81;4774.0;;
A2,BUCHMEIER,HERMIT,LEEDS,LEIPZIG,LEO739,NRW111;fast;;;Adverb;;https://www.dwds.de/wb/fast;0.0;557.0;5349;212.0;322.5;206.0;412.0;39542.0
BUCHMEIER,HERMIT;faszinierend;;;;;;;7542.0;187;;;;4315.0;2094.0
BUCHMEIER,HERMIT,LEIPZIG;fasziniert;;;;;;;8446.0;161;;;8519.0;7368.0;1052.0
A2,BUCHMEIER,HERMIT;faul;;;Adjektiv;;https://www.dwds.de/wb/faul;0.0;5121.0;315;;;;4816.0;1813.0
B1;faulenzen;;;Verb;;https://www.dwds.de/wb/faulenzen;0.0;;;;;;;
BUCHMEIER,BW3,HERMIT,LEEDS,LEIPZIG;Faust;die;Fäuste;Substantiv;;;;4991.0;327;3744.0;17.11;4534.0;4943.0;1747.0
B1;Fauteuil;der;;Substantiv;mask.;https://www.dwds.de/wb/Fauteuil;0.0;;;;;;;
A1,LEEDS,LEIPZIG;Fax;das;;Substantiv;neutr.;https://www.dwds.de/wb/Fax;0.0;;;2335.0;31.23;4688.0;;
LEEDS,LEIPZIG;Fazit;;;;;;;;;2688.0;26.25;4540.0;;
BUCHMEIER,HERMIT;FBI;;;;;;;1621.0;1332;;;;1243.0;9947.0
LEEDS,LEIPZIG;FC;;;;;;;;;4291.0;14.31;9338.0;;
LEEDS,LEIPZIG;FDP;;;;;;;;;1778.0;42.14;596.0;;
B1;Feber;der;;Substantiv;mask.;https://www.dwds.de/wb/Feber;0.0;;;;;;;
A1,BUCHMEIER,BW1,HERMIT,LEEDS,LEIPZIG,LEO739;Februar;der;;Substantiv;mask.;https://www.dwds.de/wb/Februar;0.0;8190.0;168;756.0;98.71;591.0;6445.0;1250.0
BUCHMEIER,BW1,HERMIT,LEEDS;Feder;die;;Substantiv;;;;5129.0;314;4778.0;12.38;;8052.0;934.0
BUCHMEIER,HERMIT;Federn;;;;;;;7696.0;182;;;;6785.0;1166.0
BUCHMEIER,HERMIT;Fee;;;;;;;9459.0;139;;;;8029.0;938.0
A1,BUCHMEIER,FEHLER100,HERMIT,LEEDS,LEIPZIG,LEO739,NRW422;fehlen;;;Verb;;https://www.dwds.de/wb/fehlen#1;0.0;2971.0;643;559.0;130.84;1928.0;2204.0;4868.0
A1,BUCHMEIER,BW3,FEHLER100,FEHLER300,HERMIT,LEEDS,LEIPZIG;Fehler;der;fehlen;Substantiv;mask.;https://www.dwds.de/wb/Fehler;0.0;703.0;4012;793.0;94.9;1124.0;643.0;22947.0
BUCHMEIER,HERMIT;fehlst;;;;;;;9409.0;140;;;;7607.0;1007.0
BUCHMEIER,FEHLER300,HERMIT,LEIPZIG;fehlt;;;;;;;1462.0;1509;;;1132.0;1106.0;11325.0
BUCHMEIER,HERMIT,LEIPZIG;fehlte;;;;;;;8189.0;168;;;4151.0;6718.0;1182.0
A2,BUCHMEIER,HERMIT,LEEDS,LEIPZIG;Feier;die;;Substantiv;fem.;https://www.dwds.de/wb/Feier;0.0;4659.0;357;3993.0;15.79;5793.0;3466.0;2751.0
A1,BUCHMEIER,HERMIT;Feierabend;der;;Substantiv;mask.;https://www.dwds.de/wb/Feierabend;0.0;8445.0;161;;;;5862.0;1411.0
A1,BUCHMEIER,HERMIT,LEEDS,LEIPZIG;feiern;;;Verb;;https://www.dwds.de/wb/feiern;0.0;1901.0;1114;1447.0;52.37;2659.0;1350.0;8969.0
BUCHMEIER,HERMIT,LEIPZIG;feiert;;;;;;;9962.0;130;;;3108.0;7861.0;964.0
A1;Feiertag;der;;Substantiv;mask.;https://www.dwds.de/wb/Feiertag;0.0;;;;;;;
BUCHMEIER,HERMIT;feige;;;;;;;6359.0;236;;;;5065.0;1694.0
BUCHMEIER,HERMIT;Feigling;;;;;;;3525.0;517;;;;2953.0;3363.0
BUCHMEIER,HERMIT;Feiglinge;;;;;;;9534.0;138;;;;8360.0;889.0
BUCHMEIER,HERMIT,LEEDS,LEIPZIG;Fein;;;;;;;4536.0;368;1941.0;38.4;7848.0;2757.0;3672.0
BUCHMEIER,HERMIT,LEEDS,LEIPZIG;Feind;;;;;;;1538.0;1418;1518.0;50.23;5850.0;1536.0;7701.0
BUCHMEIER,HERMIT,LEIPZIG;Feinde;;;;;;;2425.0;818;;;7472.0;2164.0;4981.0
BUCHMEIER,HERMIT;Feinden;;;;;;;9638.0;136;;;;8455.0;875.0
HERMIT,LEIPZIG;feine;;;;;;;;;;;8828.0;7339.0;1058.0
HERMIT,LEIPZIG;feinen;;;;;;;;;;;7673.0;9648.0;735.0
B1,BUCHMEIER,BW3,HERMIT,LEEDS,LEIPZIG,LEO739;Feld;das;Felder;Substantiv;neutr.;https://www.dwds.de/wb/Feld;0.0;2932.0;656;948.0;79.6;865.0;2767.0;3661.0
BUCHMEIER,HERMIT,LEIPZIG;Felder;;;;;;;9961.0;130;;;1986.0;8964.0;808.0
BUCHMEIER,HERMIT,LEEDS,LEIPZIG;Felix;;;;;;;8188.0;168;4811.0;12.25;9178.0;3516.0;2700.0
BUCHMEIER,HERMIT,LEEDS;Felsen;;;;;;;4483.0;374;4979.0;11.7;;4325.0;2088.0
A2,BUCHMEIER,BW1,HERMIT,LEEDS,LEIPZIG;Fenster;das;;Substantiv;neutr.;https://www.dwds.de/wb/Fenster;0.0;1107.0;2132;1227.0;61.38;1731.0;980.0;13233.0
A2,BUCHMEIER,FEHLER300,HERMIT,LEIPZIG,LEO739,NRW422;Ferien;die;;Substantiv;;https://www.dwds.de/wb/Ferien;1.0;5214.0;307;;;6741.0;4046.0;2261.0
BUCHMEIER,HERMIT,LEEDS,LEIPZIG;fern;;;;;;;2239.0;904;1071.0;70.86;5677.0;1913.0;5852.0
B1,BUCHMEIER,HERMIT;Fernbedienung;die;;Substantiv;fem.;https://www.dwds.de/wb/Fernbedienung;0.0;8148.0;169;;;;9744.0;725.0
BUCHMEIER,HERMIT,LEEDS,LEIPZIG;Ferne;;;;;;;7941.0;175;4234.0;14.57;6241.0;5334.0;1581.0
BUCHMEIER,HERMIT;fernhalten;;;;;;;8564.0;158;;;;6704.0;1185.0
A1,B1,BUCHMEIER,HERMIT,LEEDS,LEIPZIG;fernsehen;das;;Substantiv;neutr.;https://www.dwds.de/wb/fernsehen;0.0;1452.0;1524;1444.0;52.41;1028.0;1504.0;7915.0
B1,BUCHMEIER,HERMIT,LEEDS,LEIPZIG,LEO739,NRW422;Fernseher;der;;Substantiv;mask.;https://www.dwds.de/wb/Fernseher;0.0;2463.0;802;4614.0;13.04;5694.0;2589.0;4008.0
BUCHMEIER,HERMIT;Fersen;;;;;;;9579.0;137;;;;8548.0;862.0
A1,BUCHMEIER,FEHLER300,HERMIT,LEEDS,LEIPZIG,LEO739,NRW422;fertig;;;Adjektiv;;https://www.dwds.de/wb/fertig;0.0;370.0;8031;1236.0;60.9;2085.0;314.0;53738.0
BUCHMEIER,HERMIT;fesseln;;;;;;;9737.0;134;;;;5486.0;1526.0
A2,B1,BUCHMEIER,BW1,HERMIT,LEEDS,LEIPZIG,LEO739;Fest;das;;Substantiv;neutr.;https://www.dwds.de/wb/Fest;0.0;724.0;3800;356.0;198.42;386.0;608.0;25199.0
BUCHMEIER,HERMIT,LEIPZIG;feste;;;;;;;8486.0;160;;;4147.0;5863.0;1411.0
BUCHMEIER,HERMIT,LEIPZIG;festen;;;;;;;9408.0;140;;;3063.0;7401.0;1046.0
BUCHMEIER,HERMIT,LEIPZIG;fester;;;;;;;8227.0;167;;;5419.0;5846.0;1415.0
BUCHMEIER,HERMIT,LEIPZIG;festgehalten;;;;;;;5816.0;265;;;4725.0;6310.0;1284.0
LEEDS,LEIPZIG;festgelegt;;;;;;;;;4496.0;13.49;1886.0;;
BUCHMEIER,HERMIT,LEIPZIG;festgenommen;;;;;;;6172.0;245;;;1858.0;4582.0;1932.0
BUCHMEIER,HERMIT,LEIPZIG;festgestellt;;;;;;;9533.0;138;;;2098.0;7602.0;1008.0
B1,BUCHMEIER,HERMIT,LEEDS,LEIPZIG;festhalten;;;Verb;;https://www.dwds.de/wb/festhalten;0.0;4658.0;357;1804.0;41.25;5787.0;2642.0;3899.0
A2,LEEDS,LEIPZIG;Festival;das;;Substantiv;neutr.;https://www.dwds.de/wb/Festival;0.0;;;3937.0;16.09;4799.0;;
B1,LEEDS,LEIPZIG;festlegen;;;Verb;;https://www.dwds.de/wb/festlegen;0.0;;;1512.0;50.45;3002.0;;
LEEDS,LEIPZIG;Festlegung;;;;;;;;;4795.0;12.31;7332.0;;
HERMIT,LEIPZIG;Festnahme;;;;;;;;;;;5869.0;9147.0;787.0
B1,BUCHMEIER,HERMIT,LEEDS;festnehmen;;;Verb;;https://www.dwds.de/wb/festnehmen;0.0;6790.0;216;4346.0;14.07;;5912.0;1396.0
B1,BUCHMEIER,HERMIT,LEEDS;Festplatte;die;;Substantiv;fem.;https://www.dwds.de/wb/Festplatte;0.0;8264.0;166;4109.0;15.17;;9077.0;795.0
B1;festsetzen;;;Verb;;https://www.dwds.de/wb/festsetzen;0.0;;;;;;;
B1;feststehen;;;Verb;;https://www.dwds.de/wb/feststehen;0.0;;;;;;;
B1,BUCHMEIER,HERMIT,LEEDS,LEIPZIG;feststellen;;;Verb;;https://www.dwds.de/wb/feststellen;0.0;7051.0;205;737.0;100.92;3827.0;5731.0;1447.0
LEEDS,LEIPZIG;Feststellung;;;;;;;;;2818.0;24.69;5200.0;;
BUCHMEIER,HERMIT;Festung;;;;;;;4990.0;327;;;;5534.0;1511.0
A2,B1,BUCHMEIER,HERMIT,LEEDS;fett;das;;Substantiv;neutr.;https://www.dwds.de/wb/fett;0.0;3690.0;483;4842.0;12.11;;2951.0;3369.0
BUCHMEIER,HERMIT;fette;;;;;;;6273.0;240;;;;5003.0;1721.0
BUCHMEIER,HERMIT;fetten;;;;;;;5679.0;273;;;;6118.0;1339.0
B1,BUCHMEIER,HERMIT;feucht;;;Adjektiv;;https://www.dwds.de/wb/feucht;0.0;8263.0;166;;;;6851.0;1149.0
A1,BUCHMEIER,HERMIT,LEEDS,LEIPZIG;Feuer;das;;Substantiv;neutr.;https://www.dwds.de/wb/Feuer;0.0;753.0;3577;1673.0;44.77;1752.0;694.0;20404.0
BUCHMEIER,HERMIT;feuern;;;;;;;3221.0;579;;;;2561.0;4082.0
B1,BUCHMEIER,HERMIT,LEEDS,LEIPZIG,LEO739,NRW422;Feuerwehr;die;;Substantiv;fem.;https://www.dwds.de/wb/Feuerwehr;0.0;7287.0;197;4348.0;14.05;2861.0;6451.0;1249.0
BUCHMEIER,HERMIT;Feuerwerk;;;;;;;6586.0;225;;;;7111.0;1099.0
B1,BUCHMEIER,HERMIT;Feuerzeug;das;;Substantiv;neutr.;https://www.dwds.de/wb/Feuerzeug;0.0;9035.0;148;;;;8444.0;876.0
BUCHMEIER,HERMIT;Fick;;;;;;;2814.0;684;;;;1914.0;5851.0
BUCHMEIER,HERMIT;ficken;;;;;;;3283.0;564;;;;2732.0;3736.0
A1,BUCHMEIER,BW1,HERMIT;Fieber;das;;Substantiv;neutr.;https://www.dwds.de/wb/Fieber;0.0;3678.0;485;;;;3237.0;3001.0
BUCHMEIER,FEHLER100,FEHLER300,HERMIT,LEIPZIG;fiel;;;;;;;2039.0;1023;;;1158.0;1732.0;6603.0
BUCHMEIER,HERMIT,LEIPZIG;fielen;;;;;;;8085.0;171;;;2711.0;7192.0;1083.0
BUCHMEIER,HERMIT;fies;;;;;;;9578.0;137;;;;7785.0;978.0
B1,BUCHMEIER,HERMIT,LEEDS,LEIPZIG;Figur;die;;Substantiv;fem.;https://www.dwds.de/wb/Figur;0.0;1984.0;1057;1632.0;46.07;2900.0;3532.0;2681.0
BUCHMEIER,HERMIT,LEIPZIG;Figuren;;;;;;;3122.0;603;;;2320.0;6320.0;1282.0
A1,BUCHMEIER,BW3,HERMIT,LEEDS,LEIPZIG;Film;der;;Substantiv;mask.;https://www.dwds.de/wb/Film;0.0;454.0;6623;342.0;205.06;535.0;674.0;21254.0
BUCHMEIER,HERMIT,LEIPZIG;Filme;;;;;;;2108.0;982;;;1839.0;2332.0;4567.0
BUCHMEIER,HERMIT,LEEDS,LEIPZIG;Filmen;;;;;;;4349.0;389;4711.0;12.66;4639.0;3565.0;2653.0
BUCHMEIER,HERMIT,LEIPZIG;Films;;;;;;;2910.0;661;;;4784.0;6625.0;1207.0
LEO739;Filzstift;der;;Substantiv;;;;;;;;;;
BUCHMEIER,HERMIT,LEIPZIG;Finale;;;;;;;6417.0;233;;;2345.0;6708.0;1185.0
HERMIT,LEIPZIG;Finanzen;;;;;;;;;;;4831.0;9357.0;764.0
B1,LEEDS,LEIPZIG;finanziell;;;Adjektiv;;https://www.dwds.de/wb/finanziell;0.0;;;863.0;86.95;3131.0;;
HERMIT,LEIPZIG;finanzielle;;;;;;;;;;;2258.0;8695.0;842.0
B1,HERMIT,LEEDS,LEIPZIG;finanzieren;;;Verb;;https://www.dwds.de/wb/finanzieren;0.0;;;1942.0;38.4;2883.0;9290.0;771.0
HERMIT,LEIPZIG;finanziert;;;;;;;;;;;2328.0;9237.0;778.0
LEEDS,LEIPZIG;Finanzierung;;;;;;;;;2197.0;33.51;1782.0;;
BUCHMEIER,HERMIT;find;;;;;;;3832.0;459;;;;2473.0;4232.0
BUCHMEIER,HERMIT,LEIPZIG;finde;;;;;;;569.0;5232;;;3640.0;447.0;36286.0
A1,BUCHMEIER,BW1,HERMIT,LEEDS,LEIPZIG,LEO739,NRW422;finden;;du findest, ich fand;Verb;;https://www.dwds.de/wb/finden;0.0;256.0;12513;87.0;904.61;318.0;220.0;83987.0
BUCHMEIER,HERMIT;findest;;;;;;;1460.0;1511;;;;984.0;13083.0
BUCHMEIER,HERMIT,LEIPZIG;findet;;;;;;;1031.0;2347;;;428.0;796.0;17000.0
BUCHMEIER,HERMIT,LEIPZIG;fing;;;;;;;2450.0;806;;;8653.0;2287.0;4689.0
BUCHMEIER,HERMIT;fingen;;;;;;;6809.0;215;;;;7063.0;1108.0
B1,BUCHMEIER,BW1,HERMIT,LEEDS,LEIPZIG;Finger;der;;Substantiv;mask.;https://www.dwds.de/wb/Finger;0.0;1118.0;2118;2087.0;35.64;3662.0;1022.0;12399.0
BUCHMEIER,HERMIT;Fingerabdrücke;;;;;;;4311.0;393;;;;3130.0;3121.0
BUCHMEIER,HERMIT;Fingern;;;;;;;6672.0;221;;;;6388.0;1266.0
BUCHMEIER,HERMIT;Finn;;;;;;;9847.0;132;;;;4920.0;1760.0
LEEDS,LEIPZIG;Finnland;;;;;;;;;4119.0;15.12;5383.0;;
BUCHMEIER,HERMIT;Finsternis;;;;;;;5779.0;267;;;;6360.0;1273.0
A1,BUCHMEIER,HERMIT,LEEDS,LEIPZIG;Firma;die;;Substantiv;fem.;https://www.dwds.de/wb/Firma;0.0;1097.0;2159;575.0;127.44;611.0;1148.0;10871.0
BUCHMEIER,HERMIT,LEIPZIG;Firmen;;;;;;;8408.0;162;;;786.0;6640.0;1204.0
BUCHMEIER,HERMIT;First;;;;;;;9371.0;141;;;;5995.0;1373.0
A1,BUCHMEIER,BW1,HERMIT,LEEDS,LEIPZIG,LEO739,NRW422;Fisch;der;;Substantiv;mask.;https://www.dwds.de/wb/Fisch;0.0;1956.0;1074;2497.0;28.76;6215.0;1863.0;6038.0
BUCHMEIER,HERMIT,LEIPZIG;Fische;;;;;;;3312.0;557;;;6918.0;3281.0;2959.0
BUCHMEIER,HERMIT;Fischen;;;;;;;7607.0;185;;;;5390.0;1559.0
BUCHMEIER,HERMIT,LEEDS,LEIPZIG;Fischer;;;;;;;6849.0;213;1907.0;38.88;1845.0;6616.0;1209.0
A2,BUCHMEIER,HERMIT,LEIPZIG;fit;;;Adjektiv;;https://www.dwds.de/wb/fit;0.0;7178.0;201;;;6582.0;5452.0;1540.0
FEHLER200,FEHLER400;Fitness;;;;;;;;;;;;;
B1,BUCHMEIER,HERMIT,LEEDS;flach;;;Adjektiv;;https://www.dwds.de/wb/flach;0.0;7912.0;176;3869.0;16.45;;7420.0;1042.0
FEHLER400;Flachbettscanner;;;;;;;;;;;;;
BUCHMEIER,HERMIT,LEIPZIG;Flagge;;;;;;;6096.0;250;;;9463.0;6248.0;1304.0
BUCHMEIER,HERMIT,LEEDS;Flamme;;;;;;;8949.0;150;4616.0;13.04;;6778.0;1170.0
BUCHMEIER,HERMIT,LEIPZIG;Flammen;;;;;;;5167.0;311;;;4882.0;4534.0;1960.0
A1,BUCHMEIER,BW1,HERMIT,LEEDS,LEIPZIG,LEO739,NRW422;Flasche;die;;Substantiv;fem.;https://www.dwds.de/wb/Flasche;0.0;2211.0;922;3259.0;20.56;7161.0;1618.0;7206.0
BUCHMEIER,HERMIT,LEIPZIG;Flaschen;;;;;;;6416.0;233;;;6743.0;4505.0;1977.0
B1,BUCHMEIER,BW3,HERMIT,LEEDS;Fleck;der;fleckig;Substantiv;mask.;https://www.dwds.de/wb/Fleck#1;0.0;5101.0;317;4534.0;13.34;;4156.0;2200.0
BUCHMEIER,HERMIT,LEIPZIG;Flecken;;;;;;;6742.0;218;;;9485.0;6203.0;1319.0
BUCHMEIER,HERMIT;flehe;;;;;;;3941.0;444;;;;3580.0;2643.0
A1,BUCHMEIER,HERMIT,LEEDS,LEIPZIG,LEO739;Fleisch;das;;Substantiv;neutr.;https://www.dwds.de/wb/Fleisch;0.0;1568.0;1389;2554.0;27.95;3474.0;1582.0;7407.0
B1;Fleischhauer;der;;Substantiv;mask.;https://www.dwds.de/wb/Fleischhauer;0.0;;;;;;;
A2,BUCHMEIER,BW3,FEHLER300,HERMIT,LEEDS;fleißig;;Fleiß;Adjektiv;;https://www.dwds.de/wb/flei%C3%9Fig;0.0;9532.0;138;4907.0;11.93;;7184.0;1084.0
B1,LEEDS,LEIPZIG;flexibel;;;Adjektiv;;https://www.dwds.de/wb/flexibel;0.0;;;2896.0;23.84;8719.0;;
LEEDS,LEIPZIG;Flexibilität;;;;;;;;;4624.0;13.01;6694.0;;
BUCHMEIER,BW1,HERMIT;Fliege;die;du fliegst, ich flog, fliegen;Substantiv;;;;4969.0;329;;;;2725.0;3752.0
A1,BUCHMEIER,HERMIT,LEEDS,LEIPZIG,LEO739,NRW422;fliegen;;;Verb;;https://www.dwds.de/wb/fliegen;0.0;1074.0;2229;1417.0;53.51;3553.0;881.0;15169.0
BUCHMEIER,HERMIT;Flieger;;;;;;;4989.0;327;;;;5041.0;1705.0
BUCHMEIER,HERMIT;fliegst;;;;;;;6698.0;220;;;;6506.0;1235.0
BUCHMEIER,FEHLER300,HERMIT,LEIPZIG;fliegt;;;;;;;2225.0;914;;;6274.0;2161.0;4983.0
B1,BUCHMEIER,HERMIT,LEEDS,LEIPZIG;fliehen;;;Verb;;https://www.dwds.de/wb/fliehen;0.0;2544.0;776;3292.0;20.26;7873.0;2430.0;4340.0
B1,BUCHMEIER,BW1,HERMIT,LEEDS,LEIPZIG;fließen;;du fließt, ich floss;Verb;;https://www.dwds.de/wb/flie%C3%9Fen;0.0;8044.0;172;2311.0;31.63;3496.0;7919.0;955.0
B1;fließend;;;partizipiales Adjektiv;;https://www.dwds.de/wb/flie%C3%9Fend;0.0;;;;;;;
BUCHMEIER,FEHLER300,HERMIT,LEIPZIG;fließt;;;;;;;5859.0;263;;;5101.0;5447.0;1541.0
BUCHMEIER,HERMIT;Flittchen;;;;;;;8706.0;155;;;;6955.0;1128.0
BUCHMEIER,HERMIT;Flitterwochen;;;;;;;6789.0;216;;;;5767.0;1437.0
BUCHMEIER,HERMIT,LEIPZIG;flog;;;;;;;5120.0;315;;;7539.0;4587.0;1928.0
A2;Flohmarkt;der;;Substantiv;mask.;https://www.dwds.de/wb/Flohmarkt;0.0;;;;;;;
BUCHMEIER,HERMIT,LEIPZIG;Florida;;;;;;;4954.0;330;;;6409.0;4093.0;2233.0
BW3;Flosse;die;;Substantiv;;;;;;;;;;
BUCHMEIER,HERMIT;Flotte;;;;;;;2832.0;678;;;;3848.0;2416.0
BUCHMEIER,HERMIT;Fluch;;;;;;;3500.0;522;;;;2940.0;3386.0
B1,BUCHMEIER,HERMIT,LEEDS,LEIPZIG;Flucht;die;;Substantiv;fem.;https://www.dwds.de/wb/Flucht#1;0.0;2825.0;679;2585.0;27.66;2057.0;2216.0;4844.0
A2,BUCHMEIER,HERMIT,LEEDS,LEIPZIG;Flug;der;;Substantiv;mask.;https://www.dwds.de/wb/Flug;0.0;1717.0;1246;3136.0;21.59;4779.0;1834.0;6126.0
A1,BUCHMEIER,HERMIT,LEEDS,LEIPZIG;Flughafen;der;;Substantiv;mask.;https://www.dwds.de/wb/Flughafen;0.0;2206.0;923;2410.0;30.09;1735.0;2171.0;4960.0
A1,BUCHMEIER,HERMIT,LEEDS,LEIPZIG,LEO739,NRW422;Flugzeug;das;;Substantiv;neutr.;https://www.dwds.de/wb/Flugzeug;0.0;1096.0;2164;2409.0;30.1;3501.0;1300.0;9419.0
BUCHMEIER,HERMIT,LEIPZIG;Flugzeuge;;;;;;;5605.0;277;;;4758.0;5542.0;1507.0
B1,BUCHMEIER,HERMIT;Flur;der;;Substantiv;mask.;https://www.dwds.de/wb/Flur#1;0.0;4788.0;345;;;;4081.0;2239.0
A2,BUCHMEIER,BW3,HERMIT,LEO739;Fluss;der;Flüsse;Substantiv;mask.;https://www.dwds.de/wb/Fluss;0.0;1999.0;1049;;;;1954.0;5711.0
BUCHMEIER,HERMIT,LEIPZIG;Flut;;;;;;;8704.0;155;;;7391.0;8262.0;903.0
BUCHMEIER,LEEDS,LEIPZIG;Fluß;;;;;;;8563.0;158;2100.0;35.35;4189.0;;
B1,LEEDS,LEIPZIG;Fläche;die;;Substantiv;fem.;https://www.dwds.de/wb/Fl%C3%A4che;0.0;;;2228.0;32.96;2576.0;;
B1,BUCHMEIER,BW1;Flöte;die;;Substantiv;fem.;https://www.dwds.de/wb/Fl%C3%B6te;0.0;9458.0;139;;;;;
BUCHMEIER,HERMIT,LEEDS;flüchten;;;;;;;8705.0;155;4448.0;13.66;;7319.0;1060.0
BUCHMEIER,HERMIT,LEIPZIG;Flüchtlinge;;;;;;;9216.0;144;;;1352.0;9672.0;733.0
BUCHMEIER,HERMIT,LEEDS,LEIPZIG;Flügel;;;;;;;3594.0;499;3511.0;18.7;4716.0;3478.0;2740.0
BW3,LEO739;flüssig;;;;;;;;;;;;;
B1,BUCHMEIER,HERMIT;Flüssigkeit;die;;Substantiv;fem.;https://www.dwds.de/wb/Fl%C3%BCssigkeit;0.0;7384.0;193;;;;7430.0;1040.0
BW3,HERMIT;flüstern;;du flüsterst;;;;;;;;;;6997.0;1118.0
BUCHMEIER,HERMIT;flüstert;;;;;;;7606.0;185;;;;3881.0;2392.0
B1,BUCHMEIER,HERMIT,LEEDS,LEIPZIG;Folge;die;;Substantiv;fem.;https://www.dwds.de/wb/Folge;0.0;829.0;3079;362.0;195.13;774.0;1711.0;6711.0
B1,BUCHMEIER,HERMIT,LEEDS,LEIPZIG;folgen;;;Verb;;https://www.dwds.de/wb/folgen;0.0;1257.0;1827;341.0;206.18;999.0;916.0;14452.0
B1,LEEDS;folgend;;;partizipiales Adjektiv;;https://www.dwds.de/wb/folgend;0.0;;;289.0;243.99;;;
BUCHMEIER,HERMIT,LEEDS,LEIPZIG;folgende;;;;;;;8948.0;150;3538.0;18.5;3555.0;7069.0;1106.0
BUCHMEIER,HERMIT,LEIPZIG;folgenden;;;;;;;6498.0;229;;;1716.0;7783.0;978.0
BUCHMEIER,HERMIT;Folgendes;;;;;;;4881.0;337;;;;3160.0;3081.0
LEEDS,LEIPZIG;folglich;;;;;;;;;3426.0;19.3;8760.0;;
BUCHMEIER,HERMIT,LEIPZIG;folgt;;;;;;;2583.0;761;;;1575.0;2006.0;5464.0
BUCHMEIER,HERMIT,LEIPZIG;folgte;;;;;;;6914.0;210;;;2778.0;5314.0;1588.0
BUCHMEIER,HERMIT,LEIPZIG;Folter;;;;;;;6895.0;211;;;8133.0;6287.0;1292.0
BUCHMEIER,HERMIT;foltern;;;;;;;8562.0;158;;;;7713.0;990.0
BUCHMEIER,HERMIT;Football;;;;;;;6272.0;240;;;;4435.0;2029.0
BUCHMEIER,HERMIT,LEEDS,LEIPZIG;for;;;;;;;3196.0;585;725.0;102.51;4507.0;3176.0;3064.0
BUCHMEIER,HERMIT;Force;;;;;;;6720.0;219;;;;5945.0;1386.0
BUCHMEIER,HERMIT,LEIPZIG;Ford;;;;;;;5393.0;292;;;5552.0;4412.0;2043.0
BUCHMEIER,HERMIT;fordere;;;;;;;8084.0;171;;;;6849.0;1149.0
B1,BUCHMEIER,HERMIT,LEEDS,LEIPZIG;fordern;;;Verb;;https://www.dwds.de/wb/fordern;0.0;6763.0;217;415.0;176.04;1501.0;5389.0;1559.0
BUCHMEIER,HERMIT,LEIPZIG;fordert;;;;;;;8339.0;164;;;923.0;7222.0;1078.0
B1,LEEDS,LEIPZIG;Forderung;die;;Substantiv;fem.;https://www.dwds.de/wb/Forderung;0.0;;;836.0;90.11;1163.0;;
BUCHMEIER,HERMIT,LEIPZIG;Forderungen;;;;;;;5765.0;268;;;1544.0;6756.0;1175.0
B1,BUCHMEIER,HERMIT,LEEDS,LEIPZIG;Form;die;;Substantiv;fem.;https://www.dwds.de/wb/Form;0.0;2295.0;876;240.0;286.59;522.0;2049.0;5293.0
LEEDS,LEIPZIG;formal;;;;;;;;;2829.0;24.58;9223.0;;
LEEDS,LEIPZIG;Format;;;;;;;;;3309.0;20.15;6942.0;;
BUCHMEIER,HERMIT,LEEDS,LEIPZIG;Formel;;;;;;;7355.0;194;3356.0;19.79;5252.0;6573.0;1219.0
HERMIT,LEEDS,LEIPZIG;formen;;;;;;;;;3798.0;16.78;2128.0;6915.0;1134.0
A1,BUCHMEIER,LEIPZIG;Formular;das;;Substantiv;neutr.;https://www.dwds.de/wb/Formular;0.0;8523.0;159;;;7797.0;;
LEEDS,LEIPZIG;formulieren;;;;;;;;;1642.0;45.79;9464.0;;
LEEDS,LEIPZIG;Formulierung;;;;;;;;;3025.0;22.58;7120.0;;
HERMIT,LEEDS,LEIPZIG;Forscher;;;;;;;;;2145.0;34.59;1321.0;9995.0;701.0
B1,BUCHMEIER,HERMIT,LEEDS,LEIPZIG;Forschung;die;;Substantiv;fem.;https://www.dwds.de/wb/Forschung;0.0;5678.0;273;848.0;88.44;1659.0;5001.0;1722.0
BUCHMEIER,HERMIT,LEEDS,LEIPZIG;fort;;;;;;;1319.0;1707;1271.0;59.59;2070.0;982.0;13175.0
B1;Fortbildung;die;;Substantiv;fem.;https://www.dwds.de/wb/Fortbildung;0.0;;;;;;;
BUCHMEIER,HERMIT;fortfahren;;;;;;;9457.0;139;;;;8550.0;862.0
B1,BUCHMEIER,HERMIT,LEEDS,LEIPZIG;Fortschritt;der;;Substantiv;mask.;https://www.dwds.de/wb/Fortschritt;0.0;8338.0;164;1414.0;53.61;4203.0;5860.0;1412.0
BUCHMEIER,HERMIT,LEIPZIG;Fortschritte;;;;;;;5506.0;283;;;4687.0;4419.0;2040.0
B1,BUCHMEIER,HERMIT,LEEDS,LEIPZIG;fortsetzen;;;Verb;;https://www.dwds.de/wb/fortsetzen;0.0;9215.0;144;2265.0;32.42;4292.0;8434.0;877.0
B1,BUCHMEIER,HERMIT,LEEDS,LEIPZIG;Fortsetzung;die;;Substantiv;fem.;https://www.dwds.de/wb/Fortsetzung;0.0;9262.0;143;3106.0;21.91;2944.0;8859.0;819.0
B1,LEEDS,LEIPZIG;Forum;das;;Substantiv;neutr.;https://www.dwds.de/wb/Forum;0.0;;;1021.0;74.33;3303.0;;
A1,BUCHMEIER,HERMIT,LEEDS,LEIPZIG;Foto;das;;Substantiv;neutr., fem.;https://www.dwds.de/wb/Foto#1;0.0;1475.0;1493;975.0;77.26;3129.0;1064.0;11901.0
A2;Fotoapparat;der;;Substantiv;mask.;https://www.dwds.de/wb/Fotoapparat;0.0;;;;;;;
B1,BUCHMEIER,HERMIT;Fotograf;der;;Substantiv;mask.;https://www.dwds.de/wb/Fotograf;0.0;8652.0;156;;;;8623.0;851.0
B1;Fotografie;die;;Substantiv;fem.;https://www.dwds.de/wb/Fotografie;0.0;;;;;;;
A2,BUCHMEIER,HERMIT;fotografieren;;;Verb;;https://www.dwds.de/wb/fotografieren;0.0;6894.0;211;;;;6731.0;1179.0
BUCHMEIER,HERMIT,LEIPZIG;Fotos;;;;;;;1652.0;1299;;;3384.0;1251.0;9850.0
BUCHMEIER,HERMIT;Fox;;;;;;;4329.0;391;;;;5495.0;1523.0
BUCHMEIER,HERMIT;Frag;;;;;;;2194.0;929;;;;1322.0;9220.0
A1,BUCHMEIER,BW1,HERMIT,LEEDS,LEIPZIG;Frage;die;fragen, du fragst;Substantiv;fem.;https://www.dwds.de/wb/Frage;0.0;541.0;5513;116.0;591.25;250.0;356.0;47512.0
A1,BUCHMEIER,HERMIT,LEEDS,LEIPZIG,LEO739,NRW422;fragen;;;Verb;;https://www.dwds.de/wb/fragen;0.0;578.0;5123;243.0;281.14;584.0;299.0;58352.0
LEEDS,LEIPZIG;fraglich;;;;;;;;;4395.0;13.86;4969.0;;
BUCHMEIER,HERMIT;fragst;;;;;;;2412.0;822;;;;1950.0;5723.0
BUCHMEIER,HERMIT,LEIPZIG;fragt;;;;;;;2113.0;980;;;1843.0;1678.0;6899.0
BUCHMEIER,HERMIT,LEIPZIG;fragte;;;;;;;1894.0;1122;;;2923.0;1703.0;6757.0
BUCHMEIER,HERMIT;fragten;;;;;;;6555.0;227;;;;6948.0;1129.0
LEEDS,LEIPZIG;Fraktion;;;;;;;;;2735.0;25.63;1965.0;;
BUCHMEIER,HERMIT;Fran;;;;;;;9577.0;137;;;;7318.0;1060.0
BUCHMEIER,HERMIT;Francis;;;;;;;7911.0;176;;;;3506.0;2712.0
BUCHMEIER,HERMIT;Francisco;;;;;;;4303.0;394;;;;3323.0;2915.0
BUCHMEIER,HERMIT;Francs;;;;;;;9324.0;142;;;;6933.0;1131.0
BUCHMEIER,HERMIT,LEEDS,LEIPZIG;Frank;;;;;;;933.0;2652;1871.0;39.75;1938.0;875.0;15303.0
LEEDS,LEIPZIG;Frankfurt;;;;;;;;;989.0;76.48;392.0;;
LEEDS,LEIPZIG;Frankfurter;;;;;;;;;1797.0;41.65;599.0;;
BUCHMEIER,HERMIT;Frankie;;;;;;;4169.0;413;;;;3045.0;3245.0
BUCHMEIER,HERMIT;Franklin;;;;;;;9073.0;147;;;;5362.0;1572.0
BUCHMEIER,HERMIT,LEEDS,LEIPZIG;Frankreich;;;;;;;3295.0;561;766.0;98.08;473.0;1941.0;5746.0
BUCHMEIER,HERMIT,LEEDS,LEIPZIG;Franz;;;;;;;9407.0;140;1687.0;44.37;2077.0;4885.0;1773.0
BUCHMEIER,HERMIT,LEEDS,LEIPZIG;Franzose;;;;;;;9735.0;134;3133.0;21.62;8648.0;8649.0;848.0
BUCHMEIER,HERMIT,LEIPZIG;Franzosen;;;;;;;5660.0;274;;;2016.0;3811.0;2446.0
BUCHMEIER,HERMIT,LEEDS;Französisch;;;;;;;4968.0;329;841.0;89.41;;3183.0;3058.0
BUCHMEIER,HERMIT,LEIPZIG;französische;;;;;;;7605.0;185;;;1274.0;5135.0;1655.0
BUCHMEIER,HERMIT,LEIPZIG;französischen;;;;;;;8226.0;167;;;811.0;5516.0;1515.0
BUCHMEIER,HERMIT;François;;;;;;;7571.0;186;;;;8112.0;925.0
A1,BUCHMEIER,BW1,HERMIT,LEEDS,LEIPZIG,LEO739,NRW422;Frau;die;;Substantiv;fem.;https://www.dwds.de/wb/Frau;0.0;158.0;21600;111.0;606.14;211.0;153.0;143725.0
BUCHMEIER,HERMIT,LEIPZIG;Frauen;;;;;;;507.0;5789;;;234.0;444.0;36457.0
FEHLER300,HERMIT;fraß;;;;;;;;;;;;9904.0;709.0
BUCHMEIER,HERMIT;Freak;;;;;;;6035.0;253;;;;4999.0;1723.0
B1,BUCHMEIER,HERMIT;frech;;;Adjektiv;;https://www.dwds.de/wb/frech;0.0;6401.0;234;;;;5946.0;1386.0
BUCHMEIER,HERMIT;Fred;;;;;;;3696.0;481;;;;2179.0;4935.0
BUCHMEIER,HERMIT;Freddie;;;;;;;9214.0;144;;;;6001.0;1371.0
BUCHMEIER,HERMIT;Freddy;;;;;;;6115.0;249;;;;5061.0;1696.0
A1,BUCHMEIER,HERMIT,LEEDS,LEIPZIG;frei;;;Adjektiv;;https://www.dwds.de/wb/frei;0.0;721.0;3819;290.0;243.57;782.0;602.0;25635.0
LEEDS,LEIPZIG;Freiburg;;;;;;;;;3071.0;22.16;3139.0;;
BUCHMEIER,HERMIT,LEEDS,LEIPZIG;freie;;;;;;;4565.0;366;2039.0;36.43;2084.0;3660.0;2569.0
BUCHMEIER,HERMIT,LEIPZIG;freien;;;;;;;4482.0;374;;;1561.0;3094.0;3180.0
BUCHMEIER,HERMIT,LEIPZIG;freier;;;;;;;6435.0;232;;;4834.0;4270.0;2123.0
BUCHMEIER,HERMIT,LEIPZIG;freigelassen;;;;;;;7481.0;189;;;8334.0;6918.0;1134.0
B1,BUCHMEIER,BW3,HERMIT,LEEDS,LEIPZIG;Freiheit;die;frei;Substantiv;fem.;https://www.dwds.de/wb/Freiheit;0.0;1757.0;1216;670.0;109.51;1280.0;1561.0;7525.0
BUCHMEIER,HERMIT;freilassen;;;;;;;9323.0;142;;;;7630.0;1003.0
LEEDS,LEIPZIG;freilich;;;;;;;;;1348.0;56.05;853.0;;
A1,BUCHMEIER,BW1,HERMIT,LEEDS,LEIPZIG,LEO739,NRW422;Freitag;der;;Substantiv;mask.;https://www.dwds.de/wb/Freitag;0.0;2716.0;717;1044.0;72.85;348.0;2097.0;5148.0
A2,BUCHMEIER,HERMIT,LEEDS,LEIPZIG;freiwillig;;;Adjektiv;;https://www.dwds.de/wb/freiwillig;0.0;3844.0;457;1791.0;41.72;3451.0;2977.0;3334.0
HERMIT,LEIPZIG;freiwillige;;;;;;;;;;;8490.0;8944.0;811.0
A1,BUCHMEIER,HERMIT,LEEDS,LEIPZIG;Freizeit;die;;Substantiv;fem.;https://www.dwds.de/wb/Freizeit;0.0;7972.0;174;3921.0;16.19;4817.0;7185.0;1084.0
A1,BUCHMEIER,HERMIT,LEEDS,LEIPZIG;fremd;;;Adjektiv;;https://www.dwds.de/wb/fremd;0.0;8043.0;172;1213.0;62.25;6136.0;6298.0;1289.0
BUCHMEIER,HERMIT,LEEDS,LEIPZIG;Fremde;;;;;;;5108.0;316;2491.0;28.88;6125.0;2747.0;3708.0
BUCHMEIER,HERMIT,LEIPZIG;Fremden;;;;;;;4302.0;394;;;5026.0;2376.0;4463.0
BUCHMEIER,HERMIT;Fremder;;;;;;;6529.0;228;;;;4386.0;2057.0
B1;Fremdsprache;die;;Substantiv;fem.;https://www.dwds.de/wb/Fremdsprache;0.0;;;;;;;
BUCHMEIER,HERMIT;Frequenz;;;;;;;6762.0;217;;;;7571.0;1014.0
BUCHMEIER,HERMIT;Fresse;;;;;;;3902.0;450;;;;2973.0;3339.0
B1,BUCHMEIER,BW3,FEHLER300,HERMIT,LEEDS,LEO739,NRW422;fressen;;du frisst, ich fraß;Verb;;https://www.dwds.de/wb/fressen;0.0;3970.0;440;3816.0;16.7;;2730.0;3738.0
BUCHMEIER,HERMIT;freu;;;;;;;4845.0;340;;;;3761.0;2481.0
B1,BUCHMEIER,BW1,HERMIT,LEEDS,LEIPZIG;Freude;die;(sich) freuen, du freust dich;Substantiv;fem.;https://www.dwds.de/wb/Freude;0.0;1859.0;1143;1059.0;71.49;1776.0;1433.0;8440.0
BUCHMEIER,HERMIT;Freuden;;;;;;;9261.0;143;;;;8068.0;932.0
BUCHMEIER,HERMIT;freue;;;;;;;2045.0;1019;;;;1420.0;8531.0
A1,BUCHMEIER,HERMIT,LEEDS,LEIPZIG,LEO739,NRW422;freuen;;;Verb;;https://www.dwds.de/wb/freuen;0.0;2320.0;870;751.0;99.34;3386.0;1641.0;7063.0
A1,BUCHMEIER,BW1,FEHLER300,HERMIT,LEEDS,LEIPZIG,LEO739,NRW422;Freund;der;Freunde, Freundin, freundlich;Substantiv;mask.;https://www.dwds.de/wb/Freund;0.0;293.0;10848;372.0;191.18;1354.0;260.0;69586.0
BUCHMEIER,HERMIT;Freundchen;;;;;;;6995.0;207;;;;6916.0;1134.0
BUCHMEIER,HERMIT,LEIPZIG;Freunde;;;;;;;421.0;7033;;;1432.0;382.0;43913.0
BUCHMEIER,HERMIT,LEIPZIG;Freunden;;;;;;;1689.0;1269;;;3416.0;1542.0;7665.0
BUCHMEIER,HERMIT;Freundes;;;;;;;6234.0;242;;;;5106.0;1670.0
A1,BUCHMEIER,HERMIT,LEEDS,LEIPZIG;Freundin;die;;Substantiv;fem.;https://www.dwds.de/wb/Freundin;0.0;643.0;4501;1722.0;43.55;3038.0;543.0;29850.0
BUCHMEIER,HERMIT;Freundinnen;;;;;;;3431.0;534;;;;2793.0;3622.0
A2,BUCHMEIER,BW3,HERMIT,LEEDS,LEIPZIG;freundlich;;Freund, Freundin, Freunde;Adjektiv;;https://www.dwds.de/wb/freundlich;0.0;2579.0;762;1269.0;59.73;4570.0;2124.0;5073.0
B1,BUCHMEIER,HERMIT,LEEDS,LEIPZIG;Freundschaft;die;;Substantiv;fem.;https://www.dwds.de/wb/Freundschaft;0.0;2575.0;763;2753.0;25.4;4699.0;2432.0;4334.0
BUCHMEIER,HERMIT;freust;;;;;;;9786.0;133;;;;5648.0;1472.0
BUCHMEIER,HERMIT,LEIPZIG;Freut;;;;;;;2603.0;754;;;3725.0;1080.0;11693.0
B1,BUCHMEIER,HERMIT,LEEDS;Friede;der;;Substantiv;mask.;https://www.dwds.de/wb/Friede;0.0;9845.0;132;985.0;76.81;;8686.0;843.0
B1,BUCHMEIER,FEHLER300,HERMIT,LEIPZIG;Frieden;der;;Substantiv;mask.;https://www.dwds.de/wb/Frieden;0.0;1380.0;1605;;;1387.0;1207.0;10335.0
BUCHMEIER,HERMIT,LEIPZIG;Friedhof;;;;;;;4912.0;334;;;5487.0;4104.0;2226.0
BUCHMEIER,BW3,HERMIT,LEEDS,LEIPZIG;friedlich;;Frieden;;;;;4880.0;337;2173.0;33.98;7055.0;4484.0;1992.0
HERMIT,LEEDS,LEIPZIG;Friedrich;;;;;;;;;1677.0;44.61;3395.0;9591.0;741.0
B1,BW3;frieren;;du frierst, ich fror;Verb;;https://www.dwds.de/wb/frieren;0.0;;;;;;;
A2,BUCHMEIER,HERMIT,LEEDS,LEIPZIG;frisch;;;Adjektiv;;https://www.dwds.de/wb/frisch;0.0;3097.0;608;1726.0;43.44;4169.0;2285.0;4694.0
BUCHMEIER,HERMIT,LEIPZIG;frische;;;;;;;4180.0;411;;;9070.0;2720.0;3763.0
HERMIT,LEIPZIG;frischen;;;;;;;;;;;8798.0;7456.0;1035.0
B1,BUCHMEIER,HERMIT;Friseur;der;;Substantiv;mask.;https://www.dwds.de/wb/Friseur;0.0;7971.0;174;;;;7543.0;1018.0
BUCHMEIER,HERMIT,LEO739,NRW422;frisst;;;;;;;6480.0;230;;;;4863.0;1783.0
B1,LEEDS,LEIPZIG;Frist;die;;Substantiv;fem.;https://www.dwds.de/wb/Frist;0.0;;;3031.0;22.55;4973.0;;
B1,BUCHMEIER,HERMIT;Frisur;die;;Substantiv;fem.;https://www.dwds.de/wb/Frisur;0.0;5128.0;314;;;;4959.0;1739.0
B1;Frisör;der;;Substantiv;mask.;https://www.dwds.de/wb/Fris%C3%B6r;0.0;;;;;;;
BUCHMEIER,HERMIT,LEEDS,LEIPZIG;Fritz;;;;;;;8607.0;157;2899.0;23.81;3755.0;7393.0;1048.0
A2,BUCHMEIER,FEHLER300,HERMIT,LEEDS,LEIPZIG,LEO739;froh;;;Adjektiv;;https://www.dwds.de/wb/froh;0.0;851.0;2968;2058.0;36.11;3505.0;730.0;19077.0
BUCHMEIER,HERMIT;Frohe;;;;;;;4616.0;361;;;;3336.0;2899.0
BUCHMEIER,HERMIT;Frohes;;;;;;;8892.0;151;;;;6131.0;1337.0
BUCHMEIER,HERMIT,LEEDS;from;;;;;;;6741.0;218;2681.0;26.32;;8469.0;873.0
FEHLER200,FEHLER400;Frondienst;;;;;;;;;;;;;
FEHLER200,FEHLER400;Fronleichnam;;;;;;;;;;;;;
BUCHMEIER,HERMIT,LEEDS,LEIPZIG;Front;;;;;;;5764.0;268;2795.0;24.92;3797.0;4603.0;1920.0
BUCHMEIER,BW1,HERMIT;Frosch;der;Frösche;Substantiv;;;;6233.0;242;;;;5629.0;1478.0
B1,BW3,HERMIT,LEEDS;Frucht;die;Früchte;Substantiv;fem.;https://www.dwds.de/wb/Frucht;0.0;;;2806.0;24.81;;9470.0;753.0
BUCHMEIER,HERMIT;Fräulein;;;;;;;1736.0;1233;;;;1759.0;6438.0
B1,BUCHMEIER,BW3,HERMIT,LEEDS,LEIPZIG,LEO739;fröhlich;;froh;Adjektiv;;https://www.dwds.de/wb/fr%C3%B6hlich;0.0;6003.0;255;3693.0;17.46;9118.0;4965.0;1736.0
FEHLER400;frönen;;;;;;;;;;;;;
BUCHMEIER,HERMIT,LEIPZIG;Früchte;;;;;;;8759.0;154;;;6135.0;7502.0;1027.0
A2,BUCHMEIER,BW3,FEHLER300,HERMIT,LEEDS,LEIPZIG;früh;;früher;Adjektiv;;https://www.dwds.de/wb/fr%C3%BCh;0.0;779.0;3377;330.0;215.81;1787.0;626.0;24189.0
BUCHMEIER,HERMIT,LEIPZIG;frühen;;;;;;;7316.0;196;;;1568.0;6368.0;1271.0
A1,BUCHMEIER,HERMIT,LEEDS,LEIPZIG;früher;;;Adjektiv;;https://www.dwds.de/wb/fr%C3%BCher;0.0;841.0;3017;768.0;97.76;673.0;622.0;24599.0
BUCHMEIER,HERMIT,LEIPZIG;früheren;;;;;;;5596.0;278;;;800.0;5490.0;1523.0
A1,LEEDS,LEIPZIG;Frühjahr;das;;Substantiv;neutr.;https://www.dwds.de/wb/Fr%C3%BChjahr;0.0;;;2395.0;30.32;1472.0;;
A1,BUCHMEIER,BW1,HERMIT,LEIPZIG,LEO739;Frühling;der;;Substantiv;mask.;https://www.dwds.de/wb/Fr%C3%BChling;0.0;5119.0;315;;;7717.0;4987.0;1728.0
A1,BUCHMEIER,BW3,HERMIT,LEEDS,LEIPZIG,LEO739,NRW422;Frühstück;das;;Substantiv;neutr.;https://www.dwds.de/wb/Fr%C3%BChst%C3%BCck;0.0;2068.0;1008;3476.0;18.91;6857.0;1633.0;7121.0
A1,BUCHMEIER,HERMIT;frühstücken;;;Verb;;https://www.dwds.de/wb/fr%C3%BChst%C3%BCcken;0.0;9904.0;131;;;;6411.0;1259.0
LEEDS,LEIPZIG;frühzeitig;;;;;;;;;3945.0;16.04;6373.0;;
BUCHMEIER,HERMIT;Fu;;;;;;;6585.0;225;;;;6856.0;1148.0
BW1,HERMIT,LEIPZIG,LEO739,NRW422;Fuchs;der;Füchse;Substantiv;;;;;;;;6671.0;5116.0;1664.0
BUCHMEIER,HERMIT;Fuck;;;;;;;3593.0;499;;;;2062.0;5233.0
BUCHMEIER,HERMIT,LEEDS;fuer;;;;;;;9406.0;140;2354.0;30.91;;9877.0;712.0
BUCHMEIER,HERMIT,LEIPZIG;fuhr;;;;;;;2709.0;719;;;2642.0;2122.0;5082.0
BUCHMEIER,HERMIT,LEIPZIG;fuhren;;;;;;;5642.0;275;;;7071.0;4608.0;1918.0
LEEDS,LEIPZIG;Fundament;;;;;;;;;4782.0;12.36;9345.0;;
B1;Fundbüro;das;;Substantiv;neutr.;https://www.dwds.de/wb/Fundb%C3%BCro;0.0;;;;;;;
A2;Fundsache;die;;Substantiv;fem.;https://www.dwds.de/wb/Fundsache;0.0;;;;;;;
BUCHMEIER,HERMIT,LEIPZIG;Funk;;;;;;;4557.0;367;;;7978.0;3456.0;2760.0
BUCHMEIER,HERMIT;Funkgerät;;;;;;;6455.0;231;;;;6066.0;1354.0
BUCHMEIER,HERMIT,LEEDS,LEIPZIG;Funktion;;;;;;;8606.0;157;701.0;106.17;938.0;8660.0;847.0
B1,BUCHMEIER,HERMIT,LEEDS,LEIPZIG;funktionieren;;;Verb;;https://www.dwds.de/wb/funktionieren;0.0;1893.0;1122;876.0;85.55;5175.0;1743.0;6541.0
BUCHMEIER,HERMIT,LEIPZIG;funktioniert;;;;;;;796.0;3277;;;2462.0;687.0;20608.0
BUCHMEIER,HERMIT;funktionierte;;;;;;;7412.0;192;;;;9485.0;751.0
BUCHMEIER,HERMIT;fur;;;;;;;6400.0;234;;;;6204.0;1319.0
BUCHMEIER,HERMIT,LEEDS,LEIPZIG;Furcht;;;;;;;4481.0;374;3685.0;17.5;5066.0;4310.0;2097.0
A2,BUCHMEIER,HERMIT,LEEDS;furchtbar;;;Adjektiv;;https://www.dwds.de/wb/furchtbar;0.0;1875.0;1135;3815.0;16.7;;1416.0;8547.0
BUCHMEIER,HERMIT;furchtbare;;;;;;;6719.0;219;;;;5039.0;1706.0
FEHLER400;Furnier;;;;;;;;;;;;;
BUCHMEIER,HERMIT;Futter;;;;;;;9529.0;138;;;;6660.0;1197.0
A1,BUCHMEIER,BW1,FEHLER300,FEHLER400,HERMIT,LEEDS,LEIPZIG,LEO739,NRW422;Fuß;der;Füße;Substantiv;mask.;https://www.dwds.de/wb/Fu%C3%9F;0.0;1480.0;1484;879.0;85.22;2833.0;1239.0;9974.0
A1,BUCHMEIER,BW3,FEHLER400,HERMIT,LEEDS,LEIPZIG;Fußball;der;Fäuste;Substantiv;mask.;https://www.dwds.de/wb/Fu%C3%9Fball;0.0;5531.0;282;3492.0;18.81;1949.0;4872.0;1779.0
B1,LEIPZIG;Fußgänger;der;;Substantiv;mask.;https://www.dwds.de/wb/Fu%C3%9Fg%C3%A4nger;0.0;;;;;6990.0;;
B1;Fußgängerin;die;;Substantiv;fem.;https://www.dwds.de/wb/Fu%C3%9Fg%C3%A4ngerin;0.0;;;;;;;
B1;Fußgängerzone;die;;Substantiv;fem.;https://www.dwds.de/wb/Fu%C3%9Fg%C3%A4ngerzone;0.0;;;;;;;
BUCHMEIER,HERMIT,LEEDS,LEIPZIG;fähig;;;;;;;3155.0;596;3306.0;20.18;8397.0;2983.0;3328.0
B1,BUCHMEIER,HERMIT,LEEDS,LEIPZIG;Fähigkeit;die;;Substantiv;fem.;https://www.dwds.de/wb/F%C3%A4higkeit;0.0;2914.0;660;882.0;84.8;4420.0;4220.0;2152.0
BUCHMEIER,HERMIT,LEIPZIG;Fähigkeiten;;;;;;;2285.0;878;;;4700.0;2666.0;3864.0
B1,BUCHMEIER,HERMIT;Fähre;die;;Substantiv;fem.;https://www.dwds.de/wb/F%C3%A4hre;0.0;9581.0;137;;;;8616.0;852.0
BUCHMEIER,HERMIT;fährst;;;;;;;2711.0;718;;;;2034.0;5379.0
BUCHMEIER,FEHLER300,HERMIT,LEIPZIG,LEO739,NRW422;fährt;;;;;;;1457.0;1516;;;1941.0;1190.0;10441.0
BUCHMEIER,HERMIT,LEIPZIG;Fälle;;;;;;;3421.0;536;;;1678.0;2351.0;4519.0
BUCHMEIER,HERMIT,LEIPZIG;Fällen;;;;;;;6699.0;220;;;1107.0;3928.0;2357.0
B1,BUCHMEIER,HERMIT,LEIPZIG;fällig;;;Adjektiv;;https://www.dwds.de/wb/f%C3%A4llig;0.0;9738.0;134;;;5689.0;7603.0;1008.0
BUCHMEIER,HERMIT;fällst;;;;;;;8487.0;160;;;;8788.0;828.0
BUCHMEIER,FEHLER300,HERMIT,LEIPZIG,LEO739,NRW422;fällt;;;;;;;1018.0;2370;;;894.0;829.0;16206.0
BUCHMEIER,HERMIT;Fälschung;;;;;;;7942.0;175;;;;7989.0;944.0
BUCHMEIER,HERMIT;fängst;;;;;;;5215.0;307;;;;4563.0;1945.0
BUCHMEIER,HERMIT,LEIPZIG,LEO739,NRW422;fängt;;;;;;;1972.0;1067;;;6214.0;1823.0;6182.0
B1;färbig;;;Adjektiv;;https://www.dwds.de/wb/f%C3%A4rbig;0.0;;;;;;;
BUCHMEIER,HERMIT,LEIPZIG;Föderation;;;;;;;9531.0;138;;;7795.0;6556.0;1223.0
B1,LEEDS,LEIPZIG;fördern;;;Verb;;https://www.dwds.de/wb/f%C3%B6rdern;0.0;;;804.0;93.57;2682.0;;
LEEDS,LEIPZIG;Förderung;;;;;;;;;1155.0;65.47;1754.0;;
BUCHMEIER,HERMIT;fühl;;;;;;;3399.0;539;;;;2823.0;3549.0
BUCHMEIER,HERMIT,LEIPZIG;fühle;;;;;;;849.0;2972;;;5853.0;725.0;19176.0
A2,BUCHMEIER,BW3,HERMIT,LEEDS,LEIPZIG;fühlen;;du fühlst;Verb;;https://www.dwds.de/wb/f%C3%BChlen;0.0;1056.0;2277;470.0;153.55;2013.0;844.0;15884.0
BUCHMEIER,HERMIT;fühlst;;;;;;;1868.0;1137;;;;1364.0;8854.0
BUCHMEIER,HERMIT,LEIPZIG;fühlt;;;;;;;1413.0;1562;;;2109.0;1042.0;12151.0
BUCHMEIER,HERMIT,LEIPZIG;fühlte;;;;;;;2223.0;915;;;5012.0;2063.0;5231.0
BUCHMEIER,HERMIT,LEIPZIG;führe;;;;;;;4360.0;388;;;4769.0;2987.0;3320.0
B1,BUCHMEIER,HERMIT,LEEDS,LEIPZIG;führen;;;Verb;;https://www.dwds.de/wb/f%C3%BChren;0.0;1006.0;2397;148.0;487.82;485.0;869.0;15362.0
BUCHMEIER,HERMIT,LEEDS,LEIPZIG;Führer;;;;;;;3057.0;620;1980.0;37.41;2716.0;3018.0;3288.0
B1;Führerausweis;der;;Substantiv;mask.;https://www.dwds.de/wb/F%C3%BChrerausweis;0.0;;;;;;;
A2,BUCHMEIER,HERMIT,LEIPZIG;Führerschein;der;;Substantiv;mask.;https://www.dwds.de/wb/F%C3%BChrerschein;0.0;4191.0;410;;;8911.0;4158.0;2199.0
BUCHMEIER,HERMIT;führst;;;;;;;6604.0;224;;;;5873.0;1406.0
BUCHMEIER,FEHLER300,HERMIT,LEIPZIG;führt;;;;;;;1240.0;1861;;;517.0;1030.0;12305.0
BUCHMEIER,HERMIT,LEIPZIG;führte;;;;;;;3379.0;544;;;1046.0;2990.0;3316.0
BUCHMEIER,HERMIT,LEIPZIG;führten;;;;;;;8996.0;149;;;2831.0;7308.0;1062.0
A1,BUCHMEIER,HERMIT,LEEDS,LEIPZIG;Führung;die;;Substantiv;fem.;https://www.dwds.de/wb/F%C3%BChrung;0.0;4427.0;380;1288.0;58.83;942.0;3559.0;2657.0
LEEDS,LEIPZIG;Fülle;;;;;;;;;3443.0;19.18;5077.0;;
BUCHMEIER,HERMIT,LEEDS,LEIPZIG;füllen;;;;;;;5892.0;261;2177.0;33.88;4865.0;4550.0;1950.0
BW1,LEO739;Füller;der;;Substantiv;;;;;;;;;;
A1,BUCHMEIER,HERMIT,LEEDS,LEIPZIG;fünf;;;Kardinalzahlwort;;https://www.dwds.de/wb/f%C3%BCnf;0.0;720.0;3820;485.0;149.6;207.0;490.0;33424.0
HERMIT,LEIPZIG;fünfte;;;;;;;;;;;5470.0;6816.0;1159.0
BUCHMEIER,HERMIT,LEIPZIG;fünften;;;;;;;9903.0;131;;;3730.0;7380.0;1050.0
A1,HERMIT,LEIPZIG;fünfzehn;;;Kardinalzahlwort;;https://www.dwds.de/wb/f%C3%BCnfzehn;0.0;;;;;5416.0;8962.0;808.0
A1,LEIPZIG;fünfzig;;;Kardinalzahlwort;;https://www.dwds.de/wb/f%C3%BCnfzig;0.0;;;;;3586.0;;
A1,BUCHMEIER,BW1,HERMIT,LEEDS,LEIPZIG,LEO739,NRW111;für;;;Präposition;;https://www.dwds.de/wb/f%C3%BCr#1;0.0;39.0;106195;17.0;5626.39;13.0;31.0;735252.0
BUCHMEIER,HERMIT;fürchte;;;;;;;1662.0;1293;;;;1159.0;10771.0
B1,BUCHMEIER,HERMIT,LEEDS,LEIPZIG;fürchten;;;Verb;;https://www.dwds.de/wb/f%C3%BCrchten;0.0;4452.0;377;1779.0;42.1;2980.0;3161.0;3080.0
BUCHMEIER,HERMIT;fürchterlich;;;;;;;8758.0;154;;;;7467.0;1034.0
BUCHMEIER,HERMIT,LEIPZIG;fürchtet;;;;;;;7315.0;196;;;4368.0;6058.0;1356.0
BUCHMEIER,HERMIT;füreinander;;;;;;;9405.0;140;;;;6646.0;1201.0
BUCHMEIER,HERMIT,LEEDS,LEIPZIG;fürs;;;;;;;1344.0;1667;2710.0;25.89;1945.0;1015.0;12485.0
BUCHMEIER,HERMIT,LEEDS;Fürst;;;;;;;3863.0;455;3178.0;21.17;;5369.0;1569.0
BUCHMEIER,HERMIT;Fürsten;;;;;;;6967.0;208;;;;9334.0;767.0
B1,BUCHMEIER,BW3,HERMIT,LEO739,NRW422;füttern;;du fütterst, Futter;Verb;;https://www.dwds.de/wb/f%C3%BCttern#1;0.0;6358.0;236;;;;4876.0;1778.0
BUCHMEIER,HERMIT,LEIPZIG;Füße;;;;;;;2198.0;927;;;5724.0;1865.0;6035.0
BUCHMEIER,HERMIT,LEIPZIG;Füßen;;;;;;;3796.0;463;;;4499.0;3334.0;2901.0
BUCHMEIER,HERMIT,LEIPZIG;gab;;;;;;;416.0;7121;;;253.0;367.0;46178.0
BUCHMEIER,HERMIT,LEEDS;Gabe;;;;;;;4122.0;419;4427.0;13.72;;3150.0;3095.0
A2,BW1,HERMIT,LEO739,NRW422;Gabel;die;;Substantiv;fem.;https://www.dwds.de/wb/Gabel;0.0;;;;;;9483.0;751.0
BUCHMEIER,HERMIT,LEIPZIG;gaben;;;;;;;3294.0;561;;;2002.0;2543.0;4110.0
BUCHMEIER,HERMIT;Gabriel;;;;;;;5595.0;278;;;;5507.0;1518.0
BUCHMEIER,HERMIT;gabst;;;;;;;9960.0;130;;;;9173.0;784.0
BUCHMEIER,HERMIT;Gaius;;;;;;;4535.0;368;;;;9607.0;739.0
BUCHMEIER,HERMIT;Galactica;;;;;;;3862.0;455;;;;8527.0;865.0
BUCHMEIER,HERMIT;Galaxie;;;;;;;6070.0;251;;;;6698.0;1187.0
B1,FEHLER200,FEHLER400,HERMIT,LEEDS,LEIPZIG;Galerie;die;;Substantiv;fem.;https://www.dwds.de/wb/Galerie;0.0;;;4420.0;13.76;2240.0;7489.0;1030.0
FEHLER200,FEHLER400;Galionsfigur;;;;;;;;;;;;;
FEHLER200,FEHLER400;galoppieren;;;;;;;;;;;;;
HERMIT,LEIPZIG;galt;;;;;;;;;;;1648.0;9349.0;765.0
B1,BUCHMEIER,HERMIT,LEEDS,LEIPZIG;Gang;der;;Substantiv;mask.;https://www.dwds.de/wb/Gang#1;0.0;2018.0;1035;1400.0;54.13;1891.0;1936.0;5761.0
BUCHMEIER,HERMIT;Gangster;;;;;;;4381.0;385;;;;4776.0;1839.0
A2,BUCHMEIER,FEHLER100,FEHLER300,HERMIT,LEEDS,LEIPZIG,LEO739,NRW111;ganz;;;Adjektiv;;https://www.dwds.de/wb/ganz;0.0;178.0;18536;79.0;1096.52;166.0;146.0;149683.0
BUCHMEIER,HERMIT,LEEDS,LEIPZIG;ganze;;;;;;;304.0;10063;1389.0;54.35;500.0;286.0;62461.0
BUCHMEIER,HERMIT;ganzem;;;;;;;8083.0;171;;;;8453.0;875.0
BUCHMEIER,HERMIT,LEIPZIG;ganzen;;;;;;;466.0;6344;;;802.0;436.0;36929.0
BUCHMEIER,HERMIT,LEIPZIG;ganzer;;;;;;;6807.0;215;;;9496.0;6440.0;1250.0
BUCHMEIER,HERMIT,LEIPZIG;ganzes;;;;;;;1630.0;1322;;;5083.0;1374.0;8804.0
B1,BUCHMEIER,HERMIT,LEEDS,LEIPZIG;gar;;;Adjektiv;;https://www.dwds.de/wb/gar#1;0.0;263.0;12016;207.0;325.75;255.0;228.0;82082.0
A2,BUCHMEIER,HERMIT;Garage;die;;Substantiv;fem.;https://www.dwds.de/wb/Garage;0.0;4463.0;376;;;;3442.0;2778.0
B1,BUCHMEIER,HERMIT,LEEDS,LEIPZIG;Garantie;die;;Substantiv;fem.;https://www.dwds.de/wb/Garantie;0.0;7512.0;188;4358.0;14.02;8350.0;7934.0;952.0
BUCHMEIER,HERMIT;garantiere;;;;;;;8703.0;155;;;;7345.0;1057.0
B1,BUCHMEIER,HERMIT,LEEDS,LEIPZIG;garantieren;;;Verb;;https://www.dwds.de/wb/garantieren;0.0;6966.0;208;2604.0;27.38;5532.0;6402.0;1262.0
BUCHMEIER,HERMIT,LEIPZIG;garantiert;;;;;;;4787.0;345;;;3419.0;3969.0;2322.0
B1,BUCHMEIER,FEHLER200,FEHLER400,HERMIT;Garderobe;die;;Substantiv;fem.;https://www.dwds.de/wb/Garderobe;0.0;8891.0;151;;;;6923.0;1133.0
A1,BUCHMEIER,BW1,HERMIT,LEEDS,LEIPZIG;Garten;der;Gärten;Substantiv;mask.;https://www.dwds.de/wb/Garten;0.0;2656.0;737;1884.0;39.57;3208.0;1878.0;5983.0
BUCHMEIER,HERMIT;Gary;;;;;;;4017.0;434;;;;2955.0;3363.0
B1,BUCHMEIER,HERMIT,LEEDS,LEIPZIG;Gas;das;;Substantiv;neutr.;https://www.dwds.de/wb/Gas;0.0;2526.0;782;3890.0;16.32;4022.0;2631.0;3921.0
BUCHMEIER,HERMIT;Gasse;;;;;;;8372.0;163;;;;7152.0;1091.0
A1,BUCHMEIER,BW1,HERMIT,LEEDS,LEIPZIG;Gast;der;Gäste;Substantiv;mask.;https://www.dwds.de/wb/Gast#1;0.0;2732.0;712;947.0;79.66;2503.0;2136.0;5053.0
HERMIT,LEIPZIG;Gastgeber;;;;;;;;;;;3799.0;9513.0;748.0
B1;Gasthaus;das;;Substantiv;neutr.;https://www.dwds.de/wb/Gasthaus;0.0;;;;;;;
B1,LEIPZIG;Gaststätte;die;;Substantiv;fem.;https://www.dwds.de/wb/Gastst%C3%A4tte;0.0;;;;;6313.0;;
BUCHMEIER,HERMIT;Gate;;;;;;;6569.0;226;;;;6768.0;1171.0
BUCHMEIER,HERMIT;Gauner;;;;;;;6254.0;241;;;;6004.0;1371.0
BUCHMEIER,HERMIT;geahnt;;;;;;;9634.0;136;;;;8768.0;831.0
BUCHMEIER,HERMIT;geantwortet;;;;;;;7940.0;175;;;;6049.0;1359.0
BUCHMEIER,HERMIT,LEIPZIG;gearbeitet;;;;;;;1180.0;1958;;;2043.0;1140.0;10961.0
BUCHMEIER,HERMIT;geb;;;;;;;2472.0;799;;;;2101.0;5126.0
FEHLER200,FEHLER400;Gebaren;;;;;;;;;;;;;
BUCHMEIER,HERMIT,LEIPZIG;gebaut;;;;;;;1827.0;1166;;;1473.0;1694.0;6826.0
BUCHMEIER,HERMIT,LEIPZIG;gebe;;;;;;;774.0;3395;;;620.0;662.0;22215.0
A1,BUCHMEIER,HERMIT,LEEDS,LEIPZIG,LEO739,NRW422;geben;;;Verb;;https://www.dwds.de/wb/geben;0.0;289.0;11024;53.0;1730.34;258.0;233.0;78926.0
BUCHMEIER,HERMIT,LEEDS;Gebet;;;;;;;5957.0;258;2733.0;25.63;;5373.0;1566.0
BUCHMEIER,HERMIT;Gebete;;;;;;;6913.0;210;;;;6691.0;1189.0
BUCHMEIER,HERMIT,LEIPZIG;gebeten;;;;;;;1584.0;1371;;;2643.0;1369.0;8836.0
BUCHMEIER,HERMIT;gebetet;;;;;;;9456.0;139;;;;7694.0;992.0
B1,BUCHMEIER,HERMIT,LEEDS,LEIPZIG;Gebiet;das;;Substantiv;neutr.;https://www.dwds.de/wb/Gebiet;0.0;2404.0;827;568.0;128.76;1101.0;2438.0;4315.0
HERMIT,LEEDS,LEIPZIG;gebildet;;;;;;;;;4718.0;12.64;3180.0;9763.0;724.0
B1;Gebirge;das;;Substantiv;neutr.;https://www.dwds.de/wb/Gebirge;0.0;;;;;;;
BUCHMEIER,HERMIT;gebissen;;;;;;;5641.0;275;;;;4211.0;2158.0
BUCHMEIER,HERMIT,LEIPZIG;geblieben;;;;;;;2187.0;933;;;1511.0;1956.0;5711.0
A1,BUCHMEIER,FEHLER400,HERMIT,LEIPZIG;geboren;;;partizipiales Adjektiv;;https://www.dwds.de/wb/geboren;0.0;1390.0;1587;;;1173.0;1181.0;10558.0
HERMIT,LEEDS,LEIPZIG;Gebot;;;;;;;;;3329.0;19.99;8415.0;8916.0;814.0
BUCHMEIER,HERMIT,LEIPZIG;geboten;;;;;;;8813.0;153;;;2959.0;6938.0;1130.0
BUCHMEIER,HERMIT,LEIPZIG;gebracht;;;;;;;827.0;3082;;;559.0;742.0;18552.0
LEEDS,LEIPZIG;Gebrauch;;;;;;;;;1891.0;39.34;3676.0;;
B1,BUCHMEIER,HERMIT,LEEDS;gebrauchen;;;Verb;;https://www.dwds.de/wb/gebrauchen;0.0;2210.0;922;4228.0;14.61;;2026.0;5414.0
B1;Gebrauchsanweisung;die;;Substantiv;fem.;https://www.dwds.de/wb/Gebrauchsanweisung;0.0;;;;;;;
BUCHMEIER,HERMIT,LEEDS,LEIPZIG;gebraucht;;;;;;;2363.0;850;3914.0;16.21;3584.0;2043.0;5319.0
BUCHMEIER,HERMIT,LEIPZIG;gebrochen;;;;;;;2047.0;1018;;;5027.0;1674.0;6915.0
BUCHMEIER,HERMIT;Gebt;;;;;;;2366.0;849;;;;1742.0;6543.0
HERMIT,LEIPZIG;gebucht;;;;;;;;;;;4429.0;7576.0;1013.0
BUCHMEIER,HERMIT,LEIPZIG;gebunden;;;;;;;7666.0;183;;;4354.0;5653.0;1471.0
B1,BUCHMEIER,BW3,HERMIT,LEEDS,LEIPZIG,LEO739,NRW422;Geburt;die;;Substantiv;fem.;https://www.dwds.de/wb/Geburt;0.0;3225.0;578;2025.0;36.59;3685.0;2482.0;4213.0
A1;Geburtsjahr;das;;Substantiv;neutr.;https://www.dwds.de/wb/Geburtsjahr;0.0;;;;;;;
A1;Geburtsort;der;;Substantiv;mask.;https://www.dwds.de/wb/Geburtsort;0.0;;;;;;;
A1,BUCHMEIER,BW3,FEHLER300,HERMIT,LEEDS,LEIPZIG;Geburtstag;der;;Substantiv;mask.;https://www.dwds.de/wb/Geburtstag;0.0;1281.0;1788;2467.0;29.19;1630.0;1192.0;10417.0
B1;Gebäck;das;;Substantiv;neutr.;https://www.dwds.de/wb/Geb%C3%A4ck;0.0;;;;;;;
FEHLER200,FEHLER400,LEEDS;gebären;;;;;;;;;1309.0;57.5;;;
B1,BUCHMEIER,BW3,HERMIT,LEEDS,LEIPZIG;Gebäude;das;bauen;Substantiv;neutr.;https://www.dwds.de/wb/Geb%C3%A4ude;0.0;1315.0;1730;1293.0;58.5;1093.0;1336.0;9086.0
BUCHMEIER,LEIPZIG;Gebäudes;;;;;;;8371.0;163;;;5829.0;;
B1,LEEDS,LEIPZIG;Gebühr;die;;Substantiv;fem.;https://www.dwds.de/wb/Geb%C3%BChr;0.0;;;2950.0;23.25;6778.0;;
FEHLER200,FEHLER400;Gecko;;;;;;;;;;;;;
BUCHMEIER,HERMIT,LEIPZIG;gedacht;;;;;;;676.0;4228;;;1619.0;583.0;26691.0
B1,BUCHMEIER,HERMIT,LEEDS,LEIPZIG;Gedanke;der;;Substantiv;mask.;https://www.dwds.de/wb/Gedanke;0.0;3243.0;573;500.0;145.04;5465.0;2870.0;3487.0
BUCHMEIER,HERMIT,LEIPZIG;Gedanken;;;;;;;1035.0;2339;;;1491.0;991.0;12995.0
BUCHMEIER,HERMIT;gedauert;;;;;;;4310.0;393;;;;3722.0;2516.0
HERMIT,LEIPZIG;gedeckt;;;;;;;;;;;6676.0;9305.0;771.0
B1,BUCHMEIER,HERMIT,LEEDS,LEIPZIG;Gedicht;das;;Substantiv;neutr.;https://www.dwds.de/wb/Gedicht;0.0;6114.0;249;2327.0;31.33;5701.0;5075.0;1688.0
BUCHMEIER,HERMIT,LEIPZIG;Gedichte;;;;;;;8119.0;170;;;3324.0;7095.0;1101.0
BUCHMEIER,HERMIT;gedient;;;;;;;8002.0;173;;;;7162.0;1089.0
BUCHMEIER,HERMIT,LEIPZIG;gedreht;;;;;;;2519.0;783;;;5698.0;4411.0;2043.0
HERMIT,LEIPZIG;gedroht;;;;;;;;;;;5431.0;7549.0;1018.0
HERMIT,LEIPZIG;gedrängt;;;;;;;;;;;5978.0;9968.0;703.0
BUCHMEIER,HERMIT,LEIPZIG;gedrückt;;;;;;;6848.0;213;;;6668.0;7220.0;1078.0
B1,BUCHMEIER,HERMIT,LEEDS,LEIPZIG;Geduld;die;;Substantiv;fem.;https://www.dwds.de/wb/Geduld;0.0;2753.0;702;4078.0;15.29;5733.0;2345.0;4537.0
BUCHMEIER,HERMIT;geduldig;;;;;;;9322.0;142;;;;7460.0;1034.0
BUCHMEIER,HERMIT,LEEDS,LEIPZIG;Gedächtnis;;;;;;;3426.0;535;3216.0;20.85;6415.0;3188.0;3049.0
BUCHMEIER,HERMIT,LEIPZIG;geehrt;;;;;;;7332.0;195;;;9019.0;6683.0;1190.0
B1,BUCHMEIER,HERMIT,LEEDS,LEIPZIG;geeignet;;;partizipiales Adjektiv;;https://www.dwds.de/wb/geeignet;0.0;7331.0;195;934.0;80.61;3020.0;6243.0;1305.0
B1,BUCHMEIER,HERMIT,LEEDS,LEIPZIG;Gefahr;die;;Substantiv;fem.;https://www.dwds.de/wb/Gefahr;0.0;1190.0;1942;580.0;124.7;797.0;985.0;13071.0
BUCHMEIER,HERMIT,LEIPZIG;gefahren;;;;;;;1835.0;1159;;;3189.0;1356.0;8919.0
A1,BUCHMEIER,BW3,FEHLER300,HERMIT,LEEDS,LEIPZIG,LEO739,NRW422;gefallen;;es gefällt;Verb;;https://www.dwds.de/wb/gefallen#1;0.0;819.0;3120;1655.0;45.34;1437.0;516.0;31368.0
BUCHMEIER,HERMIT,LEEDS,LEIPZIG;gefangen;;;;;;;1669.0;1287;2201.0;33.43;7989.0;1507.0;7896.0
BUCHMEIER,HERMIT,LEIPZIG;Gefangene;;;;;;;5324.0;297;;;7578.0;3863.0;2407.0
BUCHMEIER,HERMIT,LEIPZIG;Gefangenen;;;;;;;3701.0;480;;;5076.0;2718.0;3766.0
BUCHMEIER,HERMIT;Gefangener;;;;;;;6434.0;232;;;;5466.0;1536.0
BUCHMEIER,HERMIT;gefasst;;;;;;;4396.0;383;;;;3666.0;2564.0
BUCHMEIER,HERMIT;Gefecht;;;;;;;8042.0;172;;;;7160.0;1090.0
BUCHMEIER,HERMIT;gefehlt;;;;;;;4978.0;328;;;;3720.0;2517.0
BUCHMEIER,HERMIT,LEIPZIG;gefeiert;;;;;;;8702.0;155;;;2855.0;5917.0;1393.0
BUCHMEIER,HERMIT;gefesselt;;;;;;;5461.0;287;;;;4746.0;1852.0
BUCHMEIER,HERMIT;gefeuert;;;;;;;2166.0;945;;;;2030.0;5404.0
BUCHMEIER,HERMIT;gefickt;;;;;;;4988.0;327;;;;4656.0;1898.0
BUCHMEIER,HERMIT;gefiel;;;;;;;3815.0;461;;;;4032.0;2273.0
BUCHMEIER,HERMIT;gefilmt;;;;;;;7480.0;189;;;;8340.0;891.0
BUCHMEIER,HERMIT,LEIPZIG;geflogen;;;;;;;3604.0;498;;;7322.0;3796.0;2456.0
BUCHMEIER,HERMIT,LEIPZIG;geflohen;;;;;;;4634.0;359;;;9018.0;4592.0;1924.0
BUCHMEIER,HERMIT,LEIPZIG;gefolgt;;;;;;;3008.0;632;;;4191.0;2649.0;3889.0
BUCHMEIER,HERMIT;gefoltert;;;;;;;8225.0;167;;;;7025.0;1113.0
LEEDS,LEIPZIG;gefordert;;;;;;;;;4792.0;12.33;1067.0;;
BUCHMEIER,HERMIT,LEIPZIG;gefragt;;;;;;;929.0;2665;;;1594.0;789.0;17247.0
BUCHMEIER,HERMIT;gefressen;;;;;;;5858.0;263;;;;5276.0;1603.0
BUCHMEIER,HERMIT;gefreut;;;;;;;4966.0;329;;;;3314.0;2925.0
BUCHMEIER,HERMIT,LEIPZIG;gefunden;;;;;;;371.0;8012;;;627.0;320.0;53083.0
BUCHMEIER,HERMIT,LEEDS,LEIPZIG;gefährden;;;;;;;7177.0;201;2344.0;31.06;5364.0;5957.0;1383.0
BUCHMEIER,HERMIT,LEIPZIG;gefährdet;;;;;;;7314.0;196;;;2208.0;5636.0;1475.0
A2,BUCHMEIER,BW3,FEHLER300,HERMIT,LEEDS,LEIPZIG,LEO739,NRW422;gefährlich;;Gefahr;Adjektiv;;https://www.dwds.de/wb/gef%C3%A4hrlich;0.0;1060.0;2258;1261.0;60.03;3137.0;932.0;14049.0
BUCHMEIER,HERMIT,LEIPZIG;gefährliche;;;;;;;6034.0;253;;;6188.0;5455.0;1539.0
BUCHMEIER,HERMIT,LEIPZIG;gefährlichen;;;;;;;8407.0;162;;;6047.0;8074.0;931.0
BUCHMEIER,HERMIT,LEIPZIG;gefährlicher;;;;;;;7236.0;199;;;8992.0;6262.0;1301.0
BUCHMEIER,HERMIT;gefälligst;;;;;;;4295.0;395;;;;4343.0;2079.0
BUCHMEIER,HERMIT,LEIPZIG;gefällt;;;;;;;691.0;4085;;;3989.0;545.0;29665.0
BUCHMEIER,HERMIT;gefälscht;;;;;;;8651.0;156;;;;7591.0;1009.0
B1,BUCHMEIER,HERMIT,LEEDS,LEIPZIG;Gefängnis;das;;Substantiv;neutr.;https://www.dwds.de/wb/Gef%C3%A4ngnis;0.0;943.0;2632;2211.0;33.27;2078.0;790.0;17175.0
B1,BUCHMEIER,HERMIT,LEEDS,LEIPZIG;Gefühl;das;;Substantiv;neutr.;https://www.dwds.de/wb/Gef%C3%BChl;0.0;830.0;3077;520.0;140.2;1582.0;753.0;18285.0
BUCHMEIER,HERMIT,LEIPZIG;Gefühle;;;;;;;1249.0;1843;;;3514.0;1238.0;9980.0
BUCHMEIER,HERMIT,LEIPZIG;Gefühlen;;;;;;;6130.0;248;;;9318.0;6060.0;1355.0
BUCHMEIER,HERMIT;gefühlt;;;;;;;3337.0;551;;;;2873.0;3484.0
BUCHMEIER,HERMIT,LEEDS,LEIPZIG;geführt;;;;;;;3127.0;602;4165.0;14.92;735.0;2639.0;3906.0
BUCHMEIER,HERMIT,LEIPZIG;gefüllt;;;;;;;7910.0;176;;;4645.0;6844.0;1150.0
BUCHMEIER,HERMIT,LEIPZIG;gegangen;;;;;;;845.0;3003;;;1428.0;752.0;18296.0
BUCHMEIER,HERMIT,LEEDS,LEIPZIG;gegeben;;;;;;;706.0;3983;3008.0;22.68;455.0;652.0;22620.0
FEHLER400,LEEDS,LEIPZIG;gegebenenfalls;;;;;;;;;3961.0;15.92;6370.0;;
A1,BUCHMEIER,BW3,HERMIT,LEEDS,LEIPZIG;gegen;;;Präposition;;https://www.dwds.de/wb/gegen;0.0;331.0;8966;88.0;879.17;66.0;290.0;61438.0
B1,BUCHMEIER,HERMIT,LEEDS,LEIPZIG;Gegend;die;;Substantiv;fem.;https://www.dwds.de/wb/Gegend;0.0;1645.0;1305;2050.0;36.24;3735.0;1382.0;8754.0
BUCHMEIER,HERMIT;Gegenleistung;;;;;;;9369.0;141;;;;9192.0;782.0
BUCHMEIER,HERMIT;Gegenmittel;;;;;;;8406.0;162;;;;9007.0;801.0
B1,BUCHMEIER,HERMIT,LEEDS,LEIPZIG;Gegensatz;der;;Substantiv;mask.;https://www.dwds.de/wb/Gegensatz;0.0;5078.0;319;926.0;82.08;1846.0;4986.0;1728.0
BUCHMEIER,HERMIT,LEEDS,LEIPZIG;gegenseitig;;;;;;;2697.0;721;1459.0;51.99;3811.0;2607.0;3971.0
B1,BUCHMEIER,HERMIT,LEEDS,LEIPZIG;Gegenstand;der;;Substantiv;mask.;https://www.dwds.de/wb/Gegenstand;0.0;8337.0;164;1104.0;68.98;4001.0;8159.0;918.0
HERMIT,LEIPZIG;Gegenstände;;;;;;;;;;;6965.0;9762.0;724.0
A2,BUCHMEIER,HERMIT,LEEDS,LEIPZIG;Gegenteil;das;;Substantiv;neutr.;https://www.dwds.de/wb/Gegenteil;0.0;3150.0;597;1263.0;59.99;1844.0;2219.0;4837.0
BUCHMEIER,HERMIT,LEEDS,LEIPZIG;Gegenwart;;;;;;;4301.0;394;1820.0;40.94;2717.0;4111.0;2223.0
LEEDS,LEIPZIG;gegenwärtig;;;;;;;;;1115.0;68.34;2341.0;;
HERMIT,LEIPZIG;Gegenzug;;;;;;;;;;;4791.0;7626.0;1004.0
A2,BUCHMEIER,HERMIT,LEEDS,LEIPZIG;gegenüber;;;Präposition;;https://www.dwds.de/wb/gegen%C3%BCber#1;0.0;1637.0;1315;275.0;255.78;289.0;1257.0;9781.0
BUCHMEIER,HERMIT;gegessen;;;;;;;1461.0;1509;;;;1399.0;8640.0
BUCHMEIER,HERMIT,LEIPZIG;geglaubt;;;;;;;2430.0;815;;;7256.0;2027.0;5409.0
B1,BUCHMEIER,HERMIT,LEEDS,LEIPZIG;Gegner;der;;Substantiv;mask.;https://www.dwds.de/wb/Gegner;0.0;2726.0;714;1197.0;63.13;1176.0;3272.0;2965.0
BUCHMEIER,HERMIT,LEEDS,LEIPZIG;gegründet;;;;;;;9321.0;142;4245.0;14.51;1396.0;7396.0;1047.0
BUCHMEIER,HERMIT;gegrüßt;;;;;;;8995.0;149;;;;8156.0;918.0
BUCHMEIER,HERMIT;geguckt;;;;;;;9213.0;144;;;;9630.0;737.0
BUCHMEIER,HERMIT;Geh;;;;;;;365.0;8075;;;;246.0;74468.0
BUCHMEIER,HERMIT,LEIPZIG;gehabt;;;;;;;1309.0;1740;;;1376.0;1110.0;11266.0
A2,BUCHMEIER,HERMIT,LEEDS,LEIPZIG;Gehalt;das;;Substantiv;neutr., mask.;https://www.dwds.de/wb/Gehalt#2;0.0;5913.0;260;3069.0;22.16;4876.0;4997.0;1724.0
BUCHMEIER,HERMIT,LEIPZIG;gehalten;;;;;;;2050.0;1017;;;1328.0;1733.0;6595.0
BUCHMEIER,HERMIT,LEIPZIG;gehandelt;;;;;;;6875.0;212;;;2031.0;6218.0;1314.0
BUCHMEIER,HERMIT;gehasst;;;;;;;6033.0;253;;;;4737.0;1855.0
BUCHMEIER,HERMIT,LEIPZIG;gehe;;;;;;;436.0;6777;;;1129.0;377.0;44502.0
BUCHMEIER,HERMIT;geheilt;;;;;;;4911.0;334;;;;4508.0;1975.0
B1,BUCHMEIER,HERMIT,LEEDS;geheim;;;Adjektiv;;https://www.dwds.de/wb/geheim;0.0;3396.0;540;2705.0;25.95;;2643.0;3899.0
BUCHMEIER,HERMIT,LEIPZIG;Geheimdienst;;;;;;;6232.0;242;;;7421.0;6104.0;1343.0
BUCHMEIER,HERMIT;geheime;;;;;;;4758.0;348;;;;4035.0;2270.0
BUCHMEIER,HERMIT,LEIPZIG;geheimen;;;;;;;4695.0;353;;;8663.0;4212.0;2157.0
B1,BUCHMEIER,BW3,HERMIT,LEEDS,LEIPZIG;Geheimnis;das;;Substantiv;neutr.;https://www.dwds.de/wb/Geheimnis;0.0;1288.0;1770;2230.0;32.93;3689.0;1242.0;9948.0
BUCHMEIER,HERMIT;Geheimnisse;;;;;;;2475.0;798;;;;2046.0;5301.0
BUCHMEIER,HERMIT;geheiratet;;;;;;;2442.0;811;;;;2009.0;5458.0
A1,BUCHMEIER,BW3,FEHLER100,HERMIT,LEEDS,LEIPZIG,LEO739,NRW422;gehen;;du gehst, ich ging;Verb;;https://www.dwds.de/wb/gehen;0.0;116.0;31102;67.0;1229.4;299.0;106.0;213952.0
BUCHMEIER,HERMIT,LEEDS,LEIPZIG;Gehirn;;;;;;;1591.0;1360;1968.0;37.57;4437.0;1715.0;6685.0
BUCHMEIER,HERMIT;gehofft;;;;;;;2641.0;741;;;;2222.0;4831.0
BUCHMEIER,HERMIT,LEIPZIG;geholfen;;;;;;;1545.0;1411;;;4609.0;1403.0;8597.0
BUCHMEIER,HERMIT,LEIPZIG;geholt;;;;;;;2954.0;648;;;4656.0;2546.0;4105.0
BUCHMEIER,HERMIT;gehorchen;;;;;;;6623.0;223;;;;5593.0;1490.0
BUCHMEIER,HERMIT;gehst;;;;;;;651.0;4439;;;;552.0;28954.0
B1;Gehsteig;der;;Substantiv;mask.;https://www.dwds.de/wb/Gehsteig;0.0;;;;;;;
BUCHMEIER,FEHLER300,HERMIT,LEIPZIG;geht;;;;;;;119.0;30722;;;162.0;81.0;290919.0
BUCHMEIER,HERMIT;gehts;;;;;;;1737.0;1232;;;;2569.0;4057.0
BUCHMEIER,HERMIT;gehängt;;;;;;;8757.0;154;;;;7892.0;958.0
FEHLER400,HERMIT,LEIPZIG;Gehör;;;;;;;;;;;9614.0;9088.0;794.0
BUCHMEIER,HERMIT,LEIPZIG;gehöre;;;;;;;3720.0;476;;;4623.0;3230.0;3008.0
A1,BUCHMEIER,FEHLER400,HERMIT,LEEDS,LEIPZIG;gehören;;;Verb;;https://www.dwds.de/wb/geh%C3%B6ren;0.0;1547.0;1410;205.0;327.98;588.0;1272.0;9662.0
BUCHMEIER,HERMIT;gehörst;;;;;;;3744.0;471;;;;3139.0;3109.0
BUCHMEIER,HERMIT,LEIPZIG;gehört;;;;;;;231.0;14151;;;358.0;210.0;89459.0
BUCHMEIER,HERMIT,LEIPZIG;gehörte;;;;;;;3635.0;493;;;2231.0;2742.0;3718.0
HERMIT,LEIPZIG;gehörten;;;;;;;;;;;3201.0;9663.0;734.0
BUCHMEIER,HERMIT;Geier;;;;;;;8187.0;168;;;;7592.0;1009.0
BUCHMEIER,HERMIT;geil;;;;;;;3670.0;487;;;;2894.0;3454.0
BUCHMEIER,HERMIT;geirrt;;;;;;;4615.0;361;;;;3632.0;2595.0
BUCHMEIER,FEHLER400,HERMIT;Geisel;;;;;;;4016.0;434;;;;4734.0;1857.0
BUCHMEIER,HERMIT,LEIPZIG;Geiseln;;;;;;;3116.0;605;;;5180.0;4048.0;2260.0
FEHLER400;Geiselnahme;;;;;;;;;;;;;
BUCHMEIER,HERMIT,LEEDS,LEIPZIG;Geist;;;;;;;1189.0;1942;654.0;111.85;2371.0;1145.0;10882.0
BUCHMEIER,HERMIT,LEIPZIG;Geister;;;;;;;2651.0;738;;;8293.0;2780.0;3641.0
BUCHMEIER,HERMIT;Geistern;;;;;;;9902.0;131;;;;9711.0;729.0
BUCHMEIER,HERMIT;Geistes;;;;;;;8186.0;168;;;;7113.0;1099.0
BUCHMEIER,HERMIT,LEEDS,LEIPZIG;geistig;;;;;;;9683.0;135;1015.0;74.71;8478.0;9454.0;755.0
FEHLER400;Geißel;;;;;;;;;;;;;
FEHLER400;geißeln;;;;;;;;;;;;;
FEHLER400;Geißelung;;;;;;;;;;;;;
BUCHMEIER,HERMIT;gejagt;;;;;;;5077.0;319;;;;4136.0;2210.0
BUCHMEIER,HERMIT;gekannt;;;;;;;5867.0;262;;;;4179.0;2178.0
BUCHMEIER,HERMIT,LEIPZIG;gekauft;;;;;;;1377.0;1608;;;3098.0;1129.0;11123.0
BUCHMEIER,HERMIT;geklappt;;;;;;;4359.0;388;;;;3668.0;2562.0
BUCHMEIER,HERMIT;geklaut;;;;;;;2395.0;830;;;;2342.0;4546.0
BUCHMEIER,HERMIT,LEIPZIG;geklärt;;;;;;;5100.0;317;;;3149.0;4075.0;2242.0
BUCHMEIER,HERMIT;gekocht;;;;;;;5283.0;301;;;;4840.0;1799.0
BUCHMEIER,HERMIT,LEIPZIG;gekommen;;;;;;;524.0;5672;;;511.0;495.0;33073.0
BUCHMEIER,HERMIT,LEIPZIG;gekostet;;;;;;;3677.0;485;;;4932.0;3495.0;2721.0
BUCHMEIER,HERMIT;gekriegt;;;;;;;2343.0;861;;;;2429.0;4340.0
BUCHMEIER,HERMIT,LEIPZIG;gekämpft;;;;;;;3487.0;524;;;6729.0;3079.0;3197.0
BUCHMEIER,HERMIT;gekümmert;;;;;;;4128.0;418;;;;3297.0;2942.0
BUCHMEIER,HERMIT,LEIPZIG;gekündigt;;;;;;;7353.0;194;;;7134.0;5258.0;1609.0
BUCHMEIER,HERMIT;geküsst;;;;;;;3414.0;537;;;;3038.0;3260.0
BUCHMEIER,HERMIT;gelacht;;;;;;;4953.0;330;;;;5227.0;1621.0
BUCHMEIER,HERMIT,LEIPZIG;geladen;;;;;;;4735.0;350;;;5638.0;4440.0;2025.0
BUCHMEIER,HERMIT,LEIPZIG;gelandet;;;;;;;3385.0;543;;;8068.0;2884.0;3469.0
BUCHMEIER,HERMIT,LEIPZIG;gelang;;;;;;;9033.0;148;;;1566.0;8234.0;906.0
BUCHMEIER,HERMIT,LEEDS,LEIPZIG;gelangen;;;;;;;5213.0;307;1182.0;64.17;1712.0;4764.0;1845.0
BUCHMEIER,HERMIT,LEIPZIG;gelangt;;;;;;;8118.0;170;;;4387.0;7844.0;967.0
BUCHMEIER,HERMIT,LEEDS,LEIPZIG;gelassen;;;;;;;1500.0;1453;4849.0;12.1;2244.0;1353.0;8959.0
FEHLER200,FEHLER400;Gelatine;;;;;;;;;;;;;
BUCHMEIER,HERMIT,LEIPZIG;gelaufen;;;;;;;2006.0;1046;;;4626.0;1712.0;6702.0
A1,BW3,FEHLER300,HERMIT,LEEDS,LEO739,NRW422;gelb;;gelbe;Adjektiv;;https://www.dwds.de/wb/gelb;0.0;;;3088.0;22.03;;5955.0;1385.0
BUCHMEIER,HERMIT,LEIPZIG;gelbe;;;;;;;8405.0;162;;;8742.0;7275.0;1067.0
BUCHMEIER,HERMIT,LEIPZIG;gelben;;;;;;;7695.0;182;;;6821.0;7310.0;1062.0
A1,BUCHMEIER,BW3,FEHLER300,HERMIT,LEEDS,LEIPZIG;Geld;das;Gelder;Substantiv;neutr.;https://www.dwds.de/wb/Geld;0.0;209.0;16264;295.0;240.25;276.0;193.0;98052.0
B1;Geldautomat;der;;Substantiv;mask.;https://www.dwds.de/wb/Geldautomat;0.0;;;;;;;
A2;Geldbörse;die;;Substantiv;fem.;https://www.dwds.de/wb/Geldb%C3%B6rse;0.0;;;;;;;
BUCHMEIER,HERMIT,LEIPZIG;Geldes;;;;;;;7909.0;176;;;7357.0;6144.0;1333.0
BUCHMEIER,HERMIT,LEIPZIG;gelebt;;;;;;;3096.0;608;;;5429.0;2671.0;3854.0
BUCHMEIER,HERMIT,LEEDS,LEIPZIG;gelegen;;;;;;;7806.0;179;4158.0;14.96;2652.0;6338.0;1278.0
B1,BUCHMEIER,HERMIT,LEEDS,LEIPZIG;Gelegenheit;die;;Substantiv;fem.;https://www.dwds.de/wb/Gelegenheit;0.0;1958.0;1073;1139.0;66.36;1773.0;1644.0;7056.0
HERMIT,LEEDS,LEIPZIG;gelegentlich;;;;;;;;;2093.0;35.54;2878.0;7119.0;1098.0
BUCHMEIER,HERMIT,LEIPZIG;gelegt;;;;;;;3081.0;612;;;1737.0;2685.0;3829.0
BUCHMEIER,HERMIT,LEEDS;gelehrt;;;;;;;8117.0;170;4551.0;13.28;;6364.0;1271.0
BUCHMEIER,HERMIT,LEIPZIG;geleistet;;;;;;;4358.0;388;;;3443.0;4599.0;1920.0
BUCHMEIER,HERMIT,LEIPZIG;geleitet;;;;;;;8444.0;161;;;4701.0;7852.0;966.0
BUCHMEIER,HERMIT,LEIPZIG;gelernt;;;;;;;1062.0;2256;;;2629.0;1088.0;11562.0
BUCHMEIER,HERMIT,LEIPZIG;gelesen;;;;;;;1193.0;1934;;;3372.0;1128.0;11141.0
BUCHMEIER,HERMIT,LEEDS;geliebt;;;;;;;1626.0;1327;3143.0;21.54;;1271.0;9662.0
BUCHMEIER,HERMIT,LEIPZIG;Geliebte;;;;;;;5260.0;303;;;9946.0;3291.0;2946.0
BUCHMEIER,HERMIT,LEIPZIG;geliebten;;;;;;;8404.0;162;;;9607.0;4345.0;2077.0
BUCHMEIER,HERMIT;Geliebter;;;;;;;9368.0;141;;;;5774.0;1436.0
BUCHMEIER,HERMIT,LEIPZIG;geliefert;;;;;;;5445.0;288;;;3798.0;4488.0;1990.0
BUCHMEIER,HERMIT;geliehen;;;;;;;7383.0;193;;;;6026.0;1365.0
B1,HERMIT,LEEDS,LEIPZIG;gelingen;;;Verb;;https://www.dwds.de/wb/gelingen;0.0;;;526.0;138.57;4328.0;9021.0;800.0
BUCHMEIER,HERMIT,LEIPZIG;gelingt;;;;;;;7313.0;196;;;2205.0;5861.0;1411.0
BUCHMEIER,HERMIT,LEIPZIG;gelitten;;;;;;;8116.0;170;;;8943.0;5781.0;1435.0
BUCHMEIER,HERMIT;gelogen;;;;;;;2337.0;863;;;;1845.0;6081.0
B1,BUCHMEIER,HERMIT,LEEDS,LEIPZIG;gelten;;;Verb;;https://www.dwds.de/wb/gelten;0.0;7205.0;200;190.0;349.35;919.0;5964.0;1381.0
LEEDS,LEIPZIG;geltend;;;;;;;;;1772.0;42.3;4762.0;;
BUCHMEIER,HERMIT,LEEDS,LEIPZIG;gelungen;;;;;;;5726.0;270;3708.0;17.38;1551.0;5341.0;1578.0
BUCHMEIER,HERMIT;Gelächter;;;;;;;6554.0;227;;;;4562.0;1947.0
BUCHMEIER,HERMIT;gelähmt;;;;;;;9785.0;133;;;;8657.0;847.0
BUCHMEIER,HERMIT,LEEDS,LEIPZIG;Gelände;;;;;;;6231.0;242;3211.0;20.89;1747.0;4684.0;1884.0
BUCHMEIER,HERMIT,LEIPZIG;gelöscht;;;;;;;5677.0;273;;;4974.0;4947.0;1746.0
BUCHMEIER,HERMIT,LEIPZIG;gelöst;;;;;;;4015.0;434;;;3310.0;3223.0;3013.0
BUCHMEIER,HERMIT,LEEDS,LEIPZIG;gemacht;;;;;;;210.0;16191;4164.0;14.93;294.0;199.0;94261.0
BUCHMEIER,HERMIT,LEIPZIG;gemalt;;;;;;;5212.0;307;;;9381.0;5594.0;1490.0
BUCHMEIER,HERMIT,LEEDS,LEIPZIG;gemein;;;;;;;2672.0;730;4384.0;13.91;9615.0;2578.0;4029.0
BUCHMEIER,HERMIT,LEEDS,LEIPZIG;Gemeinde;;;;;;;5009.0;325;677.0;108.57;1205.0;3520.0;2696.0
LEEDS,LEIPZIG;Gemeinderat;;;;;;;;;3548.0;18.39;3558.0;;
B1,BUCHMEIER,HERMIT,LEEDS,LEIPZIG;gemeinsam;;;Adjektiv;;https://www.dwds.de/wb/gemeinsam;0.0;1710.0;1251;263.0;264.99;683.0;1402.0;8615.0
BUCHMEIER,HERMIT,LEIPZIG;gemeinsame;;;;;;;6847.0;213;;;1409.0;4984.0;1728.0
BUCHMEIER,HERMIT,LEIPZIG;gemeinsamen;;;;;;;7382.0;193;;;1211.0;6401.0;1262.0
HERMIT,LEIPZIG;gemeinsames;;;;;;;;;;;6278.0;9194.0;782.0
B1,BUCHMEIER,HERMIT,LEEDS,LEIPZIG;Gemeinschaft;die;;Substantiv;fem.;https://www.dwds.de/wb/Gemeinschaft;0.0;7731.0;181;1020.0;74.34;2367.0;5765.0;1438.0
BUCHMEIER,HERMIT,LEIPZIG;gemeint;;;;;;;1867.0;1138;;;3315.0;1692.0;6830.0
BUCHMEIER,HERMIT,LEIPZIG;gemeldet;;;;;;;3436.0;533;;;2432.0;2488.0;4199.0
BUCHMEIER,HERMIT,LEIPZIG;gemerkt;;;;;;;3273.0;567;;;9985.0;3019.0;3288.0
LEEDS,LEIPZIG;gemessen;;;;;;;;;4827.0;12.18;3385.0;;
BUCHMEIER,HERMIT;gemietet;;;;;;;9734.0;134;;;;7736.0;986.0
BUCHMEIER,HERMIT;gemocht;;;;;;;5676.0;273;;;;5525.0;1513.0
BUCHMEIER,HERMIT,LEIPZIG;Gemälde;;;;;;;5562.0;280;;;5159.0;4537.0;1960.0
FEHLER400,HERMIT,LEEDS,LEIPZIG;gemäß;;;;;;;;;1193.0;63.5;3950.0;7671.0;997.0
A1,BUCHMEIER,BW1,HERMIT,LEIPZIG,LEO739;Gemüse;das;;Substantiv;neutr.;https://www.dwds.de/wb/Gem%C3%BCse;0.0;5411.0;290;;;6605.0;4861.0;1784.0
B1,BUCHMEIER,HERMIT,LEEDS;gemütlich;;;Adjektiv;;https://www.dwds.de/wb/gem%C3%BCtlich;0.0;5410.0;290;3963.0;15.92;;4228.0;2146.0
HERMIT,LEEDS,LEIPZIG;Gen;;;;;;;;;3562.0;18.33;8467.0;7254.0;1071.0
BUCHMEIER,HERMIT,LEEDS,LEIPZIG;genannt;;;;;;;1549.0;1409;693.0;107.21;967.0;1567.0;7481.0
A2,BUCHMEIER,HERMIT,LEEDS,LEIPZIG;genau;;;Adjektiv;;https://www.dwds.de/wb/genau;0.0;262.0;12096;210.0;325.51;478.0;171.0;117667.0
BUCHMEIER,HERMIT,LEIPZIG;genaue;;;;;;;6846.0;213;;;4056.0;6468.0;1244.0
BUCHMEIER,HERMIT,LEIPZIG;genauer;;;;;;;4892.0;336;;;4078.0;3753.0;2487.0
B1,BUCHMEIER,HERMIT,LEEDS,LEIPZIG;genauso;;;Adverb;;https://www.dwds.de/wb/genauso;0.0;982.0;2502;1051.0;72.37;1656.0;764.0;18069.0
BUCHMEIER,HERMIT,LEIPZIG;Gene;;;;;;;5140.0;313;;;6543.0;5053.0;1699.0
B1,LEEDS;genehmigen;;;Verb;;https://www.dwds.de/wb/genehmigen;0.0;;;4653.0;12.87;;;
BUCHMEIER,HERMIT,LEIPZIG;genehmigt;;;;;;;8605.0;157;;;4128.0;7908.0;956.0
BUCHMEIER,HERMIT,LEEDS,LEIPZIG;Genehmigung;;;;;;;7352.0;194;2996.0;22.75;2961.0;5950.0;1385.0
BUCHMEIER,HERMIT,LEEDS,LEIPZIG;General;;;;;;;1001.0;2409;1921.0;38.66;2304.0;884.0;15146.0
B1,BUCHMEIER,HERMIT,LEEDS,LEIPZIG;Generation;die;;Substantiv;fem.;https://www.dwds.de/wb/Generation;0.0;5640.0;275;1045.0;72.76;1736.0;4335.0;2084.0
BUCHMEIER,HERMIT,LEIPZIG;Generationen;;;;;;;7511.0;188;;;4314.0;6300.0;1288.0
BUCHMEIER,HERMIT;Generator;;;;;;;8484.0;160;;;;8776.0;830.0
LEEDS,LEIPZIG;generell;;;;;;;;;1681.0;44.42;4409.0;;
BUCHMEIER,HERMIT,LEEDS;genial;;;;;;;5352.0;295;3871.0;16.45;;3674.0;2554.0
BUCHMEIER,HERMIT;Genick;;;;;;;7411.0;192;;;;6110.0;1340.0
BUCHMEIER,HERMIT;Genie;;;;;;;2689.0;724;;;;2652.0;3884.0
BUCHMEIER,HERMIT;genieße;;;;;;;9121.0;146;;;;5548.0;1506.0
B1,BUCHMEIER,FEHLER400,HERMIT,LEEDS,LEIPZIG;genießen;;;Verb;;https://www.dwds.de/wb/genie%C3%9Fen;0.0;3180.0;590;1363.0;55.53;4202.0;2151.0;5006.0
BUCHMEIER,HERMIT,LEIPZIG;genießt;;;;;;;8185.0;168;;;5721.0;5079.0;1686.0
BUCHMEIER,FEHLER300,HERMIT,LEIPZIG;genommen;;;;;;;862.0;2918;;;754.0;766.0;17993.0
BUCHMEIER,HERMIT,LEEDS;Genosse;;;;;;;6018.0;254;3518.0;18.65;;5113.0;1665.0
BUCHMEIER,HERMIT,LEIPZIG;genossen;;;;;;;8000.0;173;;;3643.0;4466.0;2005.0
BUCHMEIER,HERMIT;Gentleman;;;;;;;4987.0;327;;;;3515.0;2700.0
BUCHMEIER,HERMIT;Gentlemen;;;;;;;2535.0;779;;;;2158.0;4986.0
A2,BUCHMEIER,HERMIT,LEEDS,LEIPZIG,LEO739,NRW422;genug;;;Indefinitpronomen;;https://www.dwds.de/wb/genug;0.0;326.0;9191;545.0;132.9;653.0;287.0;62381.0
BUCHMEIER,HERMIT,LEIPZIG;genutzt;;;;;;;9260.0;143;;;1532.0;7283.0;1065.0
LEEDS,LEIPZIG;Genuß;;;;;;;;;3499.0;18.77;5530.0;;
B1,HERMIT,LEEDS,LEIPZIG;genügen;;;Verb;;https://www.dwds.de/wb/gen%C3%BCgen;0.0;;;1842.0;40.28;7013.0;8259.0;903.0
BUCHMEIER,HERMIT,LEEDS,LEIPZIG;genügend;;;;;;;5177.0;310;1975.0;37.46;2506.0;4837.0;1800.0
BUCHMEIER,HERMIT,LEIPZIG;genügt;;;;;;;4910.0;334;;;4558.0;3772.0;2474.0
BUCHMEIER,HERMIT;geopfert;;;;;;;6253.0;241;;;;5930.0;1390.0
HERMIT,LEEDS,LEIPZIG;Georg;;;;;;;;;2339.0;31.13;2626.0;7281.0;1066.0
BUCHMEIER,HERMIT,LEEDS,LEIPZIG;George;;;;;;;1037.0;2332;2323.0;31.43;6897.0;958.0;13673.0
BUCHMEIER,HERMIT;Georgie;;;;;;;9120.0;146;;;;9631.0;737.0
BUCHMEIER,HERMIT;gepackt;;;;;;;5971.0;257;;;;5037.0;1707.0
BUCHMEIER,HERMIT,LEEDS,LEIPZIG;geplant;;;;;;;1970.0;1068;1278.0;59.23;849.0;1791.0;6314.0
BUCHMEIER,HERMIT;geplatzt;;;;;;;8561.0;158;;;;8435.0;877.0
LEEDS,LEIPZIG;geprägt;;;;;;;;;4506.0;13.45;2596.0;;
BUCHMEIER,HERMIT,LEIPZIG;geprüft;;;;;;;7970.0;174;;;2744.0;6509.0;1234.0
A1,BUCHMEIER,HERMIT,LEIPZIG;Gepäck;das;;Substantiv;neutr.;https://www.dwds.de/wb/Gep%C3%A4ck;0.0;4221.0;405;;;9457.0;3448.0;2770.0
A1,BUCHMEIER,HERMIT,LEEDS,LEIPZIG,LEO739,NRW422;gerade;;;Adverb;;https://www.dwds.de/wb/gerade#2;0.0;204.0;16406;173.0;393.31;274.0;183.0;104130.0
A1,BUCHMEIER,HERMIT;geradeaus;;;Adverb;;https://www.dwds.de/wb/geradeaus;0.0;7286.0;197;;;;5002.0;1722.0
BUCHMEIER,HERMIT,LEEDS,LEIPZIG;geradezu;;;;;;;9633.0;136;2103.0;35.26;2048.0;7953.0;948.0
BUCHMEIER,HERMIT;gerannt;;;;;;;7601.0;185;;;;7218.0;1079.0
BUCHMEIER,HERMIT,LEEDS,LEIPZIG;geraten;;;;;;;2725.0;714;949.0;79.52;1239.0;2504.0;4168.0
FEHLER400;Geratewohl;;;;;;;;;;;;;
BUCHMEIER,HERMIT;geraucht;;;;;;;6144.0;247;;;;6087.0;1347.0
LEEDS,LEIPZIG;Gerd;;;;;;;;;4946.0;11.78;5023.0;;
BUCHMEIER,HERMIT,LEIPZIG;gerechnet;;;;;;;6893.0;211;;;2149.0;5690.0;1461.0
B1,BUCHMEIER,HERMIT,LEEDS,LEIPZIG;gerecht;;;Adjektiv;;https://www.dwds.de/wb/gerecht;0.0;5300.0;299;2207.0;33.3;3056.0;4735.0;1856.0
BUCHMEIER,HERMIT,LEEDS,LEIPZIG;Gerechtigkeit;;;;;;;2870.0;669;2043.0;36.39;3421.0;2350.0;4524.0
BUCHMEIER,HERMIT;Gerede;;;;;;;5815.0;265;;;;4360.0;2068.0
BUCHMEIER,HERMIT,LEIPZIG;geredet;;;;;;;1439.0;1535;;;6013.0;1199.0;10392.0
BUCHMEIER,HERMIT,LEIPZIG;geregelt;;;;;;;7330.0;195;;;5028.0;5849.0;1413.0
HERMIT,LEIPZIG;gereicht;;;;;;;;;;;9272.0;8608.0;853.0
BUCHMEIER,HERMIT;gereist;;;;;;;6832.0;214;;;;7098.0;1101.0
BUCHMEIER,HERMIT,LEIPZIG;gerettet;;;;;;;1022.0;2360;;;4553.0;974.0;13362.0
LEEDS,LEIPZIG;Gerhard;;;;;;;;;2142.0;34.66;2063.0;;
A2,BUCHMEIER,HERMIT,LEEDS,LEIPZIG;Gericht;das;;Substantiv;neutr.;https://www.dwds.de/wb/Gericht#1;0.0;1874.0;1135;792.0;94.92;647.0;1225.0;10088.0
BUCHMEIER,HERMIT,LEIPZIG;gerichtet;;;;;;;5814.0;265;;;4517.0;5388.0;1560.0
LEEDS,LEIPZIG;Gerichtshof;;;;;;;;;3955.0;15.96;5726.0;;
BUCHMEIER,HERMIT,LEIPZIG;geriet;;;;;;;8812.0;153;;;3170.0;7777.0;978.0
B1,LEEDS,LEIPZIG;gering;;;Adjektiv;;https://www.dwds.de/wb/gering;0.0;;;481.0;150.35;2644.0;;
BUCHMEIER,HERMIT;geringste;;;;;;;7600.0;185;;;;5180.0;1639.0
BUCHMEIER,HERMIT,LEIPZIG;gerissen;;;;;;;4998.0;326;;;8005.0;4581.0;1933.0
BUCHMEIER,HERMIT;German;;;;;;;5813.0;265;;;;2513.0;4151.0
A1,BUCHMEIER,BW1,HERMIT,LEEDS,LEIPZIG,LEO739,NRW422;gern;;;Adverb;;https://www.dwds.de/wb/gern;0.0;446.0;6709;1084.0;70.04;1148.0;328.0;52147.0
A1,BUCHMEIER,HERMIT,LEEDS,LEIPZIG;gerne;;;Adverb;;https://www.dwds.de/wb/gerne;0.0;568.0;5239;592.0;121.77;1071.0;416.0;38739.0
BUCHMEIER,HERMIT,LEIPZIG;Geruch;;;;;;;3549.0;511;;;9791.0;3379.0;2851.0
BUCHMEIER,HERMIT,LEIPZIG;gerufen;;;;;;;2761.0;700;;;4140.0;2396.0;4427.0
A2,BUCHMEIER,HERMIT,LEEDS,LEIPZIG;Gerät;das;;Substantiv;neutr.;https://www.dwds.de/wb/Ger%C3%A4t;0.0;3171.0;592;1195.0;63.24;2885.0;2416.0;4375.0
BUCHMEIER,HERMIT,LEIPZIG;Geräte;;;;;;;8756.0;154;;;3185.0;6163.0;1330.0
BUCHMEIER,HERMIT,LEEDS;Geräusch;;;;;;;3190.0;587;3253.0;20.6;;2917.0;3410.0
BUCHMEIER,HERMIT;Geräusche;;;;;;;4746.0;349;;;;4500.0;1981.0
BUCHMEIER,HERMIT,LEEDS;Gerücht;;;;;;;5008.0;325;3875.0;16.4;;5582.0;1494.0
BUCHMEIER,HERMIT,LEIPZIG;Gerüchte;;;;;;;4282.0;397;;;4338.0;3486.0;2736.0
BUCHMEIER,HERMIT;gerührt;;;;;;;9259.0;143;;;;8126.0;924.0
BUCHMEIER,HERMIT,LEIPZIG;gesagt;;;;;;;148.0;23480;;;769.0;152.0;144870.0
BUCHMEIER,HERMIT,LEIPZIG;gesammelt;;;;;;;8147.0;169;;;3951.0;7356.0;1054.0
B1,FEHLER200,FEHLER400,LEEDS;gesamt;;;Adjektiv;;https://www.dwds.de/wb/gesamt;0.0;;;444.0;161.49;;;
BUCHMEIER,HERMIT,LEIPZIG;gesamte;;;;;;;2483.0;795;;;960.0;2385.0;4449.0
BUCHMEIER,HERMIT,LEIPZIG;gesamten;;;;;;;3685.0;484;;;993.0;3793.0;2459.0
BUCHMEIER,HERMIT,LEEDS,LEIPZIG;Gesang;;;;;;;5936.0;259;3592.0;18.12;6907.0;4410.0;2043.0
BUCHMEIER,HERMIT,LEIPZIG;geschaffen;;;;;;;3716.0;477;;;1380.0;3620.0;2602.0
BUCHMEIER,HERMIT,LEEDS,LEIPZIG;geschafft;;;;;;;817.0;3134;4961.0;11.75;2567.0;755.0;18271.0
BUCHMEIER,HERMIT,LEIPZIG;geschah;;;;;;;2391.0;833;;;5015.0;1933.0;5771.0
BUCHMEIER,HERMIT;geschaut;;;;;;;8336.0;164;;;;7141.0;1093.0
B1,BUCHMEIER,HERMIT,LEEDS,LEIPZIG,LEO739,NRW422;geschehen;;;Verb;;https://www.dwds.de/wb/geschehen;0.0;1027.0;2352;558.0;131.15;2120.0;877.0;15259.0
HERMIT,LEIPZIG;gescheitert;;;;;;;;;;;2262.0;9594.0;741.0
A1,BUCHMEIER,BW1,HERMIT,LEEDS,LEIPZIG;Geschenk;das;schenken;Substantiv;neutr.;https://www.dwds.de/wb/Geschenk;0.0;1292.0;1766;2917.0;23.6;6889.0;1125.0;11166.0
BUCHMEIER,HERMIT;Geschenke;;;;;;;3823.0;460;;;;3002.0;3307.0
BUCHMEIER,HERMIT,LEIPZIG;geschenkt;;;;;;;3477.0;526;;;7939.0;2683.0;3836.0
A2,BUCHMEIER,HERMIT,LEEDS,LEIPZIG,LEO739,NRW422;Geschichte;die;;Substantiv;fem.;https://www.dwds.de/wb/Geschichte;0.0;533.0;5601;226.0;303.21;316.0;496.0;33070.0
BUCHMEIER,HERMIT,LEIPZIG;Geschichten;;;;;;;2231.0;909;;;2163.0;1892.0;5943.0
BUCHMEIER,HERMIT,LEEDS,LEIPZIG;geschickt;;;;;;;1067.0;2240;1847.0;40.18;2062.0;944.0;13831.0
B1,BUCHMEIER,HERMIT;geschieden;;;partizipiales Adjektiv;;https://www.dwds.de/wb/geschieden;0.0;6129.0;248;;;;4865.0;1783.0
BUCHMEIER,HERMIT,LEIPZIG;geschieht;;;;;;;1916.0;1099;;;2905.0;1839.0;6101.0
A2,HERMIT;Geschirr;das;;Substantiv;neutr.;https://www.dwds.de/wb/Geschirr#1;0.0;;;;;;8358.0;889.0
BUCHMEIER,HERMIT;geschlafen;;;;;;;1481.0;1482;;;;1253.0;9823.0
BUCHMEIER,HERMIT,LEIPZIG;geschlagen;;;;;;;1629.0;1325;;;2672.0;1573.0;7452.0
B1,BUCHMEIER,HERMIT,LEEDS,LEIPZIG;Geschlecht;das;;Substantiv;neutr.;https://www.dwds.de/wb/Geschlecht;0.0;7875.0;177;2000.0;37.05;8843.0;7789.0;977.0
A1,BUCHMEIER,HERMIT,LEEDS,LEIPZIG;geschlossen;;;partizipiales Adjektiv;;https://www.dwds.de/wb/geschlossen;0.0;2109.0;981;2836.0;24.51;1123.0;1728.0;6616.0
BUCHMEIER,HERMIT;geschluckt;;;;;;;9782.0;133;;;;8979.0;806.0
B1,BUCHMEIER,HERMIT,LEEDS,LEIPZIG;Geschmack;der;;Substantiv;mask.;https://www.dwds.de/wb/Geschmack;0.0;3064.0;617;3321.0;20.06;4763.0;2606.0;3971.0
BUCHMEIER,HERMIT;geschmissen;;;;;;;9528.0;138;;;;9687.0;732.0
BUCHMEIER,HERMIT;geschnappt;;;;;;;3795.0;463;;;;3505.0;2713.0
BUCHMEIER,HERMIT;geschnitten;;;;;;;4070.0;427;;;;4873.0;1778.0
BUCHMEIER,HERMIT,LEIPZIG;geschossen;;;;;;;2199.0;926;;;5092.0;1903.0;5901.0
BUCHMEIER,HERMIT;Geschrei;;;;;;;7449.0;190;;;;6014.0;1368.0
BUCHMEIER,FEHLER300,HERMIT,LEIPZIG;geschrieben;;;;;;;1166.0;2004;;;1272.0;1035.0;12221.0
B1,BUCHMEIER,HERMIT,LEEDS,LEIPZIG;Geschwindigkeit;die;;Substantiv;fem.;https://www.dwds.de/wb/Geschwindigkeit;0.0;4327.0;391;2384.0;30.49;3612.0;4279.0;2119.0
B1;Geschwindigkeitsbeschränkung;die;;Substantiv;fem.;https://www.dwds.de/wb/Geschwindigkeitsbeschr%C3%A4nkung;0.0;;;;;;;
A1,BUCHMEIER,HERMIT,LEEDS;Geschwister;das;;Substantiv;neutr.;https://www.dwds.de/wb/Geschwister;0.0;8041.0;172;4721.0;12.62;;7036.0;1112.0
BUCHMEIER,HERMIT;geschworen;;;;;;;6095.0;250;;;;4856.0;1787.0
BUCHMEIER,HERMIT;Geschworenen;;;;;;;7204.0;200;;;;5934.0;1389.0
A1,BUCHMEIER,FEHLER300,HERMIT,LEEDS,LEIPZIG;Geschäft;das;;Substantiv;neutr.;https://www.dwds.de/wb/Gesch%C3%A4ft;0.0;1010.0;2389;1069.0;71.01;916.0;878.0;15254.0
BUCHMEIER,HERMIT,LEIPZIG;Geschäfte;;;;;;;2170.0;943;;;1765.0;1922.0;5808.0
HERMIT,LEIPZIG;Geschäften;;;;;;;;;;;6087.0;9727.0;728.0
BUCHMEIER,HERMIT;geschäftlich;;;;;;;7312.0;196;;;;5576.0;1496.0
HERMIT,LEEDS,LEIPZIG;Geschäftsführer;;;;;;;;;2759.0;25.33;1091.0;8472.0;872.0
BUCHMEIER,HERMIT,LEIPZIG;Geschäftsmann;;;;;;;6718.0;219;;;7827.0;5837.0;1418.0
BUCHMEIER,HERMIT,LEIPZIG;geschützt;;;;;;;6584.0;225;;;4401.0;6184.0;1324.0
BUCHMEIER,HERMIT;gesegnet;;;;;;;9119.0;146;;;;6229.0;1310.0
BUCHMEIER,HERMIT,LEIPZIG;gesehen;;;;;;;202.0;16535;;;810.0;185.0;103106.0
B1,BUCHMEIER,HERMIT,LEEDS,LEIPZIG;Gesellschaft;die;;Substantiv;fem.;https://www.dwds.de/wb/Gesellschaft;0.0;1582.0;1374;245.0;278.4;393.0;1325.0;9216.0
BUCHMEIER,HERMIT;gesendet;;;;;;;7050.0;205;;;;8653.0;847.0
BUCHMEIER,FEHLER100,FEHLER300,HERMIT;gesessen;;;;;;;5058.0;321;;;;4571.0;1939.0
B1,BUCHMEIER,HERMIT,LEEDS,LEIPZIG;Gesetz;das;;Substantiv;neutr.;https://www.dwds.de/wb/Gesetz;0.0;1727.0;1237;406.0;179.82;915.0;1401.0;8620.0
BUCHMEIER,HERMIT,LEIPZIG;Gesetze;;;;;;;4451.0;377;;;2756.0;3708.0;2527.0
HERMIT,LEIPZIG;Gesetzes;;;;;;;;;;;5186.0;8972.0;807.0
LEEDS,LEIPZIG;Gesetzgeber;;;;;;;;;3455.0;19.06;4450.0;;
LEEDS,LEIPZIG;gesetzlich;;;;;;;;;1093.0;69.65;5183.0;;
BUCHMEIER,HERMIT,LEIPZIG;gesetzt;;;;;;;2591.0;758;;;869.0;2298.0;4669.0
BUCHMEIER,HERMIT,LEIPZIG;gesichert;;;;;;;4832.0;341;;;2229.0;4294.0;2107.0
BUCHMEIER,BW1,HERMIT,LEEDS,LEIPZIG;Gesicht;das;Gesichter;Substantiv;;;;596.0;4927;721.0;102.88;1223.0;571.0;27489.0
BUCHMEIER,HERMIT,LEIPZIG;Gesichter;;;;;;;3620.0;495;;;4984.0;3656.0;2575.0
BUCHMEIER,HERMIT;gesichtet;;;;;;;9733.0;134;;;;9056.0;797.0
BUCHMEIER,HERMIT,LEIPZIG;gesorgt;;;;;;;6230.0;242;;;3175.0;4739.0;1854.0
B1,BUCHMEIER,HERMIT,LEEDS,LEIPZIG;gespannt;;;partizipiales Adjektiv;;https://www.dwds.de/wb/gespannt;0.0;5970.0;257;4702.0;12.7;6436.0;4765.0;1843.0
BUCHMEIER,HERMIT,LEIPZIG;gespart;;;;;;;9165.0;145;;;6397.0;8612.0;852.0
BUCHMEIER,HERMIT,LEIPZIG;gesperrt;;;;;;;6788.0;216;;;3101.0;5940.0;1387.0
BUCHMEIER,HERMIT,LEIPZIG;gespielt;;;;;;;1528.0;1423;;;1526.0;1462.0;8254.0
BUCHMEIER,HERMIT,LEIPZIG;gesprochen;;;;;;;980.0;2520;;;1631.0;799.0;16898.0
BUCHMEIER,HERMIT;gesprungen;;;;;;;5639.0;275;;;;5928.0;1391.0
A1,BUCHMEIER,HERMIT,LEEDS,LEIPZIG;Gespräch;das;;Substantiv;neutr.;https://www.dwds.de/wb/Gespr%C3%A4ch;0.0;2074.0;1002;529.0;136.91;736.0;1593.0;7342.0
BUCHMEIER,HERMIT,LEIPZIG;Gespräche;;;;;;;5812.0;265;;;1146.0;4728.0;1860.0
BUCHMEIER,HERMIT;gespürt;;;;;;;6568.0;226;;;;5241.0;1614.0
BUCHMEIER,HERMIT,LEEDS,LEIPZIG;Gestalt;;;;;;;5624.0;276;1507.0;50.57;3102.0;6598.0;1214.0
HERMIT,LEEDS,LEIPZIG;gestalten;;;;;;;;;1224.0;61.52;3317.0;7855.0;965.0
LEEDS,LEIPZIG;Gestaltung;;;;;;;;;2068.0;35.94;3178.0;;
BUCHMEIER,HERMIT,LEIPZIG;gestanden;;;;;;;4931.0;332;;;3510.0;3560.0;2656.0
BUCHMEIER,HERMIT;Gestank;;;;;;;6328.0;237;;;;6841.0;1152.0
BUCHMEIER,HERMIT,LEIPZIG;gestartet;;;;;;;7479.0;189;;;2940.0;6978.0;1121.0
HERMIT,LEEDS;gestatten;;;;;;;;;3044.0;22.45;;4839.0;1799.0
BUCHMEIER,HERMIT,LEIPZIG;gestattet;;;;;;;7351.0;194;;;8214.0;7159.0;1090.0
BUCHMEIER,HERMIT,LEEDS,LEIPZIG;Geste;;;;;;;8224.0;167;4839.0;12.13;6050.0;6389.0;1266.0
BUCHMEIER,HERMIT,LEIPZIG;gesteckt;;;;;;;3446.0;532;;;5989.0;3100.0;3166.0
BUCHMEIER,HERMIT,LEEDS;gestehen;;;;;;;5430.0;289;2616.0;27.21;;4389.0;2050.0
BUCHMEIER,HERMIT,LEEDS,LEIPZIG;gestellt;;;;;;;1948.0;1080;3814.0;16.7;621.0;1672.0;6927.0
A1,BUCHMEIER,BW3,HERMIT,LEEDS,LEIPZIG,LEO739,NRW422;gestern;;;Adverb;;https://www.dwds.de/wb/gestern;0.0;734.0;3727;996.0;76.08;257.0;475.0;34095.0
BUCHMEIER,HERMIT,LEIPZIG;gestiegen;;;;;;;6761.0;217;;;1444.0;5901.0;1399.0
BUCHMEIER,HERMIT,LEIPZIG;gestohlen;;;;;;;1286.0;1778;;;4736.0;1131.0;11108.0
BUCHMEIER,HERMIT,LEIPZIG;gestoppt;;;;;;;7203.0;200;;;4620.0;7763.0;981.0
BUCHMEIER,HERMIT,LEIPZIG;gestorben;;;;;;;975.0;2533;;;2101.0;870.0;15359.0
BUCHMEIER,HERMIT,LEIPZIG;gestoßen;;;;;;;6002.0;255;;;4578.0;4660.0;1896.0
BUCHMEIER,HERMIT,LEIPZIG;gestrichen;;;;;;;5912.0;260;;;3391.0;6271.0;1296.0
BUCHMEIER,HERMIT,LEIPZIG;gestritten;;;;;;;6740.0;218;;;9545.0;4490.0;1990.0
BUCHMEIER,HERMIT,LEIPZIG;Geständnis;;;;;;;5857.0;263;;;8361.0;4304.0;2101.0
BUCHMEIER,HERMIT,LEIPZIG;gestört;;;;;;;3988.0;438;;;6431.0;3444.0;2777.0
BUCHMEIER,HERMIT,LEIPZIG;gestürzt;;;;;;;7262.0;198;;;6446.0;5895.0;1401.0
BUCHMEIER,HERMIT,LEIPZIG;gesucht;;;;;;;1427.0;1550;;;2103.0;1147.0;10874.0
A2,BUCHMEIER,FEHLER300,HERMIT,LEEDS,LEIPZIG,LEO739,NRW422;gesund;;;Adjektiv;;https://www.dwds.de/wb/gesund;0.0;1777.0;1200;1413.0;53.61;6321.0;1453.0;8331.0
HERMIT,LEIPZIG;gesunde;;;;;;;;;;;8306.0;8966.0;807.0
HERMIT,LEIPZIG;gesunden;;;;;;;;;;;7854.0;9236.0;778.0
A2,BUCHMEIER,HERMIT,LEEDS,LEIPZIG;Gesundheit;die;;Substantiv;fem.;https://www.dwds.de/wb/Gesundheit;0.0;4136.0;417;1460.0;51.96;2677.0;2967.0;3349.0
LEEDS,LEIPZIG;Gesundheitswesen;;;;;;;;;4852.0;12.09;7977.0;;
BUCHMEIER,HERMIT,LEIPZIG;gesungen;;;;;;;5638.0;275;;;8821.0;5066.0;1693.0
HERMIT,LEIPZIG;gesunken;;;;;;;;;;;3243.0;9743.0;725.0
BUCHMEIER,HERMIT;get;;;;;;;9367.0;141;;;;6042.0;1361.0
BUCHMEIER,HERMIT,LEIPZIG;getan;;;;;;;306.0;9974;;;1614.0;276.0;64404.0
BUCHMEIER,HERMIT;getanzt;;;;;;;7082.0;204;;;;5695.0;1459.0
BUCHMEIER,HERMIT,LEIPZIG;geteilt;;;;;;;7049.0;205;;;7757.0;6237.0;1307.0
BUCHMEIER,HERMIT,LEIPZIG;getestet;;;;;;;5429.0;289;;;6501.0;6342.0;1277.0
BUCHMEIER,HERMIT,LEIPZIG;getragen;;;;;;;4242.0;403;;;2740.0;3711.0;2526.0
B1,BUCHMEIER,HERMIT,LEEDS,LEIPZIG;getrennt;;;partizipiales Adjektiv;;https://www.dwds.de/wb/getrennt;0.0;2515.0;784;3019.0;22.61;2899.0;2113.0;5101.0
BUCHMEIER,HERMIT,LEIPZIG;getreten;;;;;;;4745.0;349;;;4935.0;5110.0;1666.0
BUCHMEIER,HERMIT,LEIPZIG;getrieben;;;;;;;4523.0;369;;;4403.0;4180.0;2176.0
BUCHMEIER,HERMIT,LEIPZIG;getroffen;;;;;;;814.0;3150;;;1514.0;771.0;17775.0
BUCHMEIER,HERMIT;getrunken;;;;;;;2218.0;918;;;;1785.0;6343.0
A1,HERMIT,LEEDS;Getränk;das;;Substantiv;neutr.;https://www.dwds.de/wb/Getr%C3%A4nk;0.0;;;4354.0;14.04;;9355.0;764.0
BUCHMEIER,HERMIT,LEIPZIG;Getränke;;;;;;;8994.0;149;;;8823.0;7525.0;1023.0
BUCHMEIER,HERMIT;geträumt;;;;;;;3331.0;553;;;;2829.0;3543.0
BUCHMEIER,HERMIT;getäuscht;;;;;;;7434.0;191;;;;6123.0;1338.0
BUCHMEIER,HERMIT,LEIPZIG;getötet;;;;;;;607.0;4802;;;1385.0;520.0;31223.0
BUCHMEIER,HERMIT,LEIPZIG;gewachsen;;;;;;;4909.0;334;;;3157.0;4365.0;2065.0
HERMIT,LEIPZIG;gewagt;;;;;;;;;;;9422.0;8717.0;839.0
BUCHMEIER,HERMIT;Gewahrsam;;;;;;;6912.0;210;;;;7873.0;962.0
B1,BUCHMEIER,HERMIT,LEEDS,LEIPZIG;Gewalt;die;;Substantiv;fem.;https://www.dwds.de/wb/Gewalt;0.0;2005.0;1046;695.0;106.8;958.0;1763.0;6401.0
BUCHMEIER,HERMIT,LEEDS,LEIPZIG;gewaltig;;;;;;;8946.0;150;2106.0;35.21;7859.0;6470.0;1243.0
BUCHMEIER,HERMIT,LEIPZIG;gewann;;;;;;;6433.0;232;;;1450.0;6458.0;1247.0
BUCHMEIER,HERMIT,LEIPZIG;gewarnt;;;;;;;3302.0;560;;;3392.0;2698.0;3805.0
BUCHMEIER,HERMIT,LEIPZIG;gewartet;;;;;;;1643.0;1307;;;7923.0;1514.0;7860.0
BUCHMEIER,HERMIT;gewaschen;;;;;;;6760.0;217;;;;5903.0;1399.0
HERMIT,LEIPZIG;Gewebe;;;;;;;;;;;8348.0;8380.0;885.0
BUCHMEIER,HERMIT,LEIPZIG;gewechselt;;;;;;;6911.0;210;;;8184.0;6365.0;1271.0
BUCHMEIER,HERMIT;geweckt;;;;;;;6171.0;245;;;;5293.0;1595.0
BUCHMEIER,HERMIT;Gewehr;;;;;;;2543.0;776;;;;2499.0;4179.0
BUCHMEIER,HERMIT;Gewehre;;;;;;;6965.0;208;;;;6500.0;1236.0
BUCHMEIER,HERMIT;geweint;;;;;;;5139.0;313;;;;4645.0;1902.0
B1,HERMIT,LEEDS,LEIPZIG;Gewerkschaft;die;;Substantiv;fem.;https://www.dwds.de/wb/Gewerkschaft;0.0;;;1222.0;61.71;2038.0;8009.0;942.0
BUCHMEIER,HERMIT,LEIPZIG;gewesen;;;;;;;567.0;5242;;;251.0;469.0;34766.0
A1,BUCHMEIER,HERMIT,LEEDS,LEIPZIG;Gewicht;das;;Substantiv;neutr.;https://www.dwds.de/wb/Gewicht;0.0;4096.0;424;2031.0;36.57;2663.0;3742.0;2495.0
HERMIT,LEIPZIG;gewidmet;;;;;;;;;;;5228.0;9705.0;730.0
B1,BUCHMEIER,HERMIT,LEEDS,LEIPZIG;Gewinn;der;;Substantiv;mask.;https://www.dwds.de/wb/Gewinn;0.0;5259.0;303;1475.0;51.67;1180.0;4251.0;2132.0
BUCHMEIER,HERMIT,LEIPZIG;gewinne;;;;;;;5138.0;313;;;2582.0;3924.0;2359.0
A1,BUCHMEIER,BW3,HERMIT,LEEDS,LEIPZIG,LEO739,NRW422;gewinnen;;Gewinn;Verb;;https://www.dwds.de/wb/gewinnen;0.0;1033.0;2346;429.0;166.49;930.0;949.0;13778.0
BUCHMEIER,HERMIT,LEIPZIG;Gewinner;;;;;;;3715.0;477;;;5345.0;4241.0;2139.0
BUCHMEIER,HERMIT;gewinnst;;;;;;;6143.0;247;;;;6190.0;1322.0
BUCHMEIER,FEHLER300,HERMIT,LEIPZIG;gewinnt;;;;;;;2278.0;882;;;2613.0;2252.0;4761.0
BUCHMEIER,HERMIT;gewiss;;;;;;;8560.0;158;;;;3103.0;3160.0
BUCHMEIER,HERMIT,LEEDS,LEIPZIG;gewisse;;;;;;;3293.0;561;3173.0;21.21;2603.0;2776.0;3650.0
B1,BUCHMEIER,HERMIT,LEIPZIG;Gewissen;das;;Substantiv;neutr.;https://www.dwds.de/wb/Gewissen;0.0;3231.0;577;;;3625.0;1784.0;6346.0
BUCHMEIER,HERMIT,LEIPZIG;gewisser;;;;;;;7081.0;204;;;7557.0;5910.0;1396.0
LEEDS,LEIPZIG;gewissermaßen;;;;;;;;;3946.0;16.04;6779.0;;
A2,HERMIT,LEO739,NRW422;Gewitter;das;;Substantiv;neutr.;https://www.dwds.de/wb/Gewitter;0.0;;;;;;9098.0;794.0
LEEDS,LEIPZIG;gewiß;;;;;;;;;448.0;159.98;2924.0;;
B1,HERMIT,LEEDS;Gewohnheit;die;;Substantiv;fem.;https://www.dwds.de/wb/Gewohnheit;0.0;;;4676.0;12.78;;8828.0;823.0
B1,BUCHMEIER,HERMIT,LEEDS,LEIPZIG;gewohnt;;;partizipiales Adjektiv;;https://www.dwds.de/wb/gewohnt;0.0;3603.0;498;4224.0;14.64;4846.0;2957.0;3361.0
BUCHMEIER,HERMIT,LEIPZIG;gewollt;;;;;;;4510.0;371;;;7998.0;3358.0;2866.0
BUCHMEIER,HERMIT,LEIPZIG;gewonnen;;;;;;;1132.0;2086;;;1186.0;1050.0;12026.0
BUCHMEIER,HERMIT,LEIPZIG;geworden;;;;;;;750.0;3628;;;342.0;677.0;21015.0
BUCHMEIER,HERMIT,LEIPZIG;geworfen;;;;;;;3162.0;595;;;3918.0;2659.0;3876.0
BUCHMEIER,HERMIT;gewusst;;;;;;;1909.0;1105;;;;1444.0;8376.0
BUCHMEIER,HERMIT,LEEDS,LEIPZIG;gewählt;;;;;;;2801.0;691;3036.0;22.5;1085.0;2608.0;3961.0
HERMIT,LEEDS,LEIPZIG;gewähren;;;;;;;;;1951.0;38.06;5705.0;7504.0;1027.0
LEEDS,LEIPZIG;gewährleisten;;;;;;;;;1878.0;39.63;6465.0;;
BUCHMEIER,HERMIT,LEIPZIG;gewährt;;;;;;;8650.0;156;;;3876.0;6710.0;1184.0
B1,BUCHMEIER,HERMIT,LEEDS;gewöhnen;;;Verb;;https://www.dwds.de/wb/gew%C3%B6hnen;0.0;4633.0;359;3237.0;20.71;;3739.0;2503.0
B1,BUCHMEIER,HERMIT,LEEDS,LEIPZIG;gewöhnlich;;;Adjektiv;;https://www.dwds.de/wb/gew%C3%B6hnlich;0.0;4641.0;358;1721.0;43.72;6754.0;3523.0;2691.0
BUCHMEIER,HERMIT;gewöhnliche;;;;;;;9404.0;140;;;;8773.0;830.0
BUCHMEIER,HERMIT;gewöhnlicher;;;;;;;8114.0;170;;;;9161.0;786.0
BUCHMEIER,HERMIT,LEIPZIG;gewöhnt;;;;;;;3539.0;513;;;6470.0;2947.0;3378.0
BUCHMEIER,HERMIT,LEEDS,LEIPZIG;gewünscht;;;;;;;5099.0;317;2804.0;24.84;6073.0;4135.0;2211.0
B1;Gewürz;das;;Substantiv;neutr.;https://www.dwds.de/wb/Gew%C3%BCrz;0.0;;;;;;;
BUCHMEIER,HERMIT,LEIPZIG;gezahlt;;;;;;;8040.0;172;;;3255.0;6672.0;1194.0
BUCHMEIER,HERMIT,LEIPZIG;gezeichnet;;;;;;;6622.0;223;;;8315.0;7708.0;991.0
BUCHMEIER,HERMIT,LEIPZIG;gezeigt;;;;;;;2057.0;1015;;;1063.0;1782.0;6347.0
LEEDS,LEIPZIG;gezielt;;;;;;;;;1989.0;37.22;4023.0;;
BUCHMEIER,HERMIT,LEIPZIG;gezogen;;;;;;;2467.0;800;;;1567.0;2108.0;5113.0
BUCHMEIER,HERMIT,LEIPZIG;gezwungen;;;;;;;3070.0;615;;;2421.0;2418.0;4364.0
BUCHMEIER,HERMIT,LEIPZIG;gezählt;;;;;;;6940.0;209;;;5412.0;6792.0;1164.0
BUCHMEIER,HERMIT,LEIPZIG;geändert;;;;;;;1682.0;1276;;;1620.0;1570.0;7461.0
BUCHMEIER,HERMIT,LEIPZIG;geöffnet;;;;;;;2978.0;642;;;1936.0;2310.0;4638.0
BUCHMEIER,HERMIT,LEIPZIG;geübt;;;;;;;8115.0;170;;;7754.0;7485.0;1031.0
BUCHMEIER,HERMIT;Gib;;;;;;;459.0;6499;;;;363.0;46863.0
BUCHMEIER,HERMIT;Gibbs;;;;;;;9454.0;139;;;;5661.0;1469.0
BUCHMEIER,HERMIT;gibst;;;;;;;1775.0;1202;;;;1379.0;8777.0
BUCHMEIER,FEHLER100,FEHLER300,HERMIT,LEIPZIG,LEO739,NRW422;gibt;;;;;;;133.0;26663;;;102.0;117.0;196771.0
BUCHMEIER,HERMIT,LEEDS;gibts;;;;;;;5098.0;317;4585.0;13.15;;2487.0;4201.0
B1,LEIPZIG,LEO739,NRW422;gießen;;;Verb;;https://www.dwds.de/wb/gie%C3%9Fen;0.0;;;;;7900.0;;
FEHLER300;gießt;;;;;;;;;;;;;
B1,BUCHMEIER,HERMIT,LEIPZIG;Gift;das;;Substantiv;neutr.;https://www.dwds.de/wb/Gift#1;0.0;3027.0;630;;;8050.0;2461.0;4264.0
B1;giftig;;;Adjektiv;;https://www.dwds.de/wb/giftig;0.0;;;;;;;
BUCHMEIER,HERMIT;Giles;;;;;;;3689.0;483;;;;7449.0;1036.0
BUCHMEIER,HERMIT,LEIPZIG;gilt;;;;;;;2323.0;869;;;311.0;1755.0;6460.0
BUCHMEIER,HERMIT;Gin;;;;;;;8848.0;152;;;;6596.0;1214.0
BUCHMEIER,HERMIT;Gina;;;;;;;9072.0;147;;;;5159.0;1647.0
BUCHMEIER,FEHLER100,FEHLER300,HERMIT,LEIPZIG;ging;;;;;;;554.0;5373;;;379.0;423.0;38051.0
BUCHMEIER,HERMIT,LEIPZIG;ginge;;;;;;;4450.0;377;;;6585.0;3408.0;2822.0
BUCHMEIER,HERMIT,LEIPZIG;gingen;;;;;;;1968.0;1070;;;1221.0;1825.0;6177.0
BUCHMEIER,HERMIT;gingst;;;;;;;9453.0;139;;;;9164.0;786.0
FEHLER400;Ginkgo;;;;;;;;;;;;;
HERMIT,LEEDS,LEIPZIG;Gipfel;;;;;;;;;3954.0;15.96;4324.0;7484.0;1031.0
LEO739,NRW422;Giraffe;die;;Substantiv;;;;;;;;;;
B1;Girokonto;das;;Substantiv;neutr.;https://www.dwds.de/wb/Girokonto;0.0;;;;;;;
A2,BUCHMEIER,HERMIT,LEIPZIG;Gitarre;die;;Substantiv;fem.;https://www.dwds.de/wb/Gitarre;0.0;6378.0;235;;;6900.0;5011.0;1719.0
BUCHMEIER,HERMIT;Gitter;;;;;;;6910.0;210;;;;6593.0;1215.0
B1;Glace;die;;Substantiv;fem.;https://www.dwds.de/wb/Glace#1;0.0;;;;;;;
B1;Glacé;die;;Substantiv;fem., neutr.;https://www.dwds.de/wb/Glac%C3%A9;0.0;;;;;;;
BUCHMEIER,HERMIT,LEIPZIG;Glanz;;;;;;;8889.0;151;;;5553.0;8615.0;852.0
A1,BUCHMEIER,BW1,FEHLER300,HERMIT,LEEDS,LEIPZIG;Glas;das;Gläser;Substantiv;neutr.;https://www.dwds.de/wb/Glas#1;0.0;1678.0;1278;2475.0;29.08;3227.0;1389.0;8710.0
B1,BUCHMEIER,BW3,HERMIT,LEEDS,LEIPZIG;glatt;;Glätte;Adjektiv;;https://www.dwds.de/wb/glatt;0.0;5046.0;322;3894.0;16.31;7776.0;4641.0;1904.0
BUCHMEIER,HERMIT;glaub;;;;;;;1194.0;1933;;;;761.0;18114.0
BUCHMEIER,HERMIT,LEEDS,LEIPZIG;glaube;;;;;;;206.0;16370;930.0;81.46;1964.0;180.0;105941.0
A1,BUCHMEIER,BW1,HERMIT,LEEDS,LEIPZIG;glauben;;du glaubst, Glaube;Verb;;https://www.dwds.de/wb/glauben;0.0;394.0;7551;237.0;289.33;1285.0;284.0;63577.0
BUCHMEIER,HERMIT;glaubst;;;;;;;867.0;2901;;;;532.0;30407.0
BUCHMEIER,HERMIT,LEIPZIG;glaubt;;;;;;;1149.0;2041;;;1102.0;849.0;15840.0
BUCHMEIER,HERMIT,LEIPZIG;glaubte;;;;;;;3212.0;580;;;5332.0;2744.0;3713.0
BUCHMEIER,HERMIT,LEIPZIG;glaubten;;;;;;;7381.0;193;;;9004.0;6346.0;1277.0
A1,BUCHMEIER,BW1,HERMIT,LEEDS,LEIPZIG;gleich;;;Adjektiv;;https://www.dwds.de/wb/gleich#1;0.0;275.0;11641;163.0;429.99;404.0;235.0;78080.0
B1;gleichberechtigt;;;Adjektiv;;https://www.dwds.de/wb/gleichberechtigt;0.0;;;;;;;
BUCHMEIER,HERMIT,LEEDS,LEIPZIG;gleiche;;;;;;;1554.0;1403;4133.0;15.06;1571.0;1026.0;12325.0
BUCHMEIER,HERMIT,LEEDS,LEIPZIG;gleichen;;;;;;;1546.0;1410;3238.0;20.69;755.0;1503.0;7932.0
LEEDS,LEIPZIG;gleichermaßen;;;;;;;;;3664.0;17.64;4451.0;;
B1,HERMIT,LEIPZIG;gleichfalls;;;Konjunktion;;https://www.dwds.de/wb/gleichfalls;0.0;;;;;8738.0;7305.0;1062.0
BUCHMEIER,HERMIT,LEEDS,LEIPZIG;Gleichgewicht;;;;;;;7665.0;183;3843.0;16.57;7467.0;6326.0;1280.0
LEEDS,LEIPZIG;gleichsam;;;;;;;;;3478.0;18.89;5817.0;;
BUCHMEIER,LEIPZIG;gleicht;;;;;;;9781.0;133;;;6800.0;;
LEEDS,LEIPZIG;gleichwohl;;;;;;;;;4102.0;15.18;5086.0;;
B1,BUCHMEIER,HERMIT,LEEDS,LEIPZIG;gleichzeitig;;;Adjektiv;;https://www.dwds.de/wb/gleichzeitig;0.0;2942.0;653;457.0;157.26;845.0;2651.0;3886.0
A1;Gleis;das;;Substantiv;neutr.;https://www.dwds.de/wb/Gleis;0.0;;;;;;;
BUCHMEIER,HERMIT;Glen;;;;;;;5137.0;313;;;;6823.0;1158.0
BUCHMEIER,HERMIT;Glenn;;;;;;;7770.0;180;;;;5508.0;1518.0
BUCHMEIER,HERMIT,LEEDS,LEIPZIG;Global;;;;;;;9527.0;138;1086.0;69.97;8996.0;9861.0;713.0
LEEDS,LEIPZIG;Globalisierung;;;;;;;;;2239.0;32.77;5540.0;;
BUCHMEIER,HERMIT,LEO739;Glocke;die;;Substantiv;;;;4890.0;336;;;;5000.0;1722.0
BUCHMEIER,HERMIT;Glocken;;;;;;;7448.0;190;;;;8325.0;894.0
BUCHMEIER,HERMIT;Gloria;;;;;;;6271.0;240;;;;4013.0;2286.0
BUCHMEIER,HERMIT;glotzt;;;;;;;8184.0;168;;;;8278.0;901.0
BUCHMEIER,HERMIT;Gläser;;;;;;;8113.0;170;;;;5656.0;1470.0
A1,BUCHMEIER,FEHLER300,HERMIT,LEEDS,LEIPZIG,LEO739,NRW422;Glück;das;;Substantiv;neutr.;https://www.dwds.de/wb/Gl%C3%BCck;0.0;425.0;6972;814.0;91.71;1130.0;380.0;44295.0
A1,BUCHMEIER,FEHLER300,HERMIT,LEEDS,LEIPZIG,LEO739;glücklich;;;Adjektiv;;https://www.dwds.de/wb/gl%C3%BCcklich;0.0;709.0;3958;1255.0;60.33;3153.0;597.0;25915.0
BUCHMEIER,HERMIT;glückliche;;;;;;;6052.0;252;;;;4102.0;2227.0
BUCHMEIER,HERMIT;glücklicher;;;;;;;4800.0;344;;;;4132.0;2213.0
BUCHMEIER,HERMIT;Glücklicherweise;;;;;;;8649.0;156;;;;7128.0;1097.0
BUCHMEIER,HERMIT;Glückspilz;;;;;;;8183.0;168;;;;7494.0;1030.0
BUCHMEIER,HERMIT;Glückstag;;;;;;;8993.0;149;;;;8861.0;819.0
A1,BUCHMEIER,HERMIT;Glückwunsch;der;;Substantiv;mask.;https://www.dwds.de/wb/Gl%C3%BCckwunsch;0.0;1521.0;1430;;;;1377.0;8778.0
LEEDS,LEIPZIG;GmbH;;;;;;;;;1472.0;51.7;534.0;;
BUCHMEIER,HERMIT,LEEDS,LEIPZIG;Gnade;;;;;;;3619.0;495;3769.0;16.93;9747.0;2748.0;3705.0
BUCHMEIER,HERMIT;Gnaden;;;;;;;9632.0;136;;;;5475.0;1531.0
BUCHMEIER,HERMIT;gnädig;;;;;;;7939.0;175;;;;8759.0;833.0
BUCHMEIER,HERMIT;go;;;;;;;5889.0;261;;;;3785.0;2465.0
LEEDS,LEIPZIG;Goethe;;;;;;;;;2450.0;29.51;4967.0;;
B1,BUCHMEIER,HERMIT,LEEDS,LEIPZIG;Gold;das;;Substantiv;neutr.;https://www.dwds.de/wb/Gold;0.0;1618.0;1336;2612.0;27.26;2456.0;1245.0;9897.0
HERMIT,LEEDS;golden;;;;;;;;;2888.0;23.9;;8561.0;861.0
BUCHMEIER,HERMIT,LEIPZIG;goldene;;;;;;;6032.0;253;;;9940.0;4851.0;1791.0
BUCHMEIER,HERMIT,LEIPZIG;goldenen;;;;;;;6414.0;233;;;7450.0;5554.0;1504.0
B1,BUCHMEIER,HERMIT,LEIPZIG;Golf;das;;Substantiv;neutr.;https://www.dwds.de/wb/Golf#2;0.0;4374.0;386;;;4478.0;5146.0;1651.0
BUCHMEIER,HERMIT;gonna;;;;;;;8887.0;151;;;;7597.0;1009.0
BUCHMEIER,HERMIT;good;;;;;;;9842.0;132;;;;6162.0;1330.0
FEHLER400;googeln;;;;;;;;;;;;;
BUCHMEIER,HERMIT;Gordon;;;;;;;3658.0;489;;;;3013.0;3294.0
BUCHMEIER,HERMIT;got;;;;;;;5428.0;289;;;;5794.0;1429.0
BUCHMEIER,HERMIT;Gotham;;;;;;;6377.0;235;;;;9644.0;736.0
B1,BUCHMEIER,HERMIT,LEEDS,LEIPZIG,LEO739;Gott;der;;Substantiv;mask.;https://www.dwds.de/wb/Gott;0.0;165.0;20696;232.0;295.6;1661.0;166.0;127498.0
BUCHMEIER,HERMIT,LEIPZIG;Gottes;;;;;;;1253.0;1835;;;4159.0;1104.0;11340.0
LEEDS,LEIPZIG;Gottesdienst;;;;;;;;;3858.0;16.47;6955.0;;
BUCHMEIER,HERMIT,LEIPZIG;Gouverneur;;;;;;;4274.0;398;;;7437.0;3184.0;3056.0
BUCHMEIER,HERMIT;GPS;;;;;;;9901.0;131;;;;9046.0;798.0
BUCHMEIER,HERMIT,LEEDS,LEIPZIG;Grab;;;;;;;2617.0;748;3326.0;20.01;6198.0;2115.0;5097.0
BUCHMEIER,BW1,HERMIT;graben;;du gräbst, ich grub;;;;;5118.0;315;;;;3570.0;2648.0
BUCHMEIER,HERMIT;Grace;;;;;;;4534.0;368;;;;2326.0;4591.0
A1,BUCHMEIER,HERMIT,LEEDS,LEIPZIG;Grad;der;;Substantiv;mask., neutr.;https://www.dwds.de/wb/Grad;0.0;2941.0;653;1298.0;58.21;1764.0;1686.0;6853.0
A1,BUCHMEIER,HERMIT;grade;;;Adverb;;https://www.dwds.de/wb/grade#2;0.0;4682.0;355;;;;3890.0;2386.0
A1;gradeaus;;;Adverb;;https://www.dwds.de/wb/gradeaus;0.0;;;;;;;
BUCHMEIER,HERMIT,LEEDS,LEIPZIG;Graf;;;;;;;5712.0;271;2447.0;29.55;3853.0;3301.0;2939.0
FEHLER400;Graffito;;;;;;;;;;;;;
B1,LEEDS,LEIPZIG;Grafik;die;;Substantiv;fem.;https://www.dwds.de/wb/Grafik;0.0;;;3359.0;19.75;8705.0;;
BUCHMEIER,HERMIT;Graham;;;;;;;5987.0;256;;;;5610.0;1483.0
A1,BUCHMEIER,HERMIT,LEIPZIG;Gramm;das;;Substantiv;neutr.;https://www.dwds.de/wb/Gramm;0.0;8558.0;158;;;4204.0;7972.0;946.0
BUCHMEIER,HERMIT;Grand;;;;;;;6497.0;229;;;;5149.0;1650.0
BUCHMEIER,HERMIT;Grant;;;;;;;8604.0;157;;;;3816.0;2443.0
B1;Graphik;die;;Substantiv;fem.;https://www.dwds.de/wb/Graphik;0.0;;;;;;;
B1,BUCHMEIER,BW1,BW3,HERMIT,LEEDS,LEIPZIG;Gras;das;Gräser;Substantiv;neutr.;https://www.dwds.de/wb/Gras;0.0;2533.0;780;4629.0;13.0;8720.0;2529.0;4130.0
B1,BUCHMEIER,HERMIT;gratis;;;Adverb;;https://www.dwds.de/wb/gratis;0.0;6603.0;224;;;;6057.0;1356.0
B1;Gratulation;die;;Substantiv;fem.;https://www.dwds.de/wb/Gratulation;0.0;;;;;;;
BUCHMEIER,HERMIT;Gratuliere;;;;;;;5623.0;276;;;;2939.0;3386.0
A1,BUCHMEIER,HERMIT;gratulieren;;;Verb;;https://www.dwds.de/wb/gratulieren;0.0;7541.0;187;;;;6552.0;1224.0
FEHLER200,FEHLER400;Gratwanderung;;;;;;;;;;;;;
A1,BW1,HERMIT,LEEDS;grau;;;Adjektiv;;https://www.dwds.de/wb/grau;0.0;;;2933.0;23.4;;7631.0;1003.0
HERMIT,LEIPZIG;grauen;;;;;;;;;;;6420.0;6456.0;1247.0
LEO739;Graupel;der;;Substantiv;;;;;;;;;;
BUCHMEIER,HERMIT,LEEDS;grausam;;;;;;;4556.0;367;3986.0;15.8;;4117.0;2221.0
BUCHMEIER,HERMIT;Gray;;;;;;;5258.0;303;;;;7764.0;981.0
BUCHMEIER,HERMIT;Green;;;;;;;3909.0;449;;;;4255.0;2130.0
BUCHMEIER,HERMIT;Greg;;;;;;;4442.0;378;;;;4154.0;2201.0
BUCHMEIER,HERMIT;Greif;;;;;;;8223.0;167;;;;6753.0;1175.0
B1,BUCHMEIER,HERMIT,LEEDS,LEIPZIG;greifen;;;Verb;;https://www.dwds.de/wb/greifen;0.0;3361.0;547;1002.0;75.76;2684.0;2758.0;3670.0
BUCHMEIER,HERMIT,LEIPZIG;greift;;;;;;;4673.0;356;;;2918.0;3839.0;2426.0
LEEDS,LEIPZIG;Gremium;;;;;;;;;3604.0;18.07;3607.0;;
B1,BUCHMEIER,HERMIT,LEEDS,LEIPZIG;Grenze;die;;Substantiv;fem.;https://www.dwds.de/wb/Grenze;0.0;2490.0;792;522.0;139.94;1090.0;2041.0;5327.0
BUCHMEIER,HERMIT,LEIPZIG;Grenzen;;;;;;;3609.0;497;;;1017.0;2805.0;3581.0
BUCHMEIER,HERMIT;Greta;;;;;;;5594.0;278;;;;9051.0;797.0
BUCHMEIER,HERMIT;Gretchen;;;;;;;5409.0;290;;;;9529.0;746.0
BUCHMEIER,HERMIT;Grey;;;;;;;6357.0;236;;;;4814.0;1816.0
BUCHMEIER,HERMIT,LEIPZIG;Griechen;;;;;;;9163.0;145;;;6742.0;9829.0;717.0
BUCHMEIER,HERMIT,LEEDS,LEIPZIG;Griechenland;;;;;;;8297.0;165;3618.0;17.92;3666.0;8824.0;823.0
FEHLER400;Griesgram;;;;;;;;;;;;;
FEHLER200,FEHLER400;griesgrämig;;;;;;;;;;;;;
FEHLER400;Grieß;;;;;;;;;;;;;
BUCHMEIER,HERMIT,LEEDS,LEIPZIG;Griff;;;;;;;3272.0;567;3469.0;18.97;3311.0;1975.0;5585.0
B1,HERMIT;Grill;der;;Substantiv;mask.;https://www.dwds.de/wb/Grill;0.0;;;;;;9544.0;745.0
A1,HERMIT;grillen;;;Verb;;https://www.dwds.de/wb/grillen;0.0;;;;;;8658.0;847.0
B1;grillieren;;;Verb;;https://www.dwds.de/wb/grillieren;0.0;;;;;;;
A2,BUCHMEIER,HERMIT;Grippe;die;;Substantiv;fem.;https://www.dwds.de/wb/Grippe;0.0;9318.0;142;;;;7746.0;984.0
BUCHMEIER,HERMIT,LEEDS;grob;;;;;;;7329.0;195;2617.0;27.19;;6582.0;1218.0
BUCHMEIER,HERMIT;gross;;;;;;;5211.0;307;;;;9486.0;751.0
BUCHMEIER,HERMIT;grosse;;;;;;;4210.0;407;;;;7341.0;1057.0
BUCHMEIER,HERMIT,LEEDS,LEIPZIG;Group;;;;;;;3395.0;540;4577.0;13.17;5971.0;4497.0;1983.0
A1,BUCHMEIER,BW3,FEHLER100,FEHLER300,HERMIT,LEEDS,LEIPZIG,LEO739,NRW422;groß;;größer, Größe;Adjektiv;;https://www.dwds.de/wb/gro%C3%9F;0.0;870.0;2876;68.0;1221.4;748.0;721.0;19362.0
BUCHMEIER,HERMIT,LEEDS;großartig;;;;;;;1129.0;2095;3099.0;21.97;;839.0;15979.0
BUCHMEIER,HERMIT;großartige;;;;;;;4234.0;404;;;;3527.0;2689.0
BUCHMEIER,HERMIT;großartigen;;;;;;;6831.0;214;;;;7728.0;987.0
BUCHMEIER,HERMIT;großartiger;;;;;;;5832.0;264;;;;6056.0;1357.0
LEEDS,LEIPZIG;Großbritannien;;;;;;;;;1881.0;39.6;1214.0;;
BUCHMEIER,HERMIT,LEEDS,LEIPZIG;große;;;;;;;606.0;4802;1456.0;52.08;266.0;462.0;35255.0
A1,HERMIT;Großeltern;;;Substantiv;;https://www.dwds.de/wb/Gro%C3%9Feltern;1.0;;;;;;8973.0;806.0
BUCHMEIER,HERMIT,LEIPZIG;großem;;;;;;;8886.0;151;;;3286.0;6766.0;1172.0
BUCHMEIER,HERMIT,LEIPZIG;großen;;;;;;;804.0;3218;;;219.0;638.0;23269.0
BUCHMEIER,HERMIT,LEIPZIG;großer;;;;;;;1090.0;2184;;;855.0;784.0;17433.0
BUCHMEIER,HERMIT,LEIPZIG;großes;;;;;;;1639.0;1313;;;1612.0;1178.0;10593.0
A1,BUCHMEIER,HERMIT,LEIPZIG;Großmutter;die;;Substantiv;fem.;https://www.dwds.de/wb/Gro%C3%9Fmutter;0.0;2447.0;807;;;8778.0;1971.0;5603.0
HERMIT,LEEDS,LEIPZIG;Großteil;;;;;;;;;2696.0;26.11;3087.0;8999.0;802.0
A1,BUCHMEIER,HERMIT,LEEDS,LEIPZIG;Großvater;der;;Substantiv;mask.;https://www.dwds.de/wb/Gro%C3%9Fvater;0.0;2011.0;1044;4995.0;11.66;8500.0;1780.0;6351.0
BUCHMEIER,HERMIT,LEEDS,LEIPZIG;großzügig;;;;;;;5151.0;312;4355.0;14.03;7831.0;3775.0;2473.0
B1,BUCHMEIER,HERMIT,LEEDS,LEIPZIG;Grund;der;;Substantiv;mask.;https://www.dwds.de/wb/Grund;0.0;493.0;5952;185.0;369.35;435.0;464.0;35243.0
BUCHMEIER,HERMIT,LEIPZIG;Grunde;;;;;;;3334.0;552;;;6622.0;3012.0;3294.0
LEEDS,LEIPZIG;Grundgesetz;;;;;;;;;3204.0;20.94;5087.0;;
HERMIT,LEEDS,LEIPZIG;Grundlage;;;;;;;;;636.0;114.99;1480.0;9268.0;774.0
LEEDS,LEIPZIG;Grundsatz;;;;;;;;;1750.0;42.8;5286.0;;
BUCHMEIER,LEEDS,LEIPZIG;Grundschule;;;;;;;9732.0;134;4160.0;14.96;5920.0;;
B1,BUCHMEIER,HERMIT,LEEDS,LEIPZIG;Grundstück;das;;Substantiv;neutr.;https://www.dwds.de/wb/Grundst%C3%BCck;0.0;9452.0;139;3527.0;18.6;3773.0;4896.0;1768.0
LEEDS,LEIPZIG;grundsätzlich;;;;;;;;;797.0;94.35;1758.0;;
A1,BUCHMEIER,HERMIT,LEEDS,LEIPZIG,LEO739,NRW422;Gruppe;die;;Substantiv;fem.;https://www.dwds.de/wb/Gruppe;0.0;1691.0;1267;261.0;265.29;442.0;1471.0;8153.0
BUCHMEIER,HERMIT,LEIPZIG;Gruppen;;;;;;;6094.0;250;;;1133.0;6746.0;1176.0
BUCHMEIER,HERMIT;gruselig;;;;;;;6939.0;209;;;;5541.0;1507.0
A1,BW3,HERMIT,LEEDS;Gruß;der;Grüße, grüßen, begrüßen;Substantiv;mask.;https://www.dwds.de/wb/Gru%C3%9F;0.0;;;1017.0;74.68;;8851.0;820.0
FEHLER200,FEHLER400;grölen;;;;;;;;;;;;;
A1,BUCHMEIER,HERMIT,LEEDS,LEIPZIG;Größe;die;;Substantiv;fem.;https://www.dwds.de/wb/Gr%C3%B6%C3%9Fe;0.0;2696.0;721;1186.0;63.92;1784.0;2257.0;4754.0
BUCHMEIER,HERMIT,LEIPZIG;größer;;;;;;;2157.0;952;;;1640.0;1800.0;6270.0
BUCHMEIER,HERMIT,LEIPZIG;größere;;;;;;;4718.0;351;;;1471.0;3583.0;2639.0
BUCHMEIER,HERMIT,LEIPZIG;größeren;;;;;;;6113.0;249;;;1799.0;5193.0;1633.0
BUCHMEIER,HERMIT,LEIPZIG;größeres;;;;;;;8221.0;167;;;9120.0;6053.0;1357.0
BUCHMEIER,HERMIT,LEIPZIG;größte;;;;;;;1967.0;1070;;;703.0;1580.0;7426.0
BUCHMEIER,HERMIT,LEIPZIG;größten;;;;;;;2708.0;719;;;595.0;2266.0;4734.0
BUCHMEIER,HERMIT,LEIPZIG;größter;;;;;;;9682.0;135;;;4186.0;6531.0;1228.0
A1,BUCHMEIER,BW1,HERMIT,LEEDS,LEIPZIG,LEO739;grün;;;Adjektiv;;https://www.dwds.de/wb/gr%C3%BCn;0.0;4605.0;362;1248.0;60.54;5254.0;2943.0;3383.0
BUCHMEIER,HERMIT,LEIPZIG;Gründe;;;;;;;2817.0;682;;;1635.0;2518.0;4146.0
B1,BUCHMEIER,HERMIT,LEEDS,LEIPZIG;gründen;;;Verb;;https://www.dwds.de/wb/gr%C3%BCnden;0.0;4395.0;383;1035.0;73.23;1177.0;2713.0;3776.0
LEEDS,LEIPZIG;Gründer;;;;;;;;;4709.0;12.67;6384.0;;
B1,BUCHMEIER,HERMIT,LEEDS,LEIPZIG;gründlich;;;Adjektiv;;https://www.dwds.de/wb/gr%C3%BCndlich;0.0;6738.0;218;3089.0;22.03;5260.0;4663.0;1894.0
LEEDS,LEIPZIG;Gründung;;;;;;;;;2115.0;35.14;2178.0;;
BUCHMEIER,HERMIT,LEEDS,LEIPZIG;grüne;;;;;;;6567.0;226;1144.0;66.08;1603.0;4627.0;1909.0
BUCHMEIER,HERMIT,LEIPZIG;grünen;;;;;;;5289.0;300;;;433.0;4095.0;2233.0
BUCHMEIER,HERMIT;grünes;;;;;;;8603.0;157;;;;7372.0;1052.0
BUCHMEIER,HERMIT;Grüß;;;;;;;8648.0;156;;;;3457.0;2759.0
BUCHMEIER,HERMIT;Grüße;;;;;;;6696.0;220;;;;4074.0;2243.0
B1,BUCHMEIER,FEHLER300,HERMIT,LEEDS,LEO739,NRW422;grüßen;;;Verb;;https://www.dwds.de/wb/gr%C3%BC%C3%9Fen;0.0;8944.0;150;3630.0;17.83;;4516.0;1971.0
BUCHMEIER,HERMIT;Guck;;;;;;;1983.0;1057;;;;1407.0;8577.0
B1,BUCHMEIER,FEHLER100,FEHLER300,HERMIT,LEEDS,LEO739,NRW422;gucken;;;Verb;;https://www.dwds.de/wb/gucken;0.0;2953.0;648;3620.0;17.9;;2515.0;4149.0
BUCHMEIER,HERMIT;guckst;;;;;;;5888.0;261;;;;5446.0;1542.0
BUCHMEIER,HERMIT;guckt;;;;;;;5725.0;270;;;;4441.0;2023.0
FEHLER200,FEHLER400;Guerilla;;;;;;;;;;;;;
FEHLER400;Guerillakrieg;;;;;;;;;;;;;
LEO739;Gurke;die;;Substantiv;;;;;;;;;;
BUCHMEIER,HERMIT,LEIPZIG;Gus;;;;;;;7540.0;187;;;8166.0;3988.0;2308.0
A1,BUCHMEIER,BW1,HERMIT,LEEDS,LEIPZIG;gut;;;Adjektiv;;https://www.dwds.de/wb/gut;0.0;76.0;54294;58.0;1439.65;194.0;52.0;452726.0
LEEDS,LEIPZIG;Gutachten;;;;;;;;;2949.0;23.25;2473.0;;
BUCHMEIER,HERMIT,LEEDS,LEIPZIG;gute;;;;;;;427.0;6958;3429.0;19.29;529.0;222.0;83835.0
BUCHMEIER,HERMIT,LEIPZIG;gutem;;;;;;;8112.0;170;;;5917.0;5674.0;1464.0
BUCHMEIER,HERMIT,LEIPZIG;Guten;;;;;;;479.0;6122;;;740.0;261.0;68866.0
BUCHMEIER,HERMIT,LEIPZIG;guter;;;;;;;699.0;4038;;;2190.0;541.0;29956.0
BUCHMEIER,HERMIT,LEIPZIG;gutes;;;;;;;1131.0;2088;;;2191.0;738.0;18638.0
BUCHMEIER,HERMIT;gutmachen;;;;;;;6553.0;227;;;;9600.0;740.0
BUCHMEIER,HERMIT;Guy;;;;;;;4986.0;327;;;;5044.0;1703.0
LEEDS,LEIPZIG;Gymnasium;;;;;;;;;3789.0;16.82;6842.0;;
B1;Gymnastik;die;;Substantiv;fem.;https://www.dwds.de/wb/Gymnastik;0.0;;;;;;;
BUCHMEIER,HERMIT,LEIPZIG;gäbe;;;;;;;2462.0;802;;;3494.0;2092.0;5165.0
LEEDS,LEIPZIG;gänzlich;;;;;;;;;3196.0;21.0;5627.0;;
BUCHMEIER,HERMIT,LEIPZIG;Gäste;;;;;;;2436.0;812;;;1231.0;1872.0;5990.0
HERMIT,LEIPZIG;Gästen;;;;;;;;;;;4513.0;8620.0;852.0
BUCHMEIER,HERMIT,LEIPZIG;Götter;;;;;;;2461.0;802;;;8805.0;2641.0;3904.0
BUCHMEIER,HERMIT;Göttern;;;;;;;7145.0;202;;;;7827.0;971.0
BUCHMEIER,HERMIT;Göttin;;;;;;;4614.0;361;;;;6435.0;1253.0
LEEDS,LEIPZIG;Göttingen;;;;;;;;;4479.0;13.56;7314.0;;
A1,LEEDS,LEIPZIG;gültig;;;Adjektiv;;https://www.dwds.de/wb/g%C3%BCltig;0.0;;;2522.0;28.37;7124.0;;
A1,HERMIT,LEEDS,LEIPZIG;günstig;;;Adjektiv;;https://www.dwds.de/wb/g%C3%BCnstig;0.0;;;1306.0;57.77;5068.0;8908.0;814.0
LEEDS,LEIPZIG;Günter;;;;;;;;;4057.0;15.38;2306.0;;
LEEDS,LEIPZIG;Günther;;;;;;;;;4428.0;13.72;4201.0;;
BUCHMEIER,HERMIT;Gürtel;;;;;;;6717.0;219;;;;4877.0;1777.0
BUCHMEIER,HERMIT;Güte;;;;;;;1623.0;1329;;;;1209.0;10288.0
BUCHMEIER,HERMIT;Ha;;;;;;;2813.0;685;;;;936.0;13954.0
A1,BUCHMEIER,BW3,HERMIT,LEEDS,LEIPZIG,LEO739,NRW422;Haar;das;;Substantiv;neutr.;https://www.dwds.de/wb/Haar;0.0;1889.0;1125;1552.0;48.92;4682.0;1702.0;6763.0
BUCHMEIER,HERMIT,LEIPZIG;Haare;;;;;;;1408.0;1566;;;4361.0;1279.0;9576.0
BUCHMEIER,HERMIT,LEIPZIG;Haaren;;;;;;;4564.0;366;;;8980.0;4477.0;1997.0
BUCHMEIER,HERMIT,LEIPZIG;hab;;;;;;;100.0;37273;;;4014.0;90.0;252697.0
BUCHMEIER,HERMIT,LEIPZIG;habe;;;;;;;43.0;93527;;;71.0;39.0;636175.0
A1,BUCHMEIER,HERMIT,LEEDS,LEIPZIG,LEO739,NRW422;haben;;;Verb;;https://www.dwds.de/wb/haben;0.0;38.0;106711;9.0;7477.86;49.0;30.0;742327.0
BUCHMEIER,HERMIT;habs;;;;;;;3520.0;518;;;;5518.0;1514.0
BUCHMEIER,HERMIT;habt;;;;;;;356.0;8280;;;;272.0;66045.0
B1;Hackfleisch;das;;Substantiv;neutr.;https://www.dwds.de/wb/Hackfleisch;0.0;;;;;;;
B1,BUCHMEIER,HERMIT,LEEDS,LEIPZIG;Hafen;der;;Substantiv;mask.;https://www.dwds.de/wb/Hafen#1;0.0;4493.0;373;3246.0;20.63;3457.0;3345.0;2889.0
BUCHMEIER,HERMIT,LEEDS,LEIPZIG;Haft;;;;;;;7599.0;185;4458.0;13.63;2395.0;6607.0;1212.0
BUCHMEIER,HERMIT,LEIPZIG;Haftbefehl;;;;;;;8181.0;168;;;5441.0;6528.0;1228.0
LEO739;Hagel;der;;Substantiv;;;;;;;;;;
B1;hageln;;;Verb;;https://www.dwds.de/wb/hageln;0.0;;;;;;;
BUCHMEIER,HERMIT,LEIPZIG;Hahn;;;;;;;6376.0;235;;;7723.0;6282.0;1292.0
BUCHMEIER,BW3,HERMIT;Hai;der;Haie;Substantiv;;;;7285.0;197;;;;6119.0;1338.0
BUCHMEIER,HERMIT;Haken;;;;;;;4267.0;399;;;;3662.0;2566.0
BUCHMEIER,HERMIT;Hal;;;;;;;6327.0;237;;;;6178.0;1325.0
A1,BUCHMEIER,HERMIT,LEEDS,LEIPZIG,LEO739,NRW422;halb;;;Adjektiv;;https://www.dwds.de/wb/halb;0.0;2056.0;1015;740.0;100.77;3024.0;1544.0;7659.0
BUCHMEIER,HERMIT,LEIPZIG;halbe;;;;;;;2138.0;963;;;2364.0;1837.0;6108.0
BUCHMEIER,HERMIT,LEIPZIG;halben;;;;;;;2626.0;745;;;2117.0;2331.0;4567.0
BUCHMEIER,HERMIT,LEIPZIG;halbes;;;;;;;5762.0;268;;;3775.0;4710.0;1871.0
A1;Halbpension;die;;Substantiv;fem.;https://www.dwds.de/wb/Halbpension;0.0;;;;;;;
B1;halbtags;;;Adverb;;https://www.dwds.de/wb/halbtags;0.0;;;;;;;
BUCHMEIER,HERMIT,LEIPZIG;half;;;;;;;4045.0;431;;;6657.0;3205.0;3029.0
BUCHMEIER,HERMIT,LEEDS;Hall;;;;;;;9631.0;136;2204.0;33.37;;5671.0;1465.0
A1,BUCHMEIER,HERMIT,LEIPZIG;Halle;die;;Substantiv;fem.;https://www.dwds.de/wb/Halle;0.0;6356.0;236;;;1669.0;6214.0;1315.0
B1;Hallenbad;das;;Substantiv;neutr.;https://www.dwds.de/wb/Hallenbad;0.0;;;;;;;
A1,BUCHMEIER,HERMIT,LEEDS,LEO739,NRW422;hallo;;;Interjektion;;https://www.dwds.de/wb/hallo;0.0;189.0;17491;2116.0;35.12;;164.0;128561.0
BUCHMEIER,HERMIT;Halloween;;;;;;;4952.0;330;;;;5301.0;1594.0
A2,BUCHMEIER,BW3,HERMIT,LEEDS,LEIPZIG;Hals;der;Hälse;Substantiv;mask.;https://www.dwds.de/wb/Hals#1;0.0;1503.0;1450;2963.0;23.14;4293.0;1328.0;9204.0
B1,BUCHMEIER,HERMIT,LEEDS,LEIPZIG;Halt;der;;Substantiv;mask.;https://www.dwds.de/wb/Halt;0.0;451.0;6655;1440.0;52.57;2891.0;315.0;53723.0
B1;haltbar;;;Adjektiv;;https://www.dwds.de/wb/haltbar;0.0;;;;;;;
BUCHMEIER,HERMIT,LEIPZIG;halte;;;;;;;1121.0;2109;;;2292.0;759.0;18121.0
A1,BUCHMEIER,BW3,HERMIT,LEEDS,LEIPZIG,LEO739,NRW422;halten;;du hältst, er hält, ich hielt;Verb;;https://www.dwds.de/wb/halten;0.0;423.0;6993;146.0;488.5;403.0;331.0;51690.0
A1;Haltestelle;die;;Substantiv;fem.;https://www.dwds.de/wb/Haltestelle;0.0;;;;;;;
BUCHMEIER,HERMIT;Haltet;;;;;;;1854.0;1147;;;;1430.0;8448.0
BUCHMEIER,HERMIT,LEEDS,LEIPZIG;Haltung;;;;;;;7048.0;205;1347.0;56.08;1560.0;5973.0;1379.0
HERMIT,LEEDS,LEIPZIG;Hamburg;;;;;;;;;835.0;90.15;483.0;8408.0;881.0
A2,BUCHMEIER,HERMIT,LEEDS,LEIPZIG;Hamburger;der;;Substantiv;mask.;https://www.dwds.de/wb/Hamburger#3;0.0;7833.0;178;1893.0;39.26;738.0;7000.0;1118.0
B1,BUCHMEIER,HERMIT,LEIPZIG;Hammer;der;;Substantiv;mask.;https://www.dwds.de/wb/Hammer;0.0;4492.0;373;;;8025.0;2801.0;3590.0
BW1;Hamster;der;;Substantiv;;;;;;;;;;
BUCHMEIER,HERMIT;Han;;;;;;;5117.0;315;;;;5279.0;1602.0
A1,BUCHMEIER,BW3,FEHLER300,HERMIT,LEEDS,LEIPZIG,LEO739,NRW422;Hand;die;Hände;Substantiv;fem.;https://www.dwds.de/wb/Hand;0.0;504.0;5816;249.0;275.03;532.0;463.0;35247.0
B1,BUCHMEIER,HERMIT,LEEDS,LEIPZIG;Handel;der;;Substantiv;mask.;https://www.dwds.de/wb/Handel#1;0.0;4348.0;389;1607.0;46.77;778.0;4178.0;2178.0
B1,BUCHMEIER,HERMIT,LEEDS,LEIPZIG;handeln;;;Verb;;https://www.dwds.de/wb/handeln#1;0.0;2671.0;730;313.0;226.63;2669.0;2071.0;5222.0
BUCHMEIER,HERMIT,LEIPZIG;handelt;;;;;;;2453.0;804;;;773.0;2213.0;4853.0
BUCHMEIER,HERMIT,LEEDS,LEIPZIG;Handlung;;;;;;;5530.0;282;1341.0;56.27;3486.0;8095.0;927.0
HERMIT,LEIPZIG;Handlungen;;;;;;;;;;;8024.0;8745.0;835.0
BUCHMEIER,HERMIT;Handschellen;;;;;;;4316.0;392;;;;3908.0;2371.0
BUCHMEIER,HERMIT;Handschuhe;;;;;;;7379.0;193;;;;5562.0;1500.0
BUCHMEIER,HERMIT;Handtasche;;;;;;;7769.0;180;;;;5958.0;1383.0
A2,BUCHMEIER,HERMIT;Handtuch;das;;Substantiv;neutr.;https://www.dwds.de/wb/Handtuch;0.0;4595.0;363;;;;5403.0;1556.0
LEEDS,LEIPZIG;Handwerk;;;;;;;;;4856.0;12.08;3940.0;;
B1,LEIPZIG;Handwerker;der;;Substantiv;mask.;https://www.dwds.de/wb/Handwerker;0.0;;;;;6553.0;;
A1,BUCHMEIER,BW1,HERMIT,LEEDS,LEIPZIG,LEO739,NRW422;Handy;das;Handys;Substantiv;neutr.;https://www.dwds.de/wb/Handy;0.0;1467.0;1504;3167.0;21.28;6948.0;899.0;14818.0
BUCHMEIER,HERMIT;Handys;;;;;;;8647.0;156;;;;5503.0;1519.0
FEHLER200,FEHLER400;hanebüchen;;;;;;;;;;;;;
BUCHMEIER,HERMIT;Hank;;;;;;;2189.0;932;;;;2424.0;4355.0
BUCHMEIER,HERMIT;Hannah;;;;;;;9317.0;142;;;;3733.0;2508.0
LEEDS,LEIPZIG;Hannover;;;;;;;;;2257.0;32.49;1216.0;;
BUCHMEIER,HERMIT,LEEDS,LEIPZIG;Hans;;;;;;;5778.0;267;1128.0;67.43;1530.0;3498.0;2718.0
BUCHMEIER,HERMIT;Happy;;;;;;;3451.0;531;;;;2838.0;3529.0
BUCHMEIER,HERMIT,LEEDS;harmlos;;;;;;;6251.0;241;4560.0;13.24;;5260.0;1608.0
BUCHMEIER,HERMIT;Harold;;;;;;;5312.0;298;;;;2876.0;3479.0
BUCHMEIER,HERMIT;Harper;;;;;;;7938.0;175;;;;5874.0;1406.0
BUCHMEIER,HERMIT;Harris;;;;;;;4922.0;333;;;;4432.0;2031.0
BUCHMEIER,HERMIT,LEEDS,LEIPZIG;Harry;;;;;;;1172.0;1984;3267.0;20.5;7521.0;1086.0;11596.0
A2,BUCHMEIER,BW1,HERMIT,LEEDS,LEIPZIG;hart;;härter, Härte;Adjektiv;;https://www.dwds.de/wb/hart#1;0.0;940.0;2637;877.0;85.45;2198.0;816.0;16572.0
BUCHMEIER,HERMIT,LEIPZIG;harte;;;;;;;3069.0;615;;;3360.0;2540.0;4119.0
BUCHMEIER,HERMIT,LEIPZIG;harten;;;;;;;4997.0;326;;;3106.0;4777.0;1838.0
BUCHMEIER,HERMIT,LEIPZIG;harter;;;;;;;5748.0;269;;;8702.0;4400.0;2047.0
BUCHMEIER,HERMIT;Harvard;;;;;;;8442.0;161;;;;6254.0;1303.0
BUCHMEIER,HERMIT;Harvey;;;;;;;2685.0;725;;;;2262.0;4744.0
FEHLER200,FEHLER400;Hasardeur;;;;;;;;;;;;;
BUCHMEIER,BW1,HERMIT,LEO739,NRW422;Hase;der;;Substantiv;;;;7328.0;195;;;;6794.0;1163.0
BUCHMEIER,HERMIT;Hasen;;;;;;;8333.0;164;;;;7405.0;1044.0
BUCHMEIER,HERMIT;Hass;;;;;;;3454.0;530;;;;3095.0;3179.0
BUCHMEIER,HERMIT;hasse;;;;;;;920.0;2705;;;;863.0;15536.0
B1,BUCHMEIER,HERMIT,LEEDS;hassen;;;Verb;;https://www.dwds.de/wb/hassen;0.0;2300.0;874;3409.0;19.4;;2024.0;5417.0
BUCHMEIER,HERMIT;hasst;;;;;;;2190.0;931;;;;1696.0;6804.0
BUCHMEIER,HERMIT;hasste;;;;;;;5697.0;272;;;;6341.0;1277.0
BUCHMEIER,HERMIT,LEIPZIG;hast;;;;;;;58.0;68990;;;5181.0;49.0;511491.0
BUCHMEIER,FEHLER100,FEHLER300,HERMIT,LEIPZIG,LEO739,NRW111;hat;;;;;;;30.0;114762;;;28.0;28.0;799017.0
BUCHMEIER,FEHLER100,FEHLER300,HERMIT,LEIPZIG,LEO739,NRW422;hatte;;;;;;;141.0;24885;;;64.0;136.0;162793.0
BUCHMEIER,HERMIT,LEIPZIG;hatten;;;;;;;339.0;8792;;;172.0;321.0;53008.0
BUCHMEIER,HERMIT;hattest;;;;;;;871.0;2875;;;;688.0;20582.0
BUCHMEIER,HERMIT;hattet;;;;;;;4705.0;352;;;;3658.0;2575.0
BUCHMEIER,HERMIT;Hau;;;;;;;2043.0;1021;;;;1316.0;9269.0
HERMIT,LEIPZIG;Hauch;;;;;;;;;;;7666.0;7886.0;960.0
BUCHMEIER,HERMIT;hauen;;;;;;;3445.0;532;;;;2503.0;4171.0
BUCHMEIER,HERMIT,LEIPZIG;Haufen;;;;;;;1883.0;1131;;;7768.0;1661.0;6986.0
B1,LEIPZIG;Hauptbahnhof;der;;Substantiv;mask.;https://www.dwds.de/wb/Hauptbahnhof;0.0;;;;;5696.0;;
BUCHMEIER,HERMIT;Hauptmann;;;;;;;3543.0;512;;;;3214.0;3019.0
BUCHMEIER,HERMIT,LEIPZIG;Hauptquartier;;;;;;;4764.0;347;;;9653.0;4855.0;1788.0
BUCHMEIER,HERMIT,LEIPZIG;Hauptrolle;;;;;;;9841.0;132;;;9715.0;9204.0;781.0
BUCHMEIER,HERMIT,LEIPZIG;Hauptsache;;;;;;;5257.0;303;;;8164.0;4059.0;2254.0
A2,BUCHMEIER,HERMIT,LEEDS,LEIPZIG;Hauptstadt;die;;Substantiv;fem.;https://www.dwds.de/wb/Hauptstadt;0.0;6806.0;215;2064.0;36.0;741.0;6333.0;1279.0
BUCHMEIER,HERMIT,LEEDS,LEIPZIG;hauptsächlich;;;;;;;8111.0;170;1793.0;41.68;2748.0;5317.0;1587.0
A1,BUCHMEIER,BW1,HERMIT,LEEDS,LEIPZIG,LEO739,NRW422;Haus;das;Häuser;Substantiv;neutr.;https://www.dwds.de/wb/Haus;0.0;301.0;10265;208.0;325.61;390.0;255.0;70976.0
BUCHMEIER,HERMIT;Hausarrest;;;;;;;7832.0;178;;;;7992.0;944.0
A1,LEO739;Hausaufgabe;die;;Substantiv;fem.;https://www.dwds.de/wb/Hausaufgabe;0.0;;;;;;;
BUCHMEIER,HERMIT;Hausaufgaben;;;;;;;4426.0;380;;;;3591.0;2628.0
BUCHMEIER,HERMIT,LEIPZIG;Hause;;;;;;;285.0;11174;;;796.0;249.0;73059.0
BUCHMEIER,HERMIT,LEIPZIG;Hauses;;;;;;;4432.0;379;;;2155.0;3777.0;2472.0
A1,HERMIT;Hausfrau;die;;Substantiv;fem.;https://www.dwds.de/wb/Hausfrau;0.0;;;;;;9913.0;708.0
A2,HERMIT,LEEDS,LEIPZIG;Haushalt;der;;Substantiv;mask.;https://www.dwds.de/wb/Haushalt;0.0;;;1643.0;45.74;2086.0;8263.0;903.0
A1;Hausmann;der;;Substantiv;mask.;https://www.dwds.de/wb/Hausmann;0.0;;;;;;;
B1,BUCHMEIER,HERMIT;Hausmeister;der;;Substantiv;mask.;https://www.dwds.de/wb/Hausmeister;0.0;6213.0;243;;;;6485.0;1239.0
B1;Hausmeisterin;die;;Substantiv;fem.;https://www.dwds.de/wb/Hausmeisterin;0.0;;;;;;;
BUCHMEIER,HERMIT;haust;;;;;;;9958.0;130;;;;8375.0;886.0
B1,HERMIT;Haustier;das;;Substantiv;neutr.;https://www.dwds.de/wb/Haustier;0.0;;;;;;9736.0;726.0
BUCHMEIER,HERMIT,LEIPZIG;Haustür;;;;;;;9681.0;135;;;9266.0;8606.0;853.0
B1,BUCHMEIER,BW3,HERMIT,LEEDS,LEIPZIG;Haut;die;Häute;Substantiv;fem.;https://www.dwds.de/wb/Haut;0.0;1651.0;1301;2222.0;33.02;3342.0;1193.0;10413.0
BUCHMEIER,HERMIT,LEEDS;have;;;;;;;7539.0;187;3251.0;20.6;;5908.0;1397.0
BUCHMEIER,HERMIT;Hawaii;;;;;;;6938.0;209;;;;6219.0;1314.0
BUCHMEIER,HERMIT;Hayes;;;;;;;5811.0;265;;;;8433.0;878.0
LEEDS,LEIPZIG;Haß;;;;;;;;;2979.0;22.95;5290.0;;
BUCHMEIER,HERMIT,LEEDS;He;;;;;;;401.0;7404;4841.0;12.11;;481.0;33922.0
BUCHMEIER,HERMIT;Heather;;;;;;;7176.0;201;;;;5134.0;1656.0
BUCHMEIER,HERMIT;Heb;;;;;;;6142.0;247;;;;4446.0;2021.0
B1,BUCHMEIER,HERMIT,LEEDS,LEIPZIG;heben;;;Verb;;https://www.dwds.de/wb/heben;0.0;5127.0;314;1458.0;52.05;7411.0;3700.0;2536.0
BUCHMEIER,HERMIT,LEIPZIG;hebt;;;;;;;8110.0;170;;;5268.0;5091.0;1679.0
BUCHMEIER,HERMIT;Hector;;;;;;;5761.0;268;;;;5204.0;1630.0
HERMIT,LEEDS,LEIPZIG;Heer;;;;;;;;;3855.0;16.49;8964.0;8987.0;804.0
A2,LEEDS,LEIPZIG,LEO739,NRW422;Heft;das;;Substantiv;neutr.;https://www.dwds.de/wb/Heft#1;0.0;;;2588.0;27.62;7787.0;;
BUCHMEIER,HERMIT,LEEDS,LEIPZIG;heftig;;;;;;;6017.0;254;1493.0;51.02;2580.0;4264.0;2126.0
LEEDS,LEIPZIG;Heidelberg;;;;;;;;;2848.0;24.34;4013.0;;
BUCHMEIER,HERMIT;Heil;;;;;;;4808.0;343;;;;3054.0;3233.0
BUCHMEIER,HERMIT,LEEDS;heilen;;;;;;;3220.0;579;3582.0;18.15;;2907.0;3433.0
BUCHMEIER,HERMIT,LEEDS;heilig;;;;;;;8601.0;157;1865.0;39.85;;6465.0;1245.0
BUCHMEIER,HERMIT,LEEDS;Heilige;;;;;;;2623.0;746;2060.0;36.08;;1719.0;6656.0
BUCHMEIER,HERMIT,LEIPZIG;Heiligen;;;;;;;4232.0;404;;;6589.0;2293.0;4677.0
BUCHMEIER,HERMIT;Heiliger;;;;;;;5239.0;305;;;;3610.0;2608.0
BUCHMEIER,HERMIT;Heiligkeit;;;;;;;9070.0;147;;;;6875.0;1145.0
BUCHMEIER,HERMIT;Heilmittel;;;;;;;6994.0;207;;;;4481.0;1993.0
BUCHMEIER,HERMIT,LEEDS;Heilung;;;;;;;7410.0;192;4218.0;14.65;;7129.0;1096.0
B1,BUCHMEIER,HERMIT,LEEDS,LEIPZIG;Heim;das;;Substantiv;neutr.;https://www.dwds.de/wb/Heim;0.0;2162.0;949;4278.0;14.38;5974.0;1266.0;9704.0
A1,BUCHMEIER,HERMIT,LEEDS,LEIPZIG;Heimat;die;;Substantiv;fem.;https://www.dwds.de/wb/Heimat;0.0;3149.0;597;1742.0;42.94;1304.0;2841.0;3517.0
B1,BUCHMEIER,BW3,HERMIT,LEEDS,LEIPZIG;heimlich;;Geheimnis;Adjektiv;;https://www.dwds.de/wb/heimlich;0.0;4786.0;345;3383.0;19.55;7293.0;3836.0;2430.0
B1;Heimweh;das;;Substantiv;neutr.;https://www.dwds.de/wb/Heimweh;0.0;;;;;;;
BUCHMEIER,HERMIT,LEEDS,LEIPZIG;Heinrich;;;;;;;8039.0;172;2247.0;32.64;2702.0;6866.0;1147.0
LEEDS,LEIPZIG;Heinz;;;;;;;;;3039.0;22.49;1977.0;;
BUCHMEIER,HERMIT;Heirat;;;;;;;6031.0;253;;;;5236.0;1617.0
BUCHMEIER,HERMIT;heirate;;;;;;;5247.0;304;;;;3454.0;2762.0
A1,BUCHMEIER,HERMIT,LEEDS,LEIPZIG;heiraten;;;Verb;;https://www.dwds.de/wb/heiraten;0.0;887.0;2827;2914.0;23.62;8339.0;734.0;18905.0
BUCHMEIER,HERMIT;heiratest;;;;;;;7477.0;189;;;;5890.0;1402.0
BUCHMEIER,HERMIT;heiratet;;;;;;;4380.0;385;;;;3374.0;2854.0
BUCHMEIER,HERMIT;heiratete;;;;;;;8811.0;153;;;;6589.0;1216.0
BUCHMEIER,HERMIT;heisst;;;;;;;2201.0;925;;;;5100.0;1674.0
B1;heizen;;;Verb;;https://www.dwds.de/wb/heizen;0.0;;;;;;;
A2,BW3,HERMIT;Heizung;die;heizen;Substantiv;fem.;https://www.dwds.de/wb/Heizung;0.0;;;;;;9040.0;798.0
A2,BUCHMEIER,BW3,HERMIT,LEEDS,LEIPZIG,LEO739;heiß;;;Adjektiv;;https://www.dwds.de/wb/hei%C3%9F;0.0;1254.0;1829;1708.0;43.96;5678.0;1063.0;11903.0
BUCHMEIER,HERMIT,LEIPZIG;heiße;;;;;;;1456.0;1516;;;5072.0;1108.0;11271.0
A1,BUCHMEIER,BW3,FEHLER400,HERMIT,LEEDS,LEIPZIG,LEO739,NRW422;heißen;;du heißt, ich hieß;Verb;;https://www.dwds.de/wb/hei%C3%9Fen#1;0.0;986.0;2477;196.0;341.68;1749.0;810.0;16650.0
BUCHMEIER,HERMIT;heißer;;;;;;;7873.0;177;;;;5719.0;1451.0
BUCHMEIER,HERMIT;heißes;;;;;;;7432.0;191;;;;6032.0;1364.0
BUCHMEIER,FEHLER300,HERMIT,LEIPZIG;heißt;;;;;;;359.0;8194;;;242.0;302.0;57306.0
B1,BUCHMEIER,HERMIT,LEEDS,LEIPZIG;Held;der;;Substantiv;mask.;https://www.dwds.de/wb/Held;0.0;1687.0;1271;2077.0;35.81;4807.0;1756.0;6458.0
BUCHMEIER,HERMIT,LEIPZIG;Helden;;;;;;;2572.0;765;;;2951.0;2343.0;4543.0
B1,HERMIT;Heldin;die;;Substantiv;fem.;https://www.dwds.de/wb/Heldin;0.0;;;;;;9677.0;732.0
BUCHMEIER,HERMIT;Helen;;;;;;;4079.0;426;;;;2696.0;3808.0
BUCHMEIER,HERMIT;Helena;;;;;;;8645.0;156;;;;5854.0;1413.0
BUCHMEIER,LEIPZIG;Helene;;;;;;;8369.0;163;;;9023.0;;
BUCHMEIER,HERMIT;helf;;;;;;;8810.0;153;;;;8357.0;890.0
BUCHMEIER,HERMIT;helfe;;;;;;;1765.0;1210;;;;1427.0;8477.0
A1,BUCHMEIER,HERMIT,LEEDS,LEIPZIG,LEO739,NRW422;helfen;;;Verb;;https://www.dwds.de/wb/helfen;0.0;251.0;12847;363.0;194.48;998.0;218.0;85664.0
HERMIT,LEEDS,LEIPZIG;Helfer;;;;;;;;;3983.0;15.82;3952.0;9197.0;782.0
BUCHMEIER,HERMIT;Helft;;;;;;;3369.0;546;;;;2160.0;4985.0
BUCHMEIER,HERMIT;Helikopter;;;;;;;5091.0;318;;;;6486.0;1239.0
A1,BUCHMEIER,BW3,FEHLER300,HERMIT,LEEDS;hell;;;Adjektiv;;https://www.dwds.de/wb/hell;0.0;4889.0;336;2071.0;35.93;;3980.0;2312.0
BUCHMEIER,HERMIT;Heller;;;;;;;6602.0;224;;;;7266.0;1069.0
BUCHMEIER,HERMIT;Helm;;;;;;;6141.0;247;;;;5799.0;1428.0
LEEDS,LEIPZIG;Helmut;;;;;;;;;2535.0;28.21;2270.0;;
A2,BUCHMEIER,HERMIT,LEIPZIG;Hemd;das;;Substantiv;neutr.;https://www.dwds.de/wb/Hemd;0.0;2701.0;720;;;8508.0;2548.0;4099.0
BUCHMEIER,HERMIT;Hemden;;;;;;;9680.0;135;;;;9321.0;768.0
B1;Henderl;das;;Substantiv;neutr.;https://www.dwds.de/wb/Henderl;0.0;;;;;;;
BUCHMEIER,HERMIT;Henderson;;;;;;;5097.0;317;;;;8335.0;892.0
B1;Hendl;das;;Substantiv;neutr.;https://www.dwds.de/wb/Hendl;0.0;;;;;;;
BUCHMEIER,HERMIT;Henker;;;;;;;6454.0;231;;;;6187.0;1323.0
BUCHMEIER,HERMIT,LEIPZIG;Henry;;;;;;;1684.0;1274;;;8734.0;1237.0;9995.0
A2,BUCHMEIER,HERMIT,LEEDS,LEIPZIG;her;;;Adverb;;https://www.dwds.de/wb/her;0.0;239.0;13720;539.0;134.28;852.0;214.0;87571.0
BUCHMEIER,HERMIT,LEEDS;herab;;;;;;;9731.0;134;4870.0;12.05;;9590.0;741.0
BUCHMEIER,FEHLER300,HERMIT,LEEDS,LEIPZIG;heran;;;;;;;5621.0;276;3750.0;17.09;5115.0;5526.0;1513.0
A2,BUCHMEIER,FEHLER300,HERMIT,LEEDS,LEIPZIG,LEO739,NRW111;heraus;;;Adverb;;https://www.dwds.de/wb/heraus;0.0;981.0;2512;646.0;113.68;884.0;910.0;14613.0
B1,BUCHMEIER,HERMIT,LEEDS;herausfinden;;;Verb;;https://www.dwds.de/wb/herausfinden;0.0;1642.0;1307;2787.0;25.01;;1347.0;8989.0
BUCHMEIER,HERMIT;herausfindet;;;;;;;8520.0;159;;;;7079.0;1104.0
B1,BUCHMEIER,HERMIT,LEEDS,LEIPZIG;Herausforderung;die;;Substantiv;fem.;https://www.dwds.de/wb/Herausforderung;0.0;4266.0;399;1608.0;46.75;3933.0;4342.0;2080.0
LEEDS,LEIPZIG;Herausgeber;;;;;;;;;4272.0;14.4;6760.0;;
BUCHMEIER,HERMIT,LEIPZIG;herausgefunden;;;;;;;2970.0;643;;;8908.0;2532.0;4126.0
BUCHMEIER,HERMIT;herauszufinden;;;;;;;2731.0;712;;;;2334.0;4562.0
BUCHMEIER,HERMIT,LEEDS,LEIPZIG;Herbert;;;;;;;5604.0;277;3806.0;16.74;3027.0;7863.0;964.0
BUCHMEIER,HERMIT;herbringen;;;;;;;9160.0;145;;;;8943.0;811.0
A1,BUCHMEIER,BW1,HERMIT,LEEDS,LEIPZIG,LEO739;Herbst;der;;Substantiv;mask.;https://www.dwds.de/wb/Herbst;0.0;7476.0;189;1640.0;45.82;1013.0;5804.0;1427.0
A1,BUCHMEIER,HERMIT;Herd;der;;Substantiv;mask.;https://www.dwds.de/wb/Herd;0.0;9316.0;142;;;;8152.0;919.0
BUCHMEIER,HERMIT;Herde;;;;;;;9258.0;143;;;;6305.0;1286.0
A2,BUCHMEIER,FEHLER100,FEHLER300,HERMIT,LEEDS,LEO739,NRW111;herein;;;Adverb;;https://www.dwds.de/wb/herein;0.0;2422.0;819;4658.0;12.83;;1394.0;8674.0
BUCHMEIER,HERMIT;hergebracht;;;;;;;6355.0;236;;;;5034.0;1708.0
BUCHMEIER,HERMIT;hergekommen;;;;;;;3095.0;608;;;;2771.0;3657.0
BUCHMEIER,HERMIT,LEIPZIG;hergestellt;;;;;;;5561.0;280;;;2724.0;5386.0;1561.0
BUCHMEIER,HERMIT;herhören;;;;;;;8809.0;153;;;;8010.0;942.0
BUCHMEIER,HERMIT;herkommen;;;;;;;3430.0;534;;;;2452.0;4283.0
BUCHMEIER,HERMIT;herkommt;;;;;;;6716.0;219;;;;6682.0;1191.0
B1,BUCHMEIER,HERMIT,LEEDS,LEIPZIG;Herkunft;die;;Substantiv;fem.;https://www.dwds.de/wb/Herkunft;0.0;7728.0;181;2518.0;28.49;3202.0;6838.0;1152.0
LEEDS,LEIPZIG;Hermann;;;;;;;;;3096.0;21.99;3688.0;;
BUCHMEIER,HERMIT,LEIPZIG;Heroin;;;;;;;5188.0;309;;;6401.0;4682.0;1884.0
A1,BUCHMEIER,BW3,FEHLER300,HERMIT,LEEDS,LEIPZIG;Herr;der;;Substantiv;mask.;https://www.dwds.de/wb/Herr;0.0;320.0;9504;192.0;347.27;887.0;300.0;58200.0
BUCHMEIER,HERMIT,LEIPZIG;Herren;;;;;;;1039.0;2328;;;2159.0;805.0;16748.0
BUCHMEIER,HERMIT;Herrgott;;;;;;;3608.0;497;;;;2410.0;4388.0
BUCHMEIER,HERMIT;Herrin;;;;;;;8146.0;169;;;;5385.0;1561.0
BUCHMEIER,HERMIT,LEEDS;herrlich;;;;;;;6354.0;236;2955.0;23.19;;4340.0;2080.0
BUCHMEIER,HERMIT,LEIPZIG;Herrn;;;;;;;1498.0;1455;;;1993.0;1274.0;9640.0
BUCHMEIER,HERMIT,LEEDS,LEIPZIG;Herrschaft;;;;;;;8332.0;164;1857.0;39.98;3779.0;7813.0;973.0
BUCHMEIER,HERMIT;Herrschaften;;;;;;;8701.0;155;;;;5715.0;1452.0
BUCHMEIER,HERMIT,LEEDS,LEIPZIG;herrschen;;;;;;;9451.0;139;1401.0;54.1;7867.0;7445.0;1036.0
BUCHMEIER,HERMIT,LEEDS,LEIPZIG;Herrscher;;;;;;;7261.0;198;4469.0;13.6;7244.0;6313.0;1284.0
BUCHMEIER,HERMIT,LEIPZIG;herrscht;;;;;;;4716.0;351;;;1682.0;3876.0;2395.0
A2,BUCHMEIER,HERMIT,LEEDS,LEIPZIG;herstellen;;;Verb;;https://www.dwds.de/wb/herstellen#2;0.0;6353.0;236;1250.0;60.49;6009.0;6428.0;1255.0
B1,LEEDS,LEIPZIG;Hersteller;der;;Substantiv;mask.;https://www.dwds.de/wb/Hersteller;0.0;;;2038.0;36.46;1783.0;;
LEEDS,LEIPZIG;Herstellung;;;;;;;;;2603.0;27.4;1489.0;;
BUCHMEIER,HERMIT,LEEDS,LEIPZIG;herum;;;;;;;1083.0;2198;1352.0;55.88;1958.0;1021.0;12404.0
BUCHMEIER,HERMIT,LEEDS,LEIPZIG;herunter;;;;;;;5935.0;259;4452.0;13.64;8372.0;5047.0;1703.0
B1;herunterfahren;;;Verb;;https://www.dwds.de/wb/herunterfahren;0.0;;;;;;;
A2;herunterladen;;;Verb;;https://www.dwds.de/wb/herunterladen;0.0;;;;;;;
BUCHMEIER,HERMIT,LEEDS,LEIPZIG;hervor;;;;;;;6872.0;212;1556.0;48.74;1622.0;6575.0;1219.0
BUCHMEIER,HERMIT,LEEDS,LEIPZIG;hervorragend;;;;;;;5582.0;279;2015.0;36.8;6916.0;3801.0;2453.0
HERMIT,LEIPZIG;hervorragende;;;;;;;;;;;7780.0;9247.0;777.0
B1,BUCHMEIER,BW1,HERMIT,LEEDS,LEIPZIG;Herz;das;herzlich;Substantiv;neutr.;https://www.dwds.de/wb/Herz;0.0;654.0;4408;565.0;128.93;1943.0;595.0;26008.0
BUCHMEIER,HERMIT,LEIPZIG;Herzen;;;;;;;1130.0;2089;;;2539.0;1098.0;11392.0
BUCHMEIER,HERMIT;Herzens;;;;;;;6092.0;250;;;;6569.0;1220.0
BUCHMEIER,HERMIT;Herzinfarkt;;;;;;;5444.0;288;;;;4588.0;1927.0
A1,BUCHMEIER,BW3,HERMIT,LEEDS,LEIPZIG;herzlich;;Herz;Adjektiv;;https://www.dwds.de/wb/herzlich;0.0;7409.0;192;1783.0;42.0;9009.0;3769.0;2478.0
BUCHMEIER,HERMIT;Herzlichen;;;;;;;2767.0;699;;;;2141.0;5039.0
BUCHMEIER,HERMIT,LEEDS,LEIPZIG;Herzog;;;;;;;7311.0;196;3608.0;18.01;3053.0;4995.0;1725.0
BUCHMEIER,HERMIT;Herzschlag;;;;;;;6937.0;209;;;;7127.0;1097.0
BUCHMEIER,HERMIT,LEIPZIG;herzustellen;;;;;;;8700.0;155;;;6114.0;8700.0;841.0
LEEDS,LEIPZIG;Hessen;;;;;;;;;3651.0;17.7;1623.0;;
BUCHMEIER,HERMIT;heulen;;;;;;;6583.0;225;;;;4029.0;2276.0
BUCHMEIER,HERMIT;heult;;;;;;;8754.0;154;;;;5520.0;1514.0
A1,BUCHMEIER,HERMIT;heut;;;Adverb;;https://www.dwds.de/wb/heut;0.0;4868.0;338;;;;3091.0;3182.0
A1,BUCHMEIER,HERMIT,LEEDS,LEIPZIG,LEO739,NRW422;heute;;;Adverb;;https://www.dwds.de/wb/heute;0.0;168.0;19929;114.0;601.04;135.0;142.0;154162.0
BUCHMEIER,HERMIT,LEIPZIG;heutige;;;;;;;6250.0;241;;;3656.0;6155.0;1331.0
BUCHMEIER,HERMIT,LEIPZIG;heutigen;;;;;;;3726.0;475;;;885.0;3830.0;2432.0
BUCHMEIER,HERMIT,LEEDS,LEIPZIG;heutzutage;;;;;;;3710.0;478;3212.0;20.87;6004.0;2872.0;3486.0
BUCHMEIER,BW1,HERMIT,LEO739,NRW422;Hexe;die;;Substantiv;;;;2599.0;755;;;;2142.0;5039.0
BUCHMEIER,HERMIT;Hexen;;;;;;;8885.0;151;;;;3757.0;2482.0
BUCHMEIER,HERMIT;Hey;;;;;;;135.0;26567;;;;126.0;185011.0
BUCHMEIER,HERMIT;Hi;;;;;;;432.0;6858;;;;376.0;44653.0
B1;hieher;;;Pronominaladverb;;https://www.dwds.de/wb/hieher;0.0;;;;;;;
BUCHMEIER,HERMIT,LEIPZIG;hielt;;;;;;;1873.0;1135;;;1202.0;1524.0;7787.0
BUCHMEIER,HERMIT,LEIPZIG;hielten;;;;;;;4576.0;365;;;2780.0;4177.0;2180.0
A1,BUCHMEIER,BW1,FEHLER100,FEHLER300,HERMIT,LEEDS,LEIPZIG,LEO739,NRW111;hier;;;Adverb;;https://www.dwds.de/wb/hier;0.0;41.0;103938;77.0;1112.59;165.0;29.0;754243.0
BUCHMEIER,HERMIT,LEEDS,LEIPZIG;hierbei;;;;;;;9574.0;137;1716.0;43.79;6677.0;7248.0;1072.0
BUCHMEIER,HERMIT;hierbleiben;;;;;;;7023.0;206;;;;3480.0;2738.0
BUCHMEIER,HERMIT,LEEDS,LEIPZIG;hierfür;;;;;;;8808.0;153;2266.0;32.41;4486.0;8249.0;904.0
B1,BUCHMEIER,HERMIT,LEEDS,LEIPZIG;hierher;;;Pronominaladverb;;https://www.dwds.de/wb/hierher;0.0;735.0;3725;4368.0;13.97;9499.0;640.0;23229.0
BUCHMEIER,HERMIT;hierhin;;;;;;;5810.0;265;;;;5130.0;1657.0
BUCHMEIER,HERMIT,LEEDS;hiermit;;;;;;;3384.0;543;4201.0;14.78;;2704.0;3792.0
BUCHMEIER,HERMIT;hiervon;;;;;;;8884.0;151;;;;7291.0;1064.0
LEEDS,LEIPZIG;hierzu;;;;;;;;;1571.0;48.25;3937.0;;
LEEDS,LEIPZIG;hierzulande;;;;;;;;;4705.0;12.69;2685.0;;
BUCHMEIER,HERMIT,LEIPZIG;hieß;;;;;;;2060.0;1014;;;554.0;1885.0;5955.0
BUCHMEIER,HERMIT;High;;;;;;;3183.0;589;;;;2095.0;5155.0
BUCHMEIER,HERMIT;Highschool;;;;;;;4622.0;360;;;;4103.0;2226.0
BUCHMEIER,HERMIT;Highway;;;;;;;7804.0;179;;;;6795.0;1163.0
BUCHMEIER,HERMIT;Hilf;;;;;;;1617.0;1338;;;;1008.0;12662.0
A1,BUCHMEIER,HERMIT,LEEDS,LEIPZIG;Hilfe;die;;Substantiv;fem.;https://www.dwds.de/wb/Hilfe;0.0;363.0;8127;387.0;186.16;397.0;323.0;52679.0
BUCHMEIER,HERMIT,LEIPZIG;hilflos;;;;;;;7175.0;201;;;8080.0;6805.0;1162.0
BUCHMEIER,HERMIT,LEEDS,LEIPZIG;hilfreich;;;;;;;5340.0;296;1514.0;50.41;8345.0;4066.0;2247.0
BUCHMEIER,HERMIT;hilfst;;;;;;;3666.0;488;;;;2489.0;4197.0
BUCHMEIER,HERMIT,LEIPZIG,LEO739,NRW422;hilft;;;;;;;1295.0;1761;;;2176.0;938.0;13897.0
BUCHMEIER,HERMIT,LEIPZIG;Hill;;;;;;;4364.0;387;;;8564.0;4401.0;2046.0
BUCHMEIER,HERMIT;Hills;;;;;;;7327.0;195;;;;7569.0;1014.0
A2,BUCHMEIER,BW1,FEHLER300,HERMIT,LEEDS,LEIPZIG,LEO739;Himmel;der;;Substantiv;mask.;https://www.dwds.de/wb/Himmel;0.0;850.0;2969;1038.0;73.03;1803.0;772.0;17755.0
BUCHMEIER,HERMIT;Himmels;;;;;;;3260.0;569;;;;2921.0;3403.0
A2,BUCHMEIER,HERMIT,LEEDS,LEIPZIG;hin;;;Adverb;;https://www.dwds.de/wb/hin;0.0;269.0;11850;299.0;236.22;387.0;252.0;72272.0
BUCHMEIER,HERMIT,LEEDS,LEIPZIG;hinauf;;;;;;;7475.0;189;3474.0;18.93;7844.0;6393.0;1265.0
BUCHMEIER,FEHLER100,FEHLER300,HERMIT,LEEDS,LEIPZIG;hinaus;;;;;;;2183.0;936;502.0;144.84;828.0;1688.0;6848.0
LEEDS,LEIPZIG;Hinblick;;;;;;;;;1916.0;38.79;4104.0;;
BUCHMEIER,HERMIT;hinbringen;;;;;;;8180.0;168;;;;7799.0;976.0
BUCHMEIER,HERMIT,LEEDS;hindern;;;;;;;7908.0;176;3297.0;20.24;;6244.0;1305.0
HERMIT,LEEDS,LEIPZIG;Hindernis;;;;;;;;;3284.0;20.3;9035.0;9941.0;706.0
BUCHMEIER,HERMIT,LEEDS,LEIPZIG;hindurch;;;;;;;7969.0;174;4217.0;14.66;9603.0;9367.0;763.0
BUCHMEIER,FEHLER300,HERMIT,LEEDS,LEIPZIG,LEO739,NRW111;hinein;;;;;;;2394.0;830;1604.0;46.79;2752.0;2039.0;5343.0
BUCHMEIER,HERMIT;hinfahren;;;;;;;7694.0;182;;;;5521.0;1514.0
BUCHMEIER,HERMIT;hing;;;;;;;7202.0;200;;;;6250.0;1304.0
BUCHMEIER,HERMIT;Hingabe;;;;;;;8942.0;150;;;;8869.0;818.0
BUCHMEIER,HERMIT;hingegangen;;;;;;;7693.0;182;;;;7673.0;996.0
LEEDS,LEIPZIG;hingegen;;;;;;;;;1201.0;62.8;940.0;;
BUCHMEIER,HERMIT;hingehen;;;;;;;2164.0;946;;;;2090.0;5172.0
BUCHMEIER,HERMIT;hingerichtet;;;;;;;7768.0;180;;;;7408.0;1044.0
BUCHMEIER,HERMIT;hinkriegen;;;;;;;8753.0;154;;;;8625.0;851.0
BUCHMEIER,HERMIT;hinlegen;;;;;;;6566.0;226;;;;4589.0;1925.0
LEEDS,LEIPZIG;hinnehmen;;;;;;;;;4200.0;14.79;3583.0;;
LEEDS,LEIPZIG;hinreichend;;;;;;;;;3762.0;17.01;9901.0;;
BUCHMEIER,HERMIT;Hinrichtung;;;;;;;7830.0;178;;;;6475.0;1242.0
BUCHMEIER,HERMIT;hinsetzen;;;;;;;6128.0;248;;;;3732.0;2508.0
BUCHMEIER,HERMIT,LEEDS,LEIPZIG;Hinsicht;;;;;;;6845.0;213;1692.0;44.25;3559.0;5649.0;1472.0
LEEDS,LEIPZIG;hinsichtlich;;;;;;;;;1576.0;48.11;4683.0;;
A1,BUCHMEIER,HERMIT,LEEDS,LEIPZIG;hinten;;;Adverb;;https://www.dwds.de/wb/hinten;0.0;1017.0;2372;2256.0;32.52;3238.0;900.0;14804.0
A2,BUCHMEIER,HERMIT,LEEDS,LEIPZIG,LEO739,NRW111;hinter;;;Präposition;;https://www.dwds.de/wb/hinter#1;0.0;501.0;5836;370.0;191.52;377.0;424.0;37964.0
BUCHMEIER,HERMIT,LEEDS,LEIPZIG;Hintergrund;;;;;;;3041.0;625;900.0;83.52;1072.0;3669.0;2560.0
BUCHMEIER,HERMIT;Hinterhalt;;;;;;;7872.0;177;;;;7872.0;962.0
B1,BUCHMEIER,FEHLER100,FEHLER300,HERMIT,LEEDS,LEIPZIG;hinterher;;;Adverb;;https://www.dwds.de/wb/hinterher;0.0;3464.0;528;3722.0;17.29;3680.0;2544.0;4110.0
B1,BUCHMEIER,HERMIT,LEEDS,LEIPZIG;hinterlassen;;;Verb;;https://www.dwds.de/wb/hinterlassen;0.0;2351.0;856;2796.0;24.91;4392.0;1783.0;6347.0
BUCHMEIER,HERMIT;hinterließ;;;;;;;9257.0;143;;;;6439.0;1250.0
BUCHMEIER,HERMIT;Hintern;;;;;;;1614.0;1341;;;;1729.0;6614.0
BUCHMEIER,HERMIT;Hintertür;;;;;;;7999.0;173;;;;6842.0;1151.0
BUCHMEIER,HERMIT,LEEDS,LEIPZIG;hinunter;;;;;;;6051.0;252;4005.0;15.73;9107.0;5308.0;1592.0
BUCHMEIER,HERMIT,LEEDS,LEIPZIG;hinweg;;;;;;;4715.0;351;2462.0;29.32;2673.0;4039.0;2268.0
B1,BUCHMEIER,HERMIT,LEEDS,LEIPZIG;Hinweis;der;;Substantiv;mask.;https://www.dwds.de/wb/Hinweis;0.0;3458.0;529;764.0;98.37;1727.0;3060.0;3227.0
BUCHMEIER,HERMIT,LEIPZIG;Hinweise;;;;;;;5227.0;306;;;2068.0;3870.0;2399.0
B1,HERMIT,LEEDS;hinweisen;;;Verb;;https://www.dwds.de/wb/hinweisen;0.0;;;1412.0;53.61;;7950.0;949.0
BUCHMEIER,HERMIT,LEEDS,LEIPZIG;hinzu;;;;;;;7597.0;185;1260.0;60.09;1490.0;8013.0;941.0
BUCHMEIER,HERMIT,LEEDS;hinzufügen;;;;;;;9256.0;143;3447.0;19.15;;8843.0;821.0
BUCHMEIER,HERMIT;hinüber;;;;;;;7829.0;178;;;;7559.0;1016.0
BUCHMEIER,HERMIT;Hirn;;;;;;;3665.0;488;;;;3238.0;3000.0
LEEDS,LEIPZIG;Historiker;;;;;;;;;3378.0;19.64;4168.0;;
B1,LEEDS,LEIPZIG;historisch;;;Adjektiv;;https://www.dwds.de/wb/historisch;0.0;;;616.0;118.05;6562.0;;
BUCHMEIER,HERMIT,LEEDS,LEIPZIG;Hitler;;;;;;;4757.0;348;1773.0;42.25;4182.0;3598.0;2622.0
B1,BUCHMEIER,BW1,HERMIT,LEEDS,LEIPZIG;Hitze;die;;Substantiv;fem.;https://www.dwds.de/wb/Hitze;0.0;4265.0;399;4724.0;12.62;6216.0;4010.0;2288.0
BUCHMEIER,HERMIT;Hm;;;;;;;1331.0;1687;;;;693.0;20416.0
BUCHMEIER,HERMIT;Hmm;;;;;;;2294.0;876;;;;2855.0;3505.0
BUCHMEIER,HERMIT;Ho;;;;;;;5036.0;323;;;;3090.0;3183.0
A1,BUCHMEIER,BW3,FEHLER400,HERMIT;Hobby;das;Hobbys;Substantiv;neutr.;https://www.dwds.de/wb/Hobby;0.0;7310.0;196;;;;6515.0;1232.0
A1,BUCHMEIER,HERMIT,LEEDS,LEIPZIG;hoch;;;Adjektiv;;https://www.dwds.de/wb/hoch;0.0;613.0;4749;110.0;619.12;658.0;507.0;32147.0
BUCHMEIER,HERMIT;hochgehen;;;;;;;8331.0;164;;;;7741.0;985.0
B1;hochladen;;;Verb;;https://www.dwds.de/wb/hochladen;0.0;;;;;;;
LEEDS,LEIPZIG;Hochschule;;;;;;;;;1324.0;56.89;3281.0;;
A1,BUCHMEIER,HERMIT,LEEDS,LEIPZIG;Hochzeit;die;;Substantiv;fem.;https://www.dwds.de/wb/Hochzeit#1;0.0;1410.0;1564;4712.0;12.66;6352.0;1028.0;12310.0
BUCHMEIER,HERMIT;Hochzeitstag;;;;;;;6432.0;232;;;;5423.0;1550.0
B1,BUCHMEIER,HERMIT,LEEDS,LEIPZIG;Hof;der;;Substantiv;mask.;https://www.dwds.de/wb/Hof;0.0;3736.0;473;2022.0;36.63;2168.0;2377.0;4463.0
BUCHMEIER,HERMIT,LEIPZIG;hoffe;;;;;;;609.0;4794;;;3616.0;472.0;34207.0
A2,BUCHMEIER,HERMIT,LEEDS,LEIPZIG,LEO739,NRW422;hoffen;;;Verb;;https://www.dwds.de/wb/hoffen;0.0;2452.0;805;696.0;106.73;1804.0;1746.0;6526.0
A2,BUCHMEIER,BW3,FEHLER400,HERMIT,LEEDS,LEIPZIG;hoffentlich;;;Adverb;;https://www.dwds.de/wb/hoffentlich;0.0;1801.0;1187;2942.0;23.3;8754.0;1040.0;12163.0
B1,BUCHMEIER,HERMIT,LEEDS,LEIPZIG;Hoffnung;die;;Substantiv;fem.;https://www.dwds.de/wb/Hoffnung;0.0;1389.0;1589;828.0;90.6;1042.0;1283.0;9525.0
BUCHMEIER,HERMIT,LEIPZIG;Hoffnungen;;;;;;;5934.0;259;;;2912.0;5730.0;1447.0
BUCHMEIER,HERMIT;hoffnungslos;;;;;;;7596.0;185;;;;7268.0;1069.0
BUCHMEIER,HERMIT,LEIPZIG;hofft;;;;;;;8752.0;154;;;1585.0;8040.0;936.0
BUCHMEIER,HERMIT;hoffte;;;;;;;4930.0;332;;;;4519.0;1968.0
BUCHMEIER,HERMIT,LEIPZIG;hohe;;;;;;;5116.0;315;;;785.0;3421.0;2802.0
BUCHMEIER,HERMIT;Hoheit;;;;;;;2776.0;697;;;;2315.0;4622.0
BUCHMEIER,HERMIT,LEIPZIG;hohen;;;;;;;4044.0;431;;;614.0;3395.0;2837.0
BUCHMEIER,HERMIT,LEIPZIG;hoher;;;;;;;7998.0;173;;;2424.0;6513.0;1233.0
HERMIT,LEIPZIG;hohes;;;;;;;;;;;5783.0;7647.0;1000.0
BUCHMEIER,HERMIT;hol;;;;;;;1369.0;1631;;;;722.0;19339.0
BUCHMEIER,HERMIT;hole;;;;;;;1218.0;1890;;;;925.0;14206.0
A1,BUCHMEIER,HERMIT,LEEDS,LEIPZIG;holen;;;Verb;;https://www.dwds.de/wb/holen;0.0;661.0;4352;932.0;80.88;2594.0;498.0;32820.0
HERMIT,LEIPZIG;Holland;;;;;;;;;;;4768.0;8621.0;851.0
BUCHMEIER,HERMIT;Holly;;;;;;;8483.0;160;;;;4759.0;1846.0
BUCHMEIER,HERMIT,LEIPZIG;Hollywood;;;;;;;4113.0;420;;;5235.0;3858.0;2411.0
LEEDS,LEIPZIG;Holocaust;;;;;;;;;4789.0;12.33;6514.0;;
BUCHMEIER,HERMIT;holst;;;;;;;5166.0;311;;;;3331.0;2906.0
BUCHMEIER,HERMIT,LEIPZIG;Holt;;;;;;;2255.0;892;;;5240.0;1105.0;11336.0
BUCHMEIER,HERMIT,LEIPZIG;holte;;;;;;;6289.0;239;;;3893.0;5336.0;1581.0
B1,BUCHMEIER,HERMIT,LEEDS,LEIPZIG;Holz;das;;Substantiv;neutr.;https://www.dwds.de/wb/Holz;0.0;3352.0;548;2648.0;26.67;2984.0;2879.0;3477.0
A2,LEEDS;Homepage;die;;Substantiv;fem.;https://www.dwds.de/wb/Homepage;0.0;;;1736.0;43.08;;;
BUCHMEIER,HERMIT;Homer;;;;;;;1246.0;1849;;;;4687.0;1883.0
BUCHMEIER,HERMIT;Honey;;;;;;;8109.0;170;;;;9289.0;772.0
BUCHMEIER,HERMIT;Hong;;;;;;;9449.0;139;;;;9274.0;773.0
BUCHMEIER,HERMIT,LEIPZIG;Hongkong;;;;;;;6964.0;208;;;2894.0;6029.0;1365.0
B1,BUCHMEIER,HERMIT;Honig;der;;Substantiv;mask.;https://www.dwds.de/wb/Honig;0.0;8145.0;169;;;;6432.0;1254.0
BUCHMEIER,HERMIT;Hood;;;;;;;3073.0;614;;;;5501.0;1520.0
BUCHMEIER,HERMIT;Hoppla;;;;;;;9211.0;144;;;;8019.0;940.0
HERMIT,LEEDS,LEIPZIG;Horizont;;;;;;;;;4148.0;15.0;7130.0;8728.0;837.0
BUCHMEIER,HERMIT,LEIPZIG;Horn;;;;;;;9255.0;143;;;9411.0;6901.0;1137.0
LEEDS,LEIPZIG;Horst;;;;;;;;;3324.0;20.02;2241.0;;
A2,BUCHMEIER,BW1,HERMIT,LEEDS,LEIPZIG,LEO739,NRW422;Hose;die;;Substantiv;fem.;https://www.dwds.de/wb/Hose;0.0;2040.0;1022;4114.0;15.14;7930.0;1797.0;6273.0
BUCHMEIER,HERMIT,LEIPZIG;Hosen;;;;;;;3189.0;587;;;8548.0;2969.0;3345.0
BUCHMEIER,HERMIT;Hospital;;;;;;;9210.0;144;;;;8153.0;919.0
BUCHMEIER,HERMIT;Hot;;;;;;;7538.0;187;;;;5949.0;1385.0
A1,BUCHMEIER,HERMIT,LEEDS,LEIPZIG;Hotel;das;;Substantiv;neutr.;https://www.dwds.de/wb/Hotel;0.0;1171.0;1989;1214.0;62.07;1626.0;937.0;13914.0
BUCHMEIER,HERMIT,LEIPZIG;Hotels;;;;;;;6288.0;239;;;2852.0;5832.0;1421.0
BUCHMEIER,HERMIT;Hotelzimmer;;;;;;;9524.0;138;;;;7565.0;1014.0
BUCHMEIER,HERMIT;House;;;;;;;2293.0;876;;;;2926.0;3396.0
BUCHMEIER,HERMIT;Houston;;;;;;;5659.0;274;;;;5327.0;1584.0
BUCHMEIER,HERMIT;Howard;;;;;;;2778.0;696;;;;2778.0;3642.0
BUCHMEIER,HERMIT,LEIPZIG;Hubschrauber;;;;;;;2682.0;726;;;6008.0;3651.0;2579.0
BUCHMEIER,HERMIT;Hudson;;;;;;;6993.0;207;;;;7805.0;975.0
BUCHMEIER,HERMIT;Hugh;;;;;;;5392.0;292;;;;7042.0;1111.0
BUCHMEIER,HERMIT;Hugo;;;;;;;4772.0;346;;;;5726.0;1448.0
BUCHMEIER,HERMIT;huh;;;;;;;2327.0;868;;;;3083.0;3190.0
BUCHMEIER,BW3,HERMIT;Huhn;das;Hühner;Substantiv;;;;4063.0;428;;;;4140.0;2206.0
LEO739,NRW422;Hummel;die;;Substantiv;;;;;;;;;;
BUCHMEIER,HERMIT;Hummer;;;;;;;7663.0;183;;;;8209.0;910.0
B1,BUCHMEIER,HERMIT,LEEDS,LEIPZIG;Humor;der;;Substantiv;mask.;https://www.dwds.de/wb/Humor;0.0;3855.0;456;4155.0;14.97;5037.0;3584.0;2639.0
A1,BUCHMEIER,BW1,FEHLER300,HERMIT,LEEDS,LEIPZIG,LEO739,NRW422;Hund;der;Hunde;Substantiv;mask.;https://www.dwds.de/wb/Hund#1;0.0;776.0;3389;1172.0;64.79;3531.0;676.0;21146.0
BUCHMEIER,HERMIT,LEIPZIG;Hunde;;;;;;;2010.0;1044;;;5461.0;1853.0;6059.0
BUCHMEIER,HERMIT;Hunden;;;;;;;8519.0;159;;;;7828.0;971.0
A1,BUCHMEIER,BW3,HERMIT,LEEDS,LEIPZIG;hundert;;;Kardinalzahlwort;;https://www.dwds.de/wb/hundert;0.0;4613.0;361;2120.0;35.03;1244.0;3151.0;3094.0
BUCHMEIER,HERMIT,LEIPZIG;Hunderte;;;;;;;6030.0;253;;;3887.0;3607.0;2613.0
A1,BUCHMEIER,BW1,HERMIT,LEEDS,LEIPZIG,LEO739,NRW422;Hunger;der;hungrig;Substantiv;mask.;https://www.dwds.de/wb/Hunger;0.0;1379.0;1606;3122.0;21.72;5967.0;1132.0;11083.0
B1,BUCHMEIER,BW3,FEHLER300,HERMIT,LEO739,NRW422;hungrig;;Hunger;Adjektiv;;https://www.dwds.de/wb/hungrig;0.0;2893.0;664;;;;2653.0;3881.0
B1,HERMIT;hupen;;;Verb;;https://www.dwds.de/wb/hupen;0.0;;;;;;5307.0;1592.0
BUCHMEIER,HERMIT;Hure;;;;;;;2840.0;675;;;;2288.0;4686.0
BUCHMEIER,HERMIT;Huren;;;;;;;7662.0;183;;;;6399.0;1263.0
BUCHMEIER,HERMIT;Hurensohn;;;;;;;2659.0;736;;;;3458.0;2759.0
BUCHMEIER,HERMIT;Hurra;;;;;;;5090.0;318;;;;4806.0;1820.0
A2,B1,BUCHMEIER,BW1,HERMIT;husten;der;Husten;Substantiv;mask.;https://www.dwds.de/wb/husten;0.0;9729.0;134;;;;5893.0;1402.0
B1,BUCHMEIER,HERMIT,LEEDS,LEIPZIG,LEO739;Hut;der;;Substantiv;mask.;https://www.dwds.de/wb/Hut#1;0.0;1849.0;1152;3882.0;16.34;5310.0;1682.0;6882.0
BUCHMEIER,HERMIT;hä;;;;;;;4198.0;409;;;;2348.0;4531.0
A1;Hähnchen;das;;Substantiv;neutr.;https://www.dwds.de/wb/H%C3%A4hnchen;0.0;;;;;;;
FEHLER400;Häkchen;;;;;;;;;;;;;
B1,BUCHMEIER,HERMIT,LEEDS,LEIPZIG;Hälfte;die;;Substantiv;fem.;https://www.dwds.de/wb/H%C3%A4lfte;0.0;1609.0;1345;959.0;78.96;634.0;1465.0;8236.0
BUCHMEIER,FEHLER300,HERMIT,LEIPZIG,LEO739,NRW422;hält;;;;;;;883.0;2840;;;363.0;760.0;18118.0
BUCHMEIER,FEHLER400,HERMIT;hältst;;;;;;;1398.0;1576;;;;1048.0;12043.0
BUCHMEIER,FEHLER300,HERMIT,LEIPZIG;Hände;;;;;;;682.0;4174;;;1893.0;651.0;22645.0
BUCHMEIER,HERMIT,LEIPZIG;Händen;;;;;;;1539.0;1416;;;2640.0;1477.0;8094.0
A2;Händetuch;das;;Substantiv;neutr.;https://www.dwds.de/wb/H%C3%A4ndetuch;0.0;;;;;;;
B1,BUCHMEIER,HERMIT,LEEDS,LEIPZIG;Händler;der;;Substantiv;mask.;https://www.dwds.de/wb/H%C3%A4ndler;0.0;7805.0;179;2898.0;23.81;1531.0;7043.0;1111.0
B1;Händlerin;die;;Substantiv;fem.;https://www.dwds.de/wb/H%C3%A4ndlerin;0.0;;;;;;;
BUCHMEIER,HERMIT;hänge;;;;;;;7378.0;193;;;;6132.0;1337.0
A2,BUCHMEIER,HERMIT,LEEDS,LEIPZIG;hängen;;;Verb;;https://www.dwds.de/wb/h%C3%A4ngen#1;0.0;1957.0;1073;722.0;102.63;2485.0;1541.0;7677.0
BUCHMEIER,HERMIT;hängst;;;;;;;8646.0;156;;;;7088.0;1102.0
BUCHMEIER,FEHLER300,HERMIT,LEIPZIG;hängt;;;;;;;1719.0;1245;;;1485.0;1432.0;8442.0
BUCHMEIER,HERMIT,LEIPZIG;härter;;;;;;;6229.0;242;;;7979.0;5292.0;1596.0
A2,BUCHMEIER,HERMIT;hässlich;;;Adjektiv;;https://www.dwds.de/wb/h%C3%A4sslich;0.0;4121.0;419;;;;3201.0;3034.0
BUCHMEIER,HERMIT;hässliche;;;;;;;7729.0;181;;;;6765.0;1172.0
BUCHMEIER,HERMIT;hätt;;;;;;;7144.0;202;;;;4258.0;2128.0
BUCHMEIER,FEHLER300,HERMIT,LEIPZIG;hätte;;;;;;;186.0;17678;;;262.0;168.0;125345.0
BUCHMEIER,HERMIT,LEIPZIG;hätten;;;;;;;517.0;5701;;;210.0;409.0;40190.0
BUCHMEIER,HERMIT;hättest;;;;;;;672.0;4254;;;;563.0;28253.0
BUCHMEIER,HERMIT;hättet;;;;;;;4135.0;417;;;;3354.0;2873.0
B1,BUCHMEIER,FEHLER300,HERMIT,LEEDS,LEIPZIG;häufig;;;Adjektiv;;https://www.dwds.de/wb/h%C3%A4ufig;0.0;7433.0;191;404.0;180.18;971.0;5353.0;1574.0
BUCHMEIER,HERMIT;Häuptling;;;;;;;9629.0;136;;;;5623.0;1480.0
BUCHMEIER,HERMIT;Häuschen;;;;;;;9162.0;145;;;;9645.0;736.0
BUCHMEIER,HERMIT,LEIPZIG;Häuser;;;;;;;3250.0;572;;;1573.0;2868.0;3487.0
HERMIT,LEIPZIG;Häusern;;;;;;;;;;;4083.0;8331.0;893.0
BUCHMEIER,HERMIT,LEIPZIG;höchst;;;;;;;7350.0;194;;;2933.0;5239.0;1616.0
BUCHMEIER,HERMIT,LEIPZIG;höchste;;;;;;;5855.0;263;;;2559.0;4118.0;2221.0
BUCHMEIER,HERMIT,LEIPZIG;höchsten;;;;;;;7802.0;179;;;2288.0;6444.0;1250.0
B1,BUCHMEIER,HERMIT,LEEDS,LEIPZIG;höchstens;;;Adverb;;https://www.dwds.de/wb/h%C3%B6chstens;0.0;5288.0;300;2825.0;24.61;2804.0;3630.0;2596.0
B1,BUCHMEIER,BW3,HERMIT;höflich;;;Adjektiv;;https://www.dwds.de/wb/h%C3%B6flich;0.0;6091.0;250;;;;4402.0;2046.0
B1,BUCHMEIER,HERMIT,LEEDS,LEIPZIG;Höhe;die;;Substantiv;fem.;https://www.dwds.de/wb/H%C3%B6he;0.0;3969.0;440;672.0;109.43;467.0;3619.0;2603.0
BUCHMEIER,HERMIT,LEEDS,LEIPZIG;Höhepunkt;;;;;;;7080.0;204;2581.0;27.71;2326.0;7458.0;1035.0
BUCHMEIER,HERMIT,LEIPZIG;höher;;;;;;;3761.0;468;;;1373.0;2837.0;3531.0
BUCHMEIER,HERMIT,LEIPZIG;höhere;;;;;;;9118.0;146;;;1533.0;7217.0;1079.0
BUCHMEIER,HERMIT,LEIPZIG;höheren;;;;;;;9955.0;130;;;1875.0;8088.0;928.0
BUCHMEIER,BW3,HERMIT,LEEDS,LEO739;Höhle;die;hohl;Substantiv;;;;3471.0;527;4053.0;15.4;;3429.0;2792.0
BUCHMEIER,HERMIT,LEEDS,LEIPZIG;Hölle;;;;;;;747.0;3654;4117.0;15.14;6571.0;668.0;21656.0
BUCHMEIER,HERMIT;Hör;;;;;;;291.0;10987;;;;213.0;88336.0
BUCHMEIER,HERMIT;höre;;;;;;;1008.0;2391;;;;813.0;16609.0
A1,BUCHMEIER,BW1,FEHLER400,HERMIT,LEEDS,LEIPZIG,LEO739,NRW422;hören;;du hörst, Gehör;Verb;;https://www.dwds.de/wb/h%C3%B6ren;0.0;344.0;8641;322.0;221.67;1073.0;242.0;76109.0
B1,BUCHMEIER,HERMIT,LEEDS,LEIPZIG;Hörer;der;;Substantiv;mask.;https://www.dwds.de/wb/H%C3%B6rer;0.0;9117.0;146;4311.0;14.22;7641.0;9356.0;764.0
B1;Hörerin;die;;Substantiv;fem.;https://www.dwds.de/wb/H%C3%B6rerin;0.0;;;;;;;
BUCHMEIER,HERMIT;hörst;;;;;;;1495.0;1462;;;;858.0;15623.0
BUCHMEIER,HERMIT,LEIPZIG;hört;;;;;;;772.0;3407;;;2301.0;454.0;35796.0
BUCHMEIER,HERMIT,LEIPZIG;hörte;;;;;;;1151.0;2040;;;5129.0;928.0;14154.0
BUCHMEIER,HERMIT;hörten;;;;;;;4168.0;413;;;;3384.0;2849.0
BUCHMEIER,HERMIT;Höschen;;;;;;;7727.0;181;;;;8394.0;883.0
B1,BUCHMEIER,BW3,HERMIT,LEEDS;hübsch;;;Adjektiv;;https://www.dwds.de/wb/h%C3%BCbsch;0.0;1446.0;1531;3257.0;20.56;;1113.0;11244.0
BUCHMEIER,HERMIT;hübsche;;;;;;;3552.0;510;;;;2386.0;4449.0
BUCHMEIER,HERMIT;hübschen;;;;;;;5187.0;309;;;;4133.0;2212.0
BUCHMEIER,HERMIT;hübscher;;;;;;;4785.0;345;;;;3425.0;2799.0
BUCHMEIER,HERMIT;hübsches;;;;;;;4554.0;367;;;;3029.0;3272.0
BUCHMEIER,HERMIT;Hüfte;;;;;;;8368.0;163;;;;7865.0;964.0
B1,BUCHMEIER,HERMIT,LEEDS,LEIPZIG;Hügel;der;;Substantiv;mask.;https://www.dwds.de/wb/H%C3%BCgel;0.0;4294.0;395;4550.0;13.29;8680.0;4288.0;2114.0
B1,BUCHMEIER,HERMIT;Hühnchen;das;;Substantiv;neutr.;https://www.dwds.de/wb/H%C3%BChnchen;0.0;4632.0;359;;;;4634.0;1907.0
BUCHMEIER,HERMIT;Hühner;;;;;;;6412.0;233;;;;5203.0;1630.0
BUCHMEIER,HERMIT;Hündchen;;;;;;;8218.0;167;;;;8158.0;918.0
BUCHMEIER,HERMIT;Hüte;;;;;;;8295.0;165;;;;6859.0;1148.0
B1,BUCHMEIER,HERMIT,LEEDS,LEIPZIG;Hütte;die;;Substantiv;fem.;https://www.dwds.de/wb/H%C3%BCtte#1;0.0;3854.0;456;3926.0;16.17;9987.0;2689.0;3825.0
BUCHMEIER,HERMIT;Ian;;;;;;;7260.0;198;;;;5009.0;1719.0
A1,BUCHMEIER,BW1,HERMIT,LEEDS,LEIPZIG,LEO739,NRW422;ich;;;Personalpronomen;;https://www.dwds.de/wb/ich;0.0;1.0;489637;10.0;7182.57;79.0;1.0;5890279.0
B1,HERMIT,LEEDS;ideal;;;Adjektiv;;https://www.dwds.de/wb/ideal;0.0;;;2695.0;26.13;;7297.0;1063.0
HERMIT,LEIPZIG;ideale;;;;;;;;;;;7377.0;7223.0;1078.0
A2,BUCHMEIER,FEHLER100,FEHLER300,HERMIT,LEEDS,LEIPZIG,LEO739,NRW422;Idee;die;;Substantiv;fem.;https://www.dwds.de/wb/Idee;0.0;509.0;5778;439.0;162.86;902.0;431.0;37181.0
BUCHMEIER,HERMIT,LEIPZIG;Ideen;;;;;;;2633.0;743;;;1911.0;2203.0;4870.0
BUCHMEIER,HERMIT,LEEDS,LEIPZIG;identifizieren;;;;;;;3960.0;441;2671.0;26.41;7587.0;3321.0;2916.0
BUCHMEIER,HERMIT,LEIPZIG;identifiziert;;;;;;;5363.0;294;;;5910.0;4388.0;2051.0
HERMIT,LEEDS,LEIPZIG;identisch;;;;;;;;;3463.0;19.01;6954.0;9509.0;748.0
BUCHMEIER,HERMIT,LEEDS,LEIPZIG;Identität;;;;;;;4293.0;395;1587.0;47.57;2777.0;3234.0;3006.0
LEEDS,LEIPZIG;Ideologie;;;;;;;;;2756.0;25.36;7308.0;;
BUCHMEIER,HERMIT;Idiot;;;;;;;865.0;2907;;;;879.0;15243.0
BUCHMEIER,HERMIT;Idioten;;;;;;;1965.0;1071;;;;1888.0;5948.0
HERMIT,LEEDS;if;;;;;;;;;4027.0;15.61;;7082.0;1104.0
BW3,LEO739;Igel;der;;Substantiv;;;;;;;;;;
BUCHMEIER,HERMIT;Igitt;;;;;;;9208.0;144;;;;6572.0;1220.0
BUCHMEIER,HERMIT,LEEDS;ignorieren;;;;;;;4807.0;343;2726.0;25.7;;3625.0;2598.0
BUCHMEIER,HERMIT,LEIPZIG;ignoriert;;;;;;;6695.0;220;;;7031.0;5777.0;1436.0
A1,BUCHMEIER,BW3,FEHLER100,FEHLER300,HERMIT,LEIPZIG,LEO739,NRW111;ihm;;;Personalpronomen;;https://www.dwds.de/wb/ihm;0.0;104.0;33830;;;138.0;104.0;217025.0
A1,BUCHMEIER,FEHLER100,FEHLER300,HERMIT,LEIPZIG,LEO739,NRW111;ihn;;;Personalpronomen;;https://www.dwds.de/wb/ihn;0.0;56.0;69593;;;151.0;59.0;435147.0
BUCHMEIER,HERMIT,LEIPZIG;Ihnen;;;;;;;132.0;26918;;;247.0;80.0;292370.0
A1,BUCHMEIER,HERMIT,LEEDS,LEIPZIG,LEO739,NRW111;ihr;;;Personalpronomen;;https://www.dwds.de/wb/ihr#1;0.0;60.0;67939;26.0;3610.49;122.0;37.0;655351.0
BUCHMEIER,HERMIT,LEIPZIG;ihre;;;;;;;222.0;14438;;;74.0;111.0;208915.0
BUCHMEIER,FEHLER100,HERMIT,LEIPZIG;ihrem;;;;;;;701.0;4027;;;233.0;343.0;50046.0
BUCHMEIER,HERMIT,LEIPZIG;ihren;;;;;;;450.0;6685;;;136.0;238.0;76796.0
BUCHMEIER,HERMIT,LEIPZIG;ihrer;;;;;;;675.0;4232;;;126.0;298.0;58510.0
FEHLER400,LEEDS,LEIPZIG;ihrerseits;;;;;;;;;4197.0;14.81;5754.0;;
BUCHMEIER,HERMIT,LEIPZIG;ihres;;;;;;;2070.0;1004;;;526.0;950.0;13762.0
BUCHMEIER,HERMIT,LEEDS,LEIPZIG;II;;;;;;;9679.0;135;812.0;91.94;1934.0;8899.0;815.0
LEEDS,LEIPZIG;III;;;;;;;;;1831.0;40.7;4339.0;;
B1,BUCHMEIER,HERMIT,LEEDS,LEIPZIG;illegal;;;Adjektiv;;https://www.dwds.de/wb/illegal;0.0;4852.0;339;2264.0;32.42;5127.0;4045.0;2263.0
HERMIT,LEIPZIG;illegale;;;;;;;;;;;6463.0;7858.0;964.0
HERMIT,LEIPZIG;illegalen;;;;;;;;;;;5537.0;8989.0;804.0
BUCHMEIER,HERMIT,LEEDS,LEIPZIG;Illusion;;;;;;;8518.0;159;3573.0;18.23;6621.0;6602.0;1213.0
BUCHMEIER,BW1,HERMIT,LEEDS,LEIPZIG,LEO739,NRW111;im;;;;;;;73.0;57362;18.0;5430.7;15.0;64.0;403737.0
HERMIT,LEEDS,LEIPZIG;Image;;;;;;;;;4089.0;15.22;3135.0;9959.0;704.0
B1;Imbiss;der;;Substantiv;mask.;https://www.dwds.de/wb/Imbiss;0.0;;;;;;;
A1,BUCHMEIER,BW1,FEHLER100,FEHLER300,HERMIT,LEEDS,LEIPZIG,LEO739,NRW111;immer;;;Adverb;;https://www.dwds.de/wb/immer;0.0;95.0;41439;72.0;1172.4;96.0;89.0;260238.0
BUCHMEIER,HERMIT,LEEDS,LEIPZIG;immerhin;;;;;;;5210.0;307;1058.0;71.53;946.0;2227.0;4813.0
BUCHMEIER,HERMIT;immerzu;;;;;;;9954.0;130;;;;8256.0;904.0
BW3;Impfung;die;impfen;Substantiv;;;;;;;;;;
B1,LEIPZIG;Import;der;;Substantiv;mask.;https://www.dwds.de/wb/Import;0.0;;;;;8356.0;;
HERMIT,LEEDS;Impuls;;;;;;;;;3002.0;22.72;;9826.0;717.0
A1,BUCHMEIER,BW1,HERMIT,LEEDS,LEIPZIG,LEO739,NRW111;in;;;Präposition;;https://www.dwds.de/wb/in#1;0.0;16.0;182149;5.0;13719.9;4.0;16.0;1231372.0
FEHLER400;Inbus;;;;;;;;;;;;;
FEHLER400;Incentive;;;;;;;;;;;;;
B1,BUCHMEIER,HERMIT,LEEDS,LEIPZIG;indem;;;Konjunktion;;https://www.dwds.de/wb/indem#1;0.0;1866.0;1138;446.0;160.74;961.0;1292.0;9458.0
LEEDS,LEIPZIG;indes;;;;;;;;;3300.0;20.24;1611.0;;
LEEDS,LEIPZIG;indessen;;;;;;;;;4894.0;11.97;5622.0;;
LEEDS,LEIPZIG;Index;;;;;;;;;4174.0;14.88;3861.0;;
BUCHMEIER,HERMIT,LEEDS,LEIPZIG;Indianer;;;;;;;4806.0;343;4419.0;13.76;8143.0;3346.0;2881.0
BUCHMEIER,HERMIT,LEEDS,LEIPZIG;Indien;;;;;;;4216.0;406;1905.0;38.92;2394.0;4643.0;1903.0
LEEDS,LEIPZIG;indirekt;;;;;;;;;2988.0;22.85;5688.0;;
B1,LEEDS,LEIPZIG;individuell;;;Adjektiv;;https://www.dwds.de/wb/individuell;0.0;;;892.0;84.1;7246.0;;
B1,LEEDS,LEIPZIG;Industrie;die;;Substantiv;fem.;https://www.dwds.de/wb/Industrie;0.0;;;1476.0;51.65;896.0;;
B1,BUCHMEIER,HERMIT,LEEDS;Infektion;die;;Substantiv;fem.;https://www.dwds.de/wb/Infektion;0.0;5460.0;287;4816.0;12.22;;6093.0;1345.0
BUCHMEIER,HERMIT;infiziert;;;;;;;4985.0;327;;;;5182.0;1638.0
HERMIT,LEEDS;Info;;;;;;;;;1627.0;46.14;;9303.0;771.0
FEHLER200,FEHLER400,LEEDS,LEIPZIG;infolge;;;;;;;;;3005.0;22.71;5918.0;;
FEHLER400;infolgedessen;;;;;;;;;;;;;
BUCHMEIER,HERMIT;Informanten;;;;;;;9628.0;136;;;;7747.0;984.0
A1,BUCHMEIER,HERMIT,LEEDS,LEIPZIG;Information;die;;Substantiv;fem.;https://www.dwds.de/wb/Information;0.0;2874.0;668;234.0;294.19;1995.0;2770.0;3657.0
BUCHMEIER,HERMIT,LEIPZIG;Informationen;;;;;;;1146.0;2051;;;472.0;1038.0;12168.0
A2,BUCHMEIER,HERMIT,LEEDS,LEIPZIG;informieren;;;Verb;;https://www.dwds.de/wb/informieren;0.0;5089.0;318;1030.0;73.78;2994.0;3464.0;2752.0
BUCHMEIER,HERMIT,LEIPZIG;informiert;;;;;;;3435.0;533;;;2061.0;3046.0;3242.0
BUCHMEIER,HERMIT,LEIPZIG;Infos;;;;;;;7726.0;181;;;9559.0;6555.0;1223.0
LEEDS,LEIPZIG;Infrastruktur;;;;;;;;;2700.0;26.05;3912.0;;
B1,BUCHMEIER,HERMIT,LEEDS,LEIPZIG;Ingenieur;der;;Substantiv;mask.;https://www.dwds.de/wb/Ingenieur;0.0;8038.0;172;4409.0;13.8;8232.0;6770.0;1171.0
HERMIT,LEIPZIG;Ingrid;;;;;;;;;;;5566.0;8705.0;840.0
B1,BUCHMEIER,HERMIT,LEEDS,LEIPZIG;Inhalt;der;;Substantiv;mask.;https://www.dwds.de/wb/Inhalt;0.0;8846.0;152;478.0;151.37;2237.0;6679.0;1191.0
LEEDS,LEIPZIG;inhaltlich;;;;;;;;;1730.0;43.22;8170.0;;
BUCHMEIER,HERMIT,LEEDS,LEIPZIG;Initiative;;;;;;;6891.0;211;1112.0;68.6;1584.0;8468.0;873.0
B1,BUCHMEIER,HERMIT,LEEDS,LEIPZIG;inklusive;;;Präposition;;https://www.dwds.de/wb/inklusive#1;0.0;9775.0;133;3053.0;22.31;4221.0;6700.0;1187.0
FEHLER400;Inkrafttreten;;;;;;;;;;;;;
HERMIT,LEIPZIG;inmitten;;;;;;;;;;;6314.0;9974.0;703.0
B1,BUCHMEIER,HERMIT,LEEDS,LEIPZIG;innen;;;Adverb;;https://www.dwds.de/wb/innen;0.0;4373.0;386;2631.0;26.98;3337.0;3508.0;2709.0
LEEDS,LEIPZIG;Innenminister;;;;;;;;;4741.0;12.55;2115.0;;
HERMIT,LEEDS,LEIPZIG;Innenstadt;;;;;;;;;3922.0;16.19;2271.0;9514.0;747.0
B1,LEEDS;inner;;;Adjektiv;;https://www.dwds.de/wb/inner;0.0;;;824.0;90.85;;;
BUCHMEIER,HERMIT,LEEDS,LEIPZIG;innere;;;;;;;7376.0;193;2859.0;24.21;3614.0;4717.0;1867.0
BUCHMEIER,HERMIT,LEIPZIG;Inneren;;;;;;;5986.0;256;;;3319.0;3514.0;2701.0
B1,BUCHMEIER,HERMIT,LEEDS,LEIPZIG;innerhalb;;;Präposition;;https://www.dwds.de/wb/innerhalb#1;0.0;2790.0;694;392.0;185.2;518.0;2233.0;4801.0
BUCHMEIER,HERMIT,LEEDS;innerlich;;;;;;;7725.0;181;4482.0;13.55;;8672.0;845.0
LEEDS,LEIPZIG;Innern;;;;;;;;;4958.0;11.76;9928.0;;
LEEDS,LEIPZIG;Innovation;;;;;;;;;3229.0;20.77;9248.0;;
A1,BUCHMEIER,BW1,HERMIT,LEEDS,LEIPZIG,LEO739,NRW422;ins;;;Präposition + Artikel;;https://www.dwds.de/wb/ins;0.0;268.0;11880;181.0;371.1;156.0;229.0;80529.0
HERMIT,LEIPZIG;Insassen;;;;;;;;;;;7107.0;9928.0;707.0
FEHLER400,HERMIT,LEEDS,LEIPZIG;insbesondere;;;;;;;;;393.0;184.88;907.0;9031.0;799.0
HERMIT,LEIPZIG;Insekten;;;;;;;;;;;7764.0;8276.0;902.0
A2,BUCHMEIER,BW1,HERMIT,LEEDS,LEIPZIG;Insel;die;;Substantiv;fem.;https://www.dwds.de/wb/Insel;0.0;1170.0;1998;1378.0;54.66;1460.0;1527.0;7781.0
HERMIT,LEIPZIG;Inseln;;;;;;;;;;;4294.0;9737.0;726.0
B1;Inserat;das;;Substantiv;neutr.;https://www.dwds.de/wb/Inserat;0.0;;;;;;;
B1,BUCHMEIER,FEHLER400,HERMIT,LEEDS,LEIPZIG;insgesamt;;;Adverb;;https://www.dwds.de/wb/insgesamt;0.0;8699.0;155;467.0;154.38;373.0;6503.0;1236.0
LEEDS,LEIPZIG;insofern;;;;;;;;;1709.0;43.92;6250.0;;
BUCHMEIER,HERMIT;Inspector;;;;;;;8845.0;152;;;;4005.0;2293.0
BUCHMEIER,HERMIT;Inspektor;;;;;;;3063.0;617;;;;2654.0;3879.0
BUCHMEIER,HERMIT;Inspiration;;;;;;;9207.0;144;;;;7869.0;963.0
BUCHMEIER,HERMIT;inspiriert;;;;;;;9523.0;138;;;;7329.0;1059.0
LEEDS,LEIPZIG;Installation;;;;;;;;;3344.0;19.87;5981.0;;
B1,LEEDS;installieren;;;Verb;;https://www.dwds.de/wb/installieren;0.0;;;2389.0;30.41;;;
BUCHMEIER,HERMIT,LEIPZIG;installiert;;;;;;;9899.0;131;;;5103.0;9831.0;717.0
LEEDS,LEIPZIG;Instanz;;;;;;;;;3571.0;18.24;4968.0;;
BUCHMEIER,HERMIT;Instinkt;;;;;;;7079.0;204;;;;5766.0;1438.0
B1,HERMIT,LEEDS,LEIPZIG;Institut;das;;Substantiv;neutr.;https://www.dwds.de/wb/Institut;0.0;;;860.0;87.17;1315.0;7406.0;1044.0
LEEDS,LEIPZIG;Institution;;;;;;;;;1189.0;63.74;5272.0;;
A2,HERMIT,LEEDS,LEIPZIG;Instrument;das;;Substantiv;neutr.;https://www.dwds.de/wb/Instrument;0.0;;;1373.0;55.01;3891.0;9000.0;802.0
HERMIT,LEIPZIG;Instrumente;;;;;;;;;;;5539.0;9261.0;775.0
BUCHMEIER,HERMIT;intakt;;;;;;;9774.0;133;;;;8884.0;817.0
B1,LEEDS,LEIPZIG;Integration;die;;Substantiv;fem.;https://www.dwds.de/wb/Integration;0.0;;;1551.0;48.95;2641.0;;
B1,LEEDS,LEIPZIG;integrieren;;;Verb;;https://www.dwds.de/wb/integrieren;0.0;;;2237.0;32.8;8371.0;;
LEEDS,LEIPZIG;integriert;;;;;;;;;3809.0;16.73;5097.0;;
LEEDS,LEIPZIG;Intel;;;;;;;;;4351.0;14.04;8703.0;;
A2,BUCHMEIER,HERMIT,LEEDS;intelligent;;;Adjektiv;;https://www.dwds.de/wb/intelligent;0.0;5459.0;287;3273.0;20.4;;4754.0;1847.0
B1,BUCHMEIER,HERMIT,LEEDS,LEIPZIG;Intelligenz;die;;Substantiv;fem.;https://www.dwds.de/wb/Intelligenz;0.0;7143.0;202;3112.0;21.84;7168.0;5544.0;1506.0
LEEDS,LEIPZIG;Intensität;;;;;;;;;4866.0;12.06;8874.0;;
B1,BUCHMEIER,HERMIT,LEEDS,LEIPZIG;intensiv;;;Adjektiv;;https://www.dwds.de/wb/intensiv;0.0;9952.0;130;1119.0;67.94;4238.0;9521.0;747.0
B1;Intensivkurs;der;;Substantiv;mask.;https://www.dwds.de/wb/Intensivkurs;0.0;;;;;;;
B1,BUCHMEIER,FEHLER200,FEHLER400,HERMIT,LEEDS,LEIPZIG;interessant;;;Adjektiv;;https://www.dwds.de/wb/interessant;0.0;1656.0;1296;624.0;116.44;3527.0;1287.0;9500.0
BUCHMEIER,HERMIT,LEIPZIG;interessante;;;;;;;4734.0;350;;;6027.0;3573.0;2647.0
BUCHMEIER,HERMIT;interessanter;;;;;;;6212.0;243;;;;5953.0;1385.0
BUCHMEIER,HERMIT;Interessantes;;;;;;;8403.0;162;;;;5243.0;1614.0
A2,BUCHMEIER,FEHLER200,FEHLER400,HERMIT,LEEDS,LEIPZIG;Interesse;das;;Substantiv;neutr.;https://www.dwds.de/wb/Interesse;0.0;2314.0;871;316.0;225.39;664.0;1610.0;7235.0
BUCHMEIER,HERMIT,LEIPZIG;Interessen;;;;;;;7375.0;193;;;1518.0;5462.0;1537.0
A2,BUCHMEIER,HERMIT,LEEDS,LEIPZIG;interessieren;;;Verb;;https://www.dwds.de/wb/interessieren;0.0;3143.0;598;847.0;88.56;5013.0;2422.0;4357.0
B1,BUCHMEIER,HERMIT,LEEDS,LEIPZIG;interessiert;;;partizipiales Adjektiv;;https://www.dwds.de/wb/interessiert;0.0;949.0;2614;3482.0;18.85;1590.0;757.0;18211.0
B1;interkulturell;;;Adjektiv;;https://www.dwds.de/wb/interkulturell;0.0;;;;;;;
LEEDS,LEIPZIG;intern;;;;;;;;;2073.0;35.93;7540.0;;
A1,HERMIT,LEEDS,LEIPZIG;international;;;Adjektiv;;https://www.dwds.de/wb/international;0.0;;;250.0;274.97;2050.0;9141.0;788.0
HERMIT,LEIPZIG;internationale;;;;;;;;;;;1111.0;7611.0;1006.0
HERMIT,LEIPZIG;internationalen;;;;;;;;;;;629.0;7191.0;1083.0
A1,BUCHMEIER,HERMIT,LEEDS,LEIPZIG;Internet;das;;Substantiv;neutr.;https://www.dwds.de/wb/Internet;0.0;3236.0;576;381.0;186.78;712.0;2803.0;3586.0
LEEDS,LEIPZIG;Interpretation;;;;;;;;;2466.0;29.22;5632.0;;
LEEDS,LEIPZIG;Intervention;;;;;;;;;3770.0;16.92;8074.0;;
A2,BUCHMEIER,HERMIT,LEEDS,LEIPZIG;Interview;das;;Substantiv;neutr.;https://www.dwds.de/wb/Interview;0.0;5711.0;271;1308.0;57.68;2034.0;4165.0;2193.0
HERMIT,LEEDS,LEIPZIG;investieren;;;;;;;;;2393.0;30.33;3325.0;7577.0;1013.0
BUCHMEIER,HERMIT,LEIPZIG;investiert;;;;;;;8807.0;153;;;2735.0;6912.0;1135.0
HERMIT,LEEDS,LEIPZIG;Investition;;;;;;;;;1738.0;42.99;7217.0;8975.0;806.0
LEEDS,LEIPZIG;Investor;;;;;;;;;3056.0;22.26;5589.0;;
FEHLER200,FEHLER400,LEEDS,LEIPZIG;inwieweit;;;;;;;;;3972.0;15.88;9622.0;;
B1,BUCHMEIER,HERMIT,LEEDS,LEIPZIG;inzwischen;;;Adverb;;https://www.dwds.de/wb/inzwischen;0.0;3821.0;460;531.0;136.24;346.0;2337.0;4557.0
HERMIT,LEIPZIG;IRA;;;;;;;;;;;7624.0;6908.0;1135.0
BUCHMEIER,HERMIT,LEEDS,LEIPZIG;Irak;;;;;;;5933.0;259;1289.0;58.81;2420.0;6140.0;1334.0
LEEDS,LEIPZIG;Iran;;;;;;;;;2596.0;27.5;2491.0;;
BUCHMEIER,HERMIT,LEIPZIG;Irene;;;;;;;9898.0;131;;;8743.0;7097.0;1101.0
BUCHMEIER,HERMIT,LEEDS,LEIPZIG;irgend;;;;;;;2555.0;772;2449.0;29.52;6547.0;3245.0;2994.0
B1,BUCHMEIER,HERMIT,LEEDS;irgendein;;;Indefinitpronomen;;https://www.dwds.de/wb/irgendein;0.0;3657.0;489;1466.0;51.89;;2209.0;4858.0
BUCHMEIER,HERMIT;irgendeine;;;;;;;3138.0;599;;;;2218.0;4839.0
BUCHMEIER,HERMIT;irgendeinem;;;;;;;4174.0;412;;;;3818.0;2442.0
BUCHMEIER,HERMIT;irgendeinen;;;;;;;5408.0;290;;;;4268.0;2124.0
BUCHMEIER,HERMIT;irgendeiner;;;;;;;6411.0;233;;;;5019.0;1715.0
BUCHMEIER,HERMIT;irgendetwas;;;;;;;1494.0;1463;;;;1067.0;11872.0
BUCHMEIER,HERMIT;irgendjemand;;;;;;;2824.0;679;;;;1929.0;5785.0
B1,BUCHMEIER,HERMIT,LEEDS,LEIPZIG;irgendwann;;;Adverb;;https://www.dwds.de/wb/irgendwann;0.0;1826.0;1167;1379.0;54.54;2758.0;1052.0;11991.0
BUCHMEIER,HERMIT;irgendwas;;;;;;;738.0;3716;;;;612.0;24950.0
BUCHMEIER,HERMIT,LEIPZIG;irgendwelche;;;;;;;1977.0;1065;;;8446.0;1476.0;8096.0
BUCHMEIER,HERMIT;irgendwelchen;;;;;;;8217.0;167;;;;7385.0;1049.0
BUCHMEIER,HERMIT;irgendwer;;;;;;;6670.0;221;;;;4356.0;2073.0
BUCHMEIER,HERMIT,LEEDS,LEIPZIG;irgendwie;;;;;;;731.0;3728;1048.0;72.73;3037.0;606.0;25378.0
BUCHMEIER,HERMIT,LEEDS,LEIPZIG;irgendwo;;;;;;;931.0;2658;1845.0;40.24;3353.0;762.0;18104.0
BUCHMEIER,HERMIT;irgendwohin;;;;;;;7259.0;198;;;;4972.0;1733.0
BUCHMEIER,HERMIT;Iris;;;;;;;8082.0;171;;;;5004.0;1720.0
HERMIT,LEIPZIG;Irland;;;;;;;;;;;4695.0;7913.0;955.0
BUCHMEIER,HERMIT,LEIPZIG;Ironie;;;;;;;7474.0;189;;;6099.0;7655.0;999.0
BUCHMEIER,HERMIT;irre;;;;;;;2365.0;849;;;;1671.0;6929.0
B1,BUCHMEIER,HERMIT,LEEDS;irren;;;Verb;;https://www.dwds.de/wb/irren;0.0;5136.0;313;4704.0;12.69;;2812.0;3566.0
BUCHMEIER,HERMIT;Irrer;;;;;;;8844.0;152;;;;5942.0;1387.0
BUCHMEIER,HERMIT;irrst;;;;;;;6870.0;212;;;;5627.0;1479.0
BUCHMEIER,HERMIT,LEEDS,LEIPZIG;Irrtum;;;;;;;5186.0;309;4080.0;15.27;8737.0;4105.0;2225.0
BUCHMEIER,HERMIT,LEEDS,LEIPZIG;is;;;;;;;2937.0;655;799.0;93.83;5296.0;1730.0;6607.0
BUCHMEIER,HERMIT;Isaac;;;;;;;6528.0;228;;;;7471.0;1033.0
BUCHMEIER,HERMIT;Isabel;;;;;;;5593.0;278;;;;9569.0;742.0
BUCHMEIER,HERMIT;Isabelle;;;;;;;4951.0;330;;;;7535.0;1021.0
LEEDS,LEIPZIG;Islam;;;;;;;;;2476.0;29.05;4893.0;;
BUCHMEIER,HERMIT,LEIPZIG;Island;;;;;;;6050.0;252;;;8189.0;3832.0;2432.0
HERMIT,LEIPZIG;isoliert;;;;;;;;;;;7993.0;8960.0;808.0
HERMIT,LEEDS,LEIPZIG;Israel;;;;;;;;;950.0;79.41;1014.0;6860.0;1148.0
BUCHMEIER,HERMIT;Iss;;;;;;;3993.0;437;;;;2409.0;4392.0
BUCHMEIER,FEHLER300,HERMIT,LEO739,NRW422;isst;;;;;;;2219.0;917;;;;1748.0;6498.0
BUCHMEIER,HERMIT,LEIPZIG,LEO739,NRW111;ist;;;;;;;2.0;475043;;;14.0;4.0;3025610.0
BUCHMEIER,HERMIT,LEEDS;it;;;;;;;3741.0;472;1605.0;46.79;;1808.0;6233.0
BUCHMEIER,HERMIT,LEEDS,LEIPZIG;Italien;;;;;;;5674.0;273;1409.0;53.74;850.0;3509.0;2708.0
BUCHMEIER,HERMIT,LEIPZIG;Italiener;;;;;;;7349.0;194;;;3414.0;6251.0;1304.0
HERMIT,LEEDS;italienisch;;;;;;;;;1849.0;40.16;;6051.0;1358.0
LEEDS,LEIPZIG;IV;;;;;;;;;2002.0;37.01;8635.0;;
BUCHMEIER,HERMIT,LEIPZIG;Ivan;;;;;;;8883.0;151;;;9115.0;6517.0;1231.0
A1,BUCHMEIER,BW1,HERMIT,LEEDS,LEIPZIG,LEO739,NRW111;ja;;;;;https://www.dwds.de/wb/ja;0.0;40.0;105501;93.0;770.98;240.0;17.0;1054114.0
BUCHMEIER,HERMIT,LEEDS;Jack;;;;;;;323.0;9388;4771.0;12.42;;596.0;25967.0
A1,BUCHMEIER,BW1,HERMIT,LEO739,NRW422;Jacke;die;;Substantiv;fem.;https://www.dwds.de/wb/Jacke;0.0;2742.0;706;;;;2450.0;4290.0
FEHLER200,FEHLER400;Jackett;;;;;;;;;;;;;
BUCHMEIER,HERMIT;Jackie;;;;;;;3425.0;535;;;;3385.0;2848.0
BUCHMEIER,HERMIT;Jackson;;;;;;;2989.0;638;;;;2199.0;4876.0
BUCHMEIER,HERMIT;Jacob;;;;;;;7201.0;200;;;;3561.0;2655.0
BUCHMEIER,HERMIT,LEEDS,LEIPZIG;Jagd;;;;;;;4095.0;424;4306.0;14.23;5395.0;2998.0;3312.0
BUCHMEIER,HERMIT,LEEDS;jagen;;;;;;;2356.0;854;3697.0;17.44;;1771.0;6380.0
BUCHMEIER,HERMIT;jagt;;;;;;;6090.0;250;;;;4979.0;1730.0
A1,BUCHMEIER,BW3,FEHLER300,HERMIT,LEEDS,LEIPZIG,LEO739,NRW422;Jahr;das;jährlich;Substantiv;neutr.;https://www.dwds.de/wb/Jahr;0.0;555.0;5361;55.0;1666.68;82.0;465.0;35092.0
BUCHMEIER,HERMIT,LEIPZIG;Jahre;;;;;;;340.0;8780;;;114.0;308.0;56075.0
BUCHMEIER,HERMIT,LEEDS,LEIPZIG;jahrelang;;;;;;;6326.0;237;3003.0;22.71;3711.0;4069.0;2246.0
BUCHMEIER,HERMIT,LEIPZIG;Jahren;;;;;;;381.0;7735;;;84.0;334.0;51158.0
BUCHMEIER,HERMIT,LEIPZIG;Jahres;;;;;;;4965.0;329;;;329.0;3878.0;2394.0
BUCHMEIER,HERMIT,LEIPZIG;Jahreszeit;;;;;;;9157.0;145;;;9729.0;8310.0;897.0
LEEDS,LEIPZIG;Jahrgang;;;;;;;;;4266.0;14.43;8190.0;;
BUCHMEIER,HERMIT,LEEDS,LEIPZIG;Jahrhundert;;;;;;;4281.0;397;417.0;175.54;1108.0;3244.0;2994.0
BUCHMEIER,HERMIT,LEIPZIG;Jahrhunderte;;;;;;;9951.0;130;;;7028.0;8572.0;859.0
HERMIT,LEIPZIG;Jahrhunderten;;;;;;;;;;;8146.0;8529.0;865.0
BUCHMEIER,HERMIT,LEIPZIG;Jahrhunderts;;;;;;;7766.0;180;;;1416.0;6877.0;1144.0
LEEDS,LEIPZIG;Jahrtausend;;;;;;;;;4921.0;11.89;7199.0;;
LEEDS,LEIPZIG;Jahrzehnt;;;;;;;;;1279.0;59.13;6194.0;;
BUCHMEIER,HERMIT;Jake;;;;;;;2073.0;1002;;;;1919.0;5835.0
BUCHMEIER,HERMIT,LEEDS,LEIPZIG;Jakob;;;;;;;8144.0;169;4720.0;12.63;9075.0;8007.0;942.0
BUCHMEIER,HERMIT,LEEDS,LEIPZIG;James;;;;;;;1181.0;1956;2935.0;23.4;6624.0;1200.0;10388.0
BUCHMEIER,HERMIT;Jamie;;;;;;;5886.0;261;;;;3400.0;2831.0
BUCHMEIER,HERMIT;Jammer;;;;;;;8401.0;162;;;;7487.0;1031.0
BUCHMEIER,HERMIT,LEEDS,LEIPZIG;Jan;;;;;;;3917.0;448;3126.0;21.68;3981.0;5013.0;1717.0
BUCHMEIER,HERMIT;Jane;;;;;;;2353.0;855;;;;1513.0;7863.0
BUCHMEIER,HERMIT;Janet;;;;;;;6963.0;208;;;;5147.0;1651.0
BUCHMEIER,HERMIT;Janice;;;;;;;8292.0;165;;;;9123.0;790.0
A1,BUCHMEIER,BW1,HERMIT,LEEDS,LEIPZIG,LEO739;Januar;der;;Substantiv;mask.;https://www.dwds.de/wb/Januar;0.0;7142.0;202;613.0;118.82;372.0;6148.0;1332.0
BUCHMEIER,HERMIT,LEEDS,LEIPZIG;Japan;;;;;;;3002.0;635;1377.0;54.76;924.0;3731.0;2509.0
BUCHMEIER,HERMIT,LEIPZIG;Japaner;;;;;;;5505.0;283;;;4405.0;5483.0;1526.0
BUCHMEIER,HERMIT,LEEDS;Japanisch;;;;;;;8107.0;170;1996.0;37.08;;8862.0;819.0
BUCHMEIER,HERMIT,LEIPZIG;japanische;;;;;;;8698.0;155;;;2742.0;8833.0;822.0
BUCHMEIER,HERMIT,LEIPZIG;japanischen;;;;;;;9448.0;139;;;1940.0;9195.0;782.0
BUCHMEIER,HERMIT;Jason;;;;;;;3292.0;561;;;;1704.0;6753.0
B1;Jause;die;;Substantiv;fem.;https://www.dwds.de/wb/Jause;0.0;;;;;;;
BUCHMEIER,HERMIT;Jawohl;;;;;;;1567.0;1389;;;;1397.0;8647.0
BUCHMEIER,HERMIT;Jay;;;;;;;4378.0;385;;;;3317.0;2920.0
HERMIT,LEEDS,LEIPZIG;Jazz;;;;;;;;;4819.0;12.22;3523.0;9325.0;768.0
B1,BUCHMEIER,HERMIT,LEEDS,LEIPZIG;je;;;Konjunktion;;https://www.dwds.de/wb/je#2;0.0;594.0;4944;324.0;218.61;374.0;448.0;36205.0
BUCHMEIER,HERMIT,LEEDS,LEIPZIG;Jean;;;;;;;4585.0;364;4863.0;12.06;9642.0;3351.0;2878.0
A2,BUCHMEIER,HERMIT,LEIPZIG,LEO739;Jeans;die;;Substantiv;fem.;https://www.dwds.de/wb/Jeans;0.0;9897.0;131;;;8400.0;6852.0;1149.0
A1,BUCHMEIER,HERMIT,LEIPZIG,LEO739,NRW111;jede;;;Indefinitpronomen;fem.;https://www.dwds.de/wb/jede;0.0;868.0;2881;;;533.0;631.0;23900.0
BUCHMEIER,HERMIT,LEIPZIG;jedem;;;;;;;1073.0;2231;;;669.0;945.0;13818.0
BUCHMEIER,HERMIT,LEIPZIG;jeden;;;;;;;448.0;6704;;;562.0;365.0;46594.0
BUCHMEIER,HERMIT,LEEDS,LEIPZIG;Jedenfalls;;;;;;;1935.0;1087;753.0;99.0;809.0;1056.0;11973.0
A1,BUCHMEIER,HERMIT,LEIPZIG;jeder;;;Indefinitpronomen;mask.;https://www.dwds.de/wb/jeder;0.0;529.0;5623;;;325.0;326.0;52254.0
HERMIT,LEEDS,LEIPZIG;jedermann;;;;;;;;;4216.0;14.66;7644.0;9089.0;794.0
B1,BUCHMEIER,HERMIT,LEEDS,LEIPZIG;jederzeit;;;Adverb;;https://www.dwds.de/wb/jederzeit;0.0;3259.0;569;2369.0;30.65;3908.0;2299.0;4662.0
A1,BUCHMEIER,HERMIT,LEIPZIG;jedes;;;Indefinitpronomen;neutr.;https://www.dwds.de/wb/jedes;0.0;1116.0;2119;;;874.0;726.0;19154.0
BUCHMEIER,LEIPZIG;jedesmal;;;;;;;9254.0;143;;;7882.0;;
BUCHMEIER,HERMIT;Jedi;;;;;;;5149.0;312;;;;8546.0;863.0
B1,BUCHMEIER,BW3,HERMIT,LEEDS,LEIPZIG;jedoch;;;Konjunktion;;https://www.dwds.de/wb/jedoch;0.0;3166.0;594;149.0;487.22;153.0;2440.0;4312.0
BUCHMEIER,HERMIT;Jeep;;;;;;;9728.0;134;;;;8339.0;892.0
BUCHMEIER,HERMIT;Jeff;;;;;;;2038.0;1023;;;;2439.0;4312.0
BUCHMEIER,HERMIT;Jefferson;;;;;;;7537.0;187;;;;5410.0;1555.0
BUCHMEIER,HERMIT;Jeffrey;;;;;;;7431.0;191;;;;5247.0;1612.0
BUCHMEIER,HERMIT,LEIPZIG;jegliche;;;;;;;9314.0;142;;;6196.0;6990.0;1119.0
B1,BUCHMEIER,HERMIT,LEEDS,LEIPZIG;jemals;;;Adverb;;https://www.dwds.de/wb/jemals;0.0;1025.0;2357;2874.0;24.01;4541.0;929.0;14154.0
A2,BUCHMEIER,HERMIT,LEEDS,LEIPZIG;jemand;;;Indefinitpronomen;;https://www.dwds.de/wb/jemand;0.0;258.0;12351;456.0;157.85;1273.0;192.0;98283.0
BUCHMEIER,HERMIT;jemandem;;;;;;;1206.0;1912;;;;996.0;12815.0
BUCHMEIER,HERMIT,LEIPZIG;jemanden;;;;;;;500.0;5884;;;6825.0;427.0;37451.0
BUCHMEIER,HERMIT,LEEDS;Jen;;;;;;;8480.0;160;296.0;239.91;;5583.0;1494.0
BUCHMEIER,HERMIT,LEIPZIG;jene;;;;;;;5175.0;310;;;1106.0;4961.0;1738.0
BUCHMEIER,HERMIT,LEIPZIG;jenem;;;;;;;5619.0;276;;;3992.0;5392.0;1558.0
BUCHMEIER,HERMIT,LEIPZIG;jenen;;;;;;;9678.0;135;;;2573.0;9495.0;750.0
BUCHMEIER,HERMIT,LEIPZIG;jener;;;;;;;5486.0;285;;;1498.0;4933.0;1751.0
BUCHMEIER,HERMIT;Jennifer;;;;;;;4964.0;329;;;;4036.0;2270.0
BUCHMEIER,HERMIT;Jenny;;;;;;;4394.0;383;;;;2064.0;5231.0
HERMIT,LEEDS,LEIPZIG;Jens;;;;;;;;;4579.0;13.16;6323.0;9208.0;780.0
BUCHMEIER,HERMIT,LEEDS,LEIPZIG;Jenseits;;;;;;;7536.0;187;2571.0;27.78;3193.0;4145.0;2204.0
BUCHMEIER,HERMIT;Jeremy;;;;;;;7430.0;191;;;;3883.0;2392.0
BUCHMEIER,HERMIT;Jerry;;;;;;;2570.0;766;;;;2144.0;5016.0
BUCHMEIER,HERMIT;Jersey;;;;;;;5007.0;325;;;;4311.0;2096.0
LEEDS,LEIPZIG;Jerusalem;;;;;;;;;3802.0;16.77;3184.0;;
BUCHMEIER,HERMIT;Jess;;;;;;;6890.0;211;;;;3111.0;3148.0
BUCHMEIER,HERMIT;Jesse;;;;;;;3394.0;540;;;;2547.0;4103.0
BUCHMEIER,HERMIT;Jessica;;;;;;;5351.0;295;;;;2958.0;3359.0
BUCHMEIER,HERMIT;Jessie;;;;;;;8940.0;150;;;;7936.0;952.0
BUCHMEIER,HERMIT,LEEDS,LEIPZIG,LEO739;Jesus;;;;;;;1659.0;1294;1479.0;51.37;7680.0;1392.0;8675.0
BUCHMEIER,HERMIT;Jet;;;;;;;7724.0;181;;;;7932.0;953.0
A1,BUCHMEIER,BW3,FEHLER100,FEHLER300,HERMIT,LEEDS,LEIPZIG,LEO739,NRW111;jetzt;;;Adverb;;https://www.dwds.de/wb/jetzt;0.0;78.0;52473;104.0;678.49;111.0;58.0;435411.0
B1,LEEDS,LEIPZIG;jeweils;;;Adverb;;https://www.dwds.de/wb/jeweils;0.0;;;633.0;115.44;546.0;;
BUCHMEIER,HERMIT;Jill;;;;;;;5350.0;295;;;;4367.0;2065.0
BUCHMEIER,HERMIT;Jim;;;;;;;1625.0;1327;;;;1305.0;9391.0
BUCHMEIER,HERMIT;Jimmy;;;;;;;1697.0;1261;;;;1360.0;8905.0
BUCHMEIER,HERMIT;Jin;;;;;;;3873.0;454;;;;8565.0;860.0
BUCHMEIER,HERMIT;Jo;;;;;;;3979.0;439;;;;3010.0;3296.0
LEEDS,LEIPZIG;Joachim;;;;;;;;;4118.0;15.13;3907.0;;
BUCHMEIER,HERMIT;Joan;;;;;;;6565.0;226;;;;5211.0;1627.0
A1,BUCHMEIER,HERMIT,LEEDS,LEIPZIG;Job;der;;Substantiv;mask.;https://www.dwds.de/wb/Job;0.0;487.0;6057;1727.0;43.43;2097.0;451.0;35995.0
BUCHMEIER,HERMIT,LEIPZIG;Jobs;;;;;;;4339.0;390;;;3956.0;3566.0;2652.0
BUCHMEIER,HERMIT;Joe;;;;;;;1144.0;2055;;;;921.0;14326.0
BUCHMEIER,HERMIT;Joel;;;;;;;6325.0;237;;;;7049.0;1110.0
BUCHMEIER,HERMIT;Joey;;;;;;;1434.0;1544;;;;2047.0;5299.0
A2;joggen;;;Verb;;https://www.dwds.de/wb/joggen;0.0;;;;;;;
FEHLER400;Joghurt;;;;;;;;;;;;;
LEEDS,LEIPZIG;Johann;;;;;;;;;2882.0;23.93;3410.0;;
HERMIT,LEEDS,LEIPZIG;Johannes;;;;;;;;;2163.0;34.17;4337.0;7928.0;953.0
BUCHMEIER,HERMIT,LEEDS,LEIPZIG;John;;;;;;;484.0;6077;1636.0;45.95;3221.0;562.0;28291.0
BUCHMEIER,HERMIT;Johnny;;;;;;;1160.0;2024;;;;1558.0;7562.0
BUCHMEIER,HERMIT,LEIPZIG;Johnson;;;;;;;3882.0;453;;;8223.0;3174.0;3065.0
BUCHMEIER,HERMIT;Jon;;;;;;;6496.0;229;;;;6934.0;1131.0
BUCHMEIER,HERMIT;Jonah;;;;;;;9365.0;141;;;;7809.0;973.0
BUCHMEIER,HERMIT;Jonas;;;;;;;9773.0;133;;;;4954.0;1742.0
BUCHMEIER,HERMIT;Jonathan;;;;;;;2925.0;657;;;;2527.0;4132.0
BUCHMEIER,HERMIT;Jones;;;;;;;2237.0;906;;;;2792.0;3624.0
BUCHMEIER,HERMIT,LEIPZIG;Jordan;;;;;;;3571.0;505;;;9849.0;3643.0;2585.0
BUCHMEIER,HERMIT,LEEDS,LEIPZIG;Josef;;;;;;;7472.0;189;3063.0;22.2;2254.0;7806.0;974.0
BUCHMEIER,HERMIT,LEEDS,LEIPZIG;Joseph;;;;;;;4831.0;341;3719.0;17.29;7238.0;3273.0;2964.0
BUCHMEIER,HERMIT;Josh;;;;;;;2728.0;713;;;;3327.0;2910.0
B1,BUCHMEIER,HERMIT,LEEDS,LEIPZIG;Journalist;der;;Substantiv;mask.;https://www.dwds.de/wb/Journalist;0.0;9522.0;138;1749.0;42.8;4222.0;7493.0;1030.0
HERMIT,LEIPZIG;Journalisten;;;;;;;;;;;1254.0;7915.0;955.0
B1;Journalistin;die;;Substantiv;fem.;https://www.dwds.de/wb/Journalistin;0.0;;;;;;;
BUCHMEIER,HERMIT;Joy;;;;;;;1756.0;1216;;;;7514.0;1024.0
BUCHMEIER,HERMIT;Joyce;;;;;;;9627.0;136;;;;7527.0;1023.0
BUCHMEIER,HERMIT;Juan;;;;;;;6551.0;227;;;;4937.0;1748.0
HERMIT,LEIPZIG;Jubel;;;;;;;;;;;8279.0;5191.0;1634.0
BUCHMEIER,HERMIT,LEEDS,LEIPZIG;Jude;;;;;;;6127.0;248;838.0;89.79;9744.0;4403.0;2045.0
BUCHMEIER,HERMIT,LEIPZIG;Juden;;;;;;;4784.0;345;;;1467.0;3252.0;2986.0
BUCHMEIER,HERMIT;Judy;;;;;;;5657.0;274;;;;2255.0;4756.0
B1,BUCHMEIER,HERMIT,LEEDS,LEIPZIG;Jugend;die;;Substantiv;fem.;https://www.dwds.de/wb/Jugend;0.0;4134.0;417;1477.0;51.5;1743.0;3465.0;2751.0
A2;Jugendherberge;die;;Substantiv;fem.;https://www.dwds.de/wb/Jugendherberge;0.0;;;;;;;
A1,HERMIT,LEEDS,LEIPZIG;Jugendliche;;;Substantiv;fem., mask.;https://www.dwds.de/wb/Jugendliche;0.0;;;620.0;117.52;1353.0;9015.0;800.0
LEEDS,LEIPZIG;Jugoslawien;;;;;;;;;3936.0;16.09;3191.0;;
A1,BUCHMEIER,BW1,HERMIT,LEEDS,LEIPZIG,LEO739;Juli;der;;Substantiv;mask.;https://www.dwds.de/wb/Juli;0.0;4657.0;357;593.0;121.57;499.0;4001.0;2297.0
BUCHMEIER,HERMIT,LEIPZIG;Julia;;;;;;;3881.0;453;;;9823.0;2355.0;4516.0
BUCHMEIER,HERMIT;Julie;;;;;;;2730.0;712;;;;2507.0;4163.0
BUCHMEIER,HERMIT;Julius;;;;;;;8179.0;168;;;;7771.0;980.0
BUCHMEIER,HERMIT;June;;;;;;;8749.0;154;;;;8211.0;910.0
A1,BUCHMEIER,HERMIT,LEEDS,LEIPZIG,LEO739,NRW422;jung;;;Adjektiv;;https://www.dwds.de/wb/jung;0.0;1540.0;1415;199.0;336.56;4718.0;1171.0;10671.0
A1,BUCHMEIER,BW1,HERMIT,LEEDS,LEIPZIG,LEO739,NRW422;Junge;der;jung;Substantiv;mask.;https://www.dwds.de/wb/Junge#1;0.0;386.0;7669;1018.0;74.61;638.0;292.0;60843.0
BUCHMEIER,HERMIT,LEIPZIG;Jungen;;;;;;;873.0;2864;;;700.0;623.0;24498.0
BUCHMEIER,HERMIT,LEIPZIG;junger;;;;;;;2602.0;754;;;2680.0;1879.0;5983.0
BUCHMEIER,HERMIT;junges;;;;;;;7535.0;187;;;;5539.0;1507.0
BUCHMEIER,HERMIT;Jungfrau;;;;;;;3950.0;443;;;;3368.0;2859.0
BUCHMEIER,HERMIT,LEEDS,LEIPZIG;Jungs;;;;;;;422.0;6993;3899.0;16.29;5264.0;403.0;40783.0
A1,BUCHMEIER,BW1,HERMIT,LEEDS,LEIPZIG,LEO739;Juni;der;;Substantiv;mask.;https://www.dwds.de/wb/Juni;0.0;6112.0;249;542.0;133.49;445.0;4580.0;1933.0
BUCHMEIER,HERMIT;Junior;;;;;;;3940.0;444;;;;3288.0;2954.0
BUCHMEIER,HERMIT;Junkie;;;;;;;9447.0;139;;;;7939.0;951.0
LEEDS,LEIPZIG;Jurist;;;;;;;;;4735.0;12.57;7044.0;;
LEEDS,LEIPZIG;juristisch;;;;;;;;;2504.0;28.69;9219.0;;
HERMIT,LEIPZIG;Jury;;;;;;;;;;;5036.0;5058.0;1697.0
BUCHMEIER,HERMIT,LEEDS,LEIPZIG;just;;;;;;;9253.0;143;3766.0;16.99;8314.0;5035.0;1707.0
BUCHMEIER,HERMIT;Justin;;;;;;;5956.0;258;;;;4654.0;1899.0
HERMIT,LEEDS,LEIPZIG;Justiz;;;;;;;;;3391.0;19.51;2586.0;8985.0;804.0
BUCHMEIER,HERMIT;Juwelen;;;;;;;9572.0;137;;;;6493.0;1238.0
BUCHMEIER,HERMIT,LEEDS,LEIPZIG;Jäger;;;;;;;4431.0;379;3512.0;18.69;5977.0;3326.0;2910.0
BUCHMEIER,HERMIT;Jägerin;;;;;;;4379.0;385;;;;8986.0;804.0
LEEDS,LEIPZIG;jährlich;;;;;;;;;1180.0;64.28;934.0;;
LEEDS,LEIPZIG;Jörg;;;;;;;;;3249.0;20.62;4370.0;;
BUCHMEIER,HERMIT,LEIPZIG;jünger;;;;;;;4405.0;382;;;9790.0;3689.0;2544.0
HERMIT,LEIPZIG;jüngste;;;;;;;;;;;2827.0;7091.0;1102.0
HERMIT,LEIPZIG;jüngsten;;;;;;;;;;;1172.0;8395.0;883.0
LEEDS,LEIPZIG;Jürgen;;;;;;;;;2076.0;35.82;2015.0;;
B1,BUCHMEIER,HERMIT,LEEDS,LEIPZIG;Kabel;das;;Substantiv;neutr.;https://www.dwds.de/wb/Kabel;0.0;3901.0;450;4557.0;13.26;6950.0;4883.0;1774.0
B1,BUCHMEIER,HERMIT;Kabine;die;;Substantiv;fem.;https://www.dwds.de/wb/Kabine;0.0;6889.0;211;;;;6220.0;1313.0
BUCHMEIER,HERMIT;Kacke;;;;;;;7801.0;179;;;;6010.0;1369.0
A1,BUCHMEIER,HERMIT,LEEDS,LEIPZIG;Kaffee;der;;Substantiv;mask.;https://www.dwds.de/wb/Kaffee#1;0.0;908.0;2748;2838.0;24.48;3404.0;706.0;19999.0
B1;Kaffeehaus;das;;Substantiv;neutr.;https://www.dwds.de/wb/Kaffeehaus;0.0;;;;;;;
FEHLER400,HERMIT;Kai;;;;;;;;;;;;5983.0;1377.0
BUCHMEIER,BW3,HERMIT,LEEDS,LEIPZIG;Kaiser;der;;Substantiv;;;;3393.0;540;1874.0;39.7;3289.0;2880.0;3476.0
B1,LEO739;Kakao;der;;Substantiv;mask.;https://www.dwds.de/wb/Kakao;0.0;;;;;;;
A2,BUCHMEIER,HERMIT,LEIPZIG,LEO739;Kalender;der;;Substantiv;mask.;https://www.dwds.de/wb/Kalender;0.0;7326.0;195;;;9201.0;7534.0;1021.0
BUCHMEIER,HERMIT,LEIPZIG;Kalifornien;;;;;;;3476.0;526;;;4722.0;2933.0;3392.0
A2,BUCHMEIER,HERMIT,LEEDS,LEIPZIG,LEO739;kalt;;;Adjektiv;;https://www.dwds.de/wb/kalt;0.0;1209.0;1905;1342.0;56.21;5132.0;1065.0;11893.0
BUCHMEIER,HERMIT,LEIPZIG;kalte;;;;;;;6211.0;243;;;7464.0;4748.0;1851.0
BUCHMEIER,HERMIT,LEIPZIG;kalten;;;;;;;6961.0;208;;;6490.0;5685.0;1462.0
BUCHMEIER,FEHLER100,FEHLER300,HERMIT,LEIPZIG;kam;;;;;;;373.0;7983;;;286.0;335.0;51041.0
BUCHMEIER,HERMIT,LEIPZIG;kamen;;;;;;;1135.0;2080;;;717.0;999.0;12804.0
A2,BUCHMEIER,HERMIT,LEEDS,LEIPZIG;Kamera;die;;Substantiv;fem.;https://www.dwds.de/wb/Kamera;0.0;1239.0;1861;2024.0;36.62;2683.0;1371.0;8821.0
BUCHMEIER,HERMIT;Kamerad;;;;;;;8643.0;156;;;;9587.0;741.0
BUCHMEIER,HERMIT,LEIPZIG;Kameraden;;;;;;;5527.0;282;;;9959.0;5174.0;1642.0
BUCHMEIER,HERMIT,LEIPZIG;Kameras;;;;;;;3469.0;527;;;6166.0;3324.0;2914.0
BUCHMEIER,HERMIT;Kamin;;;;;;;8367.0;163;;;;6537.0;1227.0
BUCHMEIER,HERMIT,LEEDS,LEIPZIG;Kammer;;;;;;;7968.0;174;3730.0;17.22;4348.0;6350.0;1276.0
BUCHMEIER,HERMIT,LEEDS,LEIPZIG;Kampagne;;;;;;;6736.0;218;2536.0;28.21;3682.0;6975.0;1123.0
B1,BUCHMEIER,HERMIT,LEEDS,LEIPZIG;Kampf;der;;Substantiv;mask.;https://www.dwds.de/wb/Kampf;0.0;919.0;2719;462.0;155.74;729.0;941.0;13849.0
BUCHMEIER,HERMIT;kamst;;;;;;;3978.0;439;;;;3647.0;2583.0
BUCHMEIER,HERMIT,LEEDS,LEIPZIG;Kanada;;;;;;;4078.0;426;3423.0;19.31;2731.0;4939.0;1747.0
B1,BUCHMEIER,HERMIT,LEEDS,LEIPZIG;Kanal;der;;Substantiv;mask.;https://www.dwds.de/wb/Kanal;0.0;4166.0;413;3255.0;20.58;6498.0;4625.0;1910.0
B1,HERMIT,LEEDS,LEIPZIG;Kandidat;der;;Substantiv;mask.;https://www.dwds.de/wb/Kandidat;0.0;;;2272.0;32.35;4187.0;8641.0;848.0
BUCHMEIER,HERMIT,LEIPZIG;Kandidaten;;;;;;;8517.0;159;;;1714.0;5834.0;1420.0
BUCHMEIER,HERMIT;Kane;;;;;;;5299.0;299;;;;5557.0;1502.0
BUCHMEIER,HERMIT;Kang;;;;;;;6398.0;234;;;;9933.0;707.0
BUCHMEIER,FEHLER400,HERMIT;Kaninchen;;;;;;;7140.0;202;;;;6020.0;1367.0
BUCHMEIER,FEHLER300,HERMIT,LEIPZIG,LEO739,NRW422;kann;;;;;;;63.0;67376;;;65.0;51.0;461755.0
B1;Kanne;die;;Substantiv;fem.;https://www.dwds.de/wb/Kanne;0.0;;;;;;;
FEHLER400;Kannibale;;;;;;;;;;;;;
BUCHMEIER,HERMIT,LEIPZIG;kannst;;;;;;;167.0;20003;;;8327.0;159.0;136795.0
BUCHMEIER,HERMIT,LEIPZIG;kannte;;;;;;;1743.0;1229;;;5592.0;1466.0;8202.0
BUCHMEIER,HERMIT;kannten;;;;;;;4480.0;374;;;;2909.0;3424.0
BUCHMEIER,HERMIT;Kanone;;;;;;;5022.0;324;;;;4718.0;1866.0
BUCHMEIER,HERMIT;Kanonen;;;;;;;7595.0;185;;;;6720.0;1182.0
BUCHMEIER,HERMIT;Kansas;;;;;;;5790.0;266;;;;6721.0;1181.0
B1;Kantine;die;;Substantiv;fem.;https://www.dwds.de/wb/Kantine;0.0;;;;;;;
BUCHMEIER,HERMIT,LEEDS,LEIPZIG;Kanzler;;;;;;;6991.0;207;3057.0;22.26;1651.0;8564.0;860.0
LEEDS,LEIPZIG;Kapazität;;;;;;;;;4305.0;14.23;6037.0;;
BUCHMEIER,HERMIT;Kapelle;;;;;;;8400.0;162;;;;7691.0;993.0
BUCHMEIER,HERMIT;kapierst;;;;;;;9726.0;134;;;;6196.0;1321.0
BUCHMEIER,HERMIT;kapiert;;;;;;;2766.0;699;;;;1924.0;5806.0
LEEDS,LEIPZIG;Kapital;;;;;;;;;1280.0;59.11;2536.0;;
LEEDS,LEIPZIG;Kapitalismus;;;;;;;;;1930.0;38.57;7143.0;;
B1,BUCHMEIER,HERMIT,LEEDS,LEIPZIG;Kapitel;das;;Substantiv;neutr.;https://www.dwds.de/wb/Kapitel;0.0;4901.0;335;1083.0;70.08;2681.0;3982.0;2311.0
BUCHMEIER,HERMIT,LEIPZIG;Kapitän;;;;;;;2707.0;719;;;3792.0;2078.0;5200.0
A1,BUCHMEIER,BW3,FEHLER100,FEHLER300,HERMIT,LEEDS,LEIPZIG,LEO739,NRW422;kaputt;;;Adjektiv;;https://www.dwds.de/wb/kaputt;0.0;1392.0;1584;4343.0;14.07;8773.0;1298.0;9429.0
B1;kaputtgehen;;;Verb;;https://www.dwds.de/wb/kaputtgehen;0.0;;;;;;;
B1;kaputtmachen;;;Verb;;https://www.dwds.de/wb/kaputtmachen;0.0;;;;;;;
BUCHMEIER,HERMIT;Kara;;;;;;;4179.0;411;;;;5639.0;1475.0
HERMIT,LEEDS,LEIPZIG;Kardinal;;;;;;;;;4756.0;12.49;8103.0;5409.0;1555.0
BUCHMEIER,HERMIT;Karen;;;;;;;2268.0;886;;;;2818.0;3561.0
HERMIT,LEIPZIG;Karin;;;;;;;;;;;4694.0;9834.0;717.0
BUCHMEIER,HERMIT,LEEDS,LEIPZIG;Karl;;;;;;;3656.0;489;1050.0;72.37;2177.0;3403.0;2829.0
LEEDS,LEIPZIG;Karlsruhe;;;;;;;;;3467.0;18.99;1866.0;;
BUCHMEIER,HERMIT;Karma;;;;;;;2736.0;710;;;;9226.0;779.0
B1,LEO739;Karneval;der;;Substantiv;mask.;https://www.dwds.de/wb/Karneval;0.0;;;;;;;
FEHLER200,FEHLER400;Karosserie;;;;;;;;;;;;;
B1;Karotte;die;;Substantiv;fem.;https://www.dwds.de/wb/Karotte;0.0;;;;;;;
BUCHMEIER,HERMIT;Karre;;;;;;;6285.0;239;;;;6674.0;1193.0
B1,BUCHMEIER,HERMIT,LEEDS,LEIPZIG;Karriere;die;;Substantiv;fem.;https://www.dwds.de/wb/Karriere;0.0;2304.0;873;2660.0;26.54;1701.0;1968.0;5655.0
A1,BUCHMEIER,BW1,HERMIT,LEEDS,LEIPZIG;Karte;die;;Substantiv;fem.;https://www.dwds.de/wb/Karte;0.0;1222.0;1888;1294.0;58.28;3737.0;1208.0;10309.0
BUCHMEIER,HERMIT,LEIPZIG,LEO739,NRW422;Karten;die;;Substantiv;;;;1762.0;1211;;;2116.0;1807.0;6233.0
LEO739;Kartoffekäfer;der;;Substantiv;;;;;;;;;;
A1,LEO739;Kartoffel;die;;Substantiv;fem.;https://www.dwds.de/wb/Kartoffel;0.0;;;;;;;
BUCHMEIER,HERMIT,LEIPZIG;Kartoffeln;;;;;;;7022.0;206;;;8645.0;5253.0;1611.0
FEHLER200,FEHLER400;Karussell;;;;;;;;;;;;;
A1,BUCHMEIER,HERMIT,LEEDS,LEIPZIG;Kasse;die;;Substantiv;fem.;https://www.dwds.de/wb/Kasse;0.0;6210.0;243;4631.0;12.96;2426.0;5006.0;1720.0
B1,BUCHMEIER,HERMIT;Kassette;die;;Substantiv;fem.;https://www.dwds.de/wb/Kassette;0.0;6787.0;216;;;;8635.0;849.0
LEO739;Kastanie;die;;Substantiv;;;;;;;;;;
B1,BUCHMEIER,HERMIT,LEIPZIG;Kasten;der;;Substantiv;mask.;https://www.dwds.de/wb/Kasten;0.0;9364.0;141;;;8157.0;6929.0;1132.0
BUCHMEIER,HERMIT;Kat;;;;;;;6249.0;241;;;;9910.0;708.0
B1,LEEDS,LEIPZIG;Katalog;der;;Substantiv;mask.;https://www.dwds.de/wb/Katalog;0.0;;;4243.0;14.53;3654.0;;
FEHLER200,FEHLER400;katastrophal;;;;;;;;;;;;;
B1,BUCHMEIER,FEHLER200,FEHLER400,HERMIT,LEEDS,LEIPZIG;Katastrophe;die;;Substantiv;fem.;https://www.dwds.de/wb/Katastrophe;0.0;4575.0;365;2684.0;26.3;2898.0;3703.0;2534.0
BUCHMEIER,HERMIT;Kate;;;;;;;1650.0;1301;;;;1789.0;6318.0
LEEDS,LEIPZIG;Kategorie;;;;;;;;;1392.0;54.28;6430.0;;
BUCHMEIER,BW1,HERMIT;Kater;der;;Substantiv;;;;7348.0;194;;;;5514.0;1515.0
HERMIT,LEIPZIG;Katharina;;;;;;;;;;;6828.0;9399.0;760.0
BUCHMEIER,HERMIT;Katherine;;;;;;;9446.0;139;;;;4802.0;1824.0
BUCHMEIER,HERMIT;Kathy;;;;;;;8080.0;171;;;;7058.0;1108.0
BUCHMEIER,HERMIT;Katie;;;;;;;2916.0;659;;;;3828.0;2436.0
A2,BUCHMEIER,BW1,FEHLER300,HERMIT,LEEDS,LEO739,NRW422;Katze;die;;Substantiv;fem.;https://www.dwds.de/wb/Katze;0.0;1914.0;1100;2110.0;35.18;;1772.0;6377.0
BUCHMEIER,HERMIT;Katzen;;;;;;;4051.0;430;;;;4086.0;2237.0
FEHLER400;Katzenhai;;;;;;;;;;;;;
B1,BUCHMEIER,HERMIT,LEEDS,LEIPZIG;Kauf;der;;Substantiv;mask.;https://www.dwds.de/wb/Kauf;0.0;4604.0;362;2086.0;35.65;1667.0;2847.0;3512.0
BUCHMEIER,HERMIT;kaufe;;;;;;;3664.0;488;;;;3186.0;3050.0
A1,BUCHMEIER,BW1,HERMIT,LEEDS,LEIPZIG,LEO739,NRW422;kaufen;;du kaufst;Verb;;https://www.dwds.de/wb/kaufen;0.0;916.0;2728;609.0;119.27;1581.0;754.0;18278.0
A2,LEIPZIG;Kaufhaus;das;;Substantiv;neutr.;https://www.dwds.de/wb/Kaufhaus;0.0;;;;;9992.0;;
BUCHMEIER,HERMIT;kaufst;;;;;;;7691.0;182;;;;6302.0;1287.0
BUCHMEIER,HERMIT,LEIPZIG;kauft;;;;;;;3730.0;474;;;5875.0;3119.0;3135.0
BUCHMEIER,HERMIT,LEIPZIG;kaufte;;;;;;;5546.0;281;;;7375.0;4077.0;2241.0
BUCHMEIER,HERMIT;Kaugummi;;;;;;;5831.0;264;;;;6397.0;1263.0
B1,BUCHMEIER,HERMIT,LEEDS,LEIPZIG;kaum;;;Adverb;;https://www.dwds.de/wb/kaum;0.0;795.0;3277;279.0;253.97;264.0;611.0;25058.0
BUCHMEIER,HERMIT;Kaution;;;;;;;6621.0;223;;;;4569.0;1941.0
BUCHMEIER,HERMIT;Kay;;;;;;;6527.0;228;;;;8576.0;858.0
LEO739;Kegel;der;;Substantiv;;;;;;;;;;
BUCHMEIER,HERMIT;Kehle;;;;;;;4844.0;340;;;;3967.0;2324.0
BUCHMEIER,HERMIT,LEEDS,LEIPZIG;kehren;;;;;;;5656.0;274;1901.0;39.03;7792.0;4291.0;2110.0
BUCHMEIER,HERMIT,LEIPZIG;kehrt;;;;;;;6248.0;241;;;4489.0;4573.0;1938.0
HERMIT,LEIPZIG;kehrte;;;;;;;;;;;5420.0;9665.0;733.0
A1,BUCHMEIER,HERMIT,LEEDS,LEIPZIG,LEO739,NRW111;kein;;;Indefinitpronomen;;https://www.dwds.de/wb/kein;0.0;151.0;22907;50.0;1833.52;173.0;127.0;177553.0
BUCHMEIER,HERMIT,LEIPZIG;keine;;;;;;;91.0;43065;;;88.0;71.0;349315.0
BUCHMEIER,HERMIT,LEIPZIG;keinem;;;;;;;1973.0;1066;;;2346.0;1654.0;7023.0
BUCHMEIER,FEHLER100,HERMIT,LEIPZIG;keinen;;;;;;;215.0;15269;;;306.0;196.0;96394.0
BUCHMEIER,HERMIT,LEIPZIG;keiner;;;;;;;741.0;3696;;;836.0;452.0;35951.0
BUCHMEIER,HERMIT,LEEDS,LEIPZIG;keinerlei;;;;;;;4830.0;341;1946.0;38.32;2600.0;3682.0;2551.0
BUCHMEIER,HERMIT,LEIPZIG;keines;;;;;;;6844.0;213;;;9199.0;6125.0;1337.0
HERMIT,LEEDS,LEIPZIG;keinesfalls;;;;;;;;;3721.0;17.29;4644.0;8517.0;867.0
HERMIT,LEEDS,LEIPZIG;keineswegs;;;;;;;;;1420.0;53.34;1515.0;7199.0;1081.0
BUCHMEIER,HERMIT;keins;;;;;;;4783.0;345;;;;3673.0;2554.0
BUCHMEIER,HERMIT;Keith;;;;;;;6016.0;254;;;;5399.0;1557.0
BUCHMEIER,HERMIT;Keks;;;;;;;7996.0;173;;;;6814.0;1160.0
BUCHMEIER,HERMIT;Kekse;;;;;;;4240.0;403;;;;4556.0;1949.0
A2,BUCHMEIER,HERMIT,LEEDS,LEIPZIG;Keller;der;;Substantiv;mask.;https://www.dwds.de/wb/Keller;0.0;2374.0;842;3100.0;21.97;2706.0;1673.0;6922.0
B1,BUCHMEIER,HERMIT;Kellner;der;;Substantiv;mask.;https://www.dwds.de/wb/Kellner;0.0;6305.0;238;;;;5360.0;1572.0
B1,BUCHMEIER,HERMIT;Kellnerin;die;;Substantiv;fem.;https://www.dwds.de/wb/Kellnerin;0.0;7284.0;197;;;;6501.0;1236.0
BUCHMEIER,HERMIT;Kelly;;;;;;;3831.0;459;;;;2323.0;4596.0
BUCHMEIER,HERMIT;Ken;;;;;;;3750.0;470;;;;4189.0;2171.0
BUCHMEIER,HERMIT;kenn;;;;;;;2750.0;704;;;;2530.0;4130.0
BUCHMEIER,HERMIT,LEIPZIG;kenne;;;;;;;490.0;6026;;;5275.0;411.0;39750.0
BUCHMEIER,HERMIT;Kennedy;;;;;;;5830.0;264;;;;6169.0;1328.0
A1,BUCHMEIER,BW1,FEHLER100,HERMIT,LEEDS,LEIPZIG,LEO739,NRW422;kennen;;du kennst, ich kannte;Verb;;https://www.dwds.de/wb/kennen;0.0;429.0;6891;282.0;251.71;1589.0;353.0;48114.0
BUCHMEIER,HERMIT,LEIPZIG;kennengelernt;;;;;;;4509.0;371;;;7887.0;2223.0;4831.0
A1,BUCHMEIER,FEHLER400,HERMIT,LEEDS;kennenlernen;;;Verb;;https://www.dwds.de/wb/kennenlernen;0.0;5559.0;280;3200.0;20.98;;2724.0;3754.0
BUCHMEIER,HERMIT;kennenzulernen;;;;;;;3949.0;443;;;;2051.0;5277.0
BUCHMEIER,HERMIT;kennst;;;;;;;904.0;2777;;;;635.0;23541.0
BUCHMEIER,FEHLER300,HERMIT,LEIPZIG;kennt;;;;;;;934.0;2649;;;1282.0;765.0;17994.0
A2,BUCHMEIER,FEHLER400,HERMIT,LEEDS,LEIPZIG;Kenntnis;die;;Substantiv;fem.;https://www.dwds.de/wb/Kenntnis;0.0;8748.0;154;1162.0;65.16;2915.0;6043.0;1361.0
BUCHMEIER,HERMIT;Kenny;;;;;;;3508.0;520;;;;4370.0;2063.0
B1,BUCHMEIER,HERMIT,LEIPZIG;Kennzeichen;das;;Substantiv;neutr.;https://www.dwds.de/wb/Kennzeichen;0.0;8079.0;171;;;2475.0;6541.0;1226.0
BUCHMEIER,HERMIT;Kent;;;;;;;5673.0;273;;;;3981.0;2311.0
BUCHMEIER,HERMIT,LEEDS;Kerl;;;;;;;485.0;6072;4223.0;14.64;;443.0;36512.0
BUCHMEIER,HERMIT;Kerle;;;;;;;2400.0;828;;;;2311.0;4635.0
BUCHMEIER,HERMIT,LEEDS,LEIPZIG;Kern;;;;;;;6001.0;255;2258.0;32.49;2825.0;5915.0;1394.0
FEHLER400;Kernspintomografie;;;;;;;;;;;;;
B1,BUCHMEIER,BW1,HERMIT,LEO739;Kerze;die;;Substantiv;fem.;https://www.dwds.de/wb/Kerze;0.0;8078.0;171;;;;7059.0;1108.0
BUCHMEIER,HERMIT;Kerzen;;;;;;;6270.0;240;;;;5269.0;1605.0
A2,BUCHMEIER,HERMIT,LEEDS,LEIPZIG;Kette;die;;Substantiv;fem.;https://www.dwds.de/wb/Kette;0.0;3775.0;466;3633.0;17.82;6837.0;3571.0;2648.0
BUCHMEIER,HERMIT;Ketten;;;;;;;7637.0;184;;;;5706.0;1454.0
BUCHMEIER,HERMIT;Kevin;;;;;;;3026.0;630;;;;1966.0;5662.0
A1,BUCHMEIER,HERMIT,LEEDS,LEIPZIG;kg;;;Symbol;;https://www.dwds.de/wb/kg;0.0;8747.0;154;3880.0;16.36;6675.0;7288.0;1065.0
BUCHMEIER,HERMIT;kichert;;;;;;;9520.0;138;;;;5788.0;1432.0
BW1;kicken;;du kickst;;;;;;;;;;;
BUCHMEIER,HERMIT;Kid;;;;;;;6620.0;223;;;;5094.0;1677.0
BUCHMEIER,HERMIT,LEIPZIG;Kids;;;;;;;4996.0;326;;;7570.0;4026.0;2278.0
BUCHMEIER,HERMIT;Kiefer;;;;;;;9115.0;146;;;;9478.0;752.0
LEEDS,LEIPZIG;Kiel;;;;;;;;;4386.0;13.89;3751.0;;
BUCHMEIER,HERMIT;Kiki;;;;;;;9950.0;130;;;;9218.0;779.0
BUCHMEIER,HERMIT;Killer;;;;;;;2700.0;720;;;;2272.0;4722.0
A1,BUCHMEIER,HERMIT,LEIPZIG;Kilo;das;;Substantiv;neutr.;https://www.dwds.de/wb/Kilo;0.0;3646.0;490;;;4516.0;3308.0;2933.0
A1,LEIPZIG;Kilogramm;das;;Substantiv;neutr.;https://www.dwds.de/wb/Kilogramm;0.0;;;;;2965.0;;
A1,BUCHMEIER,HERMIT,LEEDS,LEIPZIG;Kilometer;der;;Substantiv;mask., neutr.;https://www.dwds.de/wb/Kilometer;0.0;3838.0;458;1491.0;51.08;682.0;2692.0;3822.0
BUCHMEIER,HERMIT;Kim;;;;;;;1751.0;1220;;;;2673.0;3851.0
A1,BUCHMEIER,BW1,FEHLER300,HERMIT,LEEDS,LEIPZIG,LEO739,NRW422;Kind;das;Kinder;Substantiv;neutr.;https://www.dwds.de/wb/Kind;0.0;382.0;7720;101.0;699.19;841.0;336.0;50922.0
BUCHMEIER,HERMIT,LEIPZIG;Kinder;;;;;;;314.0;9621;;;245.0;282.0;63716.0
A1,HERMIT,LEIPZIG;Kindergarten;der;;Substantiv;mask.;https://www.dwds.de/wb/Kindergarten;0.0;;;;;4456.0;8629.0;850.0
LEEDS,LEIPZIG;Kindergärten;;;;;;;;;2749.0;25.44;6767.0;;
BUCHMEIER,HERMIT;Kindermädchen;;;;;;;8439.0;161;;;;8830.0;823.0
BUCHMEIER,HERMIT,LEIPZIG;Kindern;;;;;;;1484.0;1478;;;883.0;1184.0;10540.0
BUCHMEIER,HERMIT;Kinderspiel;;;;;;;6868.0;212;;;;6668.0;1195.0
BUCHMEIER,HERMIT,LEIPZIG;Kindes;;;;;;;4888.0;336;;;4965.0;4349.0;2077.0
B1,BUCHMEIER,HERMIT,LEEDS,LEIPZIG;Kindheit;die;;Substantiv;fem.;https://www.dwds.de/wb/Kindheit;0.0;3413.0;537;3046.0;22.42;4567.0;3357.0;2866.0
BUCHMEIER,HERMIT;kindisch;;;;;;;9896.0;131;;;;8201.0;911.0
BUCHMEIER,HERMIT,LEEDS,LEIPZIG;King;;;;;;;3997.0;436;4973.0;11.72;9861.0;2194.0;4902.0
BUCHMEIER,HERMIT;Kinn;;;;;;;9156.0;145;;;;7697.0;992.0
A1,BUCHMEIER,BW3,HERMIT,LEEDS,LEIPZIG;Kino;das;;Substantiv;neutr.;https://www.dwds.de/wb/Kino;0.0;2367.0;848;2260.0;32.48;2029.0;2305.0;4643.0
A1;Kiosk;der;;Substantiv;mask.;https://www.dwds.de/wb/Kiosk;0.0;;;;;;;
A2,BUCHMEIER,BW1,HERMIT,LEEDS,LEIPZIG,LEO739,NRW422;Kirche;die;;Substantiv;fem.;https://www.dwds.de/wb/Kirche;0.0;1611.0;1344;402.0;181.12;618.0;1185.0;10507.0
BUCHMEIER,HERMIT;Kirk;;;;;;;7173.0;201;;;;4003.0;2295.0
BW1,LEO739,NRW422;Kirsche;die;;Substantiv;;;;;;;;;;
B1,BUCHMEIER,BW1,HERMIT;Kissen;das;;Substantiv;neutr.;https://www.dwds.de/wb/Kissen;0.0;5545.0;281;;;;4732.0;1858.0
B1,BUCHMEIER,HERMIT;Kiste;die;;Substantiv;fem.;https://www.dwds.de/wb/Kiste;0.0;2488.0;793;;;;2388.0;4445.0
BUCHMEIER,HERMIT;Kisten;;;;;;;5311.0;298;;;;4888.0;1773.0
BUCHMEIER,HERMIT;Kitty;;;;;;;7936.0;175;;;;6094.0;1345.0
BUCHMEIER,HERMIT,LEEDS,LEIPZIG;Klage;;;;;;;8399.0;162;2229.0;32.96;2058.0;4952.0;1743.0
B1,HERMIT,LEEDS,LEIPZIG;klagen;;;Verb;;https://www.dwds.de/wb/klagen;0.0;;;2976.0;23.0;4755.0;6054.0;1357.0
BUCHMEIER,HERMIT;Klamotten;;;;;;;3108.0;606;;;;3053.0;3235.0
BUCHMEIER,HERMIT,LEEDS,LEIPZIG;klang;;;;;;;5526.0;282;2765.0;25.25;7693.0;2802.0;3589.0
BUCHMEIER,HERMIT;Klappe;;;;;;;1084.0;2195;;;;1019.0;12451.0
A2,BUCHMEIER,HERMIT,LEEDS,LEO739,NRW422;klappen;;;Verb;;https://www.dwds.de/wb/klappen;0.0;4441.0;378;2857.0;24.24;;4121.0;2220.0
BUCHMEIER,HERMIT,LEIPZIG;klappt;;;;;;;2613.0;749;;;8207.0;2045.0;5302.0
A1,BUCHMEIER,BW1,HERMIT,LEEDS,LEIPZIG;klar;;klären;Adjektiv;;https://www.dwds.de/wb/klar;0.0;243.0;13495;254.0;271.74;585.0;175.0;113688.0
BUCHMEIER,HERMIT,LEIPZIG;klare;;;;;;;9949.0;130;;;2584.0;6758.0;1174.0
BUCHMEIER,HERMIT,LEIPZIG;klaren;;;;;;;8555.0;158;;;3842.0;6238.0;1307.0
BUCHMEIER,HERMIT,LEIPZIG;klarer;;;;;;;9155.0;145;;;7297.0;7444.0;1036.0
LEEDS,LEIPZIG;Klarheit;;;;;;;;;4373.0;13.94;5237.0;;
BUCHMEIER,HERMIT;klarkommen;;;;;;;9838.0;132;;;;8806.0;826.0
BUCHMEIER,HERMIT;klarstellen;;;;;;;7172.0;201;;;;6473.0;1242.0
A1,B1,BUCHMEIER,BW1,FEHLER300,HERMIT,LEEDS,LEIPZIG,LEO739,NRW422;Klasse;die;;Substantiv;fem.;https://www.dwds.de/wb/Klasse;0.0;958.0;2590;719.0;103.34;1483.0;815.0;16595.0
B1;Klassenarbeit;die;;Substantiv;fem.;https://www.dwds.de/wb/Klassenarbeit;0.0;;;;;;;
LEO739;Klassenfahrt;die;;Substantiv;;;;;;;;;;
BUCHMEIER,HERMIT,LEIPZIG;Klassiker;;;;;;;8642.0;156;;;6868.0;8098.0;926.0
BUCHMEIER,HERMIT,LEIPZIG;klassische;;;;;;;8805.0;153;;;4174.0;6744.0;1176.0
BUCHMEIER,HERMIT;klauen;;;;;;;4050.0;430;;;;3378.0;2851.0
HERMIT,LEEDS,LEIPZIG;Klaus;;;;;;;;;1653.0;45.41;1508.0;3146.0;3099.0
BUCHMEIER,HERMIT;klaut;;;;;;;8842.0;152;;;;8363.0;889.0
A2,BUCHMEIER,HERMIT,LEIPZIG;Klavier;das;;Substantiv;neutr.;https://www.dwds.de/wb/Klavier;0.0;5494.0;284;;;5571.0;4058.0;2255.0
B1,BW1,HERMIT;kleben;;du klebst;Verb;;https://www.dwds.de/wb/kleben;0.0;;;;;;9057.0;797.0
LEO739;Klebstoff;der;;Substantiv;;;;;;;;;;
A2,BUCHMEIER,BW1,FEHLER300,HERMIT,LEEDS,LEO739;Kleid;das;Kleider, Kleidung;Substantiv;neutr.;https://www.dwds.de/wb/Kleid;0.0;1934.0;1087;3231.0;20.76;;1395.0;8663.0
BUCHMEIER,HERMIT,LEIPZIG;Kleider;;;;;;;2650.0;738;;;8358.0;2449.0;4292.0
A1,BUCHMEIER,BW3,HERMIT,LEEDS,LEIPZIG;Kleidung;die;Kleid, Kleider;Substantiv;fem.;https://www.dwds.de/wb/Kleidung;0.0;3115.0;605;3114.0;21.82;4897.0;2528.0;4131.0
A1,BUCHMEIER,BW1,HERMIT,LEEDS,LEIPZIG,LEO739,NRW422;klein;;;Adjektiv;;https://www.dwds.de/wb/klein;0.0;1265.0;1818;118.0;583.52;2843.0;1017.0;12473.0
BUCHMEIER,HERMIT,LEEDS,LEIPZIG;kleine;;;;;;;528.0;5629;2284.0;32.08;505.0;378.0;44338.0
BUCHMEIER,HERMIT,LEIPZIG;kleinen;;;;;;;637.0;4528;;;419.0;546.0;29378.0
BUCHMEIER,HERMIT,LEIPZIG;kleiner;;;;;;;803.0;3226;;;1574.0;579.0;27048.0
BUCHMEIER,HERMIT,LEIPZIG;kleines;;;;;;;896.0;2797;;;2803.0;699.0;20305.0
BUCHMEIER,HERMIT;Kleingeld;;;;;;;6960.0;208;;;;7117.0;1098.0
BUCHMEIER,HERMIT;Kleinigkeit;;;;;;;5558.0;280;;;;4731.0;1858.0
BUCHMEIER,HERMIT,LEIPZIG;kleinste;;;;;;;8398.0;162;;;7733.0;7201.0;1081.0
BUCHMEIER,HERMIT;Klemme;;;;;;;6867.0;212;;;;6561.0;1222.0
BUCHMEIER,HERMIT;klemmt;;;;;;;8143.0;169;;;;8413.0;881.0
BUCHMEIER,HERMIT;Klempner;;;;;;;9772.0;133;;;;8642.0;848.0
B1,BUCHMEIER,BW3,FEHLER300,HERMIT,LEO739,NRW422;klettern;;du kletterst;Verb;;https://www.dwds.de/wb/klettern;0.0;8366.0;163;;;;6387.0;1266.0
B1;Klick;;;Substantiv;mask., neutr.;https://www.dwds.de/wb/Klick;0.0;;;;;;;
B1,LEEDS;klicken;;;Verb;;https://www.dwds.de/wb/klicken;0.0;;;2788.0;24.99;;;
BUCHMEIER,HERMIT,LEEDS;Klient;;;;;;;8804.0;153;4656.0;12.83;;7087.0;1102.0
BUCHMEIER,HERMIT;Klienten;;;;;;;5209.0;307;;;;4106.0;2224.0
B1,LEEDS,LEIPZIG;Klima;das;;Substantiv;neutr.;https://www.dwds.de/wb/Klima;0.0;;;3239.0;20.68;3032.0;;
B1,BUCHMEIER,HERMIT;Klimaanlage;die;;Substantiv;fem.;https://www.dwds.de/wb/Klimaanlage;0.0;6549.0;227;;;;8398.0;883.0
BUCHMEIER,HERMIT;Klinge;;;;;;;6478.0;230;;;;4825.0;1806.0
B1,HERMIT;Klingel;die;;Substantiv;fem.;https://www.dwds.de/wb/Klingel;0.0;;;;;;9207.0;781.0
B1,HERMIT;klingeln;;;Verb;;https://www.dwds.de/wb/klingeln;0.0;;;;;;4772.0;1840.0
BUCHMEIER,HERMIT;klingelt;;;;;;;3032.0;629;;;;1500.0;7959.0
B1,BUCHMEIER,HERMIT,LEEDS,LEIPZIG;klingen;;;Verb;;https://www.dwds.de/wb/klingen;0.0;4231.0;404;1231.0;61.23;6542.0;3381.0;2849.0
BUCHMEIER,HERMIT;klingst;;;;;;;7116.0;203;;;;5529.0;1512.0
BUCHMEIER,HERMIT,LEIPZIG;klingt;;;;;;;1042.0;2323;;;2067.0;613.0;24910.0
B1,BUCHMEIER,HERMIT,LEEDS,LEIPZIG;Klinik;die;;Substantiv;fem.;https://www.dwds.de/wb/Klinik;0.0;2981.0;640;2718.0;25.77;3295.0;2795.0;3615.0
BUCHMEIER,HERMIT;Klo;;;;;;;2800.0;691;;;;2888.0;3465.0
B1,BUCHMEIER,HERMIT;klopfen;;;Verb;;https://www.dwds.de/wb/klopfen;0.0;4479.0;374;;;;2103.0;5125.0
BUCHMEIER,HERMIT;klopft;;;;;;;7408.0;192;;;;3948.0;2339.0
BUCHMEIER,HERMIT,LEEDS,LEIPZIG;Kloster;;;;;;;6375.0;235;3086.0;22.03;6456.0;4922.0;1758.0
B1;Kloß;der;;Substantiv;mask.;https://www.dwds.de/wb/Klo%C3%9F;0.0;;;;;;;
A2,BUCHMEIER,HERMIT,LEIPZIG;Klub;der;;Substantiv;mask.;https://www.dwds.de/wb/Klub;0.0;9570.0;137;;;4299.0;6722.0;1181.0
A2,BUCHMEIER,BW3,FEHLER300,HERMIT,LEEDS,LEIPZIG,LEO739,NRW422;klug;;kluge;Adjektiv;;https://www.dwds.de/wb/klug;0.0;2289.0;877;3103.0;21.94;9498.0;2017.0;5435.0
BUCHMEIER,HERMIT;kluger;;;;;;;9206.0;144;;;;8544.0;863.0
BUCHMEIER,HERMIT;Klugscheißer;;;;;;;9948.0;130;;;;9481.0;752.0
LEEDS,LEIPZIG;Kläger;;;;;;;;;3104.0;21.94;8554.0;;
B1,BUCHMEIER,HERMIT,LEEDS,LEIPZIG;klären;;;Verb;;https://www.dwds.de/wb/kl%C3%A4ren;0.0;3601.0;498;1918.0;38.78;3819.0;2550.0;4096.0
BUCHMEIER,HERMIT;klüger;;;;;;;7429.0;191;;;;7066.0;1107.0
A1,BUCHMEIER,HERMIT,LEEDS,LEIPZIG;km;;;Symbol;;https://www.dwds.de/wb/km;0.0;3907.0;449;1718.0;43.79;5119.0;2714.0;3775.0
BUCHMEIER,HERMIT,LEEDS;Knabe;;;;;;;9252.0;143;4424.0;13.74;;9425.0;757.0
BUCHMEIER,HERMIT;knacken;;;;;;;7660.0;183;;;;4911.0;1764.0
BUCHMEIER,HERMIT;Knall;;;;;;;6909.0;210;;;;4593.0;1922.0
B1,BUCHMEIER,HERMIT,LEEDS,LEIPZIG;knapp;;;Adjektiv;;https://www.dwds.de/wb/knapp;0.0;2449.0;806;778.0;96.21;422.0;2294.0;4675.0
BUCHMEIER,HERMIT;Knarre;;;;;;;3683.0;484;;;;3905.0;2373.0
BUCHMEIER,HERMIT;Knast;;;;;;;1761.0;1213;;;;1753.0;6476.0
B1,BUCHMEIER,HERMIT,LEIPZIG;Kneipe;die;;Substantiv;fem.;https://www.dwds.de/wb/Kneipe;0.0;9569.0;137;;;7969.0;7604.0;1008.0
B1,BUCHMEIER,BW1,HERMIT,LEEDS,LEIPZIG;Knie;das;knien;Substantiv;neutr.;https://www.dwds.de/wb/Knie;0.0;2159.0;951;3826.0;16.64;5265.0;2001.0;5483.0
BUCHMEIER,HERMIT;Knien;;;;;;;7374.0;193;;;;6514.0;1232.0
BUCHMEIER,HERMIT;Knight;;;;;;;8882.0;151;;;;7670.0;997.0
B1,BUCHMEIER,HERMIT,LEEDS,LEIPZIG;Knochen;der;;Substantiv;mask.;https://www.dwds.de/wb/Knochen;0.0;2335.0;863;4809.0;12.26;6124.0;2111.0;5104.0
LEO739;Knolle;die;;Substantiv;;;;;;;;;;
B1,BUCHMEIER,BW1,HERMIT,LEO739,NRW422;Knopf;der;Knöpfe;Substantiv;mask.;https://www.dwds.de/wb/Knopf;0.0;3275.0;566;;;;3824.0;2438.0
BUCHMEIER,HERMIT,LEIPZIG;Knoten;;;;;;;6758.0;217;;;6058.0;6471.0;1243.0
BUCHMEIER,HERMIT;know;;;;;;;4100.0;423;;;;4787.0;1832.0
BUCHMEIER,HERMIT;Knurren;;;;;;;9625.0;136;;;;6867.0;1147.0
BUCHMEIER,HERMIT;knurrt;;;;;;;8641.0;156;;;;4015.0;2283.0
BUCHMEIER,HERMIT;Knöchel;;;;;;;6284.0;239;;;;6985.0;1120.0
B1;Knödel;der;;Substantiv;mask.;https://www.dwds.de/wb/Kn%C3%B6del;0.0;;;;;;;
LEEDS,LEIPZIG;Koalition;;;;;;;;;2098.0;35.45;788.0;;
B1,BUCHMEIER,HERMIT,LEEDS,LEIPZIG;Koch;der;;Substantiv;mask.;https://www.dwds.de/wb/Koch#1;0.0;3780.0;465;3696.0;17.44;4744.0;3701.0;2534.0
BUCHMEIER,HERMIT;koche;;;;;;;7258.0;198;;;;6270.0;1296.0
A1,BUCHMEIER,BW1,HERMIT,LEEDS,LEO739,NRW422;kochen;;du kochst, Koch;Verb;;https://www.dwds.de/wb/kochen;0.0;2985.0;639;3944.0;16.05;;2035.0;5378.0
BUCHMEIER,HERMIT;kocht;;;;;;;6228.0;242;;;;5305.0;1593.0
A1,BUCHMEIER,BW1,HERMIT,LEIPZIG;Koffer;der;;Substantiv;mask.;https://www.dwds.de/wb/Koffer;0.0;2168.0;944;;;7243.0;1884.0;5956.0
BUCHMEIER,HERMIT;Kofferraum;;;;;;;5148.0;312;;;;4300.0;2102.0
LEEDS,LEIPZIG;Kohl;;;;;;;;;2346.0;31.05;1040.0;;
BUCHMEIER,HERMIT,LEIPZIG;Kohle;;;;;;;2988.0;638;;;6083.0;2286.0;4689.0
FEHLER400;kohärent;;;;;;;;;;;;;
BUCHMEIER,HERMIT,LEIPZIG;Kokain;;;;;;;6564.0;226;;;8784.0;5104.0;1672.0
BUCHMEIER,HERMIT;Koks;;;;;;;8939.0;150;;;;6334.0;1279.0
A1,BUCHMEIER,HERMIT,LEEDS,LEIPZIG;Kollege;der;;Substantiv;mask.;https://www.dwds.de/wb/Kollege;0.0;6155.0;246;927.0;81.98;2977.0;3654.0;2575.0
BUCHMEIER,HERMIT,LEIPZIG;Kollegen;;;;;;;2936.0;655;;;761.0;1989.0;5546.0
A2,HERMIT,LEEDS,LEIPZIG;Kollegin;die;;Substantiv;fem.;https://www.dwds.de/wb/Kollegin;0.0;;;3999.0;15.75;7835.0;6519.0;1231.0
FEHLER200,FEHLER400;kolossal;;;;;;;;;;;;;
BUCHMEIER,HERMIT;Koma;;;;;;;4014.0;434;;;;4395.0;2049.0
BUCHMEIER,HERMIT,LEEDS,LEIPZIG;Kombination;;;;;;;4820.0;342;2406.0;30.14;3596.0;5769.0;1437.0
BUCHMEIER,HERMIT;Komiker;;;;;;;8803.0;153;;;;9894.0;710.0
A2,BUCHMEIER,HERMIT,LEEDS,LEIPZIG;komisch;;;Adjektiv;;https://www.dwds.de/wb/komisch;0.0;1139.0;2066;3328.0;19.99;8396.0;948.0;13783.0
BUCHMEIER,HERMIT;komische;;;;;;;4631.0;359;;;;4217.0;2154.0
BUCHMEIER,HERMIT;komischen;;;;;;;7690.0;182;;;;7553.0;1017.0
BUCHMEIER,HERMIT;komischer;;;;;;;7636.0;184;;;;7564.0;1015.0
BUCHMEIER,HERMIT;komisches;;;;;;;8077.0;171;;;;7144.0;1093.0
BUCHMEIER,FEHLER200,FEHLER400,HERMIT,LEEDS;Komitee;;;;;;;9837.0;132;4834.0;12.15;;8804.0;827.0
BUCHMEIER,HERMIT;Komm;;;;;;;152.0;22810;;;;115.0;201117.0
BUCHMEIER,HERMIT;Kommandant;;;;;;;4929.0;332;;;;3085.0;3186.0
BUCHMEIER,HERMIT,LEIPZIG;Kommando;;;;;;;3056.0;620;;;7953.0;2813.0;3566.0
BUCHMEIER,HERMIT,LEIPZIG;komme;;;;;;;437.0;6776;;;1700.0;358.0;47282.0
A1,BUCHMEIER,BW1,FEHLER100,HERMIT,LEEDS,LEIPZIG,LEO739,NRW422;kommen;;du kommst, ich kam;Verb;;https://www.dwds.de/wb/kommen;0.0;173.0;19603;62.0;1373.3;214.0;140.0;156754.0
BUCHMEIER,FEHLER200,FEHLER400,HERMIT,LEEDS,LEIPZIG;Kommentar;;;;;;;4733.0;350;354.0;198.66;3857.0;5657.0;1470.0
FEHLER200,FEHLER400;Kommilitone;;;;;;;;;;;;;
BUCHMEIER,HERMIT;Kommissar;;;;;;;5400.0;291;;;;3547.0;2671.0
LEEDS,LEIPZIG;Kommission;;;;;;;;;1037.0;73.11;1476.0;;
BUCHMEIER,HERMIT;kommst;;;;;;;642.0;4505;;;;466.0;34951.0
BUCHMEIER,FEHLER300,HERMIT,LEIPZIG;kommt;;;;;;;172.0;19609;;;203.0;143.0;153845.0
LEEDS,LEIPZIG;Kommune;;;;;;;;;2215.0;33.13;5616.0;;
B1,BUCHMEIER,HERMIT,LEEDS,LEIPZIG;Kommunikation;die;;Substantiv;fem.;https://www.dwds.de/wb/Kommunikation;0.0;6069.0;251;1210.0;62.43;2889.0;5411.0;1554.0
LEEDS,LEIPZIG;Kommunismus;;;;;;;;;4824.0;12.19;7616.0;;
BUCHMEIER,HERMIT,LEIPZIG;Kommunisten;;;;;;;8106.0;170;;;3215.0;8032.0;938.0
BUCHMEIER,HERMIT,LEEDS;kommunizieren;;;;;;;7115.0;203;4446.0;13.67;;6406.0;1261.0
BUCHMEIER,HERMIT;Kompanie;;;;;;;7799.0;179;;;;7423.0;1041.0
LEEDS,LEIPZIG;Kompetenz;;;;;;;;;1928.0;38.6;4814.0;;
B1,BUCHMEIER,HERMIT,LEEDS,LEIPZIG;komplett;;;Adjektiv;;https://www.dwds.de/wb/komplett;0.0;2514.0;784;1198.0;63.12;3549.0;2169.0;4962.0
BUCHMEIER,HERMIT,LEIPZIG;komplette;;;;;;;6804.0;215;;;5508.0;6249.0;1304.0
BUCHMEIER,HERMIT;Kompliment;;;;;;;6015.0;254;;;;4533.0;1960.0
B1,BUCHMEIER,HERMIT,LEEDS,LEIPZIG;kompliziert;;;partizipiales Adjektiv;;https://www.dwds.de/wb/kompliziert;0.0;2421.0;819;3065.0;22.19;7493.0;2300.0;4661.0
BUCHMEIER,HERMIT;komplizierter;;;;;;;7407.0;192;;;;6871.0;1145.0
LEEDS,LEIPZIG;Komponente;;;;;;;;;2790.0;24.97;4545.0;;
LEEDS,LEIPZIG;Komponist;;;;;;;;;3113.0;21.83;6524.0;;
LEEDS,LEIPZIG;Komposition;;;;;;;;;4523.0;13.4;9265.0;;
B1;Kompromiss;der;;Substantiv;mask., neutr.;https://www.dwds.de/wb/Kompromiss;0.0;;;;;;;
LEEDS,LEIPZIG;Kompromiß;;;;;;;;;3497.0;18.79;2668.0;;
BUCHMEIER,LEIPZIG;Komödie;;;;;;;7568.0;186;;;4595.0;;
B1,BUCHMEIER,HERMIT,LEEDS,LEIPZIG;Konferenz;die;;Substantiv;fem.;https://www.dwds.de/wb/Konferenz;0.0;7234.0;199;1976.0;37.45;2476.0;6201.0;1320.0
B1;Konfitüre;die;;Substantiv;fem.;https://www.dwds.de/wb/Konfit%C3%BCre;0.0;;;;;;;
B1,BUCHMEIER,HERMIT,LEEDS,LEIPZIG;Konflikt;der;;Substantiv;mask.;https://www.dwds.de/wb/Konflikt;0.0;8640.0;156;922.0;82.41;2135.0;8043.0;936.0
BUCHMEIER,HERMIT;Kong;;;;;;;5910.0;260;;;;7585.0;1011.0
BUCHMEIER,HERMIT;Kongress;;;;;;;8076.0;171;;;;6255.0;1303.0
LEEDS,LEIPZIG;Kongreß;;;;;;;;;2510.0;28.6;2911.0;;
LEEDS,LEIPZIG;konkret;;;;;;;;;656.0;111.5;5196.0;;
LEEDS,LEIPZIG;Konkurrent;;;;;;;;;4269.0;14.42;9192.0;;
B1,BUCHMEIER,FEHLER200,FEHLER400,HERMIT,LEEDS,LEIPZIG;Konkurrenz;die;;Substantiv;fem.;https://www.dwds.de/wb/Konkurrenz;0.0;7076.0;204;1852.0;40.04;1113.0;5530.0;1512.0
BUCHMEIER,HERMIT,LEIPZIG;konnte;;;;;;;355.0;8364;;;232.0;329.0;51818.0
BUCHMEIER,HERMIT,LEIPZIG;konnten;;;;;;;1012.0;2383;;;496.0;943.0;13846.0
BUCHMEIER,HERMIT;konntest;;;;;;;1961.0;1072;;;;1623.0;7182.0
FEHLER400,LEEDS,LEIPZIG;Konsens;;;;;;;;;3780.0;16.89;4307.0;;
LEEDS,LEIPZIG;konsequent;;;;;;;;;2152.0;34.43;3964.0;;
LEEDS,LEIPZIG;Konsequenz;;;;;;;;;1319.0;57.02;4011.0;;
BUCHMEIER,HERMIT,LEIPZIG;Konsequenzen;;;;;;;5275.0;302;;;2282.0;4155.0;2200.0
LEEDS,LEIPZIG;konstant;;;;;;;;;4143.0;15.01;9108.0;;
LEEDS,LEIPZIG;Konstruktion;;;;;;;;;3282.0;20.32;5334.0;;
B1,BUCHMEIER;Konsulat;das;;Substantiv;neutr.;https://www.dwds.de/wb/Konsulat;0.0;7075.0;204;;;;;
B1,LEEDS,LEIPZIG;Konsum;der;;Substantiv;mask.;https://www.dwds.de/wb/Konsum#1;0.0;;;4107.0;15.17;7759.0;;
B1;konsumieren;;;Verb;;https://www.dwds.de/wb/konsumieren;0.0;;;;;;;
A2,BUCHMEIER,HERMIT,LEEDS,LEIPZIG;Kontakt;der;;Substantiv;mask.;https://www.dwds.de/wb/Kontakt;0.0;1371.0;1622;630.0;115.6;1786.0;1244.0;9905.0
BUCHMEIER,HERMIT,LEIPZIG;Kontakte;;;;;;;6735.0;218;;;2435.0;5470.0;1534.0
BUCHMEIER,HERMIT;kontaktieren;;;;;;;5696.0;272;;;;4606.0;1918.0
BUCHMEIER,HERMIT;kontaktiert;;;;;;;8938.0;150;;;;7001.0;1118.0
HERMIT,LEIPZIG;Konten;;;;;;;;;;;5492.0;8391.0;883.0
LEEDS,LEIPZIG;Kontext;;;;;;;;;1964.0;37.79;8515.0;;
LEEDS,LEIPZIG;Kontinent;;;;;;;;;3348.0;19.84;5747.0;;
LEEDS,LEIPZIG;kontinuierlich;;;;;;;;;2966.0;23.11;7189.0;;
A1,BUCHMEIER,HERMIT,LEEDS,LEIPZIG;Konto;das;;Substantiv;neutr.;https://www.dwds.de/wb/Konto;0.0;4963.0;329;3601.0;18.09;3366.0;3659.0;2574.0
B1,BUCHMEIER,HERMIT,LEEDS,LEIPZIG;Kontrolle;die;;Substantiv;fem.;https://www.dwds.de/wb/Kontrolle;0.0;1128.0;2095;921.0;82.45;1399.0;1094.0;11436.0
A2,BUCHMEIER,HERMIT,LEEDS,LEIPZIG;kontrollieren;;;Verb;;https://www.dwds.de/wb/kontrollieren;0.0;2319.0;870;1739.0;42.96;4417.0;2110.0;5107.0
BUCHMEIER,HERMIT,LEIPZIG;kontrolliert;;;;;;;4681.0;355;;;3722.0;3952.0;2336.0
LEEDS,LEIPZIG;Konvention;;;;;;;;;4436.0;13.69;9623.0;;
BUCHMEIER,HERMIT,LEEDS,LEIPZIG;Konzentration;;;;;;;7635.0;184;3010.0;22.68;3466.0;7212.0;1080.0
B1,BUCHMEIER,HERMIT,LEEDS,LEIPZIG;konzentrieren;;;Verb;;https://www.dwds.de/wb/konzentrieren;0.0;2831.0;678;1467.0;51.88;3275.0;2184.0;4919.0
BUCHMEIER,HERMIT,LEIPZIG;konzentriert;;;;;;;6803.0;215;;;3448.0;5551.0;1506.0
BUCHMEIER,HERMIT,LEEDS,LEIPZIG;Konzept;;;;;;;7935.0;175;786.0;95.69;954.0;7197.0;1082.0
LEEDS,LEIPZIG;Konzeption;;;;;;;;;3785.0;16.84;6640.0;;
LEEDS,LEIPZIG;Konzern;;;;;;;;;2078.0;35.78;1229.0;;
A2,BUCHMEIER,HERMIT,LEEDS,LEIPZIG;Konzert;das;;Substantiv;neutr.;https://www.dwds.de/wb/Konzert;0.0;5056.0;321;1823.0;40.9;2627.0;3762.0;2480.0
HERMIT,LEEDS,LEIPZIG;Kooperation;;;;;;;;;1669.0;44.83;2213.0;9465.0;753.0
BUCHMEIER,HERMIT;kooperieren;;;;;;;7723.0;181;;;;6751.0;1175.0
BUCHMEIER,HERMIT;Koordinaten;;;;;;;4043.0;431;;;;4586.0;1929.0
A1,BUCHMEIER,BW1,HERMIT,LEEDS,LEIPZIG,LEO739,NRW422;Kopf;der;Köpfe;Substantiv;mask.;https://www.dwds.de/wb/Kopf;0.0;362.0;8137;447.0;160.28;662.0;375.0;44851.0
BUCHMEIER,HERMIT;Kopfschmerzen;;;;;;;3641.0;491;;;;3903.0;2376.0
FEHLER400;kopfüber;;;;;;;;;;;;;
B1,BUCHMEIER,HERMIT,LEEDS,LEIPZIG;Kopie;die;;Substantiv;fem.;https://www.dwds.de/wb/Kopie;0.0;4205.0;408;3319.0;20.07;8881.0;3612.0;2607.0
BUCHMEIER,HERMIT;Kopien;;;;;;;8257.0;166;;;;7103.0;1101.0
B1,LEEDS,LEIPZIG;kopieren;;;Verb;;https://www.dwds.de/wb/kopieren;0.0;;;3960.0;15.93;7775.0;;
B1;Kopierer;der;;Substantiv;mask.;https://www.dwds.de/wb/Kopierer;0.0;;;;;;;
BUCHMEIER,HERMIT,LEO739,NRW422;Korb;der;;Substantiv;;;;6934.0;209;;;;5714.0;1452.0
BUCHMEIER,HERMIT,LEIPZIG;Korea;;;;;;;5866.0;262;;;9404.0;8290.0;900.0
B1,BUCHMEIER,HERMIT,LEEDS,LEIPZIG;korrekt;;;Adjektiv;;https://www.dwds.de/wb/korrekt;0.0;4656.0;357;2206.0;33.35;5273.0;3074.0;3203.0
BUCHMEIER,HERMIT,LEEDS,LEIPZIG;Korrektur;;;;;;;5088.0;318;4369.0;13.96;7148.0;3411.0;2815.0
B1;Korridor;der;;Substantiv;mask.;https://www.dwds.de/wb/Korridor;0.0;;;;;;;
B1,FEHLER200,FEHLER400,HERMIT,LEEDS,LEIPZIG;korrigieren;;;Verb;;https://www.dwds.de/wb/korrigieren;0.0;;;3487.0;18.82;7842.0;8945.0;811.0
HERMIT,LEIPZIG;korrigiert;;;;;;;;;;;6614.0;5326.0;1585.0
HERMIT,LEEDS,LEIPZIG;Korruption;;;;;;;;;4916.0;11.9;4144.0;9576.0;742.0
FEHLER200,FEHLER400;Koryphäe;;;;;;;;;;;;;
A2;Kosmetik;die;;Substantiv;fem.;https://www.dwds.de/wb/Kosmetik;0.0;;;;;;;
LEEDS,LEIPZIG;Kosovo;;;;;;;;;3717.0;17.3;2634.0;;
A1,B1,BUCHMEIER,HERMIT,LEEDS,LEIPZIG;kosten;;;Verb;;https://www.dwds.de/wb/kosten#2;0.0;3018.0;631;576.0;127.22;425.0;1698.0;6786.0
A2,HERMIT,LEEDS,LEIPZIG;kostenlos;;;Adjektiv;;https://www.dwds.de/wb/kostenlos;0.0;;;1663.0;45.02;3167.0;9766.0;723.0
BUCHMEIER,HERMIT,LEIPZIG;kostet;;;;;;;1808.0;1181;;;1120.0;1554.0;7589.0
BUCHMEIER,HERMIT,LEIPZIG;kostete;;;;;;;9205.0;144;;;5556.0;9716.0;729.0
B1,BUCHMEIER,HERMIT;Kostüm;das;;Substantiv;neutr.;https://www.dwds.de/wb/Kost%C3%BCm;0.0;5274.0;302;;;;4514.0;1971.0
BUCHMEIER,HERMIT;Kostüme;;;;;;;8438.0;161;;;;8484.0;871.0
BUCHMEIER,HERMIT;kotzen;;;;;;;7722.0;181;;;;4804.0;1822.0
BUCHMEIER,HERMIT;kotzt;;;;;;;8937.0;150;;;;8860.0;819.0
LEO739,NRW422;krabbeln;;;;;;;;;;;;;
BUCHMEIER,HERMIT;Krach;;;;;;;5885.0;261;;;;5607.0;1484.0
B1,BUCHMEIER,HERMIT,LEEDS,LEIPZIG;Kraft;die;;Substantiv;fem.;https://www.dwds.de/wb/Kraft;0.0;979.0;2527;364.0;194.21;1086.0;1120.0;11202.0
B1;Kraftfahrzeug;das;;Substantiv;neutr.;https://www.dwds.de/wb/Kraftfahrzeug;0.0;;;;;;;
B1;Kraftwerk;das;;Substantiv;neutr.;https://www.dwds.de/wb/Kraftwerk;0.0;;;;;;;
BUCHMEIER,HERMIT;Kragen;;;;;;;8437.0;161;;;;8080.0;930.0
FEHLER200,FEHLER400;krakeelen;;;;;;;;;;;;;
BUCHMEIER,HERMIT;Kram;;;;;;;4490.0;373;;;;3676.0;2553.0
A1,BUCHMEIER,HERMIT,LEEDS,LEIPZIG;krank;;;Adjektiv;;https://www.dwds.de/wb/krank;0.0;844.0;3004;1829.0;40.75;4532.0;724.0;19265.0
B1,BUCHMEIER,HERMIT,LEEDS,LEIPZIG;Kranke;;;Substantiv;fem., mask.;https://www.dwds.de/wb/Kranke;0.0;9947.0;130;3198.0;21.0;8044.0;6152.0;1332.0
BUCHMEIER,HERMIT,LEIPZIG;kranken;;;;;;;8216.0;167;;;7586.0;5027.0;1711.0
A2,BUCHMEIER,HERMIT,LEEDS,LEIPZIG;Krankenhaus;das;;Substantiv;neutr.;https://www.dwds.de/wb/Krankenhaus;0.0;858.0;2929;1710.0;43.89;1688.0;811.0;16645.0
A2,LEEDS;Krankenkasse;die;;Substantiv;fem.;https://www.dwds.de/wb/Krankenkasse;0.0;;;3289.0;20.27;;;
B1;Krankenpfleger;der;;Substantiv;mask.;https://www.dwds.de/wb/Krankenpfleger;0.0;;;;;;;
B1,BUCHMEIER,HERMIT;Krankenschwester;die;;Substantiv;fem.;https://www.dwds.de/wb/Krankenschwester;0.0;5909.0;260;;;;4456.0;2016.0
BUCHMEIER,HERMIT;Krankenstation;;;;;;;5273.0;302;;;;4891.0;1772.0
LEEDS,LEIPZIG;Krankenversicherung;;;;;;;;;4491.0;13.5;6369.0;;
B1,BUCHMEIER,HERMIT;Krankenwagen;der;;Substantiv;mask.;https://www.dwds.de/wb/Krankenwagen;0.0;3308.0;558;;;;2815.0;3562.0
A2,BUCHMEIER,HERMIT,LEEDS,LEIPZIG;Krankheit;die;;Substantiv;fem.;https://www.dwds.de/wb/Krankheit;0.0;2186.0;933;891.0;84.32;1976.0;2082.0;5193.0
BUCHMEIER,HERMIT,LEIPZIG;Krankheiten;;;;;;;7567.0;186;;;3856.0;6647.0;1201.0
BUCHMEIER,BW3,HERMIT;kratzen;;du kratzt;;;;;9250.0;143;;;;7635.0;1002.0
BUCHMEIER,HERMIT;Kratzer;;;;;;;5493.0;284;;;;5538.0;1509.0
BUCHMEIER,HERMIT;Krawatte;;;;;;;5672.0;273;;;;4936.0;1749.0
B1,LEEDS;kreativ;;;Adjektiv;;https://www.dwds.de/wb/kreativ;0.0;;;2807.0;24.8;;;
LEEDS,LEIPZIG;Kreativität;;;;;;;;;4331.0;14.13;7506.0;;
BUCHMEIER,HERMIT;Kreatur;;;;;;;5323.0;297;;;;4620.0;1914.0
BUCHMEIER,HERMIT;Kreaturen;;;;;;;6397.0;234;;;;5790.0;1431.0
BUCHMEIER,HERMIT,LEEDS,LEIPZIG;Krebs;;;;;;;2869.0;669;3729.0;17.22;5594.0;2577.0;4033.0
A2,BUCHMEIER,HERMIT,LEEDS,LEIPZIG;Kredit;der;;Substantiv;mask.;https://www.dwds.de/wb/Kredit#1;0.0;6693.0;220;3087.0;22.03;7151.0;5186.0;1637.0
A1,BUCHMEIER,HERMIT;Kreditkarte;die;;Substantiv;fem.;https://www.dwds.de/wb/Kreditkarte;0.0;5966.0;257;;;;5823.0;1423.0
B1,BUCHMEIER,HERMIT,LEEDS,LEIPZIG,LEO739;Kreis;der;;Substantiv;mask.;https://www.dwds.de/wb/Kreis;0.0;3530.0;516;902.0;83.5;737.0;3191.0;3044.0
HERMIT,LEIPZIG;Kreisen;;;;;;;;;;;3997.0;8203.0;911.0
FEHLER200,FEHLER400;Kreißsaal;;;;;;;;;;;;;
B1,BUCHMEIER,HERMIT,LEEDS,LEIPZIG,LEO739,NRW422;Kreuz;das;;Substantiv;neutr.;https://www.dwds.de/wb/Kreuz;0.0;3669.0;487;2486.0;28.94;5231.0;3283.0;2958.0
A2,BUCHMEIER,BW3,HERMIT,LEIPZIG,LEO739;Kreuzung;die;Kreuz, kreuzen;Substantiv;fem.;https://www.dwds.de/wb/Kreuzung;0.0;9204.0;144;;;6770.0;8330.0;893.0
BUCHMEIER,BW3,HERMIT;kriechen;;du kriechst, ich kroch;;;;;7871.0;177;;;;7556.0;1017.0
B1,BUCHMEIER,HERMIT,LEEDS,LEIPZIG;Krieg;der;;Substantiv;mask.;https://www.dwds.de/wb/Krieg;0.0;695.0;4064;335.0;212.47;607.0;544.0;29815.0
BUCHMEIER,HERMIT,LEIPZIG;kriege;;;;;;;1537.0;1419;;;7242.0;1214.0;10237.0
A1,BUCHMEIER,FEHLER100,HERMIT,LEEDS,LEIPZIG,LEO739,NRW422;kriegen;;;Verb;;https://www.dwds.de/wb/kriegen#1;0.0;634.0;4530;2158.0;34.34;5199.0;590.0;26366.0
BUCHMEIER,HERMIT;Krieger;;;;;;;3468.0;527;;;;2755.0;3674.0
BUCHMEIER,HERMIT,LEIPZIG;Krieges;;;;;;;6209.0;243;;;3246.0;5233.0;1620.0
BUCHMEIER,HERMIT;kriegst;;;;;;;1346.0;1660;;;;1249.0;9878.0
BUCHMEIER,FEHLER300,HERMIT,LEIPZIG;kriegt;;;;;;;1243.0;1858;;;7339.0;1114.0;11231.0
A2;Krimi;der;;Substantiv;mask.;https://www.dwds.de/wb/Krimi;0.0;;;;;;;
LEEDS,LEIPZIG;Kriminalität;;;;;;;;;4470.0;13.6;4094.0;;
B1,LEIPZIG;Kriminalpolizei;die;;Substantiv;fem.;https://www.dwds.de/wb/Kriminalpolizei;0.0;;;;;8647.0;;
BUCHMEIER,HERMIT;Kriminelle;;;;;;;8746.0;154;;;;5391.0;1558.0
BUCHMEIER,HERMIT;Kriminellen;;;;;;;9249.0;143;;;;5852.0;1413.0
B1,BUCHMEIER,HERMIT,LEEDS,LEIPZIG;Krise;die;;Substantiv;fem.;https://www.dwds.de/wb/Krise;0.0;4133.0;417;1304.0;57.9;1439.0;4552.0;1949.0
LEEDS,LEIPZIG;Kriterium;;;;;;;;;1573.0;48.22;9512.0;;
B1,BUCHMEIER,HERMIT,LEEDS,LEIPZIG;Kritik;die;;Substantiv;fem.;https://www.dwds.de/wb/Kritik;0.0;8365.0;163;602.0;119.97;540.0;7979.0;945.0
LEEDS,LEIPZIG;Kritiker;;;;;;;;;2572.0;27.78;2056.0;;
B1,HERMIT,LEEDS,LEIPZIG;kritisch;;;Adjektiv;;https://www.dwds.de/wb/kritisch;0.0;;;853.0;87.83;3809.0;9233.0;778.0
B1,LEEDS,LEIPZIG;kritisieren;;;Verb;;https://www.dwds.de/wb/kritisieren;0.0;;;1356.0;55.74;6201.0;;
BUCHMEIER,BW1,HERMIT,LEEDS,LEIPZIG;Krone;die;;Substantiv;;;;6495.0;229;4396.0;13.85;6192.0;3968.0;2322.0
HERMIT,LEIPZIG;Kronen;;;;;;;;;;;9699.0;6543.0;1225.0
BW3;krumm;;;;;;;;;;;;;
BUCHMEIER,HERMIT,LEIPZIG;Kräfte;;;;;;;2191.0;930;;;2215.0;2018.0;5432.0
BUCHMEIER,HERMIT,LEIPZIG;Kräften;;;;;;;8802.0;153;;;5889.0;6889.0;1140.0
B1,BUCHMEIER,BW3,FEHLER300,HERMIT,LEEDS,LEIPZIG;kräftig;;Kraft;Adjektiv;;https://www.dwds.de/wb/kr%C3%A4ftig;0.0;7765.0;180;2007.0;36.96;2069.0;6568.0;1220.0
BUCHMEIER,HERMIT;Krüppel;;;;;;;7309.0;196;;;;8202.0;911.0
BUCHMEIER,HERMIT,LEEDS,LEIPZIG;Kuba;;;;;;;7594.0;185;4371.0;13.95;5876.0;7715.0;989.0
A1,BUCHMEIER,HERMIT,LEIPZIG,LEO739;Kuchen;der;;Substantiv;mask.;https://www.dwds.de/wb/Kuchen;0.0;2152.0;956;;;7574.0;1868.0;6004.0
FEHLER100;kucken;;;;;;;;;;;;;
BUCHMEIER,HERMIT,LEEDS,LEIPZIG,LEO739;Kugel;die;;Substantiv;;;;1871.0;1135;3929.0;16.15;8097.0;1830.0;6146.0
BUCHMEIER,HERMIT;Kugeln;;;;;;;2887.0;665;;;;3266.0;2970.0
A1;Kugelschreiber;der;;Substantiv;mask.;https://www.dwds.de/wb/Kugelschreiber;0.0;;;;;;;
BUCHMEIER,BW3,HERMIT,LEEDS,LEO739,NRW422;Kuh;die;Kühe;Substantiv;;;;2880.0;666;4450.0;13.65;;2657.0;3877.0
B1;Kuli;der;;Substantiv;mask.;https://www.dwds.de/wb/Kuli#2;0.0;;;;;;;
A2,BUCHMEIER,HERMIT,LEEDS,LEIPZIG;Kultur;die;;Substantiv;fem.;https://www.dwds.de/wb/Kultur;0.0;5322.0;297;556.0;131.37;950.0;4425.0;2034.0
A1,LEEDS;kulturell;;;Adjektiv;;https://www.dwds.de/wb/kulturell;0.0;;;945.0;79.76;;;
BUCHMEIER,HERMIT;Kummer;;;;;;;5637.0;275;;;;4672.0;1891.0
BUCHMEIER,HERMIT;Kumpel;;;;;;;775.0;3392;;;;702.0;20189.0
BUCHMEIER,HERMIT;Kumpels;;;;;;;6933.0;209;;;;6328.0;1280.0
FEHLER400;Kumulation;;;;;;;;;;;;;
FEHLER200,FEHLER400;kumulieren;;;;;;;;;;;;;
A1,BUCHMEIER,HERMIT,LEEDS,LEIPZIG;Kunde;der;;Substantiv;mask.;https://www.dwds.de/wb/Kunde#1;0.0;4516.0;370;514.0;141.78;2671.0;3959.0;2331.0
BUCHMEIER,HERMIT,LEIPZIG;Kunden;;;;;;;2338.0;862;;;502.0;1788.0;6326.0
A1;Kundin;die;;Substantiv;fem.;https://www.dwds.de/wb/Kundin;0.0;;;;;;;
A2,BUCHMEIER,HERMIT,LEEDS,LEIPZIG,LEO739;Kunst;die;;Substantiv;fem.;https://www.dwds.de/wb/Kunst;0.0;2739.0;708;643.0;113.96;557.0;2077.0;5207.0
B1,LEIPZIG;Kunststoff;der;;Substantiv;mask.;https://www.dwds.de/wb/Kunststoff;0.0;;;;;9179.0;;
LEEDS,LEIPZIG;Kunstwerk;;;;;;;;;4110.0;15.16;9891.0;;
A1,BUCHMEIER,HERMIT,LEEDS,LEIPZIG;Kurs;der;;Substantiv;mask.;https://www.dwds.de/wb/Kurs#2;0.0;2216.0;918;1206.0;62.64;1187.0;1886.0;5950.0
B1;Kursleiter;der;;Substantiv;mask.;https://www.dwds.de/wb/Kursleiter;0.0;;;;;;;
B1;Kursleiterin;die;;Substantiv;fem.;https://www.dwds.de/wb/Kursleiterin;0.0;;;;;;;
HERMIT,LEEDS,LEIPZIG;Kurt;;;;;;;;;3535.0;18.54;3778.0;3931.0;2355.0
B1,BUCHMEIER,HERMIT,LEIPZIG;Kurve;die;;Substantiv;fem.;https://www.dwds.de/wb/Kurve;0.0;9363.0;141;;;8962.0;7438.0;1037.0
A1,BUCHMEIER,HERMIT,LEEDS,LEIPZIG,LEO739,NRW422;kurz;;;Adjektiv;;https://www.dwds.de/wb/kurz;0.0;585.0;5048;184.0;369.83;515.0;442.0;36629.0
BUCHMEIER,HERMIT,LEIPZIG;kurze;;;;;;;3739.0;472;;;2408.0;2970.0;3343.0
BUCHMEIER,HERMIT,LEIPZIG;kurzem;;;;;;;4127.0;418;;;1889.0;3280.0;2959.0
BUCHMEIER,HERMIT,LEIPZIG;kurzen;;;;;;;4940.0;331;;;2321.0;4327.0;2087.0
BUCHMEIER,HERMIT,LEIPZIG;kurzer;;;;;;;6304.0;238;;;3721.0;6257.0;1303.0
HERMIT,LEEDS,LEIPZIG;kurzfristig;;;;;;;;;2360.0;30.76;3183.0;8708.0;840.0
B1,BUCHMEIER,FEHLER200,FEHLER400,HERMIT;Kuss;der;;Substantiv;mask.;https://www.dwds.de/wb/Kuss;0.0;2313.0;871;;;;2012.0;5447.0
BUCHMEIER,HERMIT;Kutsche;;;;;;;6785.0;216;;;;4685.0;1883.0
B1;Kuvert;das;;Substantiv;neutr.;https://www.dwds.de/wb/Kuvert;0.0;;;;;;;
BUCHMEIER,HERMIT;Kyle;;;;;;;2049.0;1017;;;;2760.0;3669.0
BUCHMEIER,BW3,HERMIT;Käfer;der;;Substantiv;;;;6936.0;209;;;;7660.0;999.0
BUCHMEIER,BW3,HERMIT;Käfig;der;;Substantiv;;;;4921.0;333;;;;3543.0;2674.0
B1,BUCHMEIER,BW3,HERMIT,LEEDS,LEIPZIG;Kälte;die;kalt, kälter;Substantiv;fem.;https://www.dwds.de/wb/K%C3%A4lte;0.0;6869.0;212;4604.0;13.11;5664.0;5617.0;1482.0
BUCHMEIER,HERMIT,LEIPZIG;käme;;;;;;;4425.0;380;;;3717.0;3539.0;2675.0
BUCHMEIER,HERMIT,LEIPZIG;kämen;;;;;;;8178.0;168;;;3649.0;7589.0;1010.0
BW3;kämmen;;Kamm;;;;;;;;;;;
BUCHMEIER,HERMIT,LEIPZIG;Kämpfe;;;;;;;4273.0;398;;;3840.0;2864.0;3493.0
B1,BUCHMEIER,BW3,HERMIT,LEEDS,LEIPZIG,LEO739,NRW422;kämpfen;;Kampf;Verb;;https://www.dwds.de/wb/k%C3%A4mpfen;0.0;886.0;2829;1052.0;72.3;1962.0;855.0;15639.0
BUCHMEIER,HERMIT,LEIPZIG;Kämpfer;;;;;;;3919.0;447;;;5919.0;4185.0;2174.0
BUCHMEIER,HERMIT;kämpfst;;;;;;;6935.0;209;;;;7439.0;1037.0
BUCHMEIER,HERMIT,LEIPZIG;kämpft;;;;;;;3084.0;611;;;4115.0;2916.0;3412.0
BUCHMEIER,HERMIT,LEIPZIG;kämpfte;;;;;;;7047.0;205;;;9130.0;6774.0;1170.0
BUCHMEIER,HERMIT;kämpften;;;;;;;8081.0;171;;;;8711.0;839.0
A2,BUCHMEIER,BW1,HERMIT,LEIPZIG,LEO739,NRW422;Käse;der;;Substantiv;mask.;https://www.dwds.de/wb/K%C3%A4se;0.0;3419.0;536;;;9936.0;2961.0;3356.0
BUCHMEIER,HERMIT;Kätzchen;;;;;;;5967.0;257;;;;5888.0;1403.0
B1,BUCHMEIER,HERMIT,LEEDS,LEIPZIG;Käufer;der;;Substantiv;mask.;https://www.dwds.de/wb/K%C3%A4ufer;0.0;6352.0;236;3441.0;19.2;3296.0;5879.0;1405.0
B1;Käuferin;die;;Substantiv;fem.;https://www.dwds.de/wb/K%C3%A4uferin;0.0;;;;;;;
B1,BUCHMEIER,HERMIT;Köchin;die;;Substantiv;fem.;https://www.dwds.de/wb/K%C3%B6chin;0.0;9624.0;136;;;;8176.0;915.0
BUCHMEIER,HERMIT;Köder;;;;;;;4782.0;345;;;;4727.0;1861.0
LEEDS,LEIPZIG;Köln;;;;;;;;;1357.0;55.71;959.0;;
LEEDS,LEIPZIG;Kölner;;;;;;;;;3433.0;19.27;1950.0;;
B1,BUCHMEIER,HERMIT,LEEDS,LEIPZIG,LEO739;König;der;;Substantiv;mask.;https://www.dwds.de/wb/K%C3%B6nig;0.0;894.0;2805;904.0;83.32;1412.0;685.0;20785.0
BUCHMEIER,HERMIT;Könige;;;;;;;7373.0;193;;;;6146.0;1333.0
BUCHMEIER,HERMIT,LEEDS,LEIPZIG,LEO739;Königin;die;;Substantiv;;;;2273.0;884;3818.0;16.69;5292.0;1348.0;8987.0
BUCHMEIER,HERMIT,LEEDS,LEIPZIG;Königreich;;;;;;;6126.0;248;4477.0;13.57;9780.0;4289.0;2114.0
BUCHMEIER,HERMIT,LEIPZIG;Königs;;;;;;;4603.0;362;;;7146.0;3350.0;2878.0
BUCHMEIER,HERMIT,LEIPZIG;könne;;;;;;;4517.0;370;;;283.0;3921.0;2361.0
A1,BUCHMEIER,FEHLER100,HERMIT,LEEDS,LEIPZIG,LEO739,NRW422;können;;;Verb;;https://www.dwds.de/wb/k%C3%B6nnen;0.0;108.0;33390;22.0;4352.29;68.0;94.0;240905.0
BUCHMEIER,HERMIT;könnt;;;;;;;882.0;2841;;;;700.0;20255.0
BUCHMEIER,HERMIT,LEIPZIG;könnte;;;;;;;195.0;16799;;;208.0;170.0;117870.0
BUCHMEIER,HERMIT,LEIPZIG;könnten;;;;;;;449.0;6697;;;315.0;345.0;49708.0
BUCHMEIER,HERMIT;könntest;;;;;;;888.0;2825;;;;713.0;19588.0
BUCHMEIER,HERMIT;könntet;;;;;;;5710.0;271;;;;4096.0;2233.0
BUCHMEIER,HERMIT,LEIPZIG;Köpfe;;;;;;;3830.0;459;;;4670.0;3901.0;2377.0
BUCHMEIER,HERMIT,LEIPZIG;Köpfen;;;;;;;9401.0;140;;;6307.0;7856.0;965.0
A2,BUCHMEIER,BW1,HERMIT,LEEDS,LEIPZIG,LEO739;Körper;der;;Substantiv;mask.;https://www.dwds.de/wb/K%C3%B6rper;0.0;771.0;3410;557.0;131.19;1383.0;792.0;17147.0
B1,BUCHMEIER,HERMIT,LEEDS,LEIPZIG;körperlich;;;Adjektiv;;https://www.dwds.de/wb/k%C3%B6rperlich;0.0;9251.0;143;1415.0;53.55;9871.0;7211.0;1080.0
HERMIT,LEIPZIG;körperliche;;;;;;;;;;;8341.0;9270.0;774.0
BUCHMEIER,HERMIT,LEIPZIG;Körpers;;;;;;;8696.0;155;;;7739.0;7620.0;1004.0
HERMIT,LEIPZIG;Körperverletzung;;;;;;;;;;;7288.0;7702.0;991.0
BUCHMEIER,HERMIT;köstlich;;;;;;;5107.0;316;;;;3781.0;2470.0
BUCHMEIER,HERMIT;Köter;;;;;;;9893.0;131;;;;9306.0;770.0
A1,BUCHMEIER,HERMIT,LEEDS,LEIPZIG,LEO739,NRW422;Küche;die;;Substantiv;fem.;https://www.dwds.de/wb/K%C3%BCche;0.0;1716.0;1247;2711.0;25.83;3306.0;1341.0;9052.0
BUCHMEIER,HERMIT,LEIPZIG;Kühe;;;;;;;8291.0;165;;;9594.0;5605.0;1484.0
A2,BUCHMEIER,BW3,HERMIT,LEEDS,LEIPZIG;kühl;;;Adjektiv;;https://www.dwds.de/wb/k%C3%BChl;0.0;9203.0;144;3928.0;16.15;9202.0;7958.0;948.0
A1,BUCHMEIER,HERMIT;Kühlschrank;der;;Substantiv;mask.;https://www.dwds.de/wb/K%C3%BChlschrank;0.0;3774.0;466;;;;3320.0;2916.0
BUCHMEIER,HERMIT;kümmer;;;;;;;7199.0;200;;;;5050.0;1701.0
BUCHMEIER,HERMIT;kümmere;;;;;;;1903.0;1110;;;;1294.0;9445.0
A1,BUCHMEIER,HERMIT,LEEDS,LEIPZIG;kümmern;;;Verb;;https://www.dwds.de/wb/k%C3%BCmmern#1;0.0;932.0;2657;1548.0;48.96;3257.0;777.0;17618.0
BUCHMEIER,HERMIT;kümmerst;;;;;;;6350.0;236;;;;5282.0;1601.0
BUCHMEIER,HERMIT,LEIPZIG;kümmert;;;;;;;1907.0;1108;;;5844.0;1515.0;7850.0
BUCHMEIER,HERMIT;kündige;;;;;;;8177.0;168;;;;7259.0;1070.0
A2,BUCHMEIER,HERMIT,LEEDS,LEIPZIG;kündigen;;;Verb;;https://www.dwds.de/wb/k%C3%BCndigen;0.0;6866.0;212;1806.0;41.16;9572.0;6143.0;1333.0
B1,HERMIT,LEEDS,LEIPZIG;Kündigung;die;;Substantiv;fem.;https://www.dwds.de/wb/K%C3%BCndigung;0.0;;;3265.0;20.54;4525.0;9608.0;739.0
LEEDS,LEIPZIG;künftig;;;;;;;;;759.0;98.64;430.0;;
B1,BUCHMEIER,HERMIT,LEEDS,LEIPZIG;Künstler;der;;Substantiv;mask.;https://www.dwds.de/wb/K%C3%BCnstler;0.0;3486.0;524;1295.0;58.28;1029.0;2918.0;3406.0
B1,HERMIT,LEIPZIG;Künstlerin;die;;Substantiv;fem.;https://www.dwds.de/wb/K%C3%BCnstlerin;0.0;;;;;6487.0;8673.0;845.0
B1,LEEDS,LEIPZIG;künstlich;;;Adjektiv;;https://www.dwds.de/wb/k%C3%BCnstlich;0.0;;;2555.0;27.92;7988.0;;
BUCHMEIER,HERMIT,LEEDS,LEIPZIG;Kürze;;;;;;;6959.0;208;4908.0;11.93;5118.0;6157.0;1331.0
LEEDS,LEIPZIG;kürzen;;;;;;;;;4279.0;14.37;8682.0;;
HERMIT,LEIPZIG;kürzer;;;;;;;;;;;9550.0;8952.0;810.0
B1,BUCHMEIER,HERMIT,LEEDS,LEIPZIG;kürzlich;;;Adjektiv;;https://www.dwds.de/wb/k%C3%BCrzlich;0.0;4655.0;357;2315.0;31.58;1598.0;3536.0;2677.0
LEEDS,LEIPZIG;Kürzung;;;;;;;;;4904.0;11.93;5387.0;;
BUCHMEIER,HERMIT;Küss;;;;;;;6786.0;216;;;;4597.0;1921.0
BUCHMEIER,HERMIT;küsse;;;;;;;9312.0;142;;;;5372.0;1566.0
B1,BUCHMEIER,BW3,HERMIT,LEEDS;küssen;;du küsst, Kuss;Verb;;https://www.dwds.de/wb/k%C3%BCssen;0.0;2131.0;966;4461.0;13.63;;1820.0;6196.0
BUCHMEIER,HERMIT;küsst;;;;;;;5492.0;284;;;;4871.0;1780.0
B1,BUCHMEIER,HERMIT,LEEDS,LEIPZIG;Küste;die;;Substantiv;fem.;https://www.dwds.de/wb/K%C3%BCste;0.0;4671.0;356;3783.0;16.86;3397.0;4071.0;2244.0
BUCHMEIER,HERMIT,LEEDS,LEIPZIG;LA;;;;;;;2053.0;1016;1337.0;56.32;6256.0;1385.0;8742.0
BUCHMEIER,HERMIT,LEEDS,LEIPZIG;Labor;;;;;;;2379.0;840;4541.0;13.31;6750.0;1858.0;6049.0
BUCHMEIER,HERMIT;Lach;;;;;;;8881.0;151;;;;7311.0;1061.0
BUCHMEIER,HERMIT,LEEDS;lache;;;;;;;8329.0;164;4067.0;15.34;;7012.0;1115.0
A1,BUCHMEIER,BW1,HERMIT,LEEDS,LEIPZIG,LEO739,NRW422;lachen;;du lachst;Verb;;https://www.dwds.de/wb/lachen;0.0;1632.0;1321;1498.0;50.83;5822.0;857.0;15635.0
BUCHMEIER,HERMIT;lachst;;;;;;;6843.0;213;;;;5840.0;1417.0
BUCHMEIER,HERMIT,LEIPZIG;lacht;;;;;;;1988.0;1053;;;5984.0;840.0;15975.0
BUCHMEIER,HERMIT,LEEDS;lade;;;;;;;6227.0;242;2683.0;26.31;;4576.0;1936.0
A1,BUCHMEIER,HERMIT,LEEDS,LEIPZIG;Laden;der;;Substantiv;mask.;https://www.dwds.de/wb/Laden;0.0;1086.0;2194;1540.0;49.35;4046.0;868.0;15400.0
BUCHMEIER,HERMIT;Ladies;;;;;;;3618.0;495;;;;3976.0;2317.0
BUCHMEIER,HERMIT,LEIPZIG;Ladung;;;;;;;4462.0;376;;;9185.0;3978.0;2314.0
BUCHMEIER,HERMIT;Lady;;;;;;;1715.0;1247;;;;1096.0;11422.0
BUCHMEIER,HERMIT;Ladys;;;;;;;5655.0;274;;;;3397.0;2834.0
BUCHMEIER,HERMIT,LEIPZIG;lag;;;;;;;1661.0;1293;;;776.0;1352.0;8967.0
B1,BUCHMEIER,HERMIT,LEEDS,LEIPZIG;Lage;die;;Substantiv;fem.;https://www.dwds.de/wb/Lage;0.0;1153.0;2033;466.0;154.45;508.0;1118.0;11222.0
BUCHMEIER,HERMIT,LEIPZIG;lagen;;;;;;;6194.0;244;;;2666.0;5274.0;1603.0
B1,BUCHMEIER,HERMIT,LEEDS,LEIPZIG;Lager;das;;Substantiv;neutr.;https://www.dwds.de/wb/Lager;0.0;2446.0;807;1606.0;46.79;1917.0;1904.0;5900.0
BUCHMEIER,HERMIT;Lagerhaus;;;;;;;6283.0;239;;;;6637.0;1204.0
BUCHMEIER,HERMIT;lahm;;;;;;;6932.0;209;;;;7414.0;1043.0
BUCHMEIER,HERMIT;Lake;;;;;;;8516.0;159;;;;5188.0;1636.0
BUCHMEIER,HERMIT;Lamm;;;;;;;9622.0;136;;;;8511.0;868.0
A2,BUCHMEIER,BW1,HERMIT;Lampe;die;;Substantiv;fem.;https://www.dwds.de/wb/Lampe#1;0.0;4714.0;351;;;;4977.0;1731.0
BUCHMEIER,HERMIT;Lana;;;;;;;3637.0;492;;;;4807.0;1820.0
BUCHMEIER,HERMIT;Lance;;;;;;;9362.0;141;;;;4670.0;1891.0
A1,BUCHMEIER,BW3,HERMIT,LEEDS,LEIPZIG;Land;das;Länder;Substantiv;neutr.;https://www.dwds.de/wb/Land;0.0;514.0;5734;117.0;585.57;236.0;512.0;31728.0
HERMIT,LEIPZIG;Lande;;;;;;;;;;;2870.0;6694.0;1188.0
B1,BUCHMEIER,HERMIT,LEEDS,LEIPZIG;landen;;;Verb;;https://www.dwds.de/wb/landen;0.0;2508.0;786;1991.0;37.2;5525.0;2392.0;4433.0
BUCHMEIER,HERMIT,LEIPZIG;Landes;;;;;;;3075.0;613;;;675.0;3158.0;3082.0
LEEDS,LEIPZIG;Landesregierung;;;;;;;;;3263.0;20.55;2219.0;;
BUCHMEIER,HERMIT,LEIPZIG;landet;;;;;;;5636.0;275;;;8549.0;4887.0;1773.0
BUCHMEIER,HERMIT,LEIPZIG;landete;;;;;;;8695.0;155;;;5837.0;7843.0;967.0
LEEDS,LEIPZIG;Landgericht;;;;;;;;;4199.0;14.81;2639.0;;
LEEDS,LEIPZIG;Landkreis;;;;;;;;;3790.0;16.82;2992.0;;
A2,BUCHMEIER,HERMIT,LEEDS,LEIPZIG;Landschaft;die;;Substantiv;fem.;https://www.dwds.de/wb/Landschaft;0.0;9201.0;144;2262.0;32.46;2789.0;8659.0;847.0
LEEDS,LEIPZIG;Landtag;;;;;;;;;3427.0;19.3;2022.0;;
B1,BUCHMEIER,HERMIT,LEIPZIG;Landung;die;;Substantiv;fem.;https://www.dwds.de/wb/Landung;0.0;7282.0;197;;;9468.0;6420.0;1258.0
B1,LEEDS,LEIPZIG;Landwirtschaft;die;;Substantiv;fem.;https://www.dwds.de/wb/Landwirtschaft;0.0;;;2387.0;30.44;2541.0;;
BUCHMEIER,HERMIT;Lane;;;;;;;5709.0;271;;;;3367.0;2860.0
A1,BUCHMEIER,BW1,HERMIT,LEEDS,LEIPZIG,LEO739,NRW422;lang;;länger, Länge;Adjektiv;;https://www.dwds.de/wb/lang#1;0.0;513.0;5743;155.0;463.5;420.0;450.0;36029.0
A1,BUCHMEIER,HERMIT,LEEDS,LEIPZIG;lange;;;Adverb;;https://www.dwds.de/wb/lange;0.0;248.0;13080;358.0;197.27;293.0;224.0;82872.0
BUCHMEIER,HERMIT,LEIPZIG;langem;;;;;;;7046.0;205;;;2550.0;6336.0;1278.0
BUCHMEIER,HERMIT,LEIPZIG;langen;;;;;;;2665.0;732;;;970.0;2524.0;4136.0
BUCHMEIER,HERMIT,LEIPZIG;langer;;;;;;;2259.0;889;;;3884.0;1983.0;5575.0
BUCHMEIER,HERMIT;langes;;;;;;;6715.0;219;;;;6115.0;1339.0
B1,HERMIT,LEIPZIG;Langeweile;die;;Substantiv;fem.;https://www.dwds.de/wb/Langeweile;0.0;;;;;9085.0;9700.0;731.0
LEEDS,LEIPZIG;langfristig;;;;;;;;;1568.0;48.34;2937.0;;
A1,BUCHMEIER,BW1,HERMIT,LEEDS,LEIPZIG,LEO739,NRW422;langsam;;;Adjektiv;;https://www.dwds.de/wb/langsam;0.0;854.0;2953;647.0;113.66;1617.0;654.0;22581.0
BUCHMEIER,HERMIT,LEIPZIG;langsamer;;;;;;;3930.0;445;;;8052.0;3275.0;2962.0
B1;Langweile;die;;Substantiv;fem.;https://www.dwds.de/wb/Langweile;0.0;;;;;;;
B1,BUCHMEIER,HERMIT;langweilen;;;Verb;;https://www.dwds.de/wb/langweilen;0.0;8599.0;157;;;;7540.0;1019.0
A2,BUCHMEIER,HERMIT,LEEDS,LEIPZIG;langweilig;;;Adjektiv;;https://www.dwds.de/wb/langweilig;0.0;2151.0;956;3401.0;19.47;7632.0;1920.0;5820.0
FEHLER200,FEHLER400;Lappalie;;;;;;;;;;;;;
A2,BUCHMEIER,FEHLER400,HERMIT;Laptop;der;;Substantiv;mask., neutr.;https://www.dwds.de/wb/Laptop;0.0;7198.0;200;;;;5746.0;1442.0
BUCHMEIER,HERMIT;Larry;;;;;;;3229.0;577;;;;2338.0;4551.0
BUCHMEIER,HERMIT;Lars;;;;;;;9519.0;138;;;;6429.0;1254.0
LEO739;Larve;die;;Substantiv;;;;;;;;;;
BUCHMEIER,FEHLER300,HERMIT,LEIPZIG;las;;;;;;;4215.0;406;;;7920.0;2700.0;3801.0
BUCHMEIER,HERMIT;Lass;;;;;;;249.0;12934;;;;174.0;115316.0
BUCHMEIER,HERMIT,LEIPZIG;lasse;;;;;;;941.0;2636;;;2726.0;739.0;18636.0
A2,BUCHMEIER,BW1,FEHLER100,FEHLER300,HERMIT,LEEDS,LEIPZIG,LEO739,NRW422;lassen;;du lässt, ich ließ;Verb;;https://www.dwds.de/wb/lassen;0.0;200.0;16592;84.0;1014.33;176.0;163.0;131393.0
BUCHMEIER,HERMIT;Lasst;;;;;;;705.0;4000;;;;534.0;30331.0
BUCHMEIER,HERMIT,LEEDS,LEIPZIG;Last;;;;;;;4744.0;349;2267.0;32.4;4172.0;3766.0;2479.0
B1,BUCHMEIER,HERMIT;Laster;der;;Substantiv;mask.;https://www.dwds.de/wb/Laster#2;0.0;4879.0;337;;;;4087.0;2235.0
BUCHMEIER,HERMIT,LEIPZIG;Lastwagen;;;;;;;7828.0;178;;;3818.0;7978.0;945.0
LEEDS,LEIPZIG;Lateinamerika;;;;;;;;;4951.0;11.77;5432.0;;
LEO739;Laterne;die;;Substantiv;;;;;;;;;;
LEO739,NRW422;Laub;das;;Substantiv;;;;;;;;;;
BUCHMEIER,HERMIT,LEEDS,LEIPZIG;Lauf;;;;;;;1442.0;1534;1077.0;70.5;3225.0;1122.0;11188.0
BUCHMEIER,HERMIT,LEIPZIG;laufe;;;;;;;5808.0;265;;;2517.0;3371.0;2856.0
A1,BUCHMEIER,BW1,BW3,HERMIT,LEEDS,LEIPZIG,LEO739,NRW422;laufen;;er läuft, du läufst, ich lief;Verb;;https://www.dwds.de/wb/laufen;0.0;839.0;3026;340.0;207.85;1256.0;695.0;20390.0
BUCHMEIER,HERMIT,LEIPZIG;Laufenden;;;;;;;5760.0;268;;;1421.0;4201.0;2164.0
BUCHMEIER,HERMIT;Lauft;;;;;;;3853.0;456;;;;3202.0;3033.0
B1;Laufwerk;das;;Substantiv;neutr.;https://www.dwds.de/wb/Laufwerk;0.0;;;;;;;
B1,BUCHMEIER,HERMIT,LEEDS,LEIPZIG;Laune;die;;Substantiv;fem.;https://www.dwds.de/wb/Laune;0.0;4292.0;395;4733.0;12.57;7245.0;3792.0;2459.0
BUCHMEIER,HERMIT;Laura;;;;;;;3574.0;503;;;;1720.0;6654.0
BUCHMEIER,HERMIT;Lauren;;;;;;;8036.0;172;;;;5776.0;1436.0
A1,BUCHMEIER,BW1,HERMIT,LEEDS,LEIPZIG;laut;;;Adjektiv;;https://www.dwds.de/wb/laut#1;0.0;1561.0;1395;477.0;151.71;513.0;778.0;17612.0
BUCHMEIER,HERMIT;Laute;;;;;;;8745.0;154;;;;4277.0;2120.0
BUCHMEIER,HERMIT,LEEDS,LEIPZIG;lauten;;;;;;;7470.0;189;1259.0;60.19;6160.0;7367.0;1053.0
BUCHMEIER,HERMIT,LEIPZIG;lauter;;;;;;;2913.0;660;;;3966.0;2003.0;5471.0
BUCHMEIER,HERMIT,LEIPZIG;lautet;;;;;;;2156.0;953;;;1554.0;1818.0;6200.0
B1,BUCHMEIER,HERMIT;Lautsprecher;der;;Substantiv;mask.;https://www.dwds.de/wb/Lautsprecher;0.0;6548.0;227;;;;5084.0;1684.0
BUCHMEIER,HERMIT;Lawrence;;;;;;;5246.0;304;;;;5270.0;1604.0
BUCHMEIER,HERMIT,LEEDS;Laß;;;;;;;1407.0;1568;4441.0;13.67;;3153.0;3091.0
BUCHMEIER,HERMIT;Laßt;;;;;;;3617.0;495;;;;8452.0;876.0
BUCHMEIER,HERMIT;lch;;;;;;;164.0;20888;;;;2193.0;4902.0
BUCHMEIER,HERMIT,LEEDS,LEIPZIG;Le;;;;;;;7114.0;203;3556.0;18.36;9799.0;4025.0;2279.0
BUCHMEIER,HERMIT;Leb;;;;;;;4867.0;338;;;;3685.0;2546.0
BUCHMEIER,HERMIT,LEIPZIG;lebe;;;;;;;1603.0;1351;;;7662.0;1285.0;9514.0
A1,BUCHMEIER,BW1,HERMIT,LEEDS,LEIPZIG;Leben;das;du lebst;Substantiv;neutr.;https://www.dwds.de/wb/Leben;0.0;159.0;21498;131.0;528.8;228.0;135.0;167721.0
BUCHMEIER,HERMIT,LEEDS;lebend;;;;;;;3179.0;590;2027.0;36.58;;2877.0;3479.0
BUCHMEIER,HERMIT,LEIPZIG;lebende;;;;;;;8328.0;164;;;4690.0;6902.0;1137.0
BUCHMEIER,HERMIT,LEIPZIG;lebenden;;;;;;;8256.0;166;;;3231.0;5032.0;1709.0
BUCHMEIER,HERMIT,LEEDS,LEIPZIG;lebendig;;;;;;;2843.0;674;1978.0;37.43;7058.0;2292.0;4681.0
BUCHMEIER,HERMIT,LEIPZIG;Lebens;;;;;;;1052.0;2290;;;1448.0;924.0;14235.0
LEEDS,LEIPZIG;Lebensjahr;;;;;;;;;3506.0;18.76;7350.0;;
B1,HERMIT;Lebenslauf;der;;Substantiv;mask.;https://www.dwds.de/wb/Lebenslauf;0.0;;;;;;8503.0;869.0
A1,BUCHMEIER,HERMIT,LEEDS,LEIPZIG;Lebensmittel;das;;Substantiv;neutr.;https://www.dwds.de/wb/Lebensmittel;0.0;9518.0;138;3209.0;20.9;4343.0;6942.0;1130.0
BUCHMEIER,HERMIT;Leber;;;;;;;4843.0;340;;;;4932.0;1751.0
BUCHMEIER,HERMIT,LEEDS;Lebewesen;;;;;;;7257.0;198;4859.0;12.08;;7995.0;944.0
BUCHMEIER,HERMIT;lebst;;;;;;;2460.0;802;;;;2373.0;4468.0
BUCHMEIER,HERMIT,LEIPZIG;lebt;;;;;;;897.0;2794;;;1161.0;737.0;18642.0
BUCHMEIER,HERMIT,LEIPZIG;lebte;;;;;;;3153.0;596;;;3804.0;2726.0;3752.0
BUCHMEIER,HERMIT,LEIPZIG;lebten;;;;;;;5361.0;294;;;4830.0;4868.0;1781.0
BUCHMEIER,HERMIT;Leck;;;;;;;3360.0;547;;;;2572.0;4052.0
BUCHMEIER,HERMIT;lecken;;;;;;;7934.0;175;;;;7110.0;1100.0
B1,BUCHMEIER,BW1,HERMIT;lecker;;;Adjektiv;;https://www.dwds.de/wb/lecker;0.0;4060.0;429;;;;2794.0;3616.0
B1,HERMIT,LEIPZIG;Leder;das;;Substantiv;neutr.;https://www.dwds.de/wb/Leder;0.0;;;;;9526.0;8796.0;827.0
A1;ledig;;;Adjektiv;;https://www.dwds.de/wb/ledig;0.0;;;;;;;
BUCHMEIER,HERMIT,LEEDS,LEIPZIG;lediglich;;;;;;;5443.0;288;681.0;108.38;605.0;4492.0;1989.0
BUCHMEIER,HERMIT,LEIPZIG;Lee;;;;;;;1556.0;1400;;;9633.0;1363.0;8856.0
A2,BUCHMEIER,FEHLER300,HERMIT,LEEDS,LEIPZIG,LEO739,NRW422;leer;;;Adjektiv;;https://www.dwds.de/wb/leer;0.0;2184.0;935;1503.0;50.72;2835.0;1664.0;6968.0
BUCHMEIER,HERMIT,LEIPZIG;leere;;;;;;;6208.0;243;;;6867.0;3831.0;2432.0
BUCHMEIER,HERMIT,LEIPZIG;leeren;;;;;;;4704.0;352;;;4710.0;4070.0;2245.0
BUCHMEIER,HERMIT;Leg;;;;;;;1764.0;1210;;;;1133.0;11081.0
BUCHMEIER,HERMIT,LEEDS;legal;;;;;;;6582.0;225;3484.0;18.83;;5189.0;1634.0
BUCHMEIER,HERMIT;lege;;;;;;;3743.0;471;;;;2952.0;3365.0
A1,BUCHMEIER,HERMIT,LEEDS,LEIPZIG;legen;;;Verb;;https://www.dwds.de/wb/legen;0.0;1569.0;1388;327.0;216.2;1209.0;1003.0;12779.0
BUCHMEIER,HERMIT,LEEDS,LEIPZIG;Legende;;;;;;;3687.0;483;4536.0;13.33;5892.0;3759.0;2482.0
BUCHMEIER,HERMIT;legst;;;;;;;5635.0;275;;;;5330.0;1583.0
BUCHMEIER,HERMIT,LEIPZIG;legt;;;;;;;3001.0;635;;;1500.0;1909.0;5875.0
BUCHMEIER,HERMIT,LEIPZIG;legte;;;;;;;6396.0;234;;;1528.0;4225.0;2149.0
HERMIT,LEEDS,LEIPZIG;lehnen;;;;;;;;;1712.0;43.83;6378.0;9406.0;759.0
B1,BUCHMEIER,HERMIT,LEEDS,LEIPZIG;Lehre;die;;Substantiv;fem.;https://www.dwds.de/wb/Lehre#1;0.0;9771.0;133;1223.0;61.58;3017.0;6618.0;1208.0
BUCHMEIER,HERMIT,LEEDS;lehren;;;;;;;7372.0;193;2282.0;32.11;;5196.0;1633.0
A1,BUCHMEIER,FEHLER100,FEHLER300,HERMIT,LEEDS,LEIPZIG,LEO739,NRW422;Lehrer;der;;Substantiv;mask.;https://www.dwds.de/wb/Lehrer;0.0;1616.0;1338;817.0;91.5;1419.0;1745.0;6528.0
B1,BUCHMEIER,FEHLER300,HERMIT,LEEDS,LEIPZIG;Lehrerin;die;;Substantiv;fem.;https://www.dwds.de/wb/Lehrerin;0.0;4077.0;426;3758.0;17.03;7110.0;3322.0;2916.0
B1;Lehrling;der;;Substantiv;mask.;https://www.dwds.de/wb/Lehrling;0.0;;;;;;;
B1;Lehrstelle;die;;Substantiv;fem.;https://www.dwds.de/wb/Lehrstelle;0.0;;;;;;;
BUCHMEIER,HERMIT,LEEDS,LEIPZIG;Leib;;;;;;;4756.0;348;2479.0;29.02;6811.0;3892.0;2385.0
BUCHMEIER,HERMIT;Leibwächter;;;;;;;6756.0;217;;;;9613.0;739.0
BUCHMEIER,HERMIT,LEEDS,LEIPZIG;Leiche;;;;;;;1418.0;1560;3470.0;18.97;4950.0;966.0;13500.0
BUCHMEIER,HERMIT,LEIPZIG;Leichen;;;;;;;2642.0;740;;;5356.0;2094.0;5162.0
A1,BUCHMEIER,BW1,HERMIT,LEEDS,LEIPZIG;leicht;;;Adjektiv;;https://www.dwds.de/wb/leicht;0.0;852.0;2957;294.0;241.32;510.0;750.0;18358.0
BUCHMEIER,HERMIT,LEIPZIG;leichte;;;;;;;6282.0;239;;;3746.0;4703.0;1876.0
HERMIT,LEIPZIG;leichten;;;;;;;;;;;4209.0;9634.0;737.0
BUCHMEIER,HERMIT,LEIPZIG;leichter;;;;;;;2967.0;644;;;2111.0;2330.0;4568.0
BUCHMEIER,HERMIT,LEEDS,LEIPZIG;Leid;;;;;;;274.0;11689;3164.0;21.34;6941.0;157.0;140641.0
B1,BUCHMEIER,HERMIT,LEEDS,LEIPZIG;leiden;;;Verb;;https://www.dwds.de/wb/leiden;0.0;2042.0;1021;1082.0;70.11;2796.0;1594.0;7334.0
BUCHMEIER,HERMIT,LEEDS,LEIPZIG;Leidenschaft;;;;;;;4209.0;407;3634.0;17.82;4818.0;3290.0;2948.0
A1,BUCHMEIER,HERMIT,LEEDS,LEIPZIG;leider;;;Adverb;;https://www.dwds.de/wb/leider;0.0;1199.0;1922;407.0;179.59;1697.0;666.0;21867.0
BUCHMEIER,HERMIT,LEIPZIG;leidet;;;;;;;4866.0;338;;;4076.0;4108.0;2224.0
A2;leidtun;;;Verb;;https://www.dwds.de/wb/leidtun;0.0;;;;;;;
A2,BUCHMEIER,BW3,HERMIT;leihen;;du leihst, ich lieh;Verb;;https://www.dwds.de/wb/leihen;0.0;4461.0;376;;;;3778.0;2471.0
BUCHMEIER,HERMIT;Leine;;;;;;;6111.0;249;;;;4892.0;1772.0
BUCHMEIER,HERMIT,LEIPZIG;Leinwand;;;;;;;8694.0;155;;;6282.0;9628.0;737.0
LEEDS,LEIPZIG;Leipzig;;;;;;;;;2196.0;33.52;1937.0;;
A1,BUCHMEIER,BW1,HERMIT,LEEDS,LEIPZIG;leise;;;Adjektiv;;https://www.dwds.de/wb/leise;0.0;3017.0;631;3161.0;21.42;4937.0;1547.0;7651.0
BUCHMEIER,HERMIT;leiser;;;;;;;6168.0;245;;;;4916.0;1761.0
B1,BUCHMEIER,HERMIT,LEEDS,LEIPZIG;leisten;;;Verb;;https://www.dwds.de/wb/leisten;0.0;1706.0;1253;625.0;116.37;1109.0;1456.0;8316.0
B1,BUCHMEIER,HERMIT,LEEDS,LEIPZIG;Leistung;die;;Substantiv;fem.;https://www.dwds.de/wb/Leistung;0.0;4686.0;354;528.0;138.01;1338.0;4826.0;1805.0
LEEDS,LEIPZIG;Leistungsfähigkeit;;;;;;;;;4296.0;14.28;7640.0;;
BUCHMEIER,HERMIT;leite;;;;;;;7798.0;179;;;;5628.0;1479.0
B1,BUCHMEIER,HERMIT,LEEDS,LEIPZIG;leiten;;;Verb;;https://www.dwds.de/wb/leiten;0.0;4059.0;429;1833.0;40.61;5303.0;3239.0;3000.0
B1,BUCHMEIER,BW1,HERMIT,LEEDS,LEIPZIG;Leiter;die;;Substantiv;fem.;https://www.dwds.de/wb/Leiter#1;0.0;2924.0;658;1494.0;50.93;905.0;2845.0;3514.0
B1,LEIPZIG;Leiterin;die;;Substantiv;fem.;https://www.dwds.de/wb/Leiterin;0.0;;;;;5784.0;;
BUCHMEIER,HERMIT,LEIPZIG;leitet;;;;;;;6349.0;236;;;3479.0;4749.0;1850.0
B1,BUCHMEIER,HERMIT,LEEDS,LEIPZIG;Leitung;die;;Substantiv;fem.;https://www.dwds.de/wb/Leitung;0.0;2582.0;761;1656.0;45.28;1849.0;2723.0;3758.0
BUCHMEIER,LEIPZIG;Leitungen;;;;;;;8176.0;168;;;9617.0;;
BUCHMEIER,HERMIT;Lektion;;;;;;;3948.0;443;;;;3262.0;2978.0
LEEDS,LEIPZIG;Lektüre;;;;;;;;;4103.0;15.18;5668.0;;
BUCHMEIER,BW1,HERMIT,LEEDS,LEIPZIG;lenken;;Lenker;;;;;9114.0;146;3029.0;22.57;9568.0;7409.0;1043.0
BUCHMEIER,HERMIT;Lenny;;;;;;;5723.0;270;;;;6351.0;1275.0
BUCHMEIER,HERMIT;Leo;;;;;;;3390.0;541;;;;2155.0;4999.0
BUCHMEIER,HERMIT;Leon;;;;;;;3773.0;466;;;;5672.0;1465.0
BUCHMEIER,HERMIT;Leonard;;;;;;;2923.0;658;;;;3241.0;2998.0
LEO739;Leoplaner;der;;Substantiv;;;;;;;;;;
FEHLER400;Lerche;;;;;;;;;;;;;
BUCHMEIER,HERMIT;lerne;;;;;;;4553.0;367;;;;3868.0;2400.0
A1,BUCHMEIER,BW1,HERMIT,LEEDS,LEIPZIG,LEO739,NRW422;lernen;;du lernst;Verb;;https://www.dwds.de/wb/lernen;0.0;733.0;3727;397.0;182.43;1593.0;689.0;20579.0
B1;Lerner;der;;Substantiv;mask.;https://www.dwds.de/wb/Lerner;0.0;;;;;;;
B1;Lernerin;die;;Substantiv;fem.;https://www.dwds.de/wb/Lernerin;0.0;;;;;;;
BUCHMEIER,HERMIT;lernst;;;;;;;5076.0;319;;;;4548.0;1951.0
BUCHMEIER,HERMIT,LEIPZIG;lernt;;;;;;;3519.0;518;;;5960.0;2934.0;3391.0
BUCHMEIER,HERMIT,LEIPZIG;lernte;;;;;;;4042.0;431;;;7372.0;3740.0;2499.0
BUCHMEIER,HERMIT;lernten;;;;;;;7021.0;206;;;;7279.0;1066.0
HERMIT,LEEDS;les;;;;;;;;;4652.0;12.87;;7440.0;1037.0
BUCHMEIER,HERMIT;lesbisch;;;;;;;9517.0;138;;;;8402.0;882.0
BUCHMEIER,HERMIT,LEEDS;lese;;;;;;;3765.0;467;2485.0;28.96;;3352.0;2875.0
A1,BUCHMEIER,BW1,FEHLER100,HERMIT,LEEDS,LEIPZIG,LEO739,NRW422;lesen;;du liest, ich las;Verb;;https://www.dwds.de/wb/lesen#1;0.0;1162.0;2016;301.0;235.47;1512.0;873.0;15312.0
B1,LEEDS,LEIPZIG;Leser;der;;Substantiv;mask.;https://www.dwds.de/wb/Leser#1;0.0;;;979.0;77.13;1766.0;;
B1;Leserin;die;;Substantiv;fem.;https://www.dwds.de/wb/Leserin#1;0.0;;;;;;;
BUCHMEIER,HERMIT;Leslie;;;;;;;8514.0;159;;;;5778.0;1436.0
BUCHMEIER,HERMIT;Lester;;;;;;;9311.0;142;;;;5813.0;1426.0
LEEDS,LEIPZIG;Lesung;;;;;;;;;4322.0;14.18;5674.0;;
A1,LEEDS;letzt;;;Adjektiv;;https://www.dwds.de/wb/letzt;0.0;;;140.0;498.92;;;
BUCHMEIER,HERMIT,LEEDS,LEIPZIG,LEO739,NRW111;letzte;;;;;;;486.0;6069;4495.0;13.5;646.0;381.0;44246.0
BUCHMEIER,HERMIT,LEIPZIG;letzten;;;;;;;579.0;5105;;;216.0;478.0;34029.0
BUCHMEIER,HERMIT,LEEDS,LEIPZIG;letztendlich;;;;;;;5075.0;319;2776.0;25.12;9549.0;4551.0;1950.0
BUCHMEIER,HERMIT;letztens;;;;;;;9361.0;141;;;;7829.0;970.0
BUCHMEIER,HERMIT,LEEDS,LEIPZIG;letzter;;;;;;;1370.0;1623;4587.0;13.15;3739.0;1152.0;10837.0
BUCHMEIER,HERMIT,LEIPZIG;letztes;;;;;;;1922.0;1093;;;4500.0;1221.0;10140.0
BUCHMEIER,HERMIT,LEEDS,LEIPZIG;letztlich;;;;;;;9068.0;147;1277.0;59.28;1955.0;9404.0;759.0
HERMIT,LEEDS;leuchten;;;;;;;;;4122.0;15.12;;7774.0;979.0
HERMIT,LEIPZIG;leuchtet;;;;;;;;;;;9998.0;8600.0;854.0
BUCHMEIER,HERMIT,LEEDS;leugnen;;;;;;;9677.0;135;4983.0;11.69;;6418.0;1258.0
A1,BUCHMEIER,HERMIT,LEEDS,LEIPZIG;Leute;;;Substantiv;;https://www.dwds.de/wb/Leute;1.0;166.0;20021;238.0;286.95;410.0;177.0;109956.0
BUCHMEIER,HERMIT,LEIPZIG;Leuten;;;;;;;837.0;3038;;;2248.0;831.0;16172.0
BUCHMEIER,HERMIT;Leutnant;;;;;;;4755.0;348;;;;3943.0;2344.0
BUCHMEIER,HERMIT;Level;;;;;;;6068.0;251;;;;6318.0;1283.0
BUCHMEIER,HERMIT;Lewis;;;;;;;3368.0;546;;;;3909.0;2371.0
BUCHMEIER,HERMIT;Lex;;;;;;;2448.0;806;;;;3994.0;2305.0
B1,BW3;Lexikon;das;Lexika;Substantiv;neutr.;https://www.dwds.de/wb/Lexikon;0.0;;;;;;;
BUCHMEIER,HERMIT;lhnen;;;;;;;1077.0;2222;;;;2581.0;4021.0
BUCHMEIER,HERMIT;lhr;;;;;;;230.0;14189;;;;1346.0;8998.0
BUCHMEIER,HERMIT;lhre;;;;;;;398.0;7515;;;;1606.0;7252.0
BUCHMEIER,HERMIT;lhrem;;;;;;;1487.0;1475;;;;4598.0;1920.0
BUCHMEIER,HERMIT;lhren;;;;;;;992.0;2446;;;;3637.0;2591.0
BUCHMEIER,HERMIT;lhrer;;;;;;;1167.0;2002;;;;4631.0;1908.0
BUCHMEIER,HERMIT;Li;;;;;;;6581.0;225;;;;5587.0;1492.0
LEEDS,LEIPZIG;Liberale;;;;;;;;;4639.0;12.93;7601.0;;
FEHLER200,FEHLER400,LEIPZIG;Libyen;;;;;;;;;;;9400.0;;
A1,BUCHMEIER,BW1,HERMIT,LEEDS,LEIPZIG,LEO739;Licht;das;;Substantiv;neutr.;https://www.dwds.de/wb/Licht;0.0;826.0;3087;688.0;107.68;1215.0;770.0;17780.0
BUCHMEIER,HERMIT;Lichter;;;;;;;5237.0;305;;;;4501.0;1981.0
FEHLER400;Lid;;;;;;;;;;;;;
A1,BUCHMEIER,HERMIT,LEEDS,LEO739,NRW422;lieb;;;Adjektiv;;https://www.dwds.de/wb/lieb;0.0;1620.0;1332;384.0;186.44;;1219.0;10154.0
A2,BUCHMEIER,HERMIT,LEEDS,LEIPZIG;Liebe;die;;Substantiv;fem.;https://www.dwds.de/wb/Liebe;0.0;325.0;9206;431.0;166.22;891.0;188.0;99301.0
A1,BUCHMEIER,BW1,HERMIT,LEEDS,LEIPZIG;lieben;;du liebst, Liebe;Verb;;https://www.dwds.de/wb/lieben;0.0;812.0;3157;925.0;82.09;3922.0;658.0;22407.0
A1,BUCHMEIER,HERMIT,LEIPZIG;lieber;;;Komparativ;;https://www.dwds.de/wb/lieber;0.0;476.0;6138;;;1142.0;348.0;49123.0
BUCHMEIER,HERMIT;Liebes;;;;;;;3224.0;578;;;;1765.0;6399.0
LEEDS,LEIPZIG;liebevoll;;;;;;;;;4486.0;13.53;9480.0;;
BUCHMEIER,HERMIT,LEIPZIG;Liebhaber;;;;;;;5185.0;309;;;7005.0;3999.0;2301.0
BUCHMEIER,HERMIT;Liebling;;;;;;;987.0;2471;;;;913.0;14521.0
A1;Lieblingslied;das;;Substantiv;neutr.;https://www.dwds.de/wb/Lieblingslied;0.0;;;;;;;
BUCHMEIER,HERMIT;liebst;;;;;;;1594.0;1359;;;;1291.0;9465.0
BUCHMEIER,HERMIT;Liebste;;;;;;;7659.0;183;;;;4336.0;2084.0
BUCHMEIER,HERMIT,LEIPZIG;liebsten;;;;;;;3852.0;456;;;3554.0;2843.0;3517.0
BUCHMEIER,HERMIT;Liebster;;;;;;;8215.0;167;;;;5040.0;1706.0
BUCHMEIER,HERMIT,LEIPZIG;liebt;;;;;;;1068.0;2238;;;4230.0;891.0;14978.0
BUCHMEIER,HERMIT;liebte;;;;;;;2513.0;784;;;;2149.0;5006.0
BUCHMEIER,HERMIT;liebten;;;;;;;8744.0;154;;;;7599.0;1009.0
A1,BUCHMEIER,BW1,HERMIT,LEEDS,LEIPZIG;Lied;das;Lieder;Substantiv;neutr.;https://www.dwds.de/wb/Lied;0.0;1527.0;1423;1531.0;49.76;4584.0;1518.0;7827.0
BUCHMEIER,HERMIT,LEIPZIG;Lieder;;;;;;;7232.0;199;;;4267.0;5988.0;1374.0
BUCHMEIER,HERMIT,LEIPZIG;lief;;;;;;;1851.0;1151;;;2958.0;1342.0;9047.0
BUCHMEIER,HERMIT,LEIPZIG;liefen;;;;;;;8880.0;151;;;6082.0;7676.0;996.0
A2,BUCHMEIER,HERMIT,LEEDS,LEIPZIG;liefern;;;Verb;;https://www.dwds.de/wb/liefern;0.0;4041.0;431;901.0;83.5;2469.0;3009.0;3300.0
BUCHMEIER,HERMIT,LEIPZIG;liefert;;;;;;;8799.0;153;;;2821.0;7612.0;1006.0
B1,BUCHMEIER,HERMIT,LEEDS,LEIPZIG;Lieferung;die;;Substantiv;fem.;https://www.dwds.de/wb/Lieferung;0.0;4781.0;345;4020.0;15.66;4358.0;3898.0;2380.0
BUCHMEIER,HERMIT,LEIPZIG;liege;;;;;;;5525.0;282;;;2018.0;4591.0;1925.0
A1,BUCHMEIER,BW1,HERMIT,LEEDS,LEIPZIG,LEO739,NRW422;liegen;;du liegst, ich lag;Verb;;https://www.dwds.de/wb/liegen;0.0;1108.0;2130;119.0;582.95;440.0;930.0;14099.0
BUCHMEIER,HERMIT;liegst;;;;;;;5543.0;281;;;;4889.0;1772.0
BUCHMEIER,FEHLER300,HERMIT,LEIPZIG;liegt;;;;;;;535.0;5576;;;254.0;445.0;36313.0
BUCHMEIER,HERMIT;Lies;;;;;;;4501.0;372;;;;3063.0;3223.0
BUCHMEIER,FEHLER100,FEHLER300,HERMIT,LEIPZIG,LEO739,NRW422;liest;;;;;;;2809.0;686;;;2502.0;2319.0;4602.0
BUCHMEIER,HERMIT;Lieutenant;;;;;;;2059.0;1014;;;;1373.0;8811.0
BUCHMEIER,FEHLER100,FEHLER300,HERMIT,LEIPZIG;ließ;;;;;;;1455.0;1516;;;460.0;1025.0;12333.0
HERMIT,LEIPZIG;ließe;;;;;;;;;;;4258.0;9324.0;768.0
BUCHMEIER,HERMIT,LEIPZIG;ließen;;;;;;;3165.0;594;;;1226.0;2798.0;3596.0
B1;Lift;der;;Substantiv;mask.;https://www.dwds.de/wb/Lift;0.0;;;;;;;
HERMIT,LEEDS,LEIPZIG;Liga;;;;;;;;;4156.0;14.97;3594.0;7352.0;1056.0
BUCHMEIER,HERMIT;like;;;;;;;9770.0;133;;;;4836.0;1801.0
HERMIT,LEO739;lila;;;;;;;;;;;;5387.0;1560.0
BUCHMEIER,HERMIT;Lilly;;;;;;;7764.0;180;;;;9205.0;781.0
BUCHMEIER,HERMIT;Lily;;;;;;;7308.0;196;;;;1895.0;5937.0
B1,BUCHMEIER,HERMIT,LEO739;Limonade;die;;Substantiv;fem.;https://www.dwds.de/wb/Limonade;0.0;8434.0;161;;;;7665.0;998.0
BUCHMEIER,HERMIT;Lincoln;;;;;;;3219.0;579;;;;4020.0;2280.0
BUCHMEIER,HERMIT;Linda;;;;;;;3759.0;468;;;;2738.0;3726.0
LEO739;Lineal;das;;Substantiv;;;;;;;;;;
B1,BUCHMEIER,HERMIT,LEEDS,LEIPZIG;Linie;die;;Substantiv;fem.;https://www.dwds.de/wb/Linie;0.0;3218.0;579;870.0;86.06;1985.0;3277.0;2961.0
BUCHMEIER,HERMIT,LEIPZIG;Linien;;;;;;;9310.0;142;;;5916.0;8874.0;818.0
A2,B1,LEEDS;Link;der;;Substantiv;mask., neutr.;https://www.dwds.de/wb/Link;0.0;;;951.0;79.37;;;
BUCHMEIER,HERMIT,LEEDS,LEIPZIG;linke;;;;;;;5035.0;323;1532.0;49.71;4469.0;3808.0;2449.0
BUCHMEIER,HERMIT,LEIPZIG;linken;;;;;;;4007.0;435;;;2543.0;3213.0;3019.0
A1,BUCHMEIER,BW3,FEHLER300,HERMIT,LEEDS,LEIPZIG,LEO739;links;;;Adverb;;https://www.dwds.de/wb/links#1;0.0;1419.0;1558;1163.0;65.1;1929.0;1177.0;10601.0
BUCHMEIER,HERMIT;Lionel;;;;;;;8075.0;171;;;;6919.0;1134.0
B1,LEEDS,LEO739;Lippe;die;;Substantiv;fem.;https://www.dwds.de/wb/Lippe;0.0;;;3354.0;19.8;;;
BUCHMEIER,HERMIT,LEIPZIG;Lippen;;;;;;;3101.0;607;;;6855.0;2950.0;3371.0
BUCHMEIER,HERMIT;Lippenstift;;;;;;;7658.0;183;;;;7165.0;1088.0
BUCHMEIER,HERMIT;Lisa;;;;;;;1566.0;1389;;;;2069.0;5226.0
B1,BUCHMEIER,HERMIT,LEEDS,LEIPZIG;Liste;die;;Substantiv;fem.;https://www.dwds.de/wb/Liste;0.0;917.0;2725;1194.0;63.3;1032.0;1144.0;10890.0
A1,BUCHMEIER,HERMIT,LEEDS,LEIPZIG;Liter;;;Substantiv;mask., neutr.;https://www.dwds.de/wb/Liter;0.0;7171.0;201;4130.0;15.08;2906.0;6599.0;1214.0
B1,HERMIT,LEEDS,LEIPZIG;Literatur;die;;Substantiv;fem.;https://www.dwds.de/wb/Literatur;0.0;;;854.0;87.81;1446.0;7842.0;968.0
HERMIT,LEIPZIG;litt;;;;;;;;;;;9595.0;8645.0;848.0
BUCHMEIER,HERMIT;Little;;;;;;;4669.0;356;;;;3256.0;2985.0
BUCHMEIER,HERMIT,LEEDS,LEIPZIG;live;;;;;;;5245.0;304;3550.0;18.38;4167.0;3758.0;2482.0
BUCHMEIER,HERMIT;Liz;;;;;;;8478.0;160;;;;4123.0;2219.0
BUCHMEIER,FEHLER400,HERMIT,LEEDS,LEIPZIG;Lizenz;;;;;;;9199.0;144;3867.0;16.46;6891.0;7509.0;1026.0
FEHLER400;lizenzieren;;;;;;;;;;;;;
A1,BUCHMEIER,HERMIT,LEIPZIG;LKW;der;;Substantiv;mask.;https://www.dwds.de/wb/LKW;0.0;9891.0;131;;;8582.0;5366.0;1570.0
BUCHMEIER,HERMIT;Lloyd;;;;;;;4272.0;398;;;;5355.0;1574.0
BUCHMEIER,HERMIT;lm;;;;;;;2862.0;671;;;;6749.0;1175.0
BUCHMEIER,HERMIT;ln;;;;;;;2318.0;870;;;;6404.0;1262.0
BW3,HERMIT,LEEDS,LEIPZIG;Lob;das;loben;Substantiv;;;;;;4229.0;14.61;5106.0;9952.0;705.0
B1,LEEDS;loben;;;Verb;;https://www.dwds.de/wb/loben;0.0;;;3850.0;16.53;;;
B1,BUCHMEIER,BW1,HERMIT,LEEDS,LEIPZIG;Loch;das;Löcher;Substantiv;neutr.;https://www.dwds.de/wb/Loch;0.0;1628.0;1325;2609.0;27.3;4487.0;1609.0;7238.0
BUCHMEIER,HERMIT;Locke;;;;;;;3249.0;572;;;;8439.0;877.0
BUCHMEIER,HERMIT,LEEDS,LEIPZIG;locken;;;;;;;9067.0;147;3262.0;20.55;5840.0;5081.0;1686.0
B1,BUCHMEIER,HERMIT,LEEDS,LEIPZIG;locker;;;Adjektiv;;https://www.dwds.de/wb/locker;0.0;2922.0;658;3293.0;20.26;4732.0;2280.0;4705.0
BUCHMEIER,HERMIT;Logan;;;;;;;2921.0;658;;;;3996.0;2303.0
BUCHMEIER,HERMIT,LEEDS,LEIPZIG;Logik;;;;;;;8397.0;162;2635.0;26.94;5680.0;6738.0;1178.0
BUCHMEIER,HERMIT,LEEDS;logisch;;;;;;;7657.0;183;2470.0;29.14;;5133.0;1656.0
B1,BUCHMEIER,HERMIT,LEEDS,LEIPZIG;Lohn;der;;Substantiv;mask.;https://www.dwds.de/wb/Lohn;0.0;5955.0;258;2019.0;36.68;4155.0;4791.0;1829.0
B1,LEEDS;lohnen;;;Verb;;https://www.dwds.de/wb/lohnen;0.0;;;2194.0;33.56;;;
BUCHMEIER,HERMIT,LEIPZIG;lohnt;;;;;;;6089.0;250;;;4890.0;4283.0;2118.0
BUCHMEIER,HERMIT;Lois;;;;;;;3274.0;566;;;;2072.0;5221.0
A1,BUCHMEIER,HERMIT,LEEDS,LEIPZIG;Lokal;das;;Substantiv;neutr.;https://www.dwds.de/wb/Lokal;0.0;8988.0;149;1333.0;56.51;7713.0;6430.0;1254.0
BUCHMEIER,HERMIT,LEEDS,LEIPZIG;London;;;;;;;2140.0;962;1448.0;52.35;846.0;1398.0;8643.0
BUCHMEIER,HERMIT;Long;;;;;;;6714.0;219;;;;4706.0;1875.0
BUCHMEIER,HERMIT;Look;;;;;;;9198.0;144;;;;7198.0;1082.0
BUCHMEIER,HERMIT;Lord;;;;;;;1921.0;1093;;;;1777.0;6360.0
B1,BUCHMEIER,FEHLER300,HERMIT,LEEDS,LEIPZIG;los;;;Adverb;;https://www.dwds.de/wb/los;0.0;130.0;26971;1087.0;69.91;2004.0;93.0;242543.0
BUCHMEIER,FEHLER200,FEHLER400,HERMIT;Loser;;;;;;;6526.0;228;;;;5488.0;1525.0
B1;losfahren;;;Verb;;https://www.dwds.de/wb/losfahren;0.0;;;;;;;
BUCHMEIER,HERMIT;losgehen;;;;;;;4928.0;332;;;;4705.0;1875.0
BUCHMEIER,HERMIT,LEO739,NRW422;loslassen;;;;;;;4920.0;333;;;;3021.0;3283.0
BUCHMEIER,HERMIT;loslegen;;;;;;;8554.0;158;;;;7061.0;1108.0
BUCHMEIER,HERMIT;loswerden;;;;;;;3330.0;553;;;;2627.0;3929.0
BUCHMEIER,HERMIT;loszuwerden;;;;;;;6525.0;228;;;;5419.0;1552.0
BUCHMEIER,HERMIT;Lou;;;;;;;4668.0;356;;;;3554.0;2661.0
BUCHMEIER,HERMIT;Louie;;;;;;;5777.0;267;;;;9523.0;747.0
BUCHMEIER,HERMIT;Louis;;;;;;;4416.0;381;;;;1850.0;6065.0
BUCHMEIER,HERMIT;Louise;;;;;;;7170.0;201;;;;4478.0;1995.0
BUCHMEIER,HERMIT,LEEDS;love;;;;;;;5954.0;258;4833.0;12.15;;2816.0;3562.0
BUCHMEIER,HERMIT;Loyalität;;;;;;;6226.0;242;;;;4543.0;1956.0
BUCHMEIER,HERMIT;Lucas;;;;;;;4188.0;410;;;;3220.0;3015.0
BW1;Luchs;der;;Substantiv;;;;;;;;;;
BUCHMEIER,HERMIT;Lucky;;;;;;;9154.0;145;;;;6981.0;1121.0
BUCHMEIER,HERMIT;Lucy;;;;;;;3203.0;583;;;;2562.0;4076.0
HERMIT,LEIPZIG;lud;;;;;;;;;;;9723.0;8277.0;902.0
HERMIT,LEEDS,LEIPZIG;Ludwig;;;;;;;;;2924.0;23.5;4518.0;7046.0;1110.0
B1,BUCHMEIER,HERMIT,LEEDS,LEIPZIG;Luft;die;;Substantiv;fem.;https://www.dwds.de/wb/Luft;0.0;786.0;3318;961.0;78.82;976.0;707.0;19958.0
BUCHMEIER,HERMIT;Luke;;;;;;;2308.0;872;;;;1787.0;6328.0
BUCHMEIER,HERMIT;Lunge;;;;;;;6225.0;242;;;;5599.0;1487.0
BUCHMEIER,HERMIT;Lungen;;;;;;;6154.0;246;;;;7244.0;1073.0
A2,BUCHMEIER,HERMIT,LEEDS,LEIPZIG;Lust;die;;Substantiv;fem.;https://www.dwds.de/wb/Lust;0.0;1531.0;1422;1537.0;49.5;2183.0;1259.0;9773.0
A1,BUCHMEIER,BW3,FEHLER300,HERMIT,LEEDS,LEIPZIG;lustig;;Lust;Adjektiv;;https://www.dwds.de/wb/lustig;0.0;825.0;3087;2422.0;29.98;7030.0;860.0;15572.0
BUCHMEIER,HERMIT;lustige;;;;;;;6324.0;237;;;;6075.0;1350.0
BUCHMEIER,HERMIT;lustiger;;;;;;;7347.0;194;;;;8323.0;895.0
BUCHMEIER,HERMIT;Luther;;;;;;;7044.0;205;;;;8840.0;822.0
BUCHMEIER,HERMIT;Luthor;;;;;;;6494.0;229;;;;7558.0;1016.0
LEEDS,LEIPZIG;Luxemburg;;;;;;;;;4689.0;12.74;4466.0;;
BUCHMEIER,HERMIT,LEIPZIG;Luxus;;;;;;;9029.0;148;;;7818.0;7738.0;986.0
FEHLER400;lynchen;;;;;;;;;;;;;
BUCHMEIER,HERMIT;Lynette;;;;;;;7169.0;201;;;;7338.0;1058.0
BUCHMEIER,HERMIT;Lynn;;;;;;;5147.0;312;;;;6322.0;1282.0
B1,BUCHMEIER,HERMIT,LEEDS,LEIPZIG;lächeln;;;Verb;;https://www.dwds.de/wb/l%C3%A4cheln;0.0;2429.0;815;3130.0;21.65;4955.0;1683.0;6881.0
BUCHMEIER,HERMIT,LEIPZIG;lächelt;;;;;;;8801.0;153;;;8804.0;8362.0;889.0
BUCHMEIER,HERMIT,LEEDS,LEIPZIG;lächerlich;;;;;;;2107.0;982;4056.0;15.39;8820.0;1572.0;7452.0
BUCHMEIER,HERMIT,LEIPZIG;Läden;;;;;;;8989.0;149;;;5223.0;8141.0;921.0
BUCHMEIER,HERMIT,LEIPZIG;lädt;;;;;;;9031.0;148;;;3125.0;7488.0;1030.0
BUCHMEIER,HERMIT,LEIPZIG;Länder;;;;;;;5391.0;292;;;509.0;6202.0;1320.0
BUCHMEIER,HERMIT,LEIPZIG;Ländern;;;;;;;8515.0;159;;;471.0;7901.0;957.0
B1,BUCHMEIER,BW3,HERMIT,LEEDS,LEIPZIG;Länge;die;lang, länger;Substantiv;fem.;https://www.dwds.de/wb/L%C3%A4nge;0.0;8290.0;165;2686.0;26.28;3172.0;9212.0;780.0
BUCHMEIER,HERMIT,LEIPZIG;länger;;;;;;;969.0;2564;;;1050.0;838.0;15996.0
B1,BUCHMEIER,HERMIT,LEIPZIG;längst;;;Adverb;;https://www.dwds.de/wb/l%C3%A4ngst;0.0;2031.0;1026;;;567.0;1822.0;6189.0
FEHLER400;Lärche;;;;;;;;;;;;;
B1,BUCHMEIER,BW3,HERMIT,LEEDS,LEIPZIG;Lärm;der;;Substantiv;mask.;https://www.dwds.de/wb/L%C3%A4rm;0.0;4189.0;410;4610.0;13.07;5207.0;3579.0;2643.0
BUCHMEIER,FEHLER200,FEHLER300,FEHLER400,HERMIT,LEIPZIG,LEO739,NRW422;lässt;;;;;;;622.0;4672;;;3700.0;492.0;33377.0
BUCHMEIER,HERMIT;läufst;;;;;;;5829.0;264;;;;5288.0;1597.0
BUCHMEIER,HERMIT,LEIPZIG,LEO739,NRW422;läuft;;;;;;;641.0;4508;;;922.0;485.0;33798.0
BUCHMEIER,HERMIT,LEIPZIG;läßt;;;;;;;3592.0;499;;;275.0;8574.0;859.0
BUCHMEIER,HERMIT,LEIPZIG;Löcher;;;;;;;5236.0;305;;;7672.0;5123.0;1661.0
A2,BUCHMEIER,BW1,HERMIT,LEO739,NRW422;Löffel;der;;Substantiv;mask.;https://www.dwds.de/wb/L%C3%B6ffel;0.0;6000.0;255;;;;6236.0;1307.0
B1,BUCHMEIER,HERMIT,LEEDS,LEIPZIG,LEO739,NRW422;löschen;;;Verb;;https://www.dwds.de/wb/l%C3%B6schen#1;0.0;5654.0;274;2398.0;30.26;4477.0;4204.0;2161.0
B1,BUCHMEIER,HERMIT,LEEDS,LEIPZIG;lösen;;;Verb;;https://www.dwds.de/wb/l%C3%B6sen;0.0;2299.0;874;686.0;107.89;1897.0;1973.0;5597.0
BUCHMEIER,HERMIT,LEIPZIG;löst;;;;;;;4977.0;328;;;3636.0;4309.0;2097.0
A1,BUCHMEIER,HERMIT,LEEDS,LEIPZIG;Lösung;die;;Substantiv;fem.;https://www.dwds.de/wb/L%C3%B6sung;0.0;2182.0;936;567.0;128.81;824.0;1668.0;6951.0
BUCHMEIER,BW1,HERMIT,LEEDS,LEO739,NRW422;Löwe;der;;Substantiv;;;;9515.0;138;4767.0;12.44;;5677.0;1463.0
BUCHMEIER,HERMIT,LEIPZIG;Löwen;;;;;;;7074.0;204;;;6909.0;4249.0;2132.0
LEEDS,LEIPZIG;Lücke;;;;;;;;;3749.0;17.09;5882.0;;
BUCHMEIER,HERMIT;Lüg;;;;;;;7656.0;183;;;;7515.0;1024.0
A2,BUCHMEIER,HERMIT,LEEDS,LEIPZIG;Lüge;die;;Substantiv;fem.;https://www.dwds.de/wb/L%C3%BCge;0.0;2253.0;894;3084.0;22.07;9235.0;1646.0;7045.0
A2,BUCHMEIER,HERMIT,LEEDS;lügen;;;Verb;;https://www.dwds.de/wb/l%C3%BCgen;0.0;2292.0;876;4818.0;12.22;;1134.0;11069.0
BUCHMEIER,HERMIT;Lügner;;;;;;;2885.0;665;;;;2358.0;4508.0
BUCHMEIER,HERMIT;Lügnerin;;;;;;;6646.0;222;;;;6277.0;1293.0
BUCHMEIER,HERMIT;lügst;;;;;;;3507.0;520;;;;3062.0;3224.0
BUCHMEIER,HERMIT;lügt;;;;;;;3429.0;534;;;;2538.0;4122.0
LEO739;Lünen;;;;;;;;;;;;;
BUCHMEIER,HERMIT;Ma;;;;;;;2610.0;751;;;;853.0;15762.0
BUCHMEIER,HERMIT,LEEDS;Mac;;;;;;;3803.0;462;3734.0;17.18;;4390.0;2050.0
BUCHMEIER,HERMIT;Mach;;;;;;;341.0;8773;;;;201.0;93345.0
BUCHMEIER,HERMIT,LEIPZIG;mache;;;;;;;439.0;6754;;;2295.0;357.0;47510.0
A1,BUCHMEIER,BW1,HERMIT,LEEDS,LEIPZIG,LEO739,NRW422;machen;;du machst;Verb;;https://www.dwds.de/wb/machen;0.0;101.0;35975;64.0;1349.48;175.0;97.0;228412.0
BUCHMEIER,HERMIT;machst;;;;;;;292.0;10910;;;;264.0;67926.0
BUCHMEIER,HERMIT,LEEDS,LEIPZIG;macht;;;;;;;191.0;17365;516.0;141.22;271.0;160.0;134768.0
BUCHMEIER,HERMIT,LEIPZIG;machte;;;;;;;927.0;2675;;;575.0;935.0;13967.0
BUCHMEIER,HERMIT,LEIPZIG;machten;;;;;;;1981.0;1058;;;1557.0;2341.0;4547.0
BUCHMEIER,HERMIT;Madam;;;;;;;3148.0;597;;;;2329.0;4581.0
BUCHMEIER,HERMIT;Madame;;;;;;;2137.0;963;;;;1201.0;10377.0
BUCHMEIER,HERMIT;Mademoiselle;;;;;;;5055.0;321;;;;2820.0;3560.0
BUCHMEIER,HERMIT;Madison;;;;;;;9676.0;135;;;;6482.0;1240.0
HERMIT,LEIPZIG;Madrid;;;;;;;;;;;4028.0;8674.0;845.0
BUCHMEIER,HERMIT,LEIPZIG;Mafia;;;;;;;5485.0;285;;;6170.0;5696.0;1459.0
BUCHMEIER,HERMIT,LEIPZIG,LEO739,NRW422;mag;;;;;;;352.0;8447;;;822.0;360.0;47150.0
B1,BUCHMEIER,HERMIT,LEEDS,LEIPZIG;Magazin;das;;Substantiv;neutr.;https://www.dwds.de/wb/Magazin;0.0;6323.0;237;3026.0;22.57;4649.0;6560.0;1222.0
A2,BUCHMEIER,HERMIT,LEEDS,LEIPZIG;Magen;der;;Substantiv;mask.;https://www.dwds.de/wb/Magen;0.0;3265.0;568;4865.0;12.06;9743.0;3064.0;3223.0
B1;mager;;;Adjektiv;;https://www.dwds.de/wb/mager;0.0;;;;;;;
BUCHMEIER,HERMIT;Maggie;;;;;;;2772.0;698;;;;2629.0;3926.0
BUCHMEIER,HERMIT;Magie;;;;;;;3453.0;530;;;;2210.0;4855.0
BUCHMEIER,HERMIT;Magier;;;;;;;7933.0;175;;;;9541.0;745.0
BUCHMEIER,HERMIT;magische;;;;;;;7168.0;201;;;;6670.0;1194.0
BUCHMEIER,HERMIT;magischen;;;;;;;8105.0;170;;;;8113.0;925.0
BUCHMEIER,HERMIT;magst;;;;;;;1425.0;1551;;;;1085.0;11603.0
FEHLER400;mahlen;;;;;;;;;;;;;
B1,BUCHMEIER,HERMIT;Mahlzeit;die;;Substantiv;fem.;https://www.dwds.de/wb/Mahlzeit;0.0;7994.0;173;;;;6036.0;1362.0
B1;Mahnung;die;;Substantiv;fem.;https://www.dwds.de/wb/Mahnung;0.0;;;;;;;
A1,BUCHMEIER,BW1,FEHLER400,HERMIT,LEEDS,LEIPZIG,LEO739;Mai;der;;Substantiv;mask.;https://www.dwds.de/wb/Mai;0.0;4654.0;357;503.0;144.81;398.0;3699.0;2536.0
A2,LEEDS;Mail;die;;Substantiv;fem., neutr.;https://www.dwds.de/wb/Mail;0.0;;;2559.0;27.89;;;
HERMIT,LEIPZIG;Mailand;;;;;;;;;;;4248.0;9262.0;775.0
A2,HERMIT;Mailbox;die;;Substantiv;fem.;https://www.dwds.de/wb/Mailbox;0.0;;;;;;8347.0;891.0
LEEDS,LEIPZIG;Main;;;;;;;;;3534.0;18.55;6031.0;;
LEEDS,LEIPZIG;Mainz;;;;;;;;;3751.0;17.08;3551.0;;
BW3,HERMIT;Mais;der;;Substantiv;;;;;;;;;8048.0;935.0
BUCHMEIER,HERMIT;Majestät;;;;;;;1844.0;1154;;;;1172.0;10660.0
BUCHMEIER,HERMIT,LEIPZIG;Major;;;;;;;1900.0;1114;;;6715.0;1170.0;10686.0
A2,B1,BUCHMEIER,HERMIT,LEEDS,LEIPZIG;mal;das;;Substantiv;neutr.;https://www.dwds.de/wb/mal;0.0;74.0;56522;134.0;516.06;301.0;57.0;435631.0
BUCHMEIER,HERMIT,LEIPZIG;Male;;;;;;;4473.0;375;;;5702.0;3704.0;2534.0
A2,BUCHMEIER,BW1,HERMIT,LEEDS,LEO739,NRW422;malen;;du malst;Verb;;https://www.dwds.de/wb/malen;0.0;4621.0;360;3576.0;18.21;;4299.0;2102.0
B1,BUCHMEIER,HERMIT,LEEDS,LEIPZIG;Maler;der;;Substantiv;mask.;https://www.dwds.de/wb/Maler;0.0;7721.0;181;4485.0;13.54;3276.0;7169.0;1087.0
B1;Malerin;die;;Substantiv;fem.;https://www.dwds.de/wb/Malerin;0.0;;;;;;;
LEO739;Malkasten;der;;Substantiv;;;;;;;;;;
BUCHMEIER,HERMIT,LEEDS,LEIPZIG,LEO739,NRW422;Mama;die;;Substantiv;;;;591.0;4971;4194.0;14.81;9051.0;467.0;34883.0
BUCHMEIER,HERMIT;Mami;;;;;;;1856.0;1145;;;;1816.0;6206.0
A1,BUCHMEIER,BW1,FEHLER100,FEHLER300,HERMIT,LEEDS,LEIPZIG,LEO739,NRW111;man;;;Indefinitpronomen;;https://www.dwds.de/wb/man#1;0.0;97.0;40045;38.0;2457.57;58.0;76.0;300922.0
HERMIT,LEEDS,LEIPZIG;Management;;;;;;;;;2223.0;32.99;2610.0;9542.0;745.0
BUCHMEIER,HERMIT,LEEDS,LEIPZIG;Manager;;;;;;;3016.0;631;2659.0;26.55;1267.0;3427.0;2795.0
A2,LEEDS,LEIPZIG;manch;;;Indefinitpronomen;;https://www.dwds.de/wb/manch;0.0;;;420.0;173.11;7526.0;;
BUCHMEIER,HERMIT,LEIPZIG;Manche;;;;;;;2124.0;971;;;1405.0;1254.0;9800.0
BUCHMEIER,HERMIT,LEIPZIG;manchen;;;;;;;8175.0;168;;;2358.0;6273.0;1296.0
HERMIT,LEIPZIG;manches;;;;;;;;;;;5295.0;7237.0;1075.0
A2,BUCHMEIER,BW3,HERMIT,LEEDS,LEIPZIG;manchmal;;;Adverb;;https://www.dwds.de/wb/manchmal;0.0;970.0;2563;599.0;120.93;1137.0;531.0;30500.0
HERMIT,LEIPZIG;Mandanten;;;;;;;;;;;6244.0;5733.0;1446.0
BW3,FEHLER200,FEHLER400;Mandarine;die;;Substantiv;;;;;;;;;;
LEEDS,LEIPZIG;Mandat;;;;;;;;;4619.0;13.03;5440.0;;
LEEDS,LEIPZIG;Manfred;;;;;;;;;3162.0;21.39;2349.0;;
B1,BUCHMEIER,HERMIT,LEEDS,LEIPZIG;Mangel;der;;Substantiv;mask.;https://www.dwds.de/wb/Mangel#1;0.0;8255.0;166;1667.0;44.9;3526.0;6512.0;1234.0
BUCHMEIER,HERMIT;Manhattan;;;;;;;7907.0;176;;;;5382.0;1563.0
BUCHMEIER,HERMIT;Manieren;;;;;;;6410.0;233;;;;5278.0;1602.0
BUCHMEIER,HERMIT;manipulieren;;;;;;;7797.0;179;;;;6864.0;1147.0
BUCHMEIER,HERMIT;manipuliert;;;;;;;6599.0;224;;;;5139.0;1654.0
A1,BUCHMEIER,BW3,FEHLER300,HERMIT,LEEDS,LEIPZIG,LEO739,NRW422;Mann;der;Männer;Substantiv;mask.;https://www.dwds.de/wb/Mann;0.0;103.0;34533;158.0;449.34;222.0;102.0;222707.0
BUCHMEIER,HERMIT,LEIPZIG;Mannes;;;;;;;2326.0;868;;;2916.0;1723.0;6640.0
LEEDS,LEIPZIG;Mannheim;;;;;;;;;4388.0;13.88;3117.0;;
A2,BUCHMEIER,BW3,HERMIT,LEEDS,LEIPZIG;Mannschaft;die;;Substantiv;fem.;https://www.dwds.de/wb/Mannschaft;0.0;4197.0;409;1768.0;42.38;715.0;4541.0;1958.0
BUCHMEIER,HERMIT;Manny;;;;;;;6224.0;242;;;;4733.0;1857.0
A2,BUCHMEIER,BW1,HERMIT,LEIPZIG;Mantel;der;Mäntel;Substantiv;mask.;https://www.dwds.de/wb/Mantel;0.0;3412.0;537;;;9475.0;2690.0;3823.0
BUCHMEIER,HERMIT;Manuel;;;;;;;6842.0;213;;;;7617.0;1005.0
B1,LEO739,NRW422;Mappe;die;;Substantiv;fem.;https://www.dwds.de/wb/Mappe;0.0;;;;;;;
BUCHMEIER,HERMIT;Marc;;;;;;;6668.0;221;;;;6408.0;1261.0
BUCHMEIER,HERMIT;Marcel;;;;;;;8798.0;153;;;;4914.0;1762.0
BUCHMEIER,HERMIT;Marcus;;;;;;;4602.0;362;;;;3056.0;3230.0
BUCHMEIER,HERMIT;Margaret;;;;;;;5884.0;261;;;;3917.0;2365.0
B1;Margarine;die;;Substantiv;fem.;https://www.dwds.de/wb/Margarine;0.0;;;;;;;
BUCHMEIER,HERMIT;Marge;;;;;;;2097.0;985;;;;6462.0;1245.0
BUCHMEIER,HERMIT,LEEDS,LEIPZIG;Maria;;;;;;;2397.0;829;1966.0;37.65;1812.0;1468.0;8178.0
BUCHMEIER,HERMIT;Marian;;;;;;;2956.0;647;;;;8324.0;895.0
HERMIT,LEIPZIG;Marianne;;;;;;;;;;;6725.0;6727.0;1180.0
BUCHMEIER,HERMIT,LEIPZIG;Marie;;;;;;;4076.0;426;;;8444.0;2368.0;4485.0
BUCHMEIER,HERMIT;Marihuana;;;;;;;9833.0;132;;;;9730.0;727.0
B1;Marille;die;;Substantiv;fem.;https://www.dwds.de/wb/Marille;0.0;;;;;;;
BUCHMEIER,HERMIT;Marilyn;;;;;;;8742.0;154;;;;6914.0;1134.0
BUCHMEIER,HERMIT,LEIPZIG;Marine;;;;;;;4713.0;351;;;9587.0;4725.0;1862.0
BUCHMEIER,HERMIT;Marines;;;;;;;5458.0;287;;;;7404.0;1045.0
HERMIT,LEIPZIG;Mario;;;;;;;;;;;6894.0;5578.0;1496.0
BUCHMEIER,HERMIT,LEIPZIG;Marion;;;;;;;9514.0;138;;;8730.0;5654.0;1471.0
BUCHMEIER,HERMIT,LEEDS,LEIPZIG;Mark;;;;;;;1997.0;1049;1146.0;65.88;73.0;1317.0;9243.0
B1,BUCHMEIER,HERMIT,LEEDS,LEIPZIG;Marke;die;;Substantiv;fem.;https://www.dwds.de/wb/Marke;0.0;4828.0;341;2722.0;25.73;2914.0;4399.0;2047.0
LEEDS,LEIPZIG;Marketing;;;;;;;;;4222.0;14.64;4914.0;;
B1,LEEDS,LEIPZIG;markieren;;;Verb;;https://www.dwds.de/wb/markieren;0.0;;;3452.0;19.12;5386.0;;
HERMIT,LEIPZIG;markiert;;;;;;;;;;;5226.0;8089.0;928.0
A2,BUCHMEIER,HERMIT,LEEDS,LEIPZIG;Markt;der;;Substantiv;mask.;https://www.dwds.de/wb/Markt;0.0;4013.0;434;546.0;132.7;399.0;3073.0;3204.0
LEEDS,LEIPZIG;Marktwirtschaft;;;;;;;;;4188.0;14.85;4208.0;;
HERMIT,LEEDS,LEIPZIG;Markus;;;;;;;;;3022.0;22.59;5777.0;9747.0;725.0
B1;Marmelade;die;;Substantiv;fem.;https://www.dwds.de/wb/Marmelade;0.0;;;;;;;
BUCHMEIER,HERMIT,LEEDS,LEIPZIG;Mars;;;;;;;6547.0;227;4392.0;13.87;7577.0;4523.0;1967.0
BUCHMEIER,HERMIT,LEIPZIG;Marsch;;;;;;;8741.0;154;;;7716.0;5271.0;1604.0
BUCHMEIER,HERMIT;marschieren;;;;;;;8104.0;170;;;;7300.0;1063.0
BUCHMEIER,HERMIT;Marshal;;;;;;;8838.0;152;;;;8305.0;898.0
BUCHMEIER,HERMIT;Marshall;;;;;;;4230.0;404;;;;2982.0;3329.0
BUCHMEIER,HERMIT,LEIPZIG;Martha;;;;;;;2312.0;871;;;9134.0;3207.0;3027.0
BUCHMEIER,HERMIT,LEEDS,LEIPZIG;Martin;;;;;;;2167.0;944;1323.0;56.93;2179.0;1490.0;8025.0
BUCHMEIER,HERMIT;Martini;;;;;;;9513.0;138;;;;9120.0;791.0
BUCHMEIER,HERMIT;Marty;;;;;;;4158.0;414;;;;3380.0;2851.0
BUCHMEIER,HERMIT;Marvin;;;;;;;6013.0;254;;;;7354.0;1055.0
LEEDS,LEIPZIG;Marx;;;;;;;;;2452.0;29.45;9941.0;;
BUCHMEIER,HERMIT;Mary;;;;;;;2041.0;1021;;;;987.0;13042.0
A1,BUCHMEIER,BW3,FEHLER200,FEHLER400,HERMIT,LEEDS,LEIPZIG;Maschine;die;;Substantiv;fem.;https://www.dwds.de/wb/Maschine;0.0;1733.0;1234;1449.0;52.34;2761.0;1625.0;7180.0
BUCHMEIER,HERMIT,LEIPZIG;Maschinen;;;;;;;3061.0;618;;;2391.0;3567.0;2651.0
BUCHMEIER,HERMIT,LEIPZIG;Maske;;;;;;;3714.0;477;;;7075.0;3007.0;3304.0
BUCHMEIER,HERMIT;Mason;;;;;;;5542.0;281;;;;4148.0;2203.0
BUCHMEIER,HERMIT;Massage;;;;;;;9360.0;141;;;;9686.0;732.0
BUCHMEIER,HERMIT,LEIPZIG;Massaker;;;;;;;9945.0;130;;;6612.0;9036.0;799.0
BUCHMEIER,HERMIT,LEEDS,LEIPZIG;Masse;;;;;;;9307.0;142;1296.0;58.24;3714.0;8275.0;902.0
LEEDS,LEIPZIG;massiv;;;;;;;;;1536.0;49.62;4748.0;;
BUCHMEIER,HERMIT;Master;;;;;;;4308.0;393;;;;4874.0;1778.0
B1,BUCHMEIER,HERMIT,LEEDS,LEIPZIG;Material;das;;Substantiv;neutr.;https://www.dwds.de/wb/Material;0.0;3607.0;497;984.0;76.85;1178.0;3537.0;2677.0
HERMIT,LEEDS,LEIPZIG;Materie;;;;;;;;;3646.0;17.74;6759.0;8598.0;854.0
BUCHMEIER,HERMIT;Mathe;;;;;;;9306.0;142;;;;7207.0;1080.0
HERMIT,LEEDS,LEIPZIG,LEO739;Mathematik;die;;Substantiv;;;;;;3417.0;19.35;7742.0;8688.0;843.0
BUCHMEIER,HERMIT;Matt;;;;;;;2123.0;971;;;;2234.0;4801.0
BUCHMEIER,HERMIT;Matthew;;;;;;;5320.0;297;;;;4247.0;2134.0
BUCHMEIER,HERMIT;Matthews;;;;;;;9832.0;132;;;;9998.0;701.0
LEEDS,LEIPZIG;Matthias;;;;;;;;;3435.0;19.24;5245.0;;
B1;Matura;die;;Substantiv;fem.;https://www.dwds.de/wb/Matura;0.0;;;;;;;
B1,BUCHMEIER,HERMIT,LEEDS,LEIPZIG,LEO739;Mauer;die;;Substantiv;fem.;https://www.dwds.de/wb/Mauer;0.0;4086.0;425;2433.0;29.9;2908.0;3476.0;2740.0
BUCHMEIER,HERMIT,LEIPZIG;Mauern;;;;;;;8512.0;159;;;7208.0;5725.0;1449.0
BUCHMEIER,HERMIT;Maul;;;;;;;1387.0;1591;;;;1679.0;6899.0
BUCHMEIER,HERMIT;Maurice;;;;;;;6712.0;219;;;;6264.0;1299.0
BUCHMEIER,HERMIT,LEEDS,LEIPZIG,LEO739,NRW422;Maus;die;;Substantiv;;;;5789.0;266;3366.0;19.72;7946.0;4491.0;1989.0
BUCHMEIER,HERMIT,LEEDS,LEIPZIG;Max;;;;;;;2036.0;1023;2397.0;30.26;4901.0;1029.0;12310.0
B1,LEEDS,LEIPZIG;maximal;;;Adjektiv;;https://www.dwds.de/wb/maximal;0.0;;;2200.0;33.43;3294.0;;
BUCHMEIER,HERMIT,LEEDS;May;;;;;;;9831.0;132;1635.0;46.0;;4489.0;1990.0
BUCHMEIER,HERMIT;Maya;;;;;;;3802.0;462;;;;5502.0;1520.0
BUCHMEIER,HERMIT;Mayday;;;;;;;9889.0;131;;;;9505.0;748.0
HERMIT,LEEDS,LEIPZIG;Maß;;;;;;;;;938.0;80.27;3099.0;9432.0;757.0
LEEDS,LEIPZIG;maßgeblich;;;;;;;;;3152.0;21.48;6007.0;;
LEEDS,LEIPZIG;Maßnahme;;;;;;;;;527.0;138.39;3556.0;;
BUCHMEIER,HERMIT,LEIPZIG;Maßnahmen;;;;;;;7932.0;175;;;1059.0;7510.0;1026.0
LEEDS,LEIPZIG;Maßstab;;;;;;;;;2720.0;25.73;6049.0;;
BUCHMEIER,HERMIT;McCoy;;;;;;;9830.0;132;;;;9241.0;777.0
BUCHMEIER,HERMIT;McKay;;;;;;;5694.0;272;;;;8854.0;820.0
BUCHMEIER,HERMIT,LEEDS;me;;;;;;;2699.0;720;4350.0;14.04;;1958.0;5702.0
B1,HERMIT;Mechaniker;der;;Substantiv;mask.;https://www.dwds.de/wb/Mechaniker;0.0;;;;;;8104.0;926.0
B1;Mechanikerin;die;;Substantiv;fem.;https://www.dwds.de/wb/Mechanikerin;0.0;;;;;;;
HERMIT,LEIPZIG;Medaille;;;;;;;;;;;8322.0;9131.0;790.0
BUCHMEIER,HERMIT,LEEDS,LEIPZIG;Media;;;;;;;3581.0;502;4284.0;14.36;7965.0;4524.0;1965.0
BUCHMEIER,HERMIT,LEIPZIG;Medien;;;;;;;6153.0;246;;;987.0;4815.0;1816.0
A2,HERMIT,LEEDS;Medikament;das;;Substantiv;neutr.;https://www.dwds.de/wb/Medikament;0.0;;;1781.0;42.07;;6936.0;1131.0
BUCHMEIER,HERMIT,LEIPZIG;Medikamente;;;;;;;3758.0;468;;;3998.0;2682.0;3837.0
B1,LEEDS,LEIPZIG;Medium;das;;Substantiv;neutr.;https://www.dwds.de/wb/Medium;0.0;;;504.0;144.75;5479.0;;
B1,BUCHMEIER,HERMIT,LEEDS,LEIPZIG;Medizin;die;;Substantiv;fem.;https://www.dwds.de/wb/Medizin;0.0;2055.0;1015;1908.0;38.88;3442.0;2361.0;4502.0
BUCHMEIER,HERMIT,LEIPZIG;medizinische;;;;;;;5484.0;285;;;4971.0;4622.0;1912.0
BUCHMEIER,HERMIT,LEIPZIG;medizinischen;;;;;;;7688.0;182;;;5131.0;5914.0;1395.0
A1,BUCHMEIER,BW3,HERMIT,LEEDS,LEIPZIG,LEO739,NRW422;Meer;das;;Substantiv;neutr.;https://www.dwds.de/wb/Meer;0.0;1848.0;1152;1527.0;49.99;2598.0;1622.0;7188.0
BUCHMEIER,HERMIT;Meeting;;;;;;;5523.0;282;;;;3709.0;2526.0
BUCHMEIER,HERMIT;Meg;;;;;;;8327.0;164;;;;4755.0;1847.0
BUCHMEIER,HERMIT;Megan;;;;;;;7966.0;174;;;;4613.0;1916.0
B1;Mehl;das;;Substantiv;neutr.;https://www.dwds.de/wb/Mehl;0.0;;;;;;;
A1,BUCHMEIER,BW3,FEHLER300,HERMIT,LEEDS,LEIPZIG,LEO739,NRW111;mehr;;;Komparativ;;https://www.dwds.de/wb/mehr;0.0;90.0;43481;56.0;1631.02;56.0;85.0;281301.0
B1,BUCHMEIER,HERMIT,LEEDS,LEIPZIG;mehrere;;;Indefinitpronomen;;https://www.dwds.de/wb/mehrere;0.0;2896.0;663;351.0;200.88;488.0;2228.0;4811.0
BUCHMEIER,HERMIT,LEIPZIG;mehreren;;;;;;;7633.0;184;;;1030.0;6754.0;1175.0
LEEDS,LEIPZIG;mehrerer;;;;;;;;;4612.0;13.06;4677.0;;
LEEDS,LEIPZIG;mehrfach;;;;;;;;;2032.0;36.56;2250.0;;
B1,LEEDS,LEIPZIG;Mehrheit;die;;Substantiv;fem.;https://www.dwds.de/wb/Mehrheit;0.0;;;990.0;76.39;639.0;;
BUCHMEIER,HERMIT,LEEDS,LEIPZIG;mehrmals;;;;;;;7255.0;198;3291.0;20.27;4068.0;6299.0;1288.0
B1,LEIPZIG;Mehrwertsteuer;die;;Substantiv;fem.;https://www.dwds.de/wb/Mehrwertsteuer;0.0;;;;;6039.0;;
LEEDS,LEIPZIG;Mehrzahl;;;;;;;;;4687.0;12.74;5849.0;;
BUCHMEIER,HERMIT;Mei;;;;;;;5374.0;293;;;;9584.0;741.0
BUCHMEIER,HERMIT;Meile;;;;;;;6784.0;216;;;;6999.0;1118.0
BUCHMEIER,HERMIT;Meilen;;;;;;;2058.0;1014;;;;2054.0;5260.0
A1,BUCHMEIER,HERMIT,LEEDS,LEIPZIG,LEO739,NRW111;mein;;;Possessivpronomen;;https://www.dwds.de/wb/mein#1;0.0;89.0;43657;61.0;1400.63;1112.0;66.0;384765.0
BUCHMEIER,HERMIT,LEEDS,LEIPZIG;meine;;;;;;;77.0;53007;3402.0;19.45;722.0;62.0;420280.0
BUCHMEIER,FEHLER100,HERMIT,LEIPZIG;meinem;;;;;;;247.0;13140;;;2338.0;227.0;82233.0
A2,BUCHMEIER,FEHLER100,HERMIT,LEEDS,LEIPZIG;meinen;;;Verb;;https://www.dwds.de/wb/meinen;0.0;169.0;19665;266.0;263.14;1136.0;165.0;128288.0
BUCHMEIER,HERMIT,LEIPZIG;meiner;;;;;;;242.0;13594;;;1495.0;216.0;86264.0
BUCHMEIER,HERMIT;meinerseits;;;;;;;9305.0;142;;;;8110.0;925.0
BUCHMEIER,HERMIT,LEIPZIG;meines;;;;;;;783.0;3351;;;5348.0;659.0;22280.0
B1,BUCHMEIER,HERMIT;meinetwegen;;;Pronominaladverb;;https://www.dwds.de/wb/meinetwegen;0.0;5483.0;285;;;;3106.0;3156.0
BUCHMEIER,HERMIT;meins;;;;;;;3322.0;555;;;;2460.0;4266.0
BUCHMEIER,HERMIT;meinst;;;;;;;542.0;5490;;;;391.0;42522.0
BUCHMEIER,HERMIT,LEIPZIG;meint;;;;;;;1581.0;1377;;;520.0;1290.0;9471.0
BUCHMEIER,HERMIT,LEIPZIG;meinte;;;;;;;1306.0;1743;;;821.0;1143.0;10934.0
BUCHMEIER,HERMIT,LEIPZIG;meinten;;;;;;;8326.0;164;;;8713.0;6653.0;1200.0
A2,BUCHMEIER,BW3,HERMIT,LEEDS,LEIPZIG;Meinung;die;meinen;Substantiv;fem.;https://www.dwds.de/wb/Meinung;0.0;1026.0;2353;434.0;164.96;817.0;872.0;15337.0
A1,BUCHMEIER,HERMIT,LEEDS,LEIPZIG;meist;;;Superlativ;;https://www.dwds.de/wb/meist;0.0;7371.0;193;201.0;335.97;747.0;5128.0;1658.0
BUCHMEIER,HERMIT,LEIPZIG;meiste;;;;;;;4653.0;357;;;9015.0;3914.0;2366.0
BUCHMEIER,HERMIT,LEIPZIG;meisten;;;;;;;996.0;2436;;;366.0;894.0;14891.0
A2,BUCHMEIER,FEHLER300,HERMIT,LEEDS,LEIPZIG,LEO739,NRW111;meistens;;;Adverb;;https://www.dwds.de/wb/meistens;0.0;4347.0;389;1644.0;45.71;4193.0;2904.0;3437.0
B1,BUCHMEIER,HERMIT,LEEDS,LEIPZIG;Meister;der;;Substantiv;mask.;https://www.dwds.de/wb/Meister;0.0;789.0;3304;1787.0;41.83;1596.0;940.0;13869.0
BUCHMEIER,HERMIT;Mel;;;;;;;7112.0;203;;;;6570.0;1220.0
BUCHMEIER,HERMIT;Melancholische;;;;;;;9512.0;138;;;;5375.0;1565.0
BUCHMEIER,HERMIT;Melanie;;;;;;;8433.0;161;;;;6357.0;1274.0
BUCHMEIER,HERMIT;melde;;;;;;;3570.0;505;;;;2628.0;3928.0
B1,BUCHMEIER,HERMIT,LEEDS,LEIPZIG,LEO739;melden;;;Verb;;https://www.dwds.de/wb/melden;0.0;1944.0;1082;875.0;85.66;3534.0;1426.0;8495.0
BUCHMEIER,HERMIT,LEIPZIG;meldet;;;;;;;5722.0;270;;;4256.0;4016.0;2282.0
HERMIT,LEIPZIG;meldete;;;;;;;;;;;2443.0;9690.0;732.0
B1,BUCHMEIER,HERMIT,LEEDS,LEIPZIG;Meldung;die;;Substantiv;fem.;https://www.dwds.de/wb/Meldung;0.0;6048.0;252;2147.0;34.57;3567.0;5668.0;1468.0
BUCHMEIER,HERMIT;Melissa;;;;;;;5788.0;266;;;;5540.0;1507.0
BUCHMEIER,HERMIT,LEEDS;Melodie;;;;;;;6958.0;208;4460.0;13.63;;5424.0;1550.0
A2,BUCHMEIER,HERMIT,LEEDS,LEIPZIG;Menge;die;;Substantiv;fem.;https://www.dwds.de/wb/Menge;0.0;740.0;3699;783.0;95.79;1070.0;653.0;22618.0
BUCHMEIER,HERMIT,LEIPZIG;Mengen;;;;;;;9944.0;130;;;3079.0;9977.0;703.0
B1;Mensa;die;;Substantiv;fem.;https://www.dwds.de/wb/Mensa;0.0;;;;;;;
A1,BUCHMEIER,HERMIT,LEEDS,LEIPZIG;Mensch;der;;Substantiv;mask.;https://www.dwds.de/wb/Mensch#1;0.0;644.0;4493;86.0;949.78;854.0;578.0;27093.0
BUCHMEIER,HERMIT,LEIPZIG;Menschen;;;;;;;279.0;11346;;;140.0;265.0;67631.0
BUCHMEIER,HERMIT;Menschenleben;;;;;;;9247.0;143;;;;9808.0;719.0
BUCHMEIER,HERMIT,LEEDS,LEIPZIG;Menschheit;;;;;;;2771.0;698;1805.0;41.17;4359.0;2663.0;3870.0
B1,BUCHMEIER,HERMIT,LEEDS;menschlich;;;Adjektiv;;https://www.dwds.de/wb/menschlich;0.0;5033.0;323;493.0;146.78;;4879.0;1775.0
BUCHMEIER,HERMIT,LEIPZIG;menschliche;;;;;;;2758.0;701;;;3333.0;2727.0;3750.0
BUCHMEIER,HERMIT,LEIPZIG;menschlichen;;;;;;;3757.0;468;;;2441.0;3557.0;2659.0
BUCHMEIER,HERMIT,LEIPZIG;menschlicher;;;;;;;9565.0;137;;;8565.0;8294.0;900.0
BUCHMEIER,HERMIT;menschliches;;;;;;;6990.0;207;;;;6366.0;1271.0
HERMIT,LEIPZIG;Menschlichkeit;;;;;;;;;;;9143.0;8460.0;874.0
B1,LEIPZIG;Menü;das;;Substantiv;neutr.;https://www.dwds.de/wb/Men%C3%BC;0.0;;;;;6435.0;;
BUCHMEIER,HERMIT,LEIPZIG;Mercedes;;;;;;;8288.0;165;;;3932.0;8082.0;930.0
BUCHMEIER,HERMIT;Meredith;;;;;;;4460.0;376;;;;5805.0;1427.0
BUCHMEIER,HERMIT;merke;;;;;;;6734.0;218;;;;5190.0;1634.0
LEEDS,LEIPZIG;Merkel;;;;;;;;;2834.0;24.54;8982.0;;
A2,BUCHMEIER,HERMIT,LEEDS,LEIPZIG;merken;;;Verb;;https://www.dwds.de/wb/merken;0.0;2370.0;846;1132.0;66.84;7313.0;2060.0;5240.0
LEEDS,LEIPZIG;Merkmal;;;;;;;;;2236.0;32.8;4494.0;;
BUCHMEIER,HERMIT;merkst;;;;;;;9197.0;144;;;;5708.0;1453.0
BUCHMEIER,HERMIT,LEIPZIG;merkt;;;;;;;3700.0;480;;;6275.0;3005.0;3305.0
BUCHMEIER,HERMIT;merkte;;;;;;;6667.0;221;;;;6092.0;1345.0
B1,BUCHMEIER,HERMIT,LEEDS;merkwürdig;;;Adjektiv;;https://www.dwds.de/wb/merkw%C3%BCrdig;0.0;2547.0;775;3150.0;21.5;;2254.0;4756.0
BUCHMEIER,HERMIT;merkwürdige;;;;;;;7231.0;199;;;;7272.0;1067.0
BUCHMEIER,HERMIT;Merlin;;;;;;;7655.0;183;;;;6259.0;1302.0
A2,HERMIT,LEEDS,LEIPZIG;Messe;die;;Substantiv;fem.;https://www.dwds.de/wb/Messe#1;0.0;;;2946.0;23.28;2317.0;6687.0;1190.0
B1,BUCHMEIER,FEHLER300,HERMIT,LEEDS,LEIPZIG;messen;;;Verb;;https://www.dwds.de/wb/messen;0.0;7138.0;202;2210.0;33.27;5172.0;6808.0;1161.0
A2,BUCHMEIER,BW1,HERMIT,LEEDS,LEIPZIG,LEO739,NRW422;Messer;das;;Substantiv;neutr.;https://www.dwds.de/wb/Messer#1;0.0;1660.0;1293;4019.0;15.66;4751.0;1452.0;8335.0
B1,BUCHMEIER,HERMIT,LEEDS,LEIPZIG;Metall;das;;Substantiv;neutr.;https://www.dwds.de/wb/Metall;0.0;5853.0;263;4104.0;15.17;7584.0;5556.0;1504.0
A1,BUCHMEIER,BW1,HERMIT,LEEDS,LEIPZIG;Meter;der;;Substantiv;mask., neutr.;https://www.dwds.de/wb/Meter;0.0;1784.0;1196;931.0;81.09;459.0;1635.0;7111.0
BUCHMEIER,HERMIT,LEIPZIG;Metern;;;;;;;9888.0;131;;;2451.0;8787.0;828.0
B1,BUCHMEIER,HERMIT,LEEDS,LEIPZIG;Methode;die;;Substantiv;fem.;https://www.dwds.de/wb/Methode;0.0;5271.0;302;765.0;98.22;2310.0;4763.0;1845.0
BUCHMEIER,HERMIT,LEIPZIG;Methoden;;;;;;;6408.0;233;;;2860.0;5242.0;1614.0
HERMIT,LEIPZIG;Metro;;;;;;;;;;;8708.0;9752.0;724.0
B1,LEIPZIG;Metropole;die;;Substantiv;fem.;https://www.dwds.de/wb/Metropole;0.0;;;;;6362.0;;
BUCHMEIER,HERMIT;Metropolis;;;;;;;9621.0;136;;;;8900.0;815.0
B1;Metzger;der;;Substantiv;mask.;https://www.dwds.de/wb/Metzger;0.0;;;;;;;
BUCHMEIER,HERMIT;Mexico;;;;;;;7565.0;186;;;;9273.0;773.0
BUCHMEIER,HERMIT;Mexikaner;;;;;;;6619.0;223;;;;7761.0;982.0
BUCHMEIER,HERMIT,LEEDS,LEIPZIG;Mexiko;;;;;;;2950.0;649;3611.0;17.99;3329.0;2768.0;3660.0
LEEDS,LEIPZIG;Meyer;;;;;;;;;4517.0;13.41;6337.0;;
BUCHMEIER,HERMIT;Mhm;;;;;;;6207.0;243;;;;2743.0;3717.0
HERMIT,LEIPZIG;Mi;;;;;;;;;;;5895.0;7821.0;972.0
BUCHMEIER,HERMIT,LEIPZIG;Miami;;;;;;;4522.0;369;;;9435.0;3392.0;2841.0
BUCHMEIER,BW1,HERMIT,LEIPZIG,LEO739,NRW111;mich;;;;;;;23.0;142969;;;288.0;22.0;893076.0
BUCHMEIER,HERMIT,LEEDS,LEIPZIG;Michael;;;;;;;914.0;2733;868.0;86.32;1025.0;927.0;14165.0
HERMIT,LEIPZIG;Michel;;;;;;;;;;;8552.0;4295.0;2106.0
BUCHMEIER,HERMIT;Michelle;;;;;;;3367.0;546;;;;3066.0;3217.0
BUCHMEIER,HERMIT;Mick;;;;;;;4950.0;330;;;;5632.0;1477.0
BUCHMEIER,HERMIT;Mickey;;;;;;;5504.0;283;;;;4130.0;2215.0
LEEDS,LEIPZIG;Microsoft;;;;;;;;;1584.0;47.63;2813.0;;
BUCHMEIER,HERMIT;mies;;;;;;;4702.0;352;;;;4207.0;2160.0
BUCHMEIER,HERMIT;miese;;;;;;;7325.0;195;;;;5633.0;1477.0
BUCHMEIER,HERMIT;mieser;;;;;;;7632.0;184;;;;6235.0;1307.0
BUCHMEIER,HERMIT;mieses;;;;;;;9829.0;132;;;;8829.0;823.0
A1,BUCHMEIER,HERMIT,LEEDS,LEIPZIG;Miete;die;;Substantiv;fem.;https://www.dwds.de/wb/Miete#1;0.0;3937.0;444;4975.0;11.72;4978.0;3143.0;3106.0
A1,BUCHMEIER,HERMIT,LEIPZIG;mieten;;;Verb;;https://www.dwds.de/wb/mieten;0.0;9028.0;148;;;6126.0;6818.0;1159.0
B1,LEEDS,LEIPZIG;Mieter;der;;Substantiv;mask.;https://www.dwds.de/wb/Mieter;0.0;;;4203.0;14.77;3023.0;;
B1;Mieterin;die;;Substantiv;fem.;https://www.dwds.de/wb/Mieterin;0.0;;;;;;;
B1;Migrant;der;;Substantiv;mask.;https://www.dwds.de/wb/Migrant;0.0;;;;;;;
B1;Migrantin;die;;Substantiv;fem.;https://www.dwds.de/wb/Migrantin;0.0;;;;;;;
B1;Migration;die;;Substantiv;fem.;https://www.dwds.de/wb/Migration;0.0;;;;;;;
BUCHMEIER,HERMIT;Miguel;;;;;;;8595.0;157;;;;5989.0;1374.0
BUCHMEIER,HERMIT;Mike;;;;;;;890.0;2823;;;;885.0;15058.0
BUCHMEIER,HERMIT;Mikey;;;;;;;8987.0;149;;;;6316.0;1283.0
A1,BUCHMEIER,BW1,HERMIT,LEEDS,LEIPZIG,LEO739,NRW422;Milch;die;;Substantiv;fem.;https://www.dwds.de/wb/Milch;0.0;2392.0;832;4186.0;14.86;5511.0;2028.0;5406.0
B1,LEEDS;mild;;;Adjektiv;;https://www.dwds.de/wb/mild;0.0;;;4920.0;11.9;;;
BUCHMEIER,HERMIT;Miles;;;;;;;4459.0;376;;;;3419.0;2803.0
BUCHMEIER,HERMIT,LEEDS,LEIPZIG;Militär;;;;;;;3025.0;630;2599.0;27.43;4212.0;3665.0;2565.0
LEEDS,LEIPZIG;militärisch;;;;;;;;;1028.0;73.81;8983.0;;
BUCHMEIER,HERMIT,LEIPZIG;militärische;;;;;;;9153.0;145;;;3339.0;9022.0;800.0
BUCHMEIER,HERMIT;Miller;;;;;;;3820.0;460;;;;3347.0;2880.0
A1,LEEDS,LEIPZIG;Milliarde;die;;Substantiv;fem.;https://www.dwds.de/wb/Milliarde;0.0;;;980.0;77.11;2962.0;;
BUCHMEIER,HERMIT,LEIPZIG;Milliarden;;;;;;;4594.0;363;;;229.0;3847.0;2417.0
A1,BUCHMEIER,HERMIT,LEEDS,LEIPZIG;Million;die;;Substantiv;fem.;https://www.dwds.de/wb/Million;0.0;2175.0;938;331.0;214.62;1375.0;2098.0;5143.0
BUCHMEIER,HERMIT,LEIPZIG;Millionen;;;;;;;900.0;2788;;;97.0;814.0;16605.0
BUCHMEIER,HERMIT;Milo;;;;;;;5208.0;307;;;;8034.0;937.0
BUCHMEIER,HERMIT;Min;;;;;;;8477.0;160;;;;6563.0;1222.0
B1,LEEDS,LEIPZIG;Minderheit;die;;Substantiv;fem.;https://www.dwds.de/wb/Minderheit;0.0;;;2040.0;36.42;3860.0;;
FEHLER400,HERMIT;mindeste;;;;;;;;;;;;8582.0;857.0
A2,BUCHMEIER,HERMIT,LEEDS,LEIPZIG;mindestens;;;Adverb;;https://www.dwds.de/wb/mindestens;0.0;2567.0;767;697.0;106.73;574.0;1862.0;6041.0
BUCHMEIER,HERMIT;Mine;;;;;;;7324.0;195;;;;4900.0;1768.0
HERMIT,LEIPZIG;Minen;;;;;;;;;;;9898.0;9177.0;784.0
A2;Mineralwasser;das;;Substantiv;neutr.;https://www.dwds.de/wb/Mineralwasser;0.0;;;;;;;
B1,FEHLER200,FEHLER400;minimal;;;Adjektiv;;https://www.dwds.de/wb/minimal;0.0;;;;;;;
BUCHMEIER,HERMIT,LEEDS,LEIPZIG;Minister;;;;;;;4601.0;362;2008.0;36.91;989.0;2580.0;4024.0
HERMIT,LEEDS,LEIPZIG;Ministerium;;;;;;;;;2524.0;28.36;2728.0;8266.0;903.0
LEEDS,LEIPZIG;Ministerpräsident;;;;;;;;;2056.0;36.17;871.0;;
BUCHMEIER,HERMIT,LEIPZIG;minus;;;;;;;8142.0;169;;;3121.0;5977.0;1379.0
A1,BUCHMEIER,HERMIT,LEEDS,LEIPZIG,LEO739,NRW422;Minute;die;;Substantiv;fem.;https://www.dwds.de/wb/Minute;0.0;1161.0;2023;519.0;140.6;1860.0;1070.0;11833.0
BUCHMEIER,HERMIT,LEIPZIG;Minuten;;;;;;;387.0;7661;;;536.0;394.0;42139.0
BUCHMEIER,LEEDS,LEIPZIG;Mio;;;;;;;4449.0;377;3047.0;22.39;490.0;;
BUCHMEIER,BW1,HERMIT,LEIPZIG,LEO739,NRW111;mir;;;;;;;19.0;158541;;;298.0;18.0;1019451.0
BUCHMEIER,HERMIT;Miranda;;;;;;;8553.0;158;;;;5374.0;1565.0
B1,BUCHMEIER,HERMIT,LEEDS;mischen;;;Verb;;https://www.dwds.de/wb/mischen;0.0;8141.0;169;4669.0;12.8;;6332.0;1279.0
FEHLER400;Mischpoche;;;;;;;;;;;;;
FEHLER400;Mischpoke;;;;;;;;;;;;;
BUCHMEIER,HERMIT,LEEDS,LEIPZIG;Mischung;;;;;;;6931.0;209;3233.0;20.73;2815.0;7737.0;986.0
FEHLER200,FEHLER400,LEIPZIG;Misere;;;;;;;;;;;8231.0;;
BUCHMEIER,HERMIT;Miss;;;;;;;674.0;4241;;;;488.0;33536.0
BUCHMEIER,HERMIT,LEEDS,LEIPZIG;Mission;;;;;;;1559.0;1398;2817.0;24.7;5203.0;1441.0;8408.0
BUCHMEIER,HERMIT;Mississippi;;;;;;;7720.0;181;;;;9319.0;769.0
BUCHMEIER,HERMIT;misstrauisch;;;;;;;9510.0;138;;;;7689.0;994.0
BUCHMEIER,HERMIT;Missverständnis;;;;;;;5235.0;305;;;;4127.0;2218.0
BUCHMEIER,HERMIT;Mist;;;;;;;893.0;2813;;;;794.0;17132.0
BUCHMEIER,HERMIT;Mister;;;;;;;2598.0;755;;;;1962.0;5688.0
BUCHMEIER,HERMIT;Mistkerl;;;;;;;1822.0;1170;;;;1900.0;5913.0
BUCHMEIER,HERMIT;Miststück;;;;;;;3699.0;480;;;;3365.0;2861.0
A1,BUCHMEIER,BW1,HERMIT,LEEDS,LEIPZIG,LEO739,NRW111;mit;;;Präposition;;https://www.dwds.de/wb/mit#1;0.0;20.0;152783;11.0;6901.32;9.0;19.0;1014541.0
LEEDS,LEIPZIG;Mitarbeit;;;;;;;;;4611.0;13.06;8492.0;;
A2,BUCHMEIER,HERMIT,LEEDS,LEIPZIG;Mitarbeiter;der;;Substantiv;mask.;https://www.dwds.de/wb/Mitarbeiter;0.0;4827.0;341;577.0;126.93;380.0;3227.0;3011.0
B1,LEEDS,LEIPZIG;Mitarbeiterin;die;;Substantiv;fem.;https://www.dwds.de/wb/Mitarbeiterin;0.0;;;3422.0;19.32;8149.0;;
BUCHMEIER,HERMIT;mitbekommen;;;;;;;7254.0;198;;;;6767.0;1172.0
A1,BUCHMEIER,HERMIT,LEEDS;mitbringen;;;Verb;;https://www.dwds.de/wb/mitbringen;0.0;4356.0;388;3596.0;18.11;;3850.0;2415.0
BUCHMEIER,HERMIT;Mitch;;;;;;;7281.0;197;;;;5178.0;1639.0
BUCHMEIER,HERMIT;Mitchell;;;;;;;5557.0;280;;;;4830.0;1804.0
B1,BUCHMEIER,HERMIT,LEEDS,LEIPZIG;miteinander;;;Adverb;;https://www.dwds.de/wb/miteinander;0.0;1464.0;1506;1046.0;72.75;1655.0;1289.0;9474.0
BUCHMEIER,HERMIT;mitfahren;;;;;;;7533.0;187;;;;6263.0;1299.0
BUCHMEIER,HERMIT,LEIPZIG;mitgebracht;;;;;;;1918.0;1098;;;9228.0;1658.0;6997.0
BUCHMEIER,HERMIT;Mitgefühl;;;;;;;5883.0;261;;;;5231.0;1620.0
BUCHMEIER,HERMIT;mitgehen;;;;;;;8740.0;154;;;;7260.0;1070.0
BUCHMEIER,HERMIT;mitgenommen;;;;;;;2668.0;731;;;;2201.0;4872.0
B1,BUCHMEIER,HERMIT,LEEDS,LEIPZIG;Mitglied;das;;Substantiv;neutr.;https://www.dwds.de/wb/Mitglied;0.0;2966.0;644;332.0;214.62;1243.0;2763.0;3667.0
BUCHMEIER,HERMIT,LEIPZIG;Mitglieder;;;;;;;5087.0;318;;;622.0;4128.0;2217.0
LEEDS,LEIPZIG;Mitgliedschaft;;;;;;;;;4383.0;13.91;6268.0;;
HERMIT,LEIPZIG;mithalten;;;;;;;;;;;9057.0;9731.0;727.0
FEHLER400,HERMIT;mithilfe;;;;;;;;;;;;9929.0;707.0
A1,BUCHMEIER,HERMIT;mitkommen;;;Verb;;https://www.dwds.de/wb/mitkommen;0.0;1993.0;1051;;;;1689.0;6842.0
BUCHMEIER,HERMIT,LEIPZIG;Mitleid;;;;;;;3161.0;595;;;9154.0;3269.0;2968.0
A1,BUCHMEIER,HERMIT,LEEDS,LEIPZIG;mitmachen;;;Verb;;https://www.dwds.de/wb/mitmachen;0.0;3695.0;481;4082.0;15.26;7175.0;3713.0;2524.0
A1,BUCHMEIER,HERMIT,LEEDS,LEO739,NRW422;mitnehmen;;;Verb;;https://www.dwds.de/wb/mitnehmen;0.0;1690.0;1268;3278.0;20.36;;1461.0;8256.0
BUCHMEIER,HERMIT;mitspielen;;;;;;;6645.0;222;;;;6627.0;1207.0
A1,BUCHMEIER,BW3,HERMIT,LEEDS,LEIPZIG,LEO739,NRW422;Mittag;der;Mittage;Substantiv;mask.;https://www.dwds.de/wb/Mittag#1;0.0;3307.0;558;4667.0;12.81;8280.0;2697.0;3808.0
A2,BUCHMEIER,BW3,HERMIT;Mittagessen;das;;Substantiv;neutr.;https://www.dwds.de/wb/Mittagessen;0.0;3067.0;616;;;;2490.0;4195.0
BUCHMEIER,HERMIT;Mittagspause;;;;;;;8879.0;151;;;;8418.0;880.0
A1,BUCHMEIER,BW3,FEHLER300,HERMIT,LEEDS,LEIPZIG;Mitte;die;;Substantiv;fem.;https://www.dwds.de/wb/Mitte;0.0;2722.0;715;724.0;102.53;541.0;2480.0;4219.0
B1,BUCHMEIER,HERMIT,LEEDS,LEIPZIG;mitteilen;;;Verb;;https://www.dwds.de/wb/mitteilen;0.0;5287.0;300;1513.0;50.43;9455.0;4226.0;2149.0
LEEDS,LEIPZIG;Mitteilung;;;;;;;;;2642.0;26.79;3016.0;;
A2,BUCHMEIER,HERMIT,LEEDS,LEIPZIG;Mittel;das;;Substantiv;neutr.;https://www.dwds.de/wb/Mittel;0.0;3529.0;516;479.0;151.16;851.0;2716.0;3770.0
LEEDS,LEIPZIG;Mittelalter;;;;;;;;;3261.0;20.55;6117.0;;
BUCHMEIER,HERMIT,LEIPZIG;Mitteln;;;;;;;8878.0;151;;;2273.0;8496.0;870.0
BUCHMEIER,LEEDS,LEIPZIG;Mittelpunkt;;;;;;;9943.0;130;2113.0;35.17;1793.0;;
LEEDS,LEIPZIG;mittels;;;;;;;;;1810.0;41.14;3484.0;;
B1,BUCHMEIER,HERMIT,LEEDS,LEIPZIG;mitten;;;Adverb;;https://www.dwds.de/wb/mitten;0.0;1925.0;1092;1903.0;38.96;2522.0;1534.0;7708.0
BUCHMEIER,HERMIT,LEIPZIG;Mitternacht;;;;;;;3548.0;511;;;4962.0;2791.0;3627.0
B1,LEEDS;mittler;;;Adjektiv;;https://www.dwds.de/wb/mittler;0.0;;;2178.0;33.88;;;
HERMIT,LEIPZIG;mittleren;;;;;;;;;;;4161.0;7407.0;1044.0
B1,BUCHMEIER,HERMIT,LEEDS,LEIPZIG;mittlerweile;;;Adverb;;https://www.dwds.de/wb/mittlerweile;0.0;7195.0;200;918.0;82.55;952.0;5871.0;1407.0
A1,BUCHMEIER,BW1,HERMIT,LEEDS,LEIPZIG,LEO739,NRW422;Mittwoch;der;;Substantiv;mask.;https://www.dwds.de/wb/Mittwoch;0.0;4552.0;367;1270.0;59.59;394.0;4089.0;2235.0
LEEDS,LEIPZIG;mitunter;;;;;;;;;3781.0;16.87;4629.0;;
BUCHMEIER,HERMIT;mitzunehmen;;;;;;;7868.0;177;;;;7954.0;948.0
BUCHMEIER,HERMIT;mitzuteilen;;;;;;;8476.0;160;;;;8299.0;899.0
LEEDS,LEIPZIG;Mißbrauch;;;;;;;;;2832.0;24.55;4939.0;;
BUCHMEIER,HERMIT,LEEDS;Mm;;;;;;;5807.0;265;3907.0;16.26;;3727.0;2512.0
BUCHMEIER,HERMIT;Mmm;;;;;;;6692.0;220;;;;7804.0;975.0
A1,HERMIT,LEIPZIG;Mo;;;Symbol;;https://www.dwds.de/wb/Mo#1;0.0;;;;;5433.0;8974.0;806.0
B1,LEEDS;mobil;;;Adjektiv;;https://www.dwds.de/wb/mobil;0.0;;;3234.0;20.73;;;
B1;Mobilbox;die;;Substantiv;fem.;https://www.dwds.de/wb/Mobilbox;0.0;;;;;;;
FEHLER200,FEHLER400;Mobiliar;;;;;;;;;;;;;
B1,LEIPZIG;Mobilität;die;;Substantiv;fem.;https://www.dwds.de/wb/Mobilit%C3%A4t;0.0;;;;;9639.0;;
A2;Mobiltelefon;das;;Substantiv;neutr.;https://www.dwds.de/wb/Mobiltelefon;0.0;;;;;;;
BUCHMEIER,HERMIT,LEIPZIG;mochte;;;;;;;2205.0;923;;;5804.0;2230.0;4808.0
BUCHMEIER,HERMIT;mochten;;;;;;;8033.0;172;;;;8175.0;915.0
A2,BUCHMEIER,HERMIT,LEEDS,LEIPZIG;Mode;die;;Substantiv;fem.;https://www.dwds.de/wb/Mode;0.0;6930.0;209;4013.0;15.68;4133.0;6278.0;1293.0
BUCHMEIER,HERMIT;Model;;;;;;;9444.0;139;;;;6967.0;1125.0
B1,BUCHMEIER,HERMIT,LEEDS,LEIPZIG;Modell;das;;Substantiv;neutr.;https://www.dwds.de/wb/Modell;0.0;4204.0;408;889.0;84.36;1488.0;4261.0;2127.0
LEEDS,LEIPZIG;Moderator;;;;;;;;;4049.0;15.44;7418.0;;
A2,HERMIT,LEEDS;modern;;;Adjektiv;;https://www.dwds.de/wb/modern#1;0.0;;;552.0;131.93;;9353.0;764.0
BUCHMEIER,HERMIT,LEEDS,LEIPZIG;moderne;;;;;;;9359.0;141;3298.0;20.24;2294.0;6377.0;1269.0
BUCHMEIER,HERMIT,LEIPZIG;modernen;;;;;;;8692.0;155;;;1733.0;7684.0;995.0
LEEDS,LEIPZIG;Modernisierung;;;;;;;;;4529.0;13.37;4860.0;;
BUCHMEIER,HERMIT;Molly;;;;;;;4315.0;392;;;;3120.0;3134.0
BUCHMEIER,HERMIT;Mom;;;;;;;537.0;5556;;;;420.0;38250.0
A1,BUCHMEIER,HERMIT,LEEDS,LEIPZIG;Moment;der;;Substantiv;mask.;https://www.dwds.de/wb/Moment#1;0.0;310.0;9769;745.0;100.04;1451.0;291.0;61265.0
BUCHMEIER,HERMIT,LEEDS,LEIPZIG;momentan;;;;;;;4252.0;401;2438.0;29.77;5130.0;2902.0;3439.0
BUCHMEIER,HERMIT,LEIPZIG;Momente;;;;;;;4763.0;347;;;7732.0;5172.0;1643.0
BUCHMEIER,HERMIT;Mommy;;;;;;;4415.0;381;;;;3873.0;2398.0
BUCHMEIER,HERMIT,LEEDS,LEIPZIG;Monat;;;;;;;1176.0;1971;292.0;242.52;1011.0;1027.0;12325.0
BUCHMEIER,HERMIT,LEIPZIG;Monate;;;;;;;1051.0;2290;;;643.0;901.0;14786.0
BUCHMEIER,HERMIT,LEIPZIG;Monaten;;;;;;;1200.0;1920;;;418.0;965.0;13557.0
LEEDS,LEIPZIG;monatlich;;;;;;;;;2758.0;25.34;3580.0;;
BUCHMEIER,HERMIT,LEIPZIG;Monats;;;;;;;7867.0;177;;;5514.0;7017.0;1115.0
B1,BUCHMEIER,BW3,HERMIT,LEEDS,LEIPZIG,LEO739,NRW422;Mond;der;Monde;Substantiv;mask.;https://www.dwds.de/wb/Mond;0.0;2632.0;743;2746.0;25.52;5887.0;2057.0;5253.0
BUCHMEIER,HERMIT;Monica;;;;;;;1939.0;1084;;;;3770.0;2477.0
B1,BUCHMEIER,HERMIT,LEEDS,LEIPZIG;Monitor;der;;Substantiv;mask.;https://www.dwds.de/wb/Monitor;0.0;8796.0;153;4746.0;12.53;9643.0;9464.0;753.0
BUCHMEIER,HERMIT;Monroe;;;;;;;7230.0;199;;;;4945.0;1747.0
BUCHMEIER,HERMIT;Monsieur;;;;;;;1840.0;1155;;;;1011.0;12579.0
BUCHMEIER,HERMIT;Monster;;;;;;;1606.0;1349;;;;1439.0;8409.0
A1,BUCHMEIER,BW1,HERMIT,LEEDS,LEIPZIG,LEO739,NRW422;Montag;der;;Substantiv;mask.;https://www.dwds.de/wb/Montag;0.0;3046.0;623;1000.0;75.81;353.0;2417.0;4364.0
BUCHMEIER,HERMIT;Moon;;;;;;;8325.0;164;;;;8534.0;864.0
BUCHMEIER,HERMIT;Moore;;;;;;;7280.0;197;;;;7262.0;1070.0
BW3;Moos;das;;Substantiv;;;;;;;;;;
BUCHMEIER,HERMIT,LEEDS,LEIPZIG;Moral;;;;;;;5373.0;293;3399.0;19.48;4176.0;4962.0;1737.0
LEEDS,LEIPZIG;moralisch;;;;;;;;;1662.0;45.04;9702.0;;
BUCHMEIER,HERMIT,LEEDS,LEIPZIG;Mord;;;;;;;1354.0;1654;2303.0;31.82;2560.0;909.0;14671.0
BUCHMEIER,HERMIT,LEIPZIG;Morde;;;;;;;4680.0;355;;;9166.0;3225.0;3013.0
BUCHMEIER,HERMIT,LEIPZIG;Mordes;;;;;;;5270.0;302;;;6613.0;3162.0;3080.0
BUCHMEIER,HERMIT;more;;;;;;;4075.0;426;;;;6803.0;1162.0
BUCHMEIER,HERMIT;Morgan;;;;;;;2655.0;737;;;;2570.0;4057.0
A1,BUCHMEIER,BW1,FEHLER100,FEHLER200,FEHLER300,FEHLER400,HERMIT,LEEDS,LEIPZIG,LEO739,NRW422;Morgen;der;;Substantiv;mask.;https://www.dwds.de/wb/Morgen;0.0;348.0;8559;1142.0;66.21;1098.0;176.0;112042.0
FEHLER400;morgendlich;;;;;;;;;;;;;
BUCHMEIER,HERMIT,LEEDS,LEIPZIG;morgens;;;;;;;2615.0;748;2570.0;27.8;3626.0;1842.0;6094.0
BUCHMEIER,HERMIT;Morris;;;;;;;3693.0;482;;;;4392.0;2050.0
BUCHMEIER,HERMIT;Moses;;;;;;;5021.0;324;;;;7364.0;1053.0
BUCHMEIER,HERMIT,LEEDS,LEIPZIG;Moskau;;;;;;;4819.0;342;2471.0;29.12;945.0;4658.0;1898.0
BUCHMEIER,HERMIT;Motel;;;;;;;4851.0;339;;;;4266.0;2125.0
BUCHMEIER,HERMIT,LEEDS,LEIPZIG;Motiv;;;;;;;6321.0;237;2062.0;36.03;4257.0;3735.0;2506.0
LEEDS,LEIPZIG;Motivation;;;;;;;;;3185.0;21.08;7307.0;;
A2,BUCHMEIER,HERMIT,LEEDS,LEIPZIG;Motor;der;;Substantiv;mask.;https://www.dwds.de/wb/Motor;0.0;3311.0;557;2944.0;23.29;4605.0;2367.0;4486.0
B1,BUCHMEIER,HERMIT,LEO739;Motorrad;das;;Substantiv;neutr.;https://www.dwds.de/wb/Motorrad;0.0;4307.0;393;;;;4129.0;2216.0
A2;Motorroller;der;;Substantiv;mask.;https://www.dwds.de/wb/Motorroller;0.0;;;;;;;
BUCHMEIER,HERMIT,LEEDS,LEIPZIG;Motto;;;;;;;7866.0;177;2288.0;32.06;1564.0;7685.0;995.0
BUCHMEIER,HERMIT;Mount;;;;;;;9827.0;132;;;;8667.0;846.0
BUCHMEIER,HERMIT;Mr;;;;;;;181.0;18116;;;;795.0;17083.0
BUCHMEIER,HERMIT;Mrs;;;;;;;671.0;4258;;;;2357.0;4511.0
BUCHMEIER,HERMIT;Much;;;;;;;6957.0;208;;;;9424.0;757.0
BUCHMEIER,HERMIT;Mum;;;;;;;4286.0;396;;;;2986.0;3322.0
BUCHMEIER,HERMIT;Mumm;;;;;;;8254.0;166;;;;7772.0;980.0
A1,BUCHMEIER,BW3,HERMIT,LEEDS,LEIPZIG,LEO739,NRW422;Mund;der;Münder;Substantiv;mask.;https://www.dwds.de/wb/Mund#1;0.0;922.0;2690;1706.0;43.99;3186.0;854.0;15761.0
BUCHMEIER,HERMIT,LEIPZIG;Munition;;;;;;;3654.0;489;;;9734.0;3663.0;2566.0
BUCHMEIER,HERMIT;munter;;;;;;;9066.0;147;;;;9224.0;779.0
BUCHMEIER,HERMIT;Murphy;;;;;;;4040.0;431;;;;4053.0;2256.0
BUCHMEIER,HERMIT;Murray;;;;;;;9675.0;135;;;;7330.0;1059.0
BW1;Muschel;die;;Substantiv;;;;;;;;;;
BUCHMEIER,HERMIT;Muschi;;;;;;;9398.0;140;;;;6662.0;1197.0
A2,BUCHMEIER,HERMIT,LEEDS,LEIPZIG;Museum;das;;Substantiv;neutr.;https://www.dwds.de/wb/Museum;0.0;4165.0;413;1528.0;49.97;1395.0;3915.0;2366.0
A2,BUCHMEIER,HERMIT,LEEDS,LEIPZIG;Musik;die;;Substantiv;fem.;https://www.dwds.de/wb/Musik;0.0;467.0;6312;412.0;178.13;539.0;295.0;59500.0
B1,LEEDS,LEIPZIG;musikalisch;;;Adjektiv;;https://www.dwds.de/wb/musikalisch;0.0;;;1553.0;48.91;9794.0;;
B1,BUCHMEIER,HERMIT,LEEDS,LEIPZIG;Musiker;der;;Substantiv;mask.;https://www.dwds.de/wb/Musiker;0.0;6303.0;238;2408.0;30.1;2605.0;5499.0;1521.0
B1;Musikerin;die;;Substantiv;fem.;https://www.dwds.de/wb/Musikerin;0.0;;;;;;;
B1;Muskel;der;;Substantiv;mask.;https://www.dwds.de/wb/Muskel;0.0;;;;;;;
BUCHMEIER,HERMIT;Muskeln;;;;;;;5491.0;284;;;;5480.0;1529.0
LEEDS,LEIPZIG;Muslime;;;;;;;;;4637.0;12.94;5741.0;;
BUCHMEIER,FEHLER300,HERMIT,LEIPZIG,LEO739,NRW422;muss;;;;;;;94.0;41814;;;1297.0;77.0;295567.0
BUCHMEIER,HERMIT;musst;;;;;;;240.0;13698;;;;205.0;92429.0
BUCHMEIER,HERMIT,LEIPZIG;musste;;;;;;;565.0;5261;;;4449.0;489.0;33428.0
BUCHMEIER,HERMIT,LEIPZIG;mussten;;;;;;;1203.0;1917;;;8819.0;1366.0;8848.0
BUCHMEIER,HERMIT;musstest;;;;;;;3569.0;505;;;;2840.0;3522.0
BUCHMEIER,HERMIT,LEEDS,LEIPZIG;Muster;;;;;;;5952.0;258;2752.0;25.41;3705.0;4229.0;2145.0
B1,BUCHMEIER,HERMIT,LEEDS,LEIPZIG;Mut;der;;Substantiv;mask.;https://www.dwds.de/wb/Mut;0.0;1791.0;1193;2028.0;36.57;2525.0;1718.0;6674.0
B1,BUCHMEIER,BW3,HERMIT,LEEDS;mutig;;Mut;Adjektiv;;https://www.dwds.de/wb/mutig;0.0;4355.0;388;4310.0;14.22;;3210.0;3022.0
A1,BUCHMEIER,BW1,FEHLER300,HERMIT,LEEDS,LEIPZIG,LEO739,NRW422;Mutter;die;Mütter;Substantiv;fem.;https://www.dwds.de/wb/Mutter;0.0;223.0;14405;367.0;192.03;644.0;197.0;95349.0
B1;Muttersprache;die;;Substantiv;fem.;https://www.dwds.de/wb/Muttersprache;0.0;;;;;;;
BUCHMEIER,HERMIT;Mutti;;;;;;;5338.0;296;;;;5547.0;1506.0
BUCHMEIER,HERMIT,LEIPZIG;muß;;;;;;;650.0;4448;;;107.0;1640.0;7080.0
BUCHMEIER,HERMIT;mußt;;;;;;;1341.0;1670;;;;3897.0;2381.0
BUCHMEIER,HERMIT,LEIPZIG;mußte;;;;;;;3754.0;469;;;375.0;9043.0;798.0
BUCHMEIER,HERMIT,LEEDS;my;;;;;;;3523.0;517;3957.0;15.95;;1923.0;5807.0
BUCHMEIER,HERMIT,LEEDS,LEIPZIG;Mythos;;;;;;;9304.0;142;4484.0;13.55;4431.0;9722.0;728.0
BUCHMEIER,HERMIT,LEEDS,LEIPZIG;mächtig;;;;;;;4500.0;372;1841.0;40.29;6832.0;3840.0;2426.0
BUCHMEIER,HERMIT,LEIPZIG;mächtige;;;;;;;7196.0;200;;;9074.0;6809.0;1161.0
HERMIT,LEIPZIG;mächtigen;;;;;;;;;;;6519.0;6752.0;1175.0
BUCHMEIER,HERMIT;mächtiger;;;;;;;7995.0;173;;;;7282.0;1066.0
A1,BUCHMEIER,BW3,FEHLER300,HERMIT,LEEDS,LEIPZIG,LEO739;Mädchen;das;;Substantiv;neutr.;https://www.dwds.de/wb/M%C3%A4dchen;0.0;267.0;11885;690.0;107.51;789.0;251.0;72685.0
BUCHMEIER,HERMIT;Mädchens;;;;;;;5375.0;293;;;;5532.0;1511.0
BUCHMEIER,HERMIT;Mädel;;;;;;;4799.0;344;;;;3599.0;2621.0
BUCHMEIER,HERMIT;Mädels;;;;;;;2250.0;896;;;;1717.0;6680.0
BUCHMEIER,HERMIT,LEIPZIG;Männer;;;;;;;412.0;7226;;;449.0;370.0;45451.0
BUCHMEIER,HERMIT,LEIPZIG;Männern;;;;;;;1805.0;1183;;;2065.0;1576.0;7438.0
A1,BUCHMEIER,HERMIT,LEEDS;männlich;;;Adjektiv;;https://www.dwds.de/wb/m%C3%A4nnlich;0.0;8364.0;163;1977.0;37.44;;7729.0;987.0
BUCHMEIER,HERMIT,LEIPZIG;männliche;;;;;;;8213.0;167;;;7302.0;7923.0;954.0
HERMIT,LEIPZIG;männlichen;;;;;;;;;;;5225.0;9283.0;772.0
B1,BUCHMEIER,BW3,HERMIT,LEEDS,LEIPZIG,LEO739;Märchen;das;;Substantiv;neutr.;https://www.dwds.de/wb/M%C3%A4rchen;0.0;5634.0;275;3736.0;17.15;4910.0;4284.0;2116.0
A1,BUCHMEIER,BW1,HERMIT,LEEDS,LEIPZIG,LEO739;März;der;;Substantiv;mask.;https://www.dwds.de/wb/M%C3%A4rz;0.0;7634.0;184;598.0;121.09;416.0;5624.0;1480.0
BUCHMEIER,HERMIT;Mäuse;;;;;;;4119.0;419;;;;3263.0;2978.0
A1,BUCHMEIER,HERMIT,LEIPZIG;Möbel;das;;Substantiv;neutr.;https://www.dwds.de/wb/M%C3%B6bel;0.0;6887.0;211;;;6856.0;5067.0;1693.0
B1;möbliert;;;partizipiales Adjektiv;;https://www.dwds.de/wb/m%C3%B6bliert;0.0;;;;;;;
BUCHMEIER,HERMIT,LEIPZIG;möchte;;;;;;;228.0;14217;;;601.0;211.0;89068.0
BUCHMEIER,HERMIT,LEIPZIG,LEO739,NRW422;möchten;;;;;;;1423.0;1552;;;1542.0;758.0;18138.0
BUCHMEIER,HERMIT;möchtest;;;;;;;1570.0;1387;;;;830.0;16205.0
BUCHMEIER,HERMIT,LEIPZIG;Möge;;;;;;;4612.0;361;;;6732.0;2478.0;4222.0
A1,BUCHMEIER,BW1,HERMIT,LEEDS,LEIPZIG,LEO739,NRW422;mögen;;du magst, ich mochte;Verb;;https://www.dwds.de/wb/m%C3%B6gen;0.0;1038.0;2328;153.0;471.17;3122.0;893.0;14944.0
A1,BUCHMEIER,HERMIT,LEEDS,LEIPZIG;möglich;;;Adjektiv;;https://www.dwds.de/wb/m%C3%B6glich;0.0;730.0;3739;169.0;403.58;310.0;605.0;25388.0
BUCHMEIER,HERMIT,LEIPZIG;mögliche;;;;;;;5865.0;262;;;1819.0;3459.0;2759.0
BUCHMEIER,HERMIT,LEIPZIG;möglichen;;;;;;;4652.0;357;;;1579.0;4144.0;2204.0
B1,BUCHMEIER,HERMIT,LEEDS,LEIPZIG;möglicherweise;;;Adverb;;https://www.dwds.de/wb/m%C3%B6glicherweise;0.0;3779.0;465;1510.0;50.46;1233.0;2278.0;4709.0
B1,BUCHMEIER,HERMIT,LEEDS,LEIPZIG;Möglichkeit;die;;Substantiv;fem.;https://www.dwds.de/wb/M%C3%B6glichkeit;0.0;1367.0;1637;233.0;294.72;635.0;1297.0;9434.0
BUCHMEIER,HERMIT,LEIPZIG;Möglichkeiten;;;;;;;3238.0;575;;;1033.0;2593.0;4001.0
B1,BUCHMEIER,HERMIT,LEEDS,LEIPZIG;möglichst;;;Adverb;;https://www.dwds.de/wb/m%C3%B6glichst;0.0;6829.0;214;801.0;93.74;1140.0;5967.0;1380.0
B1;Möhre;die;;Substantiv;fem.;https://www.dwds.de/wb/M%C3%B6hre;0.0;;;;;;;
BUCHMEIER,HERMIT,LEEDS;Mönch;;;;;;;4667.0;356;3967.0;15.9;;7491.0;1030.0
BUCHMEIER,HERMIT,LEEDS,LEIPZIG;Mörder;;;;;;;1256.0;1827;4299.0;14.25;4150.0;874.0;15310.0
A1,BUCHMEIER,HERMIT,LEEDS,LEIPZIG;müde;;;Adjektiv;;https://www.dwds.de/wb/m%C3%BCde;0.0;1284.0;1784;2789.0;24.98;4555.0;1083.0;11612.0
B1;Müesli;das;;Substantiv;neutr.;https://www.dwds.de/wb/M%C3%BCesli;0.0;;;;;;;
B1,BUCHMEIER,BW3,HERMIT,LEEDS,LEIPZIG;Mühe;die;;Substantiv;fem.;https://www.dwds.de/wb/M%C3%BChe;0.0;2557.0;771;2153.0;34.4;3439.0;2107.0;5114.0
LEEDS,LEIPZIG;mühsam;;;;;;;;;4250.0;14.49;5604.0;;
A2,BUCHMEIER,BW3,HERMIT,LEIPZIG;Müll;der;;Substantiv;mask.;https://www.dwds.de/wb/M%C3%BCll;0.0;2908.0;661;;;4134.0;2476.0;4223.0
B1;Müllabfuhr;die;;Substantiv;fem.;https://www.dwds.de/wb/M%C3%BCllabfuhr;0.0;;;;;;;
HERMIT,LEEDS,LEIPZIG;Müller;;;;;;;;;1911.0;38.83;2222.0;7891.0;958.0
B1;Mülltonne;die;;Substantiv;fem.;https://www.dwds.de/wb/M%C3%BClltonne;0.0;;;;;;;
HERMIT,LEEDS,LEIPZIG;München;;;;;;;;;678.0;108.55;277.0;8348.0;891.0
LEEDS,LEIPZIG;Münchner;;;;;;;;;2913.0;23.64;523.0;;
B1,LEEDS;mündlich;;;Adjektiv;;https://www.dwds.de/wb/m%C3%BCndlich;0.0;;;3541.0;18.49;;;
LEEDS,LEIPZIG;Münster;;;;;;;;;3390.0;19.52;4663.0;;
B1,BUCHMEIER,HERMIT;Münze;die;;Substantiv;fem.;https://www.dwds.de/wb/M%C3%BCnze;0.0;5908.0;260;;;;5968.0;1380.0
BUCHMEIER,HERMIT,LEIPZIG;Münzen;;;;;;;7532.0;187;;;9856.0;7135.0;1095.0
B1;Müsli;das;;Substantiv;neutr.;https://www.dwds.de/wb/M%C3%BCsli;0.0;;;;;;;
HERMIT,LEIPZIG;müsse;;;;;;;;;;;313.0;7107.0;1100.0
A1,BUCHMEIER,FEHLER100,HERMIT,LEEDS,LEIPZIG,LEO739,NRW422;müssen;;;Verb;;https://www.dwds.de/wb/m%C3%BCssen;0.0;122.0;29116;45.0;2004.95;124.0;121.0;191257.0
BUCHMEIER,HERMIT;müsst;;;;;;;1307.0;1742;;;;1041.0;12162.0
BUCHMEIER,HERMIT;müsste;;;;;;;1274.0;1797;;;;1012.0;12576.0
BUCHMEIER,HERMIT,LEIPZIG;müssten;;;;;;;2738.0;708;;;7432.0;2032.0;5398.0
BUCHMEIER,HERMIT;müsstest;;;;;;;4826.0;341;;;;4269.0;2123.0
BUCHMEIER,HERMIT,LEIPZIG;Mütter;;;;;;;6029.0;253;;;4035.0;4473.0;1999.0
A2,BUCHMEIER,BW1,HERMIT,LEO739,NRW422;Mütze;die;;Substantiv;fem.;https://www.dwds.de/wb/M%C3%BCtze;0.0;6828.0;214;;;;5434.0;1547.0
BUCHMEIER,LEIPZIG;müßte;;;;;;;7654.0;183;;;1008.0;;
BUCHMEIER,HERMIT,LEEDS,LEIPZIG;Na;;;;;;;175.0;19032;1525.0;50.03;6486.0;158.0;140395.0
A1,BUCHMEIER,BW3,HERMIT,LEEDS,LEIPZIG,LEO739,NRW111;nach;;;Präposition;;https://www.dwds.de/wb/nach#1;0.0;83.0;46626;33.0;2819.47;31.0;73.0;326208.0
A2,BUCHMEIER,HERMIT,LEEDS,LEIPZIG,LEO739,NRW422;Nachbar;der;;Substantiv;mask.;https://www.dwds.de/wb/Nachbar;0.0;5390.0;292;2013.0;36.86;9399.0;4596.0;1921.0
A2,BUCHMEIER,HERMIT;Nachbarin;die;;Substantiv;fem.;https://www.dwds.de/wb/Nachbarin;0.0;8594.0;157;;;;6571.0;1220.0
BUCHMEIER,HERMIT,LEIPZIG;Nachbarn;;;;;;;2667.0;731;;;1800.0;2118.0;5091.0
BUCHMEIER,HERMIT,LEIPZIG;Nachbarschaft;;;;;;;5442.0;288;;;5739.0;4848.0;1792.0
B1,BUCHMEIER,BW3,FEHLER300,HERMIT,LEEDS,LEIPZIG;nachdem;;;Konjunktion;;https://www.dwds.de/wb/nachdem;0.0;1126.0;2097;408.0;179.54;556.0;751.0;18300.0
B1,BUCHMEIER,HERMIT,LEEDS,LEIPZIG;nachdenken;;;Verb;;https://www.dwds.de/wb/nachdenken;0.0;2341.0;861;2254.0;32.56;7761.0;1767.0;6396.0
BUCHMEIER,HERMIT,LEEDS,LEIPZIG;Nachfolger;;;;;;;7306.0;196;2709.0;25.9;1462.0;7650.0;1000.0
BUCHMEIER,HERMIT;Nachforschungen;;;;;;;8031.0;172;;;;8562.0;861.0
B1,HERMIT,LEEDS,LEIPZIG;Nachfrage;die;;Substantiv;fem.;https://www.dwds.de/wb/Nachfrage;0.0;;;1935.0;38.49;1723.0;8595.0;854.0
BUCHMEIER,HERMIT,LEIPZIG;nachgedacht;;;;;;;2013.0;1043;;;7648.0;1589.0;7351.0
HERMIT,LEEDS;nachgehen;;;;;;;;;4525.0;13.38;;9967.0;703.0
LEEDS,LEIPZIG;nachhaltig;;;;;;;;;1862.0;39.91;6139.0;;
B1,BUCHMEIER,HERMIT,LEEDS;nachher;;;Adverb;;https://www.dwds.de/wb/nachher;0.0;2710.0;718;4513.0;13.43;;1925.0;5797.0
B1;Nachhilfe;die;;Substantiv;fem.;https://www.dwds.de/wb/Nachhilfe;0.0;;;;;;;
A1,BUCHMEIER,BW3,FEHLER300,HERMIT,LEEDS,LEIPZIG,LEO739,NRW422;Nachmittag;der;;Substantiv;mask.;https://www.dwds.de/wb/Nachmittag;0.0;2496.0;790;2540.0;28.15;2569.0;1749.0;6492.0
BUCHMEIER,HERMIT;Nachnamen;;;;;;;9303.0;142;;;;8440.0;877.0
A2,BUCHMEIER,HERMIT,LEEDS,LEIPZIG;Nachricht;die;;Substantiv;fem.;https://www.dwds.de/wb/Nachricht;0.0;937.0;2641;874.0;85.76;2678.0;773.0;17710.0
BUCHMEIER,HERMIT,LEIPZIG;Nachrichten;;;;;;;1386.0;1593;;;2618.0;1206.0;10341.0
B1;nachschlagen;;;Verb;;https://www.dwds.de/wb/nachschlagen;0.0;;;;;;;
BUCHMEIER,HERMIT;nachsehen;;;;;;;4074.0;426;;;;3287.0;2954.0
B1;Nachspeise;die;;Substantiv;fem.;https://www.dwds.de/wb/Nachspeise;0.0;;;;;;;
B1,BUCHMEIER,HERMIT,LEEDS,LEIPZIG,LEO739;Nacht;die;;Substantiv;fem.;https://www.dwds.de/wb/Nacht;0.0;261.0;12177;550.0;132.07;606.0;219.0;85102.0
B1,LEEDS,LEIPZIG;Nachteil;der;;Substantiv;mask.;https://www.dwds.de/wb/Nachteil;0.0;;;2320.0;31.48;5906.0;;
BUCHMEIER,HERMIT;Nachtisch;;;;;;;8363.0;163;;;;6518.0;1231.0
LEEDS,LEIPZIG;nachträglich;;;;;;;;;3996.0;15.77;6363.0;;
BUCHMEIER,HERMIT,LEEDS,LEIPZIG;nachts;;;;;;;2230.0;909;2576.0;27.75;3480.0;1496.0;7964.0
LEEDS,LEIPZIG;Nachweis;;;;;;;;;3605.0;18.04;6753.0;;
LEEDS,LEIPZIG;nachweisen;;;;;;;;;2166.0;34.1;5373.0;;
B1,LEIPZIG;Nachwuchs;der;;Substantiv;mask.;https://www.dwds.de/wb/Nachwuchs;0.0;;;;;4384.0;;
BUCHMEIER,HERMIT,LEIPZIG;nachzudenken;;;;;;;5389.0;292;;;8786.0;4617.0;1915.0
BUCHMEIER,HERMIT;Nacken;;;;;;;6302.0;238;;;;5199.0;1631.0
BUCHMEIER,HERMIT,LEEDS;nackt;;;;;;;2525.0;782;3765.0;16.99;;2413.0;4377.0
BUCHMEIER,HERMIT;nackte;;;;;;;8432.0;161;;;;8132.0;923.0
B1,BUCHMEIER,BW1,HERMIT;Nadel;die;;Substantiv;fem.;https://www.dwds.de/wb/Nadel;0.0;5805.0;265;;;;5225.0;1622.0
BUCHMEIER,HERMIT;Nadia;;;;;;;2836.0;676;;;;7562.0;1016.0
B1,BUCHMEIER,HERMIT,LEIPZIG;Nagel;der;;Substantiv;mask.;https://www.dwds.de/wb/Nagel;0.0;8174.0;168;;;8932.0;6583.0;1218.0
B1,BUCHMEIER,FEHLER300,HERMIT,LEEDS,LEIPZIG;nah;;;Adjektiv;;https://www.dwds.de/wb/nah;0.0;1653.0;1298;176.0;387.13;6957.0;1512.0;7865.0
B1,BUCHMEIER,HERMIT,LEEDS,LEIPZIG;nahe;;;Adjektiv;;https://www.dwds.de/wb/nahe;0.0;1551.0;1408;1126.0;67.54;1159.0;1408.0;8576.0
LEEDS,LEIPZIG;nahezu;;;;;;;;;1702.0;44.05;1563.0;;
BUCHMEIER,FEHLER300,HERMIT,LEIPZIG;nahm;;;;;;;1322.0;1698;;;861.0;1078.0;11707.0
BUCHMEIER,HERMIT,LEIPZIG;nahmen;;;;;;;3060.0;618;;;2182.0;3040.0;3254.0
BUCHMEIER,BW3,HERMIT,LEEDS,LEIPZIG;Nahrung;die;Ernährung, ernähren;Substantiv;;;;5174.0;310;3169.0;21.26;5190.0;4590.0;1925.0
B1,LEIPZIG;Nahrungsmittel;das;;Substantiv;neutr.;https://www.dwds.de/wb/Nahrungsmittel;0.0;;;;;8556.0;;
BUCHMEIER,HERMIT;naiv;;;;;;;6783.0;216;;;;5724.0;1449.0
BUCHMEIER,HERMIT,LEEDS;Naja;;;;;;;1023.0;2358;4267.0;14.43;;1236.0;9996.0
A1,BUCHMEIER,BW1,HERMIT,LEEDS,LEIPZIG,LEO739;Name;der;;Substantiv;mask.;https://www.dwds.de/wb/Name;0.0;465.0;6352;259.0;268.03;1418.0;440.0;36668.0
A1,BUCHMEIER,HERMIT,LEIPZIG;Namen;der;;Substantiv;mask.;https://www.dwds.de/wb/Namen;0.0;403.0;7397;;;389.0;373.0;44998.0
BUCHMEIER,HERMIT,LEEDS,LEIPZIG;namens;;;;;;;1451.0;1526;2843.0;24.39;2926.0;1269.0;9665.0
LEEDS,LEIPZIG;namentlich;;;;;;;;;4032.0;15.58;9058.0;;
BUCHMEIER,HERMIT;Nancy;;;;;;;1976.0;1065;;;;3340.0;2896.0
BUCHMEIER,HERMIT,LEIPZIG;nannte;;;;;;;3207.0;581;;;1081.0;2789.0;3628.0
BUCHMEIER,HERMIT,LEIPZIG;nannten;;;;;;;4448.0;377;;;7296.0;4860.0;1785.0
BUCHMEIER,HERMIT;Nanu;;;;;;;6691.0;220;;;;8714.0;839.0
BUCHMEIER,HERMIT;Naomi;;;;;;;5522.0;282;;;;6142.0;1333.0
BUCHMEIER,HERMIT;Napoleon;;;;;;;9302.0;142;;;;7831.0;970.0
BUCHMEIER,HERMIT;Narbe;;;;;;;5747.0;269;;;;5768.0;1437.0
BUCHMEIER,HERMIT;Narben;;;;;;;6452.0;231;;;;7183.0;1085.0
BUCHMEIER,HERMIT;Narr;;;;;;;4387.0;384;;;;3628.0;2596.0
BUCHMEIER,HERMIT;Narren;;;;;;;5207.0;307;;;;4197.0;2165.0
BUCHMEIER,HERMIT;NASA;;;;;;;9674.0;135;;;;8689.0;842.0
B1,BUCHMEIER,BW1,HERMIT,LEEDS,LEIPZIG,LEO739,NRW422;Nase;die;;Substantiv;fem.;https://www.dwds.de/wb/Nase;0.0;1277.0;1794;2371.0;30.64;3047.0;1226.0;10079.0
LEO739,NRW422;Nashorn;das;;Substantiv;;;;;;;;;;
A2,BUCHMEIER,BW3,FEHLER300,HERMIT,LEO739;nass;;Nässe;Adjektiv;;https://www.dwds.de/wb/nass;0.0;4126.0;418;;;;3550.0;2665.0
BUCHMEIER,HERMIT;Natalie;;;;;;;6826.0;214;;;;5342.0;1578.0
BUCHMEIER,HERMIT;Nate;;;;;;;6989.0;207;;;;3370.0;2858.0
BUCHMEIER,HERMIT;Nathan;;;;;;;2992.0;637;;;;3601.0;2619.0
BUCHMEIER,HERMIT,LEEDS,LEIPZIG;Nation;;;;;;;4280.0;397;982.0;76.91;2597.0;3951.0;2337.0
B1,HERMIT,LEEDS,LEIPZIG;national;;;Adjektiv;;https://www.dwds.de/wb/national;0.0;;;515.0;141.51;7683.0;7520.0;1024.0
BUCHMEIER,HERMIT,LEIPZIG;nationale;;;;;;;9196.0;144;;;2871.0;7034.0;1112.0
HERMIT,LEIPZIG;nationalen;;;;;;;;;;;1739.0;8495.0;870.0
LEEDS,LEIPZIG;Nationalismus;;;;;;;;;4981.0;11.7;9388.0;;
LEEDS,LEIPZIG;Nationalsozialismus;;;;;;;;;3834.0;16.61;6997.0;;
BUCHMEIER,HERMIT,LEIPZIG;Nationen;;;;;;;8986.0;149;;;4775.0;8816.0;825.0
LEEDS,LEIPZIG;NATO;;;;;;;;;2871.0;24.06;2316.0;;
A2,BUCHMEIER,HERMIT,LEEDS,LEIPZIG;Natur;die;;Substantiv;fem.;https://www.dwds.de/wb/Natur;0.0;2146.0;960;611.0;119.13;1104.0;1813.0;6219.0
A2,BUCHMEIER,HERMIT,LEEDS,LEIPZIG;natürlich;;;Adjektiv;;https://www.dwds.de/wb/nat%C3%BCrlich;0.0;407.0;7279;168.0;408.16;495.0;225.0;82710.0
BUCHMEIER,HERMIT,LEIPZIG;natürliche;;;;;;;7593.0;185;;;5505.0;7465.0;1034.0
HERMIT,LEIPZIG;natürlichen;;;;;;;;;;;4727.0;9158.0;786.0
BUCHMEIER,HERMIT;Navy;;;;;;;7073.0;204;;;;6191.0;1322.0
BUCHMEIER,HERMIT,LEIPZIG;Nazis;;;;;;;8690.0;155;;;3759.0;5807.0;1427.0
BUCHMEIER,HERMIT,LEEDS,LEIPZIG;ne;;;;;;;1986.0;1055;1729.0;43.25;9008.0;325.0;52438.0
B1,BUCHMEIER,HERMIT,LEEDS,LEIPZIG,LEO739;Nebel;der;;Substantiv;mask.;https://www.dwds.de/wb/Nebel;0.0;4818.0;342;4938.0;11.83;7026.0;4602.0;1920.0
A2,LEO739;nebelig;;;Adjektiv;;https://www.dwds.de/wb/nebelig;0.0;;;;;;;
A2,BUCHMEIER,BW3,HERMIT,LEEDS,LEIPZIG;neben;;;Präposition;;https://www.dwds.de/wb/neben;0.0;1466.0;1504;284.0;249.91;362.0;1146.0;10880.0
A2,BUCHMEIER,HERMIT,LEIPZIG;nebenan;;;Adverb;;https://www.dwds.de/wb/nebenan;0.0;4143.0;416;;;7853.0;3260.0;2981.0
B1,BUCHMEIER,HERMIT,LEEDS,LEIPZIG;nebenbei;;;Adverb;;https://www.dwds.de/wb/nebenbei;0.0;6247.0;241;3779.0;16.89;6287.0;4594.0;1921.0
A2;neblig;;;Adjektiv;;https://www.dwds.de/wb/neblig;0.0;;;;;;;
BUCHMEIER,HERMIT;Ned;;;;;;;4712.0;351;;;;4169.0;2191.0
BUCHMEIER,HERMIT;Nee;;;;;;;2721.0;715;;;;1725.0;6634.0
B1,BUCHMEIER,HERMIT;Neffe;der;;Substantiv;mask.;https://www.dwds.de/wb/Neffe;0.0;6269.0;240;;;;5028.0;1710.0
BUCHMEIER,HERMIT;Neffen;;;;;;;7653.0;183;;;;6309.0;1284.0
B1,BUCHMEIER,HERMIT,LEEDS,LEIPZIG;negativ;;;Adjektiv;;https://www.dwds.de/wb/negativ;0.0;5086.0;318;1053.0;72.26;4958.0;3310.0;2932.0
HERMIT,LEIPZIG;negative;;;;;;;;;;;5548.0;8947.0;810.0
BUCHMEIER,HERMIT;nehm;;;;;;;2601.0;754;;;;2539.0;4120.0
BUCHMEIER,HERMIT,LEIPZIG;nehme;;;;;;;659.0;4377;;;4812.0;539.0;30019.0
A1,BUCHMEIER,BW3,FEHLER100,FEHLER300,HERMIT,LEEDS,LEIPZIG,LEO739,NRW422;nehmen;;du nimmst, ich nahm;Verb;;https://www.dwds.de/wb/nehmen;0.0;374.0;7976;109.0;624.8;405.0;281.0;63773.0
BUCHMEIER,HERMIT;Nehmt;;;;;;;2082.0;996;;;;1489.0;8027.0
BUCHMEIER,HERMIT;neidisch;;;;;;;7305.0;196;;;;5736.0;1445.0
LEEDS,LEIPZIG;Neigung;;;;;;;;;4030.0;15.6;7043.0;;
BUCHMEIER,HERMIT;Neil;;;;;;;5206.0;307;;;;4785.0;1833.0
A1,BUCHMEIER,BW1,HERMIT,LEEDS,LEIPZIG,LEO739,NRW111;nein;;;Partikel;;https://www.dwds.de/wb/nein;0.0;54.0;77019;553.0;131.9;1482.0;38.0;641479.0
BUCHMEIER,HERMIT;Nelson;;;;;;;7631.0;184;;;;3437.0;2783.0
BUCHMEIER,HERMIT,LEEDS;nen;;;;;;;5085.0;318;4401.0;13.83;;1076.0;11732.0
BUCHMEIER,HERMIT;Nenn;;;;;;;3692.0;482;;;;2684.0;3833.0
BUCHMEIER,HERMIT;nenne;;;;;;;3059.0;618;;;;2454.0;4282.0
A2,BUCHMEIER,HERMIT,LEEDS,LEIPZIG;nennen;;;Verb;;https://www.dwds.de/wb/nennen;0.0;828.0;3079;280.0;253.53;1414.0;692.0;20467.0
BUCHMEIER,HERMIT;nennst;;;;;;;3676.0;485;;;;3163.0;3079.0
BUCHMEIER,FEHLER300,HERMIT,LEIPZIG;nennt;;;;;;;1247.0;1847;;;1044.0;1061.0;11927.0
B1,BUCHMEIER,HERMIT,LEEDS;Nerv;der;;Substantiv;mask.;https://www.dwds.de/wb/Nerv;0.0;9886.0;131;4356.0;14.03;;8879.0;817.0
BUCHMEIER,HERMIT,LEIPZIG;Nerven;;;;;;;2715.0;717;;;4881.0;1980.0;5577.0
BUCHMEIER,HERMIT;nervst;;;;;;;9723.0;134;;;;8832.0;822.0
BUCHMEIER,HERMIT;nervt;;;;;;;4666.0;356;;;;4107.0;2224.0
A2,BUCHMEIER,HERMIT,LEIPZIG;nervös;;;Adjektiv;;https://www.dwds.de/wb/nerv%C3%B6s;0.0;1459.0;1512;;;7316.0;1324.0;9217.0
BUCHMEIER,HERMIT,LEO739,NRW422;Nest;das;;Substantiv;;;;6906.0;210;;;;5795.0;1429.0
HERMIT,LEIPZIG;net;;;;;;;;;;;8036.0;9436.0;757.0
A2,BUCHMEIER,BW3,HERMIT,LEEDS,LEIPZIG,LEO739,NRW422;nett;;;Adjektiv;;https://www.dwds.de/wb/nett;0.0;632.0;4608;1574.0;48.14;9598.0;500.0;32685.0
BUCHMEIER,HERMIT;nette;;;;;;;2784.0;695;;;;1960.0;5690.0
BUCHMEIER,HERMIT;netten;;;;;;;4593.0;363;;;;4034.0;2271.0
BUCHMEIER,HERMIT;netter;;;;;;;2677.0;728;;;;1889.0;5946.0
BUCHMEIER,HERMIT;nettes;;;;;;;4732.0;350;;;;2925.0;3399.0
B1,BUCHMEIER,HERMIT,LEEDS,LEIPZIG;Netz;das;;Substantiv;neutr.;https://www.dwds.de/wb/Netz;0.0;3968.0;440;1003.0;75.69;1519.0;3844.0;2422.0
B1,BUCHMEIER,HERMIT,LEEDS,LEIPZIG;Netzwerk;das;;Substantiv;neutr.;https://www.dwds.de/wb/Netzwerk;0.0;7469.0;189;1888.0;39.48;7182.0;7363.0;1053.0
A1,BUCHMEIER,BW1,HERMIT,LEEDS,LEIPZIG,LEO739,NRW422;neu;;;Adjektiv;;https://www.dwds.de/wb/neu;0.0;1148.0;2041;60.0;1429.3;481.0;959.0;13659.0
LEEDS,LEIPZIG;Neubau;;;;;;;;;4850.0;12.1;3104.0;;
BUCHMEIER,HERMIT,LEEDS,LEIPZIG;neue;;;;;;;558.0;5347;1161.0;65.17;116.0;422.0;38119.0
HERMIT,LEIPZIG;neuem;;;;;;;;;;;4989.0;9452.0;755.0
BUCHMEIER,HERMIT,LEIPZIG;neuen;;;;;;;696.0;4056;;;117.0;573.0;27364.0
BUCHMEIER,HERMIT,LEIPZIG;neuer;;;;;;;1881.0;1132;;;705.0;1538.0;7682.0
BUCHMEIER,HERMIT,LEIPZIG;neues;;;;;;;1112.0;2125;;;762.0;683.0;20814.0
HERMIT,LEIPZIG;neueste;;;;;;;;;;;7239.0;7112.0;1099.0
BUCHMEIER,HERMIT,LEIPZIG;neuesten;;;;;;;7279.0;197;;;3240.0;6591.0;1216.0
BUCHMEIER,HERMIT,LEIPZIG;Neugier;;;;;;;7991.0;173;;;9651.0;6820.0;1158.0
B1,BUCHMEIER,HERMIT,LEEDS,LEO739;neugierig;;;Adjektiv;;https://www.dwds.de/wb/neugierig;0.0;3627.0;494;4335.0;14.11;;2722.0;3761.0
B1,HERMIT;Neuigkeit;die;;Substantiv;fem.;https://www.dwds.de/wb/Neuigkeit;0.0;;;;;;8607.0;853.0
BUCHMEIER,HERMIT;Neuigkeiten;;;;;;;1929.0;1090;;;;1616.0;7217.0
B1,BUCHMEIER,HERMIT;neulich;;;Adverb;;https://www.dwds.de/wb/neulich;0.0;3147.0;597;;;;1999.0;5484.0
A1,BUCHMEIER,HERMIT,LEEDS,LEIPZIG;neun;;;Kardinalzahlwort;;https://www.dwds.de/wb/neun;0.0;2088.0;992;1743.0;42.9;716.0;1415.0;8548.0
A1;neunzehn;;;Kardinalzahlwort;;https://www.dwds.de/wb/neunzehn;0.0;;;;;;;
A1;neunzig;;;Kardinalzahlwort;;https://www.dwds.de/wb/neunzig;0.0;;;;;;;
BUCHMEIER,HERMIT,LEEDS,LEIPZIG;New;;;;;;;770.0;3410;685.0;108.08;6033.0;672.0;21321.0
HERMIT,LEEDS;News;;;;;;;;;2748.0;25.44;;7498.0;1028.0
BUCHMEIER,HERMIT,LEEDS;nich;;;;;;;6711.0;219;4320.0;14.18;;7140.0;1093.0
BUCHMEIER,HERMIT;Nicholas;;;;;;;5337.0;296;;;;6566.0;1221.0
A1,BUCHMEIER,BW3,FEHLER100,FEHLER300,HERMIT,LEEDS,LEIPZIG,LEO739,NRW111;nicht;;;Adverb;;https://www.dwds.de/wb/nicht;0.0;4.0;422376;12.0;6793.3;17.0;6.0;2756783.0
B1,BUCHMEIER,HERMIT;Nichte;die;;Substantiv;fem.;https://www.dwds.de/wb/Nichte;0.0;6451.0;231;;;;4429.0;2032.0
B1;Nichtraucher;;;Substantiv;mask., neutr.;https://www.dwds.de/wb/Nichtraucher;0.0;;;;;;;
B1;Nichtraucherin;die;;Substantiv;fem.;https://www.dwds.de/wb/Nichtraucherin;0.0;;;;;;;
A1,BUCHMEIER,BW3,FEHLER300,HERMIT,LEEDS,LEIPZIG,LEO739,NRW111;nichts;;;Indefinitpronomen;;https://www.dwds.de/wb/nichts;0.0;96.0;41310;137.0;508.43;191.0;75.0;308672.0
FEHLER200,FEHLER400;nichtsdestotrotz;;;;;;;;;;;;;
BUCHMEIER,HERMIT;Nick;;;;;;;1726.0;1239;;;;1262.0;9757.0
BW3,LEEDS;nicken;;du nickst;;;;;;;3942.0;16.06;;;
BUCHMEIER,HERMIT;Nickerchen;;;;;;;8639.0;156;;;;7241.0;1074.0
BUCHMEIER,HERMIT;Nicky;;;;;;;5541.0;281;;;;5450.0;1540.0
BUCHMEIER,HERMIT;Nicole;;;;;;;4850.0;339;;;;4510.0;1972.0
A1,BUCHMEIER,BW1,FEHLER300,HERMIT,LEEDS,LEIPZIG,LEO739,NRW111;nie;;;Adverb;;https://www.dwds.de/wb/nie;0.0;127.0;28227;264.0;264.51;326.0;124.0;185925.0
BUCHMEIER,HERMIT,LEEDS,LEIPZIG;nieder;;;;;;;3290.0;561;2334.0;31.25;3428.0;2895.0;3453.0
BUCHMEIER,HERMIT;niedergeschlagen;;;;;;;9619.0;136;;;;9455.0;754.0
BUCHMEIER,HERMIT,LEEDS,LEIPZIG;Niederlage;;;;;;;6580.0;225;2562.0;27.87;1744.0;6732.0;1179.0
LEEDS,LEIPZIG;Niederlande;;;;;;;;;3135.0;21.59;4152.0;;
BUCHMEIER,HERMIT;niedlich;;;;;;;4300.0;394;;;;4950.0;1744.0
B1,HERMIT,LEEDS,LEIPZIG;niedrig;;;Adjektiv;;https://www.dwds.de/wb/niedrig;0.0;;;1066.0;71.19;5251.0;8396.0;883.0
BUCHMEIER,BW3,HERMIT,LEEDS,LEIPZIG;niemals;;;;;;;647.0;4469;1067.0;71.12;2512.0;518.0;31303.0
A2,BUCHMEIER,FEHLER300,HERMIT,LEEDS,LEIPZIG;niemand;;;Indefinitpronomen;;https://www.dwds.de/wb/niemand;0.0;599.0;4866;480.0;150.76;728.0;305.0;56907.0
BUCHMEIER,HERMIT,LEIPZIG;niemandem;;;;;;;1644.0;1306;;;7589.0;1378.0;8778.0
BUCHMEIER,HERMIT,LEIPZIG;niemanden;;;;;;;1111.0;2125;;;5352.0;967.0;13495.0
BUCHMEIER,HERMIT;Nieren;;;;;;;7323.0;195;;;;8718.0;839.0
BW1;niesen;;;;;;;;;;;;;
BUCHMEIER,HERMIT;Nigger;;;;;;;3653.0;489;;;;3888.0;2388.0
BUCHMEIER,HERMIT;Night;;;;;;;9509.0;138;;;;6490.0;1238.0
BUCHMEIER,HERMIT;Nikki;;;;;;;5932.0;259;;;;7987.0;945.0
LEIPZIG,LEO739;Nikolaus;der;;Substantiv;;;;;;;;9153.0;;
BUCHMEIER,HERMIT;Nimm;;;;;;;649.0;4460;;;;482.0;33866.0
BUCHMEIER,HERMIT;nimmst;;;;;;;1701.0;1256;;;;1386.0;8729.0
BUCHMEIER,FEHLER100,FEHLER300,HERMIT,LEIPZIG,LEO739,NRW422;nimmt;;;;;;;1127.0;2095;;;610.0;973.0;13374.0
BUCHMEIER,HERMIT;Nina;;;;;;;3729.0;474;;;;3564.0;2653.0
A2,BUCHMEIER,HERMIT;nirgends;;;Adverb;;https://www.dwds.de/wb/nirgends;0.0;4743.0;349;;;;3989.0;2308.0
B1,BUCHMEIER,HERMIT,LEIPZIG,LEO739,NRW422;nirgendwo;;;Adverb;;https://www.dwds.de/wb/nirgendwo;0.0;2559.0;769;;;8644.0;2053.0;5268.0
BUCHMEIER,HERMIT;nirgendwohin;;;;;;;6865.0;212;;;;4762.0;1845.0
BUCHMEIER,HERMIT,LEEDS,LEIPZIG;Niveau;;;;;;;8593.0;157;1863.0;39.87;1746.0;8684.0;843.0
BUCHMEIER,HERMIT,LEEDS,LEIPZIG;nix;;;;;;;5164.0;311;2611.0;27.26;9935.0;3470.0;2747.0
BUCHMEIER,HERMIT,LEEDS;no;;;;;;;4651.0;357;2799.0;24.87;;2741.0;3720.0
BUCHMEIER,HERMIT;Noah;;;;;;;5775.0;267;;;;4702.0;1877.0
A1,BUCHMEIER,BW3,HERMIT,LEEDS,LEIPZIG,LEO739,NRW111;noch;;;Adverb;;https://www.dwds.de/wb/noch#1;0.0;47.0;86716;39.0;2450.99;39.0;42.0;572486.0
B1,BUCHMEIER,HERMIT,LEEDS,LEIPZIG;nochmal;;;Adverb;;https://www.dwds.de/wb/nochmal#1;0.0;777.0;3381;2755.0;25.37;9377.0;804.0;16749.0
B1,BUCHMEIER,HERMIT,LEEDS,LEIPZIG;nochmals;;;Adverb;;https://www.dwds.de/wb/nochmals;0.0;5693.0;272;1937.0;38.48;3028.0;4813.0;1817.0
HERMIT,LEEDS;non;;;;;;;;;4187.0;14.85;;6498.0;1237.0
BUCHMEIER,HERMIT;Nonne;;;;;;;8638.0;156;;;;7106.0;1100.0
BUCHMEIER,HERMIT;Nora;;;;;;;6955.0;208;;;;4973.0;1732.0
LEEDS,LEIPZIG;Norbert;;;;;;;;;4753.0;12.5;5380.0;;
BUCHMEIER,LEIPZIG;Nord;;;;;;;9113.0;146;;;5732.0;;
A1,BUCHMEIER,HERMIT,LEEDS,LEIPZIG;Norden;der;;Substantiv;mask.;https://www.dwds.de/wb/Norden;0.0;2589.0;758;1944.0;38.35;1403.0;2379.0;4457.0
B1,LEIPZIG;Nordsee;die;;Substantiv;fem.;https://www.dwds.de/wb/Nordsee;0.0;;;;;8724.0;;
A1,BUCHMEIER,HERMIT,LEEDS,LEIPZIG;normal;;;Adjektiv;;https://www.dwds.de/wb/normal;0.0;1339.0;1677;666.0;110.13;4086.0;1121.0;11201.0
BUCHMEIER,HERMIT,LEIPZIG;normale;;;;;;;3397.0;539;;;3653.0;2936.0;3389.0
BUCHMEIER,HERMIT,LEIPZIG;normalen;;;;;;;4239.0;403;;;2686.0;4163.0;2196.0
BUCHMEIER,HERMIT,LEIPZIG;normaler;;;;;;;5115.0;315;;;9221.0;4050.0;2258.0
B1,BUCHMEIER,HERMIT,LEEDS,LEIPZIG;normalerweise;;;Adverb;;https://www.dwds.de/wb/normalerweise;0.0;2884.0;665;2431.0;29.91;4255.0;1831.0;6143.0
BUCHMEIER,HERMIT;normales;;;;;;;4805.0;343;;;;4745.0;1852.0
BUCHMEIER,HERMIT;Norman;;;;;;;7072.0;204;;;;3450.0;2765.0
BUCHMEIER,HERMIT;North;;;;;;;7763.0;180;;;;6382.0;1268.0
LEEDS,LEIPZIG;Norwegen;;;;;;;;;4376.0;13.93;4216.0;;
B1,BUCHMEIER,HERMIT,LEEDS,LEIPZIG;Not;die;;Substantiv;fem.;https://www.dwds.de/wb/Not;0.0;5653.0;274;1843.0;40.27;2766.0;3216.0;3019.0
B1,BUCHMEIER,HERMIT;Notaufnahme;die;;Substantiv;fem.;https://www.dwds.de/wb/Notaufnahme;0.0;5787.0;266;;;;5245.0;1613.0
B1;Notausgang;der;;Substantiv;mask.;https://www.dwds.de/wb/Notausgang;0.0;;;;;;;
A2,HERMIT,LEEDS,LEIPZIG,LEO739,NRW422;Note;die;;Substantiv;fem.;https://www.dwds.de/wb/Note;0.0;;;2218.0;33.05;9383.0;8129.0;924.0
BUCHMEIER,HERMIT,LEIPZIG;Noten;;;;;;;6192.0;244;;;6751.0;4970.0;1733.0
B1,BUCHMEIER,HERMIT;Notfall;der;;Substantiv;mask.;https://www.dwds.de/wb/Notfall;0.0;2959.0;646;;;;2554.0;4092.0
A2;notieren;;;Verb;;https://www.dwds.de/wb/notieren;0.0;;;;;;;
A2,BUCHMEIER,HERMIT,LEEDS;Notiz;die;;Substantiv;fem.;https://www.dwds.de/wb/Notiz;0.0;8637.0;156;4740.0;12.55;;8189.0;913.0
BUCHMEIER,HERMIT;Notizen;;;;;;;6598.0;224;;;;5472.0;1533.0
B1,BUCHMEIER,HERMIT;Notruf;der;;Substantiv;mask.;https://www.dwds.de/wb/Notruf;0.0;7592.0;185;;;;5350.0;1575.0
A2,BUCHMEIER,HERMIT,LEEDS,LEIPZIG;notwendig;;;Adjektiv;;https://www.dwds.de/wb/notwendig;0.0;4049.0;430;413.0;176.13;1117.0;3623.0;2600.0
LEEDS,LEIPZIG;Notwendigkeit;;;;;;;;;1558.0;48.66;3123.0;;
A1,BUCHMEIER,BW1,HERMIT,LEEDS,LEIPZIG,LEO739;November;der;;Substantiv;mask.;https://www.dwds.de/wb/November;0.0;6665.0;221;544.0;132.9;514.0;5324.0;1586.0
BUCHMEIER,HERMIT;now;;;;;;;9111.0;146;;;;5432.0;1547.0
LEEDS,LEIPZIG;NRW;;;;;;;;;3434.0;19.27;9206.0;;
BUCHMEIER,HERMIT;NSA;;;;;;;6840.0;213;;;;8835.0;822.0
A2,BW1,LEO739;Nudel;die;Nudeln;Substantiv;fem.;https://www.dwds.de/wb/Nudel;0.0;;;;;;;
BUCHMEIER,HERMIT;Nudeln;;;;;;;5951.0;258;;;;7754.0;983.0
BUCHMEIER,LEIPZIG;Null;;;;;;;4299.0;394;;;4912.0;;
A1,BUCHMEIER,HERMIT,LEEDS,LEIPZIG;Nummer;die;;Substantiv;fem.;https://www.dwds.de/wb/Nummer;0.0;677.0;4220;1645.0;45.71;1441.0;621.0;24641.0
BUCHMEIER,HERMIT,LEIPZIG;Nummern;;;;;;;5457.0;287;;;8613.0;5625.0;1480.0
B1,BUCHMEIER,BW1,HERMIT,LEEDS,LEIPZIG,LEO739,NRW111;nun;;;Adverb;;https://www.dwds.de/wb/nun#1;0.0;203.0;16429;99.0;725.82;132.0;154.0;143552.0
LEEDS,LEIPZIG;nunmehr;;;;;;;;;2278.0;32.21;2877.0;;
A1,BUCHMEIER,BW1,HERMIT,LEEDS,LEIPZIG,LEO739,NRW111;nur;;;Adverb;;https://www.dwds.de/wb/nur;0.0;52.0;80748;37.0;2502.81;50.0;43.0;564245.0
BW3;Nuss;die;Nüsse, nussig;Substantiv;;;;;;;;;;
BUCHMEIER,HERMIT;Nutte;;;;;;;4125.0;418;;;;3641.0;2587.0
BUCHMEIER,HERMIT;Nutten;;;;;;;9618.0;136;;;;7477.0;1032.0
B1,BUCHMEIER,HERMIT,LEEDS,LEIPZIG;nutzen;;;Verb;;https://www.dwds.de/wb/nutzen;0.0;2357.0;853;437.0;164.16;1021.0;1676.0;6904.0
LEEDS,LEIPZIG;Nutzer;;;;;;;;;2528.0;28.29;5858.0;;
BUCHMEIER,HERMIT;nutzlos;;;;;;;4472.0;375;;;;4810.0;1818.0
BUCHMEIER,HERMIT,LEIPZIG;nutzt;;;;;;;5804.0;265;;;4273.0;4600.0;1920.0
LEEDS,LEIPZIG;Nutzung;;;;;;;;;1199.0;63.0;2032.0;;
A1;nächst;;;Superlativ;;https://www.dwds.de/wb/n%C3%A4chst;0.0;;;;;;;
A2,BUCHMEIER,BW3,FEHLER100,FEHLER300,HERMIT,LEIPZIG,LEO739,NRW111;Nächste;der;;Substantiv;mask.;https://www.dwds.de/wb/N%C3%A4chste;0.0;878.0;2847;;;1061.0;649.0;22714.0
BUCHMEIER,HERMIT,LEIPZIG;nächsten;;;;;;;719.0;3829;;;290.0;661.0;22247.0
BUCHMEIER,HERMIT,LEIPZIG;Nächster;;;;;;;6152.0;246;;;5995.0;3383.0;2849.0
BUCHMEIER,HERMIT,LEIPZIG;nächstes;;;;;;;1908.0;1105;;;6368.0;1139.0;10971.0
BUCHMEIER,HERMIT,LEIPZIG;Nächte;;;;;;;4533.0;368;;;9241.0;3875.0;2397.0
BUCHMEIER,HERMIT;Nägel;;;;;;;8510.0;159;;;;6821.0;1158.0
A2,BUCHMEIER,HERMIT,LEEDS,LEIPZIG,LEO739,NRW422;Nähe;die;;Substantiv;fem.;https://www.dwds.de/wb/N%C3%A4he;0.0;1066.0;2246;994.0;76.28;933.0;919.0;14368.0
B1,HERMIT;nähen;;;Verb;;https://www.dwds.de/wb/n%C3%A4hen;0.0;;;;;;7947.0;950.0
BUCHMEIER,HERMIT,LEIPZIG;näher;;;;;;;1323.0;1698;;;1826.0;1169.0;10689.0
B1,BUCHMEIER,HERMIT,LEEDS;nähern;;;Verb;;https://www.dwds.de/wb/n%C3%A4hern;0.0;4842.0;340;2812.0;24.77;;3940.0;2348.0
BUCHMEIER,HERMIT,LEIPZIG;nähert;;;;;;;5827.0;264;;;9700.0;4729.0;1859.0
B1,BUCHMEIER,BW3,FEHLER200,FEHLER300,FEHLER400,HERMIT,LEEDS,LEIPZIG,LEO739,NRW111;nämlich;;;Konjunktion;;https://www.dwds.de/wb/n%C3%A4mlich#2;0.0;1269.0;1810;391.0;185.44;448.0;1220.0;10147.0
BUCHMEIER,HERMIT;Nö;;;;;;;7228.0;199;;;;4902.0;1766.0
BUCHMEIER,HERMIT,LEEDS,LEIPZIG;nördlich;;;;;;;9112.0;146;3230.0;20.77;4888.0;7618.0;1005.0
B1,BUCHMEIER,HERMIT,LEEDS,LEIPZIG;nötig;;;Adjektiv;;https://www.dwds.de/wb/n%C3%B6tig;0.0;1159.0;2029;805.0;93.26;1242.0;907.0;14694.0
HERMIT,LEIPZIG;nötige;;;;;;;;;;;5549.0;7970.0;946.0
BUCHMEIER,HERMIT,LEIPZIG;nötigen;;;;;;;9027.0;148;;;4915.0;8587.0;857.0
BUCHMEIER,HERMIT;nüchtern;;;;;;;6087.0;250;;;;5559.0;1502.0
LEEDS,LEIPZIG;Nürnberg;;;;;;;;;3280.0;20.34;2023.0;;
BUCHMEIER,HERMIT;Nüsse;;;;;;;6886.0;211;;;;8049.0;935.0
B1,BUCHMEIER,HERMIT,LEEDS;nützen;;;Verb;;https://www.dwds.de/wb/n%C3%BCtzen;0.0;7965.0;174;3524.0;18.61;;7276.0;1067.0
A2,BUCHMEIER,HERMIT,LEEDS,LEIPZIG;nützlich;;;Adjektiv;;https://www.dwds.de/wb/n%C3%BCtzlich;0.0;4196.0;409;2427.0;29.93;9930.0;3513.0;2703.0
BUCHMEIER,HERMIT,LEIPZIG;nützt;;;;;;;5114.0;315;;;8924.0;4724.0;1862.0
B1,BUCHMEIER,BW1,HERMIT,LEEDS,LEIPZIG,LEO739,NRW111;ob;;;Konjunktion;;https://www.dwds.de/wb/ob#1;0.0;238.0;13780;126.0;556.8;180.0;195.0;97001.0
A1,BUCHMEIER,BW1,HERMIT,LEEDS,LEIPZIG;oben;;;Adverb;;https://www.dwds.de/wb/oben;0.0;590.0;4973;361.0;195.6;868.0;474.0;34115.0
B1,HERMIT,LEEDS;Ober;der;;Substantiv;mask.;https://www.dwds.de/wb/Ober#1;0.0;;;1618.0;46.36;;9420.0;758.0
BUCHMEIER,HERMIT,LEIPZIG;oberen;;;;;;;8286.0;165;;;4731.0;7544.0;1018.0
BUCHMEIER,HERMIT,LEEDS,LEIPZIG;Oberfläche;;;;;;;5540.0;281;2850.0;24.33;4002.0;5010.0;1719.0
B1;Obers;das;;Substantiv;neutr.;https://www.dwds.de/wb/Obers;0.0;;;;;;;
BUCHMEIER,HERMIT,LEEDS;Oberst;;;;;;;4073.0;426;4671.0;12.8;;2745.0;3712.0
HERMIT,LEIPZIG;oberste;;;;;;;;;;;6910.0;7176.0;1086.0
HERMIT,LEIPZIG;obersten;;;;;;;;;;;6471.0;8124.0;924.0
BUCHMEIER,HERMIT,LEEDS,LEIPZIG;Objekt;;;;;;;5441.0;288;1284.0;58.95;2458.0;5101.0;1674.0
HERMIT,LEIPZIG;Objekte;;;;;;;;;;;2162.0;9475.0;752.0
FEHLER400;Obolus;;;;;;;;;;;;;
FEHLER400;obsolet;;;;;;;;;;;;;
A1,BUCHMEIER,BW3,HERMIT,LEIPZIG,LEO739;Obst;das;;Substantiv;neutr.;https://www.dwds.de/wb/Obst;0.0;9722.0;134;;;8482.0;7235.0;1076.0
B1,BUCHMEIER,FEHLER300,HERMIT,LEEDS,LEIPZIG,LEO739;obwohl;;;Konjunktion;;https://www.dwds.de/wb/obwohl;0.0;1702.0;1255;386.0;186.17;661.0;946.0;13796.0
BUCHMEIER,HERMIT;Och;;;;;;;9065.0;147;;;;6952.0;1128.0
A1,BUCHMEIER,BW1,HERMIT,LEEDS,LEIPZIG,LEO739,NRW111;oder;;;Konjunktion;;https://www.dwds.de/wb/oder;0.0;86.0;45933;31.0;2854.77;51.0;72.0;341214.0
BUCHMEIER,HERMIT,LEEDS,LEIPZIG;of;;;;;;;1483.0;1479;197.0;340.41;1170.0;1331.0;9163.0
B1,BUCHMEIER,HERMIT;Ofen;der;;Substantiv;mask.;https://www.dwds.de/wb/Ofen;0.0;6191.0;244;;;;4779.0;1836.0
A2,BUCHMEIER,BW3,FEHLER300,HERMIT,LEEDS,LEIPZIG;offen;;;Adjektiv;;https://www.dwds.de/wb/offen;0.0;1290.0;1766;403.0;180.83;908.0;1009.0;12623.0
B1,BUCHMEIER,HERMIT,LEEDS,LEIPZIG;offenbar;;;Adjektiv;;https://www.dwds.de/wb/offenbar;0.0;3383.0;543;958.0;78.96;492.0;1643.0;7061.0
BUCHMEIER,HERMIT,LEIPZIG;offene;;;;;;;7630.0;184;;;2776.0;5916.0;1393.0
BUCHMEIER,HERMIT,LEIPZIG;offenen;;;;;;;6563.0;226;;;2150.0;5161.0;1646.0
LEEDS,LEIPZIG;Offenheit;;;;;;;;;4883.0;12.0;7772.0;;
BUCHMEIER,HERMIT,LEEDS,LEIPZIG;offensichtlich;;;;;;;1955.0;1074;928.0;81.74;1479.0;1235.0;9998.0
BUCHMEIER,HERMIT;Officer;;;;;;;2390.0;833;;;;1981.0;5576.0
B1,BUCHMEIER,HERMIT,LEEDS,LEIPZIG;offiziell;;;Adjektiv;;https://www.dwds.de/wb/offiziell;0.0;3891.0;452;820.0;91.01;1876.0;2601.0;3977.0
BUCHMEIER,HERMIT,LEIPZIG;offizielle;;;;;;;7167.0;201;;;3358.0;6037.0;1362.0
HERMIT,LEIPZIG;offiziellen;;;;;;;;;;;2263.0;9701.0;731.0
BUCHMEIER,HERMIT,LEEDS,LEIPZIG;Offizier;;;;;;;3872.0;454;3101.0;21.96;8352.0;2858.0;3502.0
BUCHMEIER,HERMIT,LEIPZIG;Offiziere;;;;;;;9357.0;141;;;7088.0;6136.0;1336.0
A1,BUCHMEIER,BW1,HERMIT,LEEDS,LEIPZIG,LEO739,NRW111;oft;;;Adverb;;https://www.dwds.de/wb/oft;0.0;662.0;4344;221.0;310.39;360.0;581.0;26820.0
LEEDS,LEIPZIG;oftmals;;;;;;;;;2578.0;27.73;5997.0;;
BUCHMEIER,HERMIT,LEEDS;Oh;;;;;;;85.0;45987;2573.0;27.78;;84.0;284455.0
BUCHMEIER,HERMIT;Ohh;;;;;;;5774.0;267;;;;9738.0;726.0
A1,BUCHMEIER,BW3,FEHLER300,HERMIT,LEEDS,LEIPZIG,LEO739,NRW111;ohne;;;;;https://www.dwds.de/wb/ohne;0.0;278.0;11375;98.0;730.13;128.0;212.0;88934.0
BUCHMEIER,HERMIT,LEEDS,LEIPZIG;ohnehin;;;;;;;6476.0;230;1672.0;44.78;980.0;6070.0;1352.0
BUCHMEIER,HERMIT;Ohnmacht;;;;;;;8738.0;154;;;;9956.0;704.0
BUCHMEIER,HERMIT;ohnmächtig;;;;;;;5019.0;324;;;;4437.0;2028.0
A2,BUCHMEIER,BW3,HERMIT,LEEDS,LEIPZIG;Ohr;das;;Substantiv;neutr.;https://www.dwds.de/wb/Ohr;0.0;2600.0;754;1639.0;45.82;5187.0;2247.0;4773.0
BUCHMEIER,HERMIT,LEIPZIG;Ohren;;;;;;;1879.0;1134;;;3491.0;1647.0;7042.0
BUCHMEIER,HERMIT;Oje;;;;;;;6690.0;220;;;;4881.0;1774.0
BUCHMEIER,HERMIT,LEEDS;Ok;;;;;;;290.0;10994;4302.0;14.24;;150.0;147191.0
BUCHMEIER,HERMIT;Okay;;;;;;;190.0;17417;;;;118.0;196683.0
A1,BUCHMEIER,BW1,HERMIT,LEEDS,LEIPZIG,LEO739;Oktober;der;;Substantiv;mask.;https://www.dwds.de/wb/Oktober;0.0;5852.0;263;464.0;154.94;450.0;4967.0;1735.0
FEHLER400;Oleander;;;;;;;;;;;;;
LEEDS,LEIPZIG;OLG;;;;;;;;;4787.0;12.34;8462.0;;
HERMIT,LEIPZIG;Olga;;;;;;;;;;;9078.0;9750.0;725.0
BUCHMEIER,HERMIT,LEEDS,LEIPZIG;Oliver;;;;;;;3829.0;459;4431.0;13.71;7528.0;2244.0;4779.0
BUCHMEIER,HERMIT;Olivia;;;;;;;7563.0;186;;;;3705.0;2532.0
BUCHMEIER,HERMIT;Ollie;;;;;;;7111.0;203;;;;8004.0;942.0
A1,BUCHMEIER,HERMIT,LEO739,NRW422;Oma;die;;Substantiv;fem.;https://www.dwds.de/wb/Oma;0.0;2347.0;859;;;;1662.0;6985.0
BUCHMEIER,HERMIT;Omar;;;;;;;6205.0;243;;;;7252.0;1071.0
BUCHMEIER,HERMIT,LEEDS,LEIPZIG;on;;;;;;;3475.0;526;983.0;76.86;7173.0;2427.0;4352.0
BUCHMEIER,HERMIT,LEEDS;One;;;;;;;5183.0;309;4845.0;12.11;;3416.0;2806.0
B1,BUCHMEIER,BW1,HERMIT,LEEDS,LEIPZIG;Onkel;der;;Substantiv;mask.;https://www.dwds.de/wb/Onkel#1;0.0;902.0;2781;4085.0;15.25;6958.0;740.0;18581.0
A2,BUCHMEIER,FEHLER400,HERMIT,LEEDS,LEIPZIG;online;;;Adverb;;https://www.dwds.de/wb/online;0.0;6028.0;253;2134.0;34.75;6309.0;4159.0;2198.0
BUCHMEIER,HERMIT;Ooh;;;;;;;4430.0;379;;;;5082.0;1686.0
BUCHMEIER,HERMIT;OP;;;;;;;4976.0;328;;;;3359.0;2866.0
A1,BUCHMEIER,HERMIT,LEO739,NRW422;Opa;der;;Substantiv;mask.;https://www.dwds.de/wb/Opa;0.0;2331.0;866;;;;2021.0;5423.0
B1,BUCHMEIER,HERMIT,LEEDS,LEIPZIG;Oper;die;;Substantiv;fem.;https://www.dwds.de/wb/Oper;0.0;7446.0;190;3705.0;17.4;2818.0;5603.0;1485.0
B1,BUCHMEIER,HERMIT,LEEDS,LEIPZIG;Operation;die;;Substantiv;fem.;https://www.dwds.de/wb/Operation;0.0;1515.0;1438;2092.0;35.57;3581.0;1705.0;6736.0
BUCHMEIER,HERMIT,LEIPZIG;Operationen;;;;;;;6987.0;207;;;6604.0;7779.0;978.0
B1,BUCHMEIER,HERMIT,LEEDS;operieren;;;Verb;;https://www.dwds.de/wb/operieren;0.0;7110.0;203;4997.0;11.65;;5412.0;1554.0
BUCHMEIER,HERMIT,LEIPZIG;operiert;;;;;;;5580.0;279;;;8195.0;5383.0;1562.0
B1,BUCHMEIER,HERMIT,LEEDS,LEIPZIG;Opfer;das;;Substantiv;neutr.;https://www.dwds.de/wb/Opfer;0.0;1228.0;1876;720.0;103.21;608.0;791.0;17150.0
BUCHMEIER,HERMIT,LEEDS,LEIPZIG;opfern;;;;;;;4701.0;352;4668.0;12.81;4735.0;3135.0;3113.0
BUCHMEIER,HERMIT;Opfers;;;;;;;9356.0;141;;;;4969.0;1733.0
LEEDS,LEIPZIG;Opposition;;;;;;;;;1906.0;38.88;1058.0;;
LEEDS,LEIPZIG;optimal;;;;;;;;;2305.0;31.77;7572.0;;
B1,LEEDS,LEIPZIG;optimistisch;;;Adjektiv;;https://www.dwds.de/wb/optimistisch;0.0;;;4993.0;11.67;3613.0;;
BUCHMEIER,HERMIT,LEEDS,LEIPZIG;Option;;;;;;;8073.0;171;2124.0;34.98;4357.0;5889.0;1402.0
BUCHMEIER,HERMIT,LEIPZIG;Optionen;;;;;;;9026.0;148;;;7725.0;7229.0;1077.0
HERMIT,LEEDS;or;;;;;;;;;2921.0;23.55;;9526.0;747.0
A2,BUCHMEIER,HERMIT;Orange;die;;Substantiv;fem.;https://www.dwds.de/wb/Orange#1;0.0;7304.0;196;;;;6022.0;1367.0
BUCHMEIER,HERMIT;Orbit;;;;;;;8211.0;167;;;;9166.0;785.0
B1,HERMIT,LEEDS,LEIPZIG;Orchester;das;;Substantiv;neutr.;https://www.dwds.de/wb/Orchester;0.0;;;4625.0;13.01;3835.0;9343.0;766.0
BUCHMEIER,HERMIT,LEIPZIG;Orden;;;;;;;7468.0;189;;;9809.0;6072.0;1351.0
B1,BUCHMEIER,HERMIT,LEEDS,LEIPZIG;ordentlich;;;Adjektiv;;https://www.dwds.de/wb/ordentlich;0.0;4919.0;333;2418.0;30.02;6672.0;3937.0;2351.0
B1;Ordination;die;;Substantiv;fem.;https://www.dwds.de/wb/Ordination;0.0;;;;;;;
B1,LEEDS,LEIPZIG;ordnen;;;Verb;;https://www.dwds.de/wb/ordnen;0.0;;;3398.0;19.48;7093.0;;
B1;Ordner;der;;Substantiv;mask.;https://www.dwds.de/wb/Ordner;0.0;;;;;;;
A1,BUCHMEIER,BW3,HERMIT,LEEDS,LEIPZIG;Ordnung;die;ordentlich;Substantiv;fem.;https://www.dwds.de/wb/Ordnung;0.0;241.0;13675;944.0;79.82;1552.0;240.0;76635.0
BUCHMEIER,HERMIT,LEIPZIG;Organe;;;;;;;7825.0;178;;;8817.0;7008.0;1116.0
B1,BUCHMEIER,HERMIT,LEEDS,LEIPZIG;Organisation;die;;Substantiv;fem.;https://www.dwds.de/wb/Organisation;0.0;3813.0;461;513.0;142.06;1150.0;3587.0;2632.0
A2,BUCHMEIER,HERMIT,LEEDS,LEIPZIG;organisieren;;;Verb;;https://www.dwds.de/wb/organisieren;0.0;6617.0;223;1036.0;73.18;4377.0;5817.0;1425.0
BUCHMEIER,HERMIT,LEEDS,LEIPZIG;organisiert;;;;;;;6320.0;237;2820.0;24.68;2308.0;5118.0;1663.0
LEEDS,LEIPZIG;orientieren;;;;;;;;;1938.0;38.46;5316.0;;
LEEDS,LEIPZIG;Orientierung;;;;;;;;;2632.0;26.98;5994.0;;
B1,BUCHMEIER,FEHLER400,HERMIT,LEEDS,LEIPZIG;Original;das;;Substantiv;neutr.;https://www.dwds.de/wb/Original;0.0;4927.0;332;3179.0;21.15;6308.0;3596.0;2623.0
LEO739;Orkan;der;;Substantiv;;;;;;;;;;
BUCHMEIER,HERMIT;Orleans;;;;;;;7369.0;193;;;;5221.0;1624.0
A1,BUCHMEIER,HERMIT,LEEDS,LEIPZIG;Ort;der;;Substantiv;mask.;https://www.dwds.de/wb/Ort#1;0.0;572.0;5185;394.0;184.46;838.0;528.0;30562.0
BUCHMEIER,HERMIT,LEIPZIG;Orte;;;;;;;5268.0;302;;;5463.0;4320.0;2092.0
BUCHMEIER,HERMIT,LEIPZIG;Orten;;;;;;;6644.0;222;;;4963.0;4009.0;2289.0
BUCHMEIER,HERMIT;Oscar;;;;;;;6954.0;208;;;;3820.0;2441.0
BUCHMEIER,HERMIT,LEIPZIG;Oskar;;;;;;;6450.0;231;;;9276.0;7327.0;1059.0
LEEDS,LEIPZIG;Ost;;;;;;;;;4526.0;13.38;3749.0;;
A1,BUCHMEIER,HERMIT,LEEDS,LEIPZIG;Osten;der;;Substantiv;mask.;https://www.dwds.de/wb/Osten;0.0;3170.0;592;1145.0;65.9;777.0;3086.0;3186.0
BW3,LEIPZIG,LEO739;Ostern;das;;Substantiv;;;;;;;;7516.0;;
LEEDS,LEIPZIG;Osteuropa;;;;;;;;;3847.0;16.55;3164.0;;
B1,LEIPZIG;Ostsee;die;;Substantiv;fem.;https://www.dwds.de/wb/Ostsee;0.0;;;;;8855.0;;
BUCHMEIER,HERMIT;Oswald;;;;;;;8431.0;161;;;;9415.0;758.0
BUCHMEIER,HERMIT,LEEDS,LEIPZIG;Otto;;;;;;;6825.0;214;2636.0;26.93;3071.0;4380.0;2060.0
BUCHMEIER,HERMIT;out;;;;;;;6047.0;252;;;;4690.0;1882.0
BUCHMEIER,HERMIT;Outfit;;;;;;;7795.0;179;;;;7450.0;1036.0
FEHLER400;Ouvertüre;;;;;;;;;;;;;
BUCHMEIER,HERMIT;Over;;;;;;;5556.0;280;;;;3494.0;2723.0
BUCHMEIER,HERMIT;Owen;;;;;;;7071.0;204;;;;4391.0;2050.0
BUCHMEIER,HERMIT;Oz;;;;;;;5204.0;307;;;;5985.0;1375.0
B1,BUCHMEIER,HERMIT;Ozean;der;;Substantiv;mask.;https://www.dwds.de/wb/Ozean;0.0;6394.0;234;;;;5340.0;1578.0
BUCHMEIER,HERMIT;Pa;;;;;;;8071.0;171;;;;2677.0;3847.0
A2,BUCHMEIER,BW3,FEHLER300,HERMIT,LEEDS,LEIPZIG,LEO739,NRW111;Paar;das;;Substantiv;neutr.;https://www.dwds.de/wb/Paar;0.0;236.0;13980;422.0;172.7;555.0;200.0;93818.0
HERMIT,LEIPZIG;Paare;;;;;;;;;;;7068.0;8118.0;925.0
BUCHMEIER,HERMIT;Pack;;;;;;;5126.0;314;;;;3078.0;3199.0
A2,BUCHMEIER,BW1,HERMIT,LEEDS,LEIPZIG;packen;;du packst, Päckchen, Gepäck;Verb;;https://www.dwds.de/wb/packen;0.0;3350.0;548;2501.0;28.72;9860.0;2335.0;4561.0
BUCHMEIER,HERMIT;packt;;;;;;;8591.0;157;;;;4760.0;1846.0
A2,BUCHMEIER,FEHLER400,HERMIT,LEEDS,LEIPZIG;Paket;das;;Substantiv;neutr.;https://www.dwds.de/wb/Paket;0.0;4592.0;363;3513.0;18.69;6683.0;4031.0;2274.0
LEEDS,LEIPZIG;Pakistan;;;;;;;;;4181.0;14.86;5582.0;;
BUCHMEIER,HERMIT;Pakt;;;;;;;7794.0;179;;;;9294.0;771.0
BUCHMEIER,HERMIT,LEIPZIG;Palast;;;;;;;4711.0;351;;;9384.0;3569.0;2650.0
LEO739;Palme;die;;Substantiv;;;;;;;;;;
BUCHMEIER,HERMIT;Palmer;;;;;;;2267.0;886;;;;4835.0;1802.0
LEEDS,LEIPZIG;Palästinenser;;;;;;;;;3394.0;19.51;3332.0;;
BUCHMEIER,HERMIT;Pam;;;;;;;9673.0;135;;;;7090.0;1102.0
FEHLER200,FEHLER400;Paneel;;;;;;;;;;;;;
BUCHMEIER,HERMIT,LEIPZIG;Panik;;;;;;;2311.0;871;;;6294.0;2170.0;4961.0
B1;Panne;die;;Substantiv;fem.;https://www.dwds.de/wb/Panne;0.0;;;;;;;
BUCHMEIER,HERMIT,LEIPZIG;Panzer;;;;;;;4371.0;386;;;6744.0;4913.0;1763.0
BUCHMEIER,HERMIT,LEEDS,LEIPZIG,LEO739,NRW422;Papa;der;;Substantiv;;;;732.0;3727;4930.0;11.85;9419.0;617.0;24707.0
LEO739,NRW422;Papagei;der;;Substantiv;;;;;;;;;;
BUCHMEIER,HERMIT;Papi;;;;;;;4532.0;368;;;;4629.0;1908.0
A1,BUCHMEIER,BW1,FEHLER300,HERMIT,LEEDS,LEIPZIG;Papier;das;;Substantiv;neutr.;https://www.dwds.de/wb/Papier;0.0;2749.0;704;1508.0;50.54;1343.0;2647.0;3894.0
BUCHMEIER,HERMIT,LEIPZIG;Papiere;;;;;;;3559.0;508;;;3593.0;2434.0;4326.0
BUCHMEIER,HERMIT;Papierkram;;;;;;;7303.0;196;;;;5763.0;1438.0
LEO739,NRW422;Pappe;die;;Substantiv;;;;;;;;;;
FEHLER200,FEHLER400;Pappenstiel;;;;;;;;;;;;;
LEO739;Paprika;die;;Substantiv;;;;;;;;;;
BUCHMEIER,HERMIT;Paps;;;;;;;6616.0;223;;;;6786.0;1166.0
BUCHMEIER,FEHLER200,FEHLER400,HERMIT,LEEDS,LEIPZIG;Papst;;;;;;;6125.0;248;2109.0;35.18;3041.0;4245.0;2135.0
BUCHMEIER,HERMIT;Parade;;;;;;;9564.0;137;;;;8197.0;912.0
B1;Paradeiser;der;;Substantiv;mask.;https://www.dwds.de/wb/Paradeiser;0.0;;;;;;;
BUCHMEIER,HERMIT,LEEDS,LEIPZIG;Paradies;;;;;;;3551.0;510;4965.0;11.74;6874.0;4142.0;2205.0
B1,FEHLER200,FEHLER400,LEEDS,LEIPZIG;parallel;;;Adjektiv;;https://www.dwds.de/wb/parallel;0.0;;;2469.0;29.15;4415.0;;
LEEDS,LEIPZIG;Parameter;;;;;;;;;4592.0;13.14;3415.0;;
BUCHMEIER,HERMIT;paranoid;;;;;;;8210.0;167;;;;6210.0;1317.0
BUCHMEIER,HERMIT;Pardon;;;;;;;7467.0;189;;;;5112.0;1666.0
A2;Parfum;das;;Substantiv;neutr.;https://www.dwds.de/wb/Parfum;0.0;;;;;;;
A2,BUCHMEIER,HERMIT;Parfüm;das;;Substantiv;neutr.;https://www.dwds.de/wb/Parf%C3%BCm;0.0;9397.0;140;;;;7878.0;961.0
BUCHMEIER,HERMIT,LEEDS,LEIPZIG;Paris;;;;;;;1509.0;1443;1354.0;55.88;625.0;1031.0;12301.0
LEEDS,LEIPZIG;Pariser;;;;;;;;;4878.0;12.01;2477.0;;
A2,BUCHMEIER,HERMIT,LEEDS,LEIPZIG;Park;der;;Substantiv;mask.;https://www.dwds.de/wb/Park;0.0;1577.0;1379;2742.0;25.57;3354.0;1574.0;7448.0
A2,BUCHMEIER,HERMIT;parken;;;Verb;;https://www.dwds.de/wb/parken;0.0;8474.0;160;;;;6269.0;1297.0
BUCHMEIER,HERMIT;Parker;;;;;;;4863.0;338;;;;3728.0;2512.0
B1;parkieren;;;Verb;;https://www.dwds.de/wb/parkieren;0.0;;;;;;;
BUCHMEIER,HERMIT,LEEDS,LEIPZIG;Parkplatz;;;;;;;4521.0;369;4570.0;13.2;5444.0;4085.0;2238.0
LEEDS,LEIPZIG;Parlament;;;;;;;;;1173.0;64.72;876.0;;
BUCHMEIER,HERMIT,LEEDS,LEIPZIG;Partei;;;;;;;6524.0;228;310.0;228.34;365.0;4675.0;1888.0
HERMIT,LEEDS,LEIPZIG;Partie;;;;;;;;;3791.0;16.82;2970.0;9200.0;782.0
A1,BUCHMEIER,HERMIT,LEEDS,LEIPZIG;Partner;der;;Substantiv;mask.;https://www.dwds.de/wb/Partner;0.0;1255.0;1828;988.0;76.49;1019.0;1016.0;12484.0
A1,BUCHMEIER,HERMIT;Partnerin;die;;Substantiv;fem.;https://www.dwds.de/wb/Partnerin;0.0;9617.0;136;;;;5972.0;1379.0
HERMIT,LEEDS,LEIPZIG;Partnerschaft;;;;;;;;;3127.0;21.67;4594.0;9408.0;759.0
A1,BUCHMEIER,BW3,HERMIT,LEEDS,LEIPZIG;Party;die;Partys;Substantiv;fem.;https://www.dwds.de/wb/Party;0.0;928.0;2672;3184.0;21.09;6330.0;743.0;18531.0
BUCHMEIER,HERMIT;Partys;;;;;;;6885.0;211;;;;5062.0;1695.0
A1,BUCHMEIER,HERMIT;Pass;der;;Substantiv;mask.;https://www.dwds.de/wb/Pass#1;0.0;848.0;2986;;;;648.0;22790.0
B1,BUCHMEIER;Passagier;der;;Substantiv;mask.;https://www.dwds.de/wb/Passagier;0.0;8985.0;149;;;;;
BUCHMEIER,HERMIT,LEIPZIG;Passagiere;;;;;;;5349.0;295;;;4353.0;5444.0;1543.0
B1;Passagierin;die;;Substantiv;fem.;https://www.dwds.de/wb/Passagierin;0.0;;;;;;;
BUCHMEIER,HERMIT;passe;;;;;;;5692.0;272;;;;4100.0;2229.0
A2,BUCHMEIER,BW3,HERMIT,LEEDS,LEIPZIG;passen;;du passt;Verb;;https://www.dwds.de/wb/passen;0.0;2234.0;908;1054.0;72.1;4196.0;1332.0;9150.0
HERMIT,LEEDS;passend;;;;;;;;;2363.0;30.73;;8416.0;880.0
A2,BUCHMEIER,HERMIT,LEEDS,LEIPZIG,LEO739,NRW422;passieren;;;Verb;;https://www.dwds.de/wb/passieren#2;0.0;824.0;3091;731.0;101.77;2799.0;787.0;17383.0
BUCHMEIER,HERMIT,LEIPZIG;passiert;;;;;;;219.0;14912;;;1820.0;202.0;93021.0
BUCHMEIER,HERMIT;passierte;;;;;;;2195.0;928;;;;2138.0;5052.0
B1,LEEDS;passiv;;;Adjektiv;;https://www.dwds.de/wb/passiv;0.0;;;4063.0;15.35;;;
BUCHMEIER,FEHLER300,HERMIT;passt;;;;;;;1241.0;1860;;;;775.0;17667.0
BUCHMEIER,HERMIT;passte;;;;;;;7762.0;180;;;;9546.0;745.0
A2,BUCHMEIER,HERMIT;Passwort;das;;Substantiv;neutr.;https://www.dwds.de/wb/Passwort;0.0;6953.0;208;;;;5869.0;1408.0
BUCHMEIER,HERMIT;Pastor;;;;;;;9301.0;142;;;;5537.0;1509.0
BUCHMEIER,HERMIT;Pat;;;;;;;5708.0;271;;;;5581.0;1495.0
BUCHMEIER,HERMIT;Pater;;;;;;;4679.0;355;;;;2662.0;3872.0
B1,BUCHMEIER,HERMIT,LEEDS,LEIPZIG;Patient;der;;Substantiv;mask.;https://www.dwds.de/wb/Patient;0.0;3131.0;601;626.0;116.36;5932.0;3037.0;3263.0
BUCHMEIER,HERMIT,LEIPZIG;Patienten;;;;;;;1732.0;1234;;;1020.0;1592.0;7342.0
B1,BUCHMEIER,HERMIT,LEEDS;Patientin;die;;Substantiv;fem.;https://www.dwds.de/wb/Patientin;0.0;4700.0;352;4875.0;12.02;;4426.0;2034.0
BUCHMEIER,HERMIT;Patrick;;;;;;;3382.0;543;;;;2624.0;3936.0
BUCHMEIER,HERMIT;Patrouille;;;;;;;9825.0;132;;;;9097.0;794.0
BUCHMEIER,HERMIT;Patty;;;;;;;7368.0;193;;;;6600.0;1213.0
BUCHMEIER,HERMIT,LEEDS,LEIPZIG;Paul;;;;;;;1328.0;1694;1411.0;53.62;2430.0;1066.0;11876.0
BUCHMEIER,HERMIT;Paula;;;;;;;5931.0;259;;;;3538.0;2676.0
BUCHMEIER,HERMIT;Paulie;;;;;;;9507.0;138;;;;9178.0;784.0
B1;pauschal;;;Adjektiv;;https://www.dwds.de/wb/pauschal;0.0;;;;;;;
A1,BUCHMEIER,HERMIT,LEEDS,LEIPZIG,LEO739;Pause;die;;Substantiv;fem.;https://www.dwds.de/wb/Pause#1;0.0;1798.0;1189;2413.0;30.07;2636.0;1670.0;6929.0
BUCHMEIER,LEEDS,LEIPZIG;Paß;;;;;;;4887.0;336;3923.0;16.18;5912.0;;
BUCHMEIER,LEIPZIG;paßt;;;;;;;9563.0;137;;;2910.0;;
LEEDS,LEIPZIG;PC;;;;;;;;;2174.0;33.95;4006.0;;
LEEDS,LEIPZIG;PDS;;;;;;;;;2687.0;26.27;1246.0;;
BUCHMEIER,HERMIT;Pearl;;;;;;;7687.0;182;;;;7413.0;1043.0
B1,BUCHMEIER,HERMIT,LEIPZIG;Pech;das;;Substantiv;neutr.;https://www.dwds.de/wb/Pech#2;0.0;3114.0;605;;;6506.0;2610.0;3957.0
BUCHMEIER,HERMIT;Pedro;;;;;;;9616.0;136;;;;6200.0;1320.0
BUCHMEIER,HERMIT;Peg;;;;;;;8173.0;168;;;;4443.0;2023.0
BUCHMEIER,HERMIT;Peggy;;;;;;;6546.0;227;;;;4712.0;1870.0
B1,BUCHMEIER,HERMIT,LEEDS,LEIPZIG;peinlich;;;Adjektiv;;https://www.dwds.de/wb/peinlich;0.0;2241.0;902;3966.0;15.91;7309.0;2044.0;5311.0
BUCHMEIER,HERMIT;Peng;;;;;;;9300.0;142;;;;6681.0;1191.0
BUCHMEIER,HERMIT;Penis;;;;;;;3992.0;437;;;;4558.0;1949.0
BUCHMEIER,HERMIT;Penner;;;;;;;3725.0;475;;;;3315.0;2922.0
BUCHMEIER,HERMIT;Penny;;;;;;;2471.0;799;;;;2636.0;3912.0
B1,BUCHMEIER,HERMIT,LEIPZIG;Pension;die;;Substantiv;fem.;https://www.dwds.de/wb/Pension#1;0.0;9064.0;147;;;9781.0;7163.0;1089.0
B1;pensionieren;;;Verb;;https://www.dwds.de/wb/pensionieren;0.0;;;;;;;
B1;Pensionist;der;;Substantiv;mask.;https://www.dwds.de/wb/Pensionist;0.0;;;;;;;
B1;Pensionistin;die;;Substantiv;fem.;https://www.dwds.de/wb/Pensionistin;0.0;;;;;;;
BUCHMEIER,HERMIT;Pentagon;;;;;;;8029.0;172;;;;8925.0;813.0
B1,BUCHMEIER,HERMIT,LEEDS,LEIPZIG;per;;;Präposition;;https://www.dwds.de/wb/per;0.0;3915.0;448;651.0;112.78;798.0;2762.0;3668.0
B1,BUCHMEIER,HERMIT,LEEDS,LEIPZIG;perfekt;;;Adjektiv;;https://www.dwds.de/wb/perfekt;0.0;1235.0;1867;1913.0;38.8;3949.0;897.0;14848.0
BUCHMEIER,HERMIT;perfekte;;;;;;;3094.0;608;;;;2419.0;4364.0
BUCHMEIER,HERMIT;perfekten;;;;;;;6430.0;232;;;;5313.0;1588.0
LEEDS,LEIPZIG;Periode;;;;;;;;;3787.0;16.82;4504.0;;
FEHLER200,FEHLER400;peripher;;;;;;;;;;;;;
B1;Perron;der;;Substantiv;mask., neutr.;https://www.dwds.de/wb/Perron;0.0;;;;;;;
BUCHMEIER,HERMIT;Perry;;;;;;;6710.0;219;;;;5371.0;1567.0
A2,BUCHMEIER,HERMIT,LEEDS,LEIPZIG;Person;die;;Substantiv;fem.;https://www.dwds.de/wb/Person;0.0;921.0;2703;253.0;273.67;1587.0;835.0;16074.0
B1,BUCHMEIER,HERMIT,LEEDS,LEIPZIG;Personal;das;;Substantiv;neutr.;https://www.dwds.de/wb/Personal;0.0;5616.0;276;2217.0;33.11;2175.0;3925.0;2359.0
B1;Personalie;die;;Substantiv;fem.;https://www.dwds.de/wb/Personalie;0.0;;;;;;;
BUCHMEIER,HERMIT,LEIPZIG;Personen;;;;;;;3083.0;611;;;732.0;2613.0;3954.0
B1;Personenstand;der;;Substantiv;mask.;https://www.dwds.de/wb/Personenstand;0.0;;;;;;;
BUCHMEIER,HERMIT,LEEDS,LEIPZIG;Perspektive;;;;;;;8636.0;156;1228.0;61.29;3287.0;8892.0;816.0
B1,BUCHMEIER,FEHLER200,FEHLER400,HERMIT,LEEDS,LEIPZIG;persönlich;;;Adjektiv;;https://www.dwds.de/wb/pers%C3%B6nlich;0.0;1383.0;1597;378.0;187.88;2216.0;1213.0;10269.0
BUCHMEIER,HERMIT,LEIPZIG;persönliche;;;;;;;4404.0;382;;;2429.0;3531.0;2683.0
BUCHMEIER,HERMIT,LEIPZIG;persönlichen;;;;;;;4338.0;390;;;2311.0;4047.0;2261.0
BUCHMEIER,HERMIT,LEIPZIG;persönlicher;;;;;;;9195.0;144;;;8451.0;7796.0;976.0
BUCHMEIER,HERMIT;Persönliches;;;;;;;7717.0;181;;;;4417.0;2041.0
BUCHMEIER,HERMIT,LEEDS,LEIPZIG;Persönlichkeit;;;;;;;5521.0;282;1814.0;41.07;5029.0;5158.0;1647.0
BUCHMEIER,HERMIT;Perücke;;;;;;;9025.0;148;;;;8207.0;910.0
BUCHMEIER,HERMIT;Pest;;;;;;;9299.0;142;;;;7462.0;1034.0
BUCHMEIER,HERMIT;Pete;;;;;;;2258.0;889;;;;2025.0;5416.0
BUCHMEIER,HERMIT,LEEDS,LEIPZIG;Peter;;;;;;;1216.0;1891;635.0;115.19;834.0;971.0;13405.0
BUCHMEIER,HERMIT,LEEDS;Pfad;;;;;;;5592.0;278;4445.0;13.67;;5694.0;1460.0
B1;Pfanne;die;;Substantiv;fem.;https://www.dwds.de/wb/Pfanne;0.0;;;;;;;
BUCHMEIER,HERMIT;Pfannkuchen;;;;;;;6373.0;235;;;;6793.0;1164.0
BUCHMEIER,HERMIT,LEEDS,LEIPZIG;Pfarrer;;;;;;;4413.0;381;2845.0;24.37;2808.0;3338.0;2897.0
B1;Pfeffer;der;;Substantiv;mask.;https://www.dwds.de/wb/Pfeffer;0.0;;;;;;;
BUCHMEIER,HERMIT;Pfeife;;;;;;;6952.0;208;;;;5214.0;1626.0
BUCHMEIER,HERMIT;pfeift;;;;;;;7136.0;202;;;;4149.0;2203.0
BUCHMEIER,BW1,HERMIT;Pfeil;der;;Substantiv;;;;6046.0;252;;;;5611.0;1483.0
A2,BUCHMEIER,BW3,HERMIT,LEEDS,LEIPZIG,LEO739,NRW422;Pferd;das;Pferde;Substantiv;neutr.;https://www.dwds.de/wb/Pferd;0.0;1686.0;1272;1521.0;50.08;5656.0;1165.0;10723.0
BUCHMEIER,HERMIT,LEIPZIG;Pferde;;;;;;;2640.0;741;;;5456.0;1945.0;5731.0
BUCHMEIER,HERMIT;Pferden;;;;;;;8792.0;153;;;;6941.0;1130.0
LEO739;Pfingsten;;;;;;;;;;;;;
A2,BUCHMEIER,BW3,HERMIT,LEEDS,LEIPZIG,LEO739,NRW422;Pflanze;die;pflanzen;Substantiv;fem.;https://www.dwds.de/wb/Pflanze;0.0;6085.0;250;2089.0;35.6;9593.0;6909.0;1135.0
B1,BUCHMEIER,HERMIT,LEIPZIG;pflanzen;;;Verb;;https://www.dwds.de/wb/pflanzen#1;0.0;5298.0;299;;;2657.0;4254.0;2131.0
B1,LEO739,NRW422;Pflaster;das;;Substantiv;neutr.;https://www.dwds.de/wb/Pflaster;0.0;;;;;;;
B1,LEO739;Pflaume;die;;Substantiv;fem.;https://www.dwds.de/wb/Pflaume;0.0;;;;;;;
HERMIT,LEEDS,LEIPZIG;Pflege;;;;;;;;;2784.0;25.07;2609.0;8558.0;861.0
B1,BUCHMEIER,HERMIT,LEEDS,LEIPZIG;pflegen;;;Verb;;https://www.dwds.de/wb/pflegen#1;0.0;9063.0;147;1762.0;42.49;2264.0;8887.0;817.0
B1;Pfleger;der;;Substantiv;mask.;https://www.dwds.de/wb/Pfleger;0.0;;;;;;;
B1;Pflegerin;die;;Substantiv;fem.;https://www.dwds.de/wb/Pflegerin;0.0;;;;;;;
B1,BUCHMEIER,HERMIT,LEEDS,LEIPZIG;Pflicht;die;;Substantiv;fem.;https://www.dwds.de/wb/Pflicht;0.0;2264.0;887;1567.0;48.34;3039.0;1997.0;5489.0
BUCHMEIER,HERMIT,LEIPZIG;Pflichten;;;;;;;7253.0;198;;;8193.0;5978.0;1379.0
BW3,LEO739,NRW422;pflücken;;du pflückst;;;;;;;;;;;
BW1;Pfote;die;;Substantiv;;;;;;;;;;
BUCHMEIER,HERMIT;Pfoten;;;;;;;9721.0;134;;;;7530.0;1022.0
A1,BUCHMEIER,HERMIT,LEIPZIG;Pfund;das;;Substantiv;neutr.;https://www.dwds.de/wb/Pfund;0.0;2789.0;694;;;2729.0;2070.0;5223.0
BW3;Pfütze;die;;Substantiv;;;;;;;;;;
B1,LEEDS,LEIPZIG;Phantasie;die;;Substantiv;fem.;https://www.dwds.de/wb/Phantasie;0.0;;;3240.0;20.67;3440.0;;
A2;phantastisch;;;Adjektiv;;https://www.dwds.de/wb/phantastisch;0.0;;;;;;;
BUCHMEIER,HERMIT,LEEDS,LEIPZIG;Phase;;;;;;;4531.0;368;1297.0;58.22;2360.0;3907.0;2373.0
BUCHMEIER,HERMIT;Phil;;;;;;;3986.0;438;;;;2211.0;4855.0
BUCHMEIER,HERMIT;Philadelphia;;;;;;;8836.0;152;;;;7529.0;1022.0
BUCHMEIER,HERMIT;Philip;;;;;;;7531.0;187;;;;4612.0;1916.0
FEHLER200,FEHLER400,LEIPZIG;Philippinen;;;;;;;;;;;8812.0;;
BUCHMEIER,HERMIT;Phillip;;;;;;;4563.0;366;;;;7250.0;1072.0
LEEDS,LEIPZIG;Philosoph;;;;;;;;;3155.0;21.45;9002.0;;
BUCHMEIER,HERMIT,LEEDS,LEIPZIG;Philosophie;;;;;;;8070.0;171;1523.0;50.06;3266.0;7598.0;1009.0
BUCHMEIER,HERMIT;Phoebe;;;;;;;2112.0;980;;;;2706.0;3788.0
BUCHMEIER,HERMIT;Phoenix;;;;;;;8285.0;165;;;;7077.0;1104.0
B1;Photograph;der;;Substantiv;mask.;https://www.dwds.de/wb/Photograph;0.0;;;;;;;
B1;Photographie;die;;Substantiv;fem.;https://www.dwds.de/wb/Photographie;0.0;;;;;;;
BUCHMEIER,HERMIT,LEEDS,LEIPZIG;Physik;;;;;;;9823.0;132;3128.0;21.66;6802.0;9551.0;744.0
LEEDS,LEIPZIG;Phänomen;;;;;;;;;1619.0;46.34;4332.0;;
BUCHMEIER,HERMIT;Picard;;;;;;;5520.0;282;;;;6855.0;1148.0
B1,BUCHMEIER,HERMIT;Picknick;das;;Substantiv;neutr.;https://www.dwds.de/wb/Picknick;0.0;7135.0;202;;;;6994.0;1119.0
BUCHMEIER,HERMIT;Piepsen;;;;;;;9885.0;131;;;;9390.0;761.0
BUCHMEIER,HERMIT;Pierre;;;;;;;5999.0;255;;;;3790.0;2461.0
B1,BUCHMEIER,HERMIT;Pille;die;;Substantiv;fem.;https://www.dwds.de/wb/Pille;0.0;7963.0;174;;;;5712.0;1452.0
BUCHMEIER,HERMIT;Pillen;;;;;;;3851.0;456;;;;3447.0;2771.0
BUCHMEIER,HERMIT,LEEDS,LEIPZIG;Pilot;;;;;;;2614.0;748;4880.0;12.01;8777.0;3886.0;2390.0
BUCHMEIER,HERMIT,LEIPZIG;Piloten;;;;;;;3837.0;458;;;6006.0;5285.0;1598.0
B1,LEO739;Pilz;der;;Substantiv;mask.;https://www.dwds.de/wb/Pilz;0.0;;;;;;;
BUCHMEIER,HERMIT;Pilze;;;;;;;9672.0;135;;;;8951.0;810.0
BUCHMEIER,HERMIT;pinkeln;;;;;;;4840.0;340;;;;4139.0;2207.0
FEHLER200,FEHLER400;Pinnwand;;;;;;;;;;;;;
BW1,LEO739,NRW422;Pinsel;der;;Substantiv;;;;;;;;;;
HERMIT,LEO739;Pirat;der;;Substantiv;;;;;;;;;9149.0;787.0
BUCHMEIER,HERMIT;Piraten;;;;;;;5773.0;267;;;;5476.0;1529.0
BUCHMEIER,HERMIT;pissen;;;;;;;8028.0;172;;;;7443.0;1036.0
BUCHMEIER,HERMIT,LEIPZIG;Pistole;;;;;;;2106.0;982;;;7382.0;2145.0;5014.0
BUCHMEIER,HERMIT;Pistolen;;;;;;;7651.0;183;;;;9636.0;737.0
A2,BUCHMEIER,BW3,HERMIT;Pizza;die;;Substantiv;fem.;https://www.dwds.de/wb/Pizza;0.0;2963.0;645;;;;2687.0;3829.0
A2,LEEDS,LEIPZIG;Plakat;das;;Substantiv;neutr.;https://www.dwds.de/wb/Plakat;0.0;;;4219.0;14.65;9436.0;;
A1,BUCHMEIER,HERMIT,LEEDS,LEIPZIG;Plan;der;;Substantiv;mask.;https://www.dwds.de/wb/Plan#1;0.0;694.0;4069;864.0;86.9;1521.0;637.0;23291.0
A2,BUCHMEIER,HERMIT,LEEDS,LEIPZIG;planen;;;Verb;;https://www.dwds.de/wb/planen;0.0;4068.0;427;846.0;88.77;3793.0;3377.0;2852.0
BUCHMEIER,HERMIT,LEEDS,LEO739;Planet;der;;Substantiv;;;;3235.0;576;2238.0;32.79;;3170.0;3069.0
BUCHMEIER,HERMIT,LEIPZIG;Planeten;;;;;;;1343.0;1667;;;5126.0;1469.0;8169.0
BUCHMEIER,HERMIT,LEIPZIG;plant;;;;;;;6190.0;244;;;2239.0;5064.0;1694.0
B1,LEEDS,LEIPZIG;Planung;die;;Substantiv;fem.;https://www.dwds.de/wb/Planung;0.0;;;1815.0;41.03;1658.0;;
B1,BUCHMEIER,HERMIT,LEIPZIG;Plastik;;;Substantiv;neutr., mask.;https://www.dwds.de/wb/Plastik#2;0.0;8362.0;163;;;9047.0;8792.0;828.0
BUCHMEIER,HERMIT;platt;;;;;;;7823.0;178;;;;6507.0;1235.0
BUCHMEIER,HERMIT,LEEDS,LEIPZIG;Platte;;;;;;;5074.0;319;2884.0;23.93;5766.0;5431.0;1548.0
BUCHMEIER,HERMIT,LEIPZIG;Platten;;;;;;;6246.0;241;;;7007.0;6023.0;1367.0
LEEDS,LEIPZIG;Plattform;;;;;;;;;3701.0;17.42;6556.0;;
A1,BUCHMEIER,BW3,FEHLER300,HERMIT,LEEDS,LEIPZIG,LEO739,NRW422;Platz;der;Plätze;Substantiv;mask.;https://www.dwds.de/wb/Platz;0.0;712.0;3939;410.0;178.77;345.0;614.0;24820.0
BUCHMEIER,HERMIT;platzen;;;;;;;8689.0;155;;;;7495.0;1029.0
FEHLER200,FEHLER400;platzieren;;;;;;;;;;;;;
FEHLER400;Platzierung;;;;;;;;;;;;;
BUCHMEIER,HERMIT;platzt;;;;;;;9245.0;143;;;;8791.0;828.0
BUCHMEIER,HERMIT,LEIPZIG;pleite;;;;;;;4440.0;378;;;9086.0;3822.0;2438.0
BUCHMEIER,HERMIT,LEEDS,LEIPZIG;plus;;;;;;;5135.0;313;2970.0;23.05;1818.0;3339.0;2897.0
BUCHMEIER,HERMIT,LEIPZIG;Pläne;;;;;;;2122.0;971;;;1290.0;1770.0;6381.0
BUCHMEIER,HERMIT,LEIPZIG;Plätze;;;;;;;4067.0;427;;;2142.0;3862.0;2407.0
A2,BUCHMEIER,BW3,FEHLER100,FEHLER300,HERMIT,LEEDS,LEIPZIG,LEO739,NRW422;plötzlich;;;Adjektiv;;https://www.dwds.de/wb/pl%C3%B6tzlich;0.0;1143.0;2055;621.0;117.34;1007.0;923.0;14269.0
BUCHMEIER,HERMIT;Po;;;;;;;8877.0;151;;;;6323.0;1281.0
HERMIT,LEIPZIG;Poesie;;;;;;;;;;;6633.0;8886.0;817.0
FEHLER200,FEHLER400;Pogrom;;;;;;;;;;;;;
BUCHMEIER,HERMIT;Poker;;;;;;;9062.0;147;;;;8387.0;884.0
BUCHMEIER,HERMIT,LEEDS,LEIPZIG;Polen;;;;;;;9109.0;146;1560.0;48.58;1097.0;6158.0;1330.0
BUCHMEIER,HERMIT;Police;;;;;;;8984.0;149;;;;6900.0;1137.0
B1,BUCHMEIER,HERMIT,LEEDS,LEIPZIG;Politik;die;;Substantiv;fem.;https://www.dwds.de/wb/Politik;0.0;3258.0;569;355.0;198.55;369.0;2806.0;3580.0
B1,BUCHMEIER,HERMIT,LEEDS,LEIPZIG;Politiker;der;;Substantiv;mask.;https://www.dwds.de/wb/Politiker;0.0;5707.0;271;1075.0;70.64;686.0;5016.0;1716.0
B1;Politikerin;die;;Substantiv;fem.;https://www.dwds.de/wb/Politikerin;0.0;;;;;;;
B1,HERMIT,LEEDS,LEIPZIG;politisch;;;Adjektiv;;https://www.dwds.de/wb/politisch;0.0;;;161.0;436.17;1377.0;8772.0;830.0
BUCHMEIER,HERMIT,LEEDS,LEIPZIG;politische;;;;;;;6301.0;238;4912.0;11.91;516.0;5461.0;1537.0
BUCHMEIER,HERMIT,LEIPZIG;politischen;;;;;;;9061.0;147;;;441.0;6917.0;1134.0
A1,BUCHMEIER,FEHLER300,HERMIT,LEEDS,LEIPZIG,LEO739;Polizei;die;;Substantiv;fem.;https://www.dwds.de/wb/Polizei;0.0;563.0;5294;634.0;115.22;260.0;406.0;40572.0
B1,BUCHMEIER,HERMIT,LEEDS,LEIPZIG,LEO739;Polizist;der;;Substantiv;mask.;https://www.dwds.de/wb/Polizist;0.0;1834.0;1159;2189.0;33.65;6172.0;1614.0;7224.0
BUCHMEIER,HERMIT,LEIPZIG;Polizisten;;;;;;;2349.0;858;;;1477.0;1907.0;5893.0
B1,BUCHMEIER,HERMIT;Polizistin;die;;Substantiv;fem.;https://www.dwds.de/wb/Polizistin;0.0;9822.0;132;;;;7177.0;1086.0
BUCHMEIER,HERMIT;Polly;;;;;;;6222.0;242;;;;6799.0;1163.0
BUCHMEIER,HERMIT;Pommes;;;;;;;6800.0;215;;;;6692.0;1188.0
BW1,HERMIT;Pony;das;Ponys;Substantiv;;;;;;;;;8597.0;854.0
BUCHMEIER,HERMIT;Pool;;;;;;;4291.0;395;;;;3650.0;2580.0
BUCHMEIER,HERMIT,LEIPZIG;Pop;;;;;;;8253.0;166;;;8442.0;6091.0;1345.0
BUCHMEIER,HERMIT;Popcorn;;;;;;;9561.0;137;;;;7929.0;953.0
B1,LEEDS,LEIPZIG;populär;;;Adjektiv;;https://www.dwds.de/wb/popul%C3%A4r;0.0;;;3837.0;16.6;9489.0;;
BUCHMEIER,HERMIT;Pornos;;;;;;;7962.0;174;;;;7888.0;959.0
B1,FEHLER400;Portemonnaie;das;;Substantiv;neutr.;https://www.dwds.de/wb/Portemonnaie;0.0;;;;;;;
FEHLER400;Portfolio;;;;;;;;;;;;;
A2;Portion;die;;Substantiv;fem.;https://www.dwds.de/wb/Portion;0.0;;;;;;;
BUCHMEIER,HERMIT;Portland;;;;;;;9506.0;138;;;;9081.0;795.0
B1;Portmonee;das;;Substantiv;neutr.;https://www.dwds.de/wb/Portmonee;0.0;;;;;;;
BUCHMEIER,HERMIT,LEEDS,LEIPZIG;Position;;;;;;;1364.0;1642;717.0;103.92;974.0;1501.0;7947.0
BUCHMEIER,HERMIT,LEIPZIG;Positionen;;;;;;;8688.0;155;;;1898.0;9307.0;770.0
B1,BUCHMEIER,HERMIT,LEEDS,LEIPZIG;positiv;;;Adjektiv;;https://www.dwds.de/wb/positiv;0.0;4839.0;340;530.0;136.75;1908.0;3913.0;2367.0
HERMIT,LEIPZIG;positive;;;;;;;;;;;2357.0;8288.0;901.0
A1,BUCHMEIER,HERMIT,LEEDS,LEIPZIG,LEO739;Post;die;;Substantiv;fem.;https://www.dwds.de/wb/Post#1;0.0;3066.0;616;1882.0;39.58;1968.0;2200.0;4873.0
BUCHMEIER,HERMIT,LEEDS,LEIPZIG;Posten;;;;;;;3616.0;495;3279.0;20.35;1966.0;3097.0;3176.0
A2;Poster;das;;Substantiv;neutr., mask.;https://www.dwds.de/wb/Poster#1;0.0;;;;;;;
A2;Postkarte;die;;Substantiv;fem.;https://www.dwds.de/wb/Postkarte;0.0;;;;;;;
A1;Postleitzahl;die;;Substantiv;fem.;https://www.dwds.de/wb/Postleitzahl;0.0;;;;;;;
LEEDS,LEIPZIG;Potential;;;;;;;;;3268.0;20.49;4659.0;;
FEHLER400;potenziell;;;;;;;;;;;;;
LEEDS,LEIPZIG;Potsdam;;;;;;;;;4988.0;11.68;3205.0;;
BUCHMEIER,HERMIT;Potter;;;;;;;7793.0;179;;;;8337.0;892.0
B1;Poulet;das;;Substantiv;neutr.;https://www.dwds.de/wb/Poulet;0.0;;;;;;;
LEEDS,LEIPZIG;Prag;;;;;;;;;4627.0;13.0;3678.0;;
B1;Praktikant;der;;Substantiv;mask.;https://www.dwds.de/wb/Praktikant;0.0;;;;;;;
B1;Praktikantin;die;;Substantiv;fem.;https://www.dwds.de/wb/Praktikantin;0.0;;;;;;;
A1,LEEDS;Praktikum;das;;Substantiv;neutr.;https://www.dwds.de/wb/Praktikum;0.0;;;4648.0;12.88;;;
A2,BUCHMEIER,HERMIT,LEEDS,LEIPZIG;praktisch;;;Adjektiv;;https://www.dwds.de/wb/praktisch;0.0;3404.0;538;649.0;113.33;1935.0;2551.0;4095.0
A1,BUCHMEIER,HERMIT,LEEDS,LEIPZIG;Praxis;die;;Substantiv;fem.;https://www.dwds.de/wb/Praxis;0.0;9150.0;145;796.0;94.41;1646.0;4662.0;1894.0
A1,BUCHMEIER,BW3,HERMIT,LEEDS,LEIPZIG;Preis;der;;Substantiv;mask.;https://www.dwds.de/wb/Preis;0.0;1330.0;1691;469.0;153.84;667.0;1141.0;10954.0
BUCHMEIER,HERMIT,LEIPZIG;Preise;;;;;;;7345.0;194;;;1151.0;5961.0;1382.0
A2;preiswert;;;Adjektiv;;https://www.dwds.de/wb/preiswert;0.0;;;;;;;
BUCHMEIER,HERMIT,LEIPZIG;Premiere;;;;;;;8172.0;168;;;2422.0;8466.0;873.0
BUCHMEIER,HERMIT,LEIPZIG;Premierminister;;;;;;;7466.0;189;;;3182.0;5179.0;1639.0
BUCHMEIER,HERMIT;President;;;;;;;2115.0;979;;;;3971.0;2319.0
BUCHMEIER,HERMIT,LEEDS,LEIPZIG;Presse;;;;;;;2995.0;636;1731.0;43.19;1751.0;2339.0;4548.0
BUCHMEIER,HERMIT,LEIPZIG;Pressekonferenz;;;;;;;7226.0;199;;;2934.0;7139.0;1094.0
LEEDS,LEIPZIG;Pressemitteilung;;;;;;;;;2826.0;24.6;8785.0;;
BUCHMEIER,HERMIT,LEEDS;pressen;;;;;;;9820.0;132;3090.0;22.02;;5761.0;1439.0
BUCHMEIER,HERMIT;Preston;;;;;;;8634.0;156;;;;9104.0;793.0
BUCHMEIER,HERMIT,LEEDS,LEIPZIG;Priester;;;;;;;2861.0;671;3007.0;22.7;5862.0;2333.0;4563.0
B1,BUCHMEIER,HERMIT;prima;;;Adjektiv;;https://www.dwds.de/wb/prima;0.0;3411.0;537;;;;1761.0;6417.0
BUCHMEIER,HERMIT,LEEDS,LEIPZIG,LEO739;Prinz;der;;Substantiv;;;;2518.0;783;3386.0;19.54;5434.0;1803.0;6260.0
BUCHMEIER,HERMIT,LEIPZIG;Prinzen;;;;;;;6663.0;221;;;9826.0;4396.0;2048.0
BUCHMEIER,HERMIT,LEIPZIG,LEO739;Prinzessin;die;;Substantiv;;;;1350.0;1658;;;7551.0;1498.0;7960.0
BUCHMEIER,HERMIT,LEEDS,LEIPZIG;Prinzip;;;;;;;5786.0;266;818.0;91.42;1790.0;5335.0;1581.0
LEEDS,LEIPZIG;prinzipiell;;;;;;;;;2827.0;24.59;8621.0;;
BUCHMEIER,HERMIT,LEIPZIG;Prinzipien;;;;;;;8928.0;150;;;6002.0;7451.0;1035.0
BUCHMEIER,HERMIT,LEEDS,LEIPZIG;Priorität;;;;;;;6300.0;238;3436.0;19.23;6301.0;6150.0;1332.0
A2,BUCHMEIER,HERMIT,LEEDS,LEIPZIG;privat;;;Adjektiv;;https://www.dwds.de/wb/privat;0.0;6689.0;220;547.0;132.64;5478.0;4442.0;2023.0
BUCHMEIER,HERMIT,LEEDS,LEIPZIG;private;;;;;;;7761.0;180;3203.0;20.94;1653.0;4679.0;1886.0
BUCHMEIER,HERMIT,LEIPZIG;privaten;;;;;;;7864.0;177;;;1203.0;6446.0;1249.0
LEEDS,LEIPZIG;Privatisierung;;;;;;;;;3852.0;16.5;3072.0;;
BUCHMEIER,HERMIT;Privatleben;;;;;;;7650.0;183;;;;6391.0;1266.0
BUCHMEIER,HERMIT;Privatsphäre;;;;;;;8171.0;168;;;;5682.0;1463.0
A2,BUCHMEIER,HERMIT,LEEDS,LEIPZIG;pro;;;Präposition;;https://www.dwds.de/wb/pro#1;0.0;1763.0;1210;490.0;147.77;350.0;1455.0;8322.0
BUCHMEIER,HERMIT,LEEDS,LEIPZIG;Probe;;;;;;;3794.0;463;3713.0;17.33;8316.0;3034.0;3268.0
BUCHMEIER,BW3,HERMIT,LEIPZIG;proben;;du probst, Probe;;;;;7445.0;190;;;6966.0;3922.0;2360.0
BUCHMEIER,HERMIT;Probier;;;;;;;7405.0;192;;;;4024.0;2279.0
A2,BUCHMEIER,FEHLER300,HERMIT,LEEDS;probieren;;;Verb;;https://www.dwds.de/wb/probieren;0.0;3377.0;544;4283.0;14.36;;2306.0;4642.0
BUCHMEIER,HERMIT;probiert;;;;;;;5440.0;288;;;;4468.0;2004.0
A1,BUCHMEIER,HERMIT,LEEDS,LEIPZIG;Problem;das;;Substantiv;neutr.;https://www.dwds.de/wb/Problem;0.0;318.0;9546;164.0;417.8;560.0;310.0;54783.0
LEEDS,LEIPZIG;Problematik;;;;;;;;;3520.0;18.64;8439.0;;
LEEDS,LEIPZIG;problematisch;;;;;;;;;3098.0;21.98;8082.0;;
BUCHMEIER,HERMIT,LEIPZIG;Probleme;;;;;;;760.0;3492;;;461.0;704.0;20116.0
BUCHMEIER,HERMIT,LEIPZIG;Problemen;;;;;;;6109.0;249;;;2981.0;5413.0;1554.0
LEEDS,LEIPZIG;problemlos;;;;;;;;;3756.0;17.04;6695.0;;
A2,BUCHMEIER,HERMIT,LEEDS,LEIPZIG;Produkt;das;;Substantiv;neutr.;https://www.dwds.de/wb/Produkt;0.0;6474.0;230;608.0;119.3;2786.0;6007.0;1370.0
B1,BUCHMEIER,HERMIT,LEEDS,LEIPZIG;Produktion;die;;Substantiv;fem.;https://www.dwds.de/wb/Produktion;0.0;5759.0;268;998.0;76.02;837.0;6645.0;1201.0
BUCHMEIER,HERMIT,LEEDS;Produzent;;;;;;;5758.0;268;3731.0;17.21;;8551.0;862.0
BUCHMEIER,LEIPZIG;Produzenten;;;;;;;7591.0;185;;;6129.0;;
B1,HERMIT,LEEDS,LEIPZIG;produzieren;;;Verb;;https://www.dwds.de/wb/produzieren;0.0;;;1313.0;57.31;3437.0;7890.0;959.0
BUCHMEIER,HERMIT,LEIPZIG;produziert;;;;;;;8927.0;150;;;2299.0;7649.0;1000.0
BUCHMEIER,HERMIT,LEEDS;professionell;;;;;;;8430.0;161;2246.0;32.66;;8107.0;925.0
HERMIT,LEIPZIG;professionelle;;;;;;;;;;;9636.0;9019.0;800.0
B1,BUCHMEIER,HERMIT,LEEDS,LEIPZIG;Professor;der;;Substantiv;mask.;https://www.dwds.de/wb/Professor;0.0;1435.0;1541;1124.0;67.69;1027.0;1224.0;10089.0
B1;Professorin;die;;Substantiv;fem.;https://www.dwds.de/wb/Professorin;0.0;;;;;;;
B1,BUCHMEIER,HERMIT,LEIPZIG;Profi;der;;Substantiv;mask.;https://www.dwds.de/wb/Profi;0.0;4742.0;349;;;6844.0;4559.0;1948.0
BUCHMEIER,HERMIT,LEEDS,LEIPZIG;Profil;;;;;;;8589.0;157;2645.0;26.73;4139.0;5825.0;1423.0
BUCHMEIER,HERMIT,LEIPZIG;Profis;;;;;;;7465.0;189;;;3750.0;7029.0;1112.0
B1;Profisportler;der;;Substantiv;mask.;https://www.dwds.de/wb/Profisportler;0.0;;;;;;;
B1;Profisportlerin;die;;Substantiv;fem.;https://www.dwds.de/wb/Profisportlerin;0.0;;;;;;;
HERMIT,LEEDS,LEIPZIG;Profit;;;;;;;;;4699.0;12.71;8034.0;7132.0;1096.0
HERMIT,LEEDS,LEIPZIG;profitieren;;;;;;;;;2193.0;33.61;2741.0;9378.0;762.0
LEEDS,LEIPZIG;Prognose;;;;;;;;;3700.0;17.43;4244.0;;
A2,BUCHMEIER,HERMIT,LEEDS,LEIPZIG;Programm;das;;Substantiv;neutr.;https://www.dwds.de/wb/Programm;0.0;2441.0;811;368.0;191.97;491.0;2114.0;5099.0
BUCHMEIER,HERMIT;programmiert;;;;;;;5482.0;285;;;;7600.0;1008.0
A2,BUCHMEIER,HERMIT,LEEDS,LEIPZIG;Projekt;das;;Substantiv;neutr.;https://www.dwds.de/wb/Projekt;0.0;2637.0;742;375.0;190.04;727.0;2225.0;4819.0
FEHLER400;projizieren;;;;;;;;;;;;;
LEEDS,LEIPZIG;Propaganda;;;;;;;;;4060.0;15.38;8387.0;;
BUCHMEIER,LEEDS;Prophet;;;;;;;5802.0;265;4022.0;15.65;;;
BUCHMEIER,HERMIT;Prophezeiung;;;;;;;6597.0;224;;;;7505.0;1027.0
FEHLER400;prophylaktisch;;;;;;;;;;;;;
A1;Prospekt;der;;Substantiv;mask., neutr.;https://www.dwds.de/wb/Prospekt;0.0;;;;;;;
B1,BUCHMEIER,HERMIT;prost;;;Interjektion;;https://www.dwds.de/wb/prost;0.0;4111.0;421;;;;2446.0;4302.0
BUCHMEIER,HERMIT;Prostituierte;;;;;;;9937.0;130;;;;7265.0;1069.0
B1,LEEDS,LEIPZIG;Protest;der;;Substantiv;mask.;https://www.dwds.de/wb/Protest;0.0;;;1767.0;42.4;2242.0;;
B1,LEEDS,LEIPZIG;protestieren;;;Verb;;https://www.dwds.de/wb/protestieren;0.0;;;4098.0;15.2;6875.0;;
BUCHMEIER,HERMIT,LEEDS,LEIPZIG;Protokoll;;;;;;;4825.0;341;2628.0;27.06;4613.0;4114.0;2223.0
BUCHMEIER,HERMIT,LEEDS,LEIPZIG;Provinz;;;;;;;9108.0;146;2639.0;26.9;2096.0;9229.0;778.0
A1,BUCHMEIER,HERMIT,LEEDS,LEIPZIG;Prozent;das;;Substantiv;neutr.;https://www.dwds.de/wb/Prozent;0.0;2745.0;705;260.0;265.52;63.0;2313.0;4629.0
B1,BUCHMEIER,FEHLER400,HERMIT;Prozess;der;;Substantiv;mask.;https://www.dwds.de/wb/Prozess;0.0;3160.0;595;;;;2364.0;4499.0
LEEDS,LEIPZIG;Prozeß;;;;;;;;;536.0;134.95;1047.0;;
FEHLER200,FEHLER400;präferieren;;;;;;;;;;;;;
B1,HERMIT,LEEDS,LEIPZIG;Präsentation;die;;Substantiv;fem.;https://www.dwds.de/wb/Pr%C3%A4sentation;0.0;;;3407.0;19.42;5211.0;9643.0;736.0
B1,BUCHMEIER,HERMIT,LEEDS,LEIPZIG;präsentieren;;;Verb;;https://www.dwds.de/wb/pr%C3%A4sentieren;0.0;9060.0;147;1122.0;67.92;2574.0;5198.0;1632.0
BUCHMEIER,HERMIT,LEIPZIG;präsentiert;;;;;;;4132.0;417;;;1657.0;3965.0;2326.0
LEEDS,LEIPZIG;Präsenz;;;;;;;;;4583.0;13.15;4843.0;;
BUCHMEIER,HERMIT,LEEDS,LEIPZIG;Präsident;;;;;;;924.0;2687;595.0;121.42;341.0;1281.0;9569.0
BUCHMEIER,HERMIT,LEIPZIG;Präsidenten;;;;;;;1604.0;1350;;;827.0;2260.0;4746.0
BUCHMEIER,HERMIT,LEIPZIG;Präsidentin;;;;;;;6864.0;212;;;7376.0;7879.0;961.0
HERMIT,LEIPZIG;präzise;;;;;;;;;;;6806.0;8912.0;814.0
A2,BUCHMEIER,BW3,HERMIT,LEEDS,LEIPZIG;prüfen;;du prüfst, Prüfung;Verb;;https://www.dwds.de/wb/pr%C3%BCfen;0.0;4650.0;357;1300.0;58.11;2124.0;3149.0;3096.0
A1,BUCHMEIER,HERMIT,LEEDS,LEIPZIG;Prüfung;die;;Substantiv;fem.;https://www.dwds.de/wb/Pr%C3%BCfung;0.0;4011.0;434;1382.0;54.47;2406.0;3706.0;2531.0
BUCHMEIER,HERMIT,LEIPZIG;Prüfungen;;;;;;;9767.0;133;;;7758.0;8604.0;853.0
BUCHMEIER,HERMIT;Prügel;;;;;;;8027.0;172;;;;7314.0;1061.0
BUCHMEIER,HERMIT;prügeln;;;;;;;9149.0;145;;;;7998.0;944.0
LEEDS,LEIPZIG;PS;;;;;;;;;4805.0;12.28;6933.0;;
BUCHMEIER,HERMIT;Psst;;;;;;;5388.0;292;;;;5226.0;1621.0
BUCHMEIER,HERMIT;Pst;;;;;;;6986.0;207;;;;4377.0;2061.0
BUCHMEIER,HERMIT;Psychiater;;;;;;;5772.0;267;;;;4668.0;1894.0
LEEDS,LEIPZIG;psychisch;;;;;;;;;1993.0;37.2;8245.0;;
HERMIT,LEEDS,LEIPZIG;Psychologie;;;;;;;;;3011.0;22.67;7997.0;9797.0;720.0
FEHLER400;Pubertät;;;;;;;;;;;;;
B1,BUCHMEIER,HERMIT,LEEDS,LEIPZIG;Publikum;das;;Substantiv;neutr.;https://www.dwds.de/wb/Publikum;0.0;2399.0;828;1205.0;62.66;819.0;2615.0;3951.0
BUCHMEIER,HERMIT;Pudding;;;;;;;8983.0;149;;;;9688.0;732.0
A2,BUCHMEIER,HERMIT,LEO739,NRW422;Pullover;der;;Substantiv;mask.;https://www.dwds.de/wb/Pullover;0.0;9766.0;133;;;;8530.0;864.0
BUCHMEIER,HERMIT;Puls;;;;;;;4290.0;395;;;;4079.0;2240.0
B1,BUCHMEIER,BW3,HERMIT,LEEDS,LEIPZIG;Punkt;der;;Substantiv;mask.;https://www.dwds.de/wb/Punkt;0.0;1293.0;1765;379.0;187.64;1364.0;1183.0;10553.0
BUCHMEIER,HERMIT,LEIPZIG;Punkte;;;;;;;2396.0;829;;;752.0;2826.0;3546.0
HERMIT,LEIPZIG;Punkten;;;;;;;;;;;1181.0;8334.0;892.0
B1,BUCHMEIER,BW1,FEHLER300,HERMIT,LEO739,NRW422;Puppe;die;;Substantiv;fem.;https://www.dwds.de/wb/Puppe;0.0;3801.0;462;;;;3804.0;2451.0
BUCHMEIER,HERMIT;Puppen;;;;;;;8252.0;166;;;;6488.0;1239.0
BUCHMEIER,HERMIT;Pussy;;;;;;;8473.0;160;;;;8002.0;943.0
A2,BUCHMEIER,HERMIT;putzen;;;Verb;;https://www.dwds.de/wb/putzen;0.0;5746.0;269;;;;4506.0;1977.0
BW3,LEO739;Pyramide;die;;Substantiv;;;;;;;;;;
BUCHMEIER,BW3,HERMIT;Päckchen;das;packen, du packst, Gepäck;Substantiv;;;;7227.0;199;;;;6581.0;1218.0
A1,BUCHMEIER,BW3,HERMIT,LEIPZIG;pünktlich;;Pünktlichkeit;Adjektiv;;https://www.dwds.de/wb/p%C3%BCnktlich;0.0;4520.0;369;;;8061.0;3117.0;3137.0
A1,LEIPZIG;qm;;;Symbol;;https://www.dwds.de/wb/qm;0.0;;;;;8001.0;;
BW3,LEO739;Quader;der;;Substantiv;;;;;;;;;;
BW3,LEO739;Quadrat;das;quadratisch;Substantiv;;;;;;;;;;
A1,LEIPZIG;Quadratmeter;der;;Substantiv;mask., neutr.;https://www.dwds.de/wb/Quadratmeter;0.0;;;;;1796.0;;
BW1;quaken;;er quakt;;;;;;;;;;;
BUCHMEIER,HERMIT;Qual;;;;;;;8633.0;156;;;;8271.0;902.0
BUCHMEIER,HERMIT;Qualen;;;;;;;9819.0;132;;;;9345.0;765.0
B1,LEEDS,LEIPZIG;Qualifikation;die;;Substantiv;fem.;https://www.dwds.de/wb/Qualifikation;0.0;;;3836.0;16.6;4531.0;;
HERMIT,LEEDS,LEIPZIG;qualifiziert;;;;;;;;;3739.0;17.13;8274.0;9943.0;705.0
A2,BUCHMEIER,HERMIT,LEEDS,LEIPZIG;Qualität;die;;Substantiv;fem.;https://www.dwds.de/wb/Qualit%C3%A4t;0.0;5286.0;300;857.0;87.48;1423.0;6186.0;1323.0
BW1;Qualm;der;qualmen;Substantiv;;;;;;;;;;
BUCHMEIER,HERMIT;Quarantäne;;;;;;;7863.0;177;;;;8031.0;938.0
LEEDS,LEIPZIG;Quartal;;;;;;;;;2779.0;25.09;1494.0;;
B1,BUCHMEIER,HERMIT;Quartier;das;;Substantiv;neutr.;https://www.dwds.de/wb/Quartier;0.0;8429.0;161;;;;5734.0;1446.0
FEHLER400;Quarzuhr;;;;;;;;;;;;;
BUCHMEIER,HERMIT,LEEDS,LEIPZIG;quasi;;;;;;;7194.0;200;2883.0;23.93;4602.0;5304.0;1593.0
BUCHMEIER,BW3,HERMIT,LEO739;Quatsch;der;;Substantiv;;;;1870.0;1135;;;;1612.0;7233.0
BUCHMEIER,HERMIT;quatschen;;;;;;;9244.0;143;;;;7699.0;992.0
BUCHMEIER,LEEDS;que;;;;;;;9442.0;139;4967.0;11.74;;;
BUCHMEIER,HERMIT;Queen;;;;;;;5771.0;267;;;;4418.0;2040.0
BUCHMEIER,BW3,HERMIT,LEEDS,LEIPZIG;Quelle;die;;Substantiv;;;;2965.0;644;640.0;114.52;4024.0;2582.0;4019.0
BUCHMEIER,HERMIT,LEIPZIG;Quellen;;;;;;;6348.0;236;;;4280.0;5641.0;1474.0
B1,BUCHMEIER,BW3,HERMIT,LEEDS,LEIPZIG;quer;;;Adverb;;https://www.dwds.de/wb/quer;0.0;8026.0;172;3997.0;15.77;4199.0;7846.0;967.0
BUCHMEIER,HERMIT;Quere;;;;;;;8472.0;160;;;;8136.0;922.0
BUCHMEIER,HERMIT;Quinn;;;;;;;8471.0;160;;;;4023.0;2280.0
BUCHMEIER,HERMIT;quitt;;;;;;;5336.0;296;;;;5831.0;1422.0
B1,HERMIT;Quittung;die;;Substantiv;fem.;https://www.dwds.de/wb/Quittung;0.0;;;;;;8970.0;807.0
A2;Quiz;das;;Substantiv;neutr.;https://www.dwds.de/wb/Quiz;0.0;;;;;;;
LEEDS,LEIPZIG;Quote;;;;;;;;;4416.0;13.78;4592.0;;
BUCHMEIER,HERMIT;quälen;;;;;;;7792.0;179;;;;6982.0;1120.0
B1;Rabatt;der;;Substantiv;mask.;https://www.dwds.de/wb/Rabatt;0.0;;;;;;;
BUCHMEIER,HERMIT,LEEDS,LEIPZIG;Rache;;;;;;;2362.0;850;4116.0;15.14;6298.0;1939.0;5751.0
BUCHMEIER,HERMIT;Rachel;;;;;;;1179.0;1958;;;;1760.0;6434.0
A2,BUCHMEIER,BW3,FEHLER300,HERMIT,LEEDS,LEIPZIG;Rad;das;Räder;Substantiv;neutr.;https://www.dwds.de/wb/Rad;0.0;5032.0;323;3061.0;22.21;6064.0;3838.0;2427.0
BUCHMEIER,HERMIT;Radar;;;;;;;6492.0;229;;;;7158.0;1090.0
B1,LEIPZIG;Radfahrer;der;;Substantiv;mask.;https://www.dwds.de/wb/Radfahrer;0.0;;;;;7571.0;;
B1;Radfahrerin;die;;Substantiv;fem.;https://www.dwds.de/wb/Radfahrerin;0.0;;;;;;;
LEO739;Radiergummi;der;;Substantiv;;;;;;;;;;
LEEDS,LEIPZIG;radikal;;;;;;;;;1832.0;40.63;7967.0;;
A2,BUCHMEIER,HERMIT,LEEDS,LEIPZIG;Radio;das;;Substantiv;neutr., mask.;https://www.dwds.de/wb/Radio;0.0;2368.0;847;2138.0;34.7;3723.0;1943.0;5740.0
B1;Rahm;der;;Substantiv;mask.;https://www.dwds.de/wb/Rahm;0.0;;;;;;;
BUCHMEIER,HERMIT,LEEDS,LEIPZIG;Rahmen;;;;;;;7822.0;178;414.0;176.06;623.0;6714.0;1183.0
LEEDS,LEIPZIG;Rainer;;;;;;;;;3863.0;16.47;3962.0;;
BUCHMEIER,HERMIT,LEO739;Rakete;die;;Substantiv;;;;4229.0;404;;;;4451.0;2017.0
BUCHMEIER,HERMIT,LEIPZIG;Raketen;;;;;;;4798.0;344;;;6999.0;5673.0;1465.0
LEEDS,LEIPZIG;Ralf;;;;;;;;;3913.0;16.24;4985.0;;
BUCHMEIER,HERMIT;Ralph;;;;;;;3276.0;565;;;;4583.0;1930.0
BUCHMEIER,HERMIT;ran;;;;;;;1470.0;1501;;;;1256.0;9783.0
BUCHMEIER,HERMIT;Ranch;;;;;;;6545.0;227;;;;5580.0;1495.0
B1,BUCHMEIER,HERMIT,LEEDS,LEIPZIG;Rand;der;;Substantiv;mask.;https://www.dwds.de/wb/Rand;0.0;5757.0;268;1633.0;46.03;3422.0;4369.0;2064.0
BUCHMEIER,HERMIT;Randall;;;;;;;5031.0;323;;;;6359.0;1273.0
BUCHMEIER,HERMIT;Randy;;;;;;;1142.0;2060;;;;3679.0;2552.0
BUCHMEIER,HERMIT,LEEDS,LEIPZIG;Rang;;;;;;;7821.0;178;2867.0;24.11;1974.0;7076.0;1105.0
BUCHMEIER,HERMIT;rangehen;;;;;;;9355.0;141;;;;6141.0;1334.0
BUCHMEIER,HERMIT;Ranger;;;;;;;8103.0;170;;;;6882.0;1143.0
BUCHMEIER,HERMIT;rannte;;;;;;;6189.0;244;;;;5216.0;1625.0
BUCHMEIER,HERMIT,LEEDS,LEIPZIG;rasch;;;;;;;8876.0;151;1220.0;61.86;2081.0;7175.0;1086.0
B1,BUCHMEIER,HERMIT,LEIPZIG;Rasen;der;;Substantiv;mask.;https://www.dwds.de/wb/Rasen;0.0;7070.0;204;;;6239.0;5290.0;1596.0
B1,BUCHMEIER,HERMIT;rasieren;;;Verb;;https://www.dwds.de/wb/rasieren;0.0;8632.0;156;;;;7416.0;1043.0
BUCHMEIER,HERMIT;rasiert;;;;;;;8508.0;159;;;;9503.0;748.0
BUCHMEIER,HERMIT,LEEDS;Rasse;;;;;;;4458.0;376;3895.0;16.31;;4669.0;1893.0
LEEDS,LEIPZIG;Rassismus;;;;;;;;;3673.0;17.57;6908.0;;
B1,BUCHMEIER,HERMIT,LEEDS,LEIPZIG;Rat;der;;Substantiv;mask.;https://www.dwds.de/wb/Rat;0.0;1602.0;1353;885.0;84.51;2337.0;1367.0;8842.0
BUCHMEIER,HERMIT;Rate;;;;;;;5106.0;316;;;;2433.0;4331.0
A2,BUCHMEIER,BW1,HERMIT,LEEDS,LEIPZIG;raten;;du rätst, ich riet;Verb;;https://www.dwds.de/wb/raten#1;0.0;3255.0;570;3049.0;22.34;9369.0;2075.0;5212.0
A2,BUCHMEIER,HERMIT,LEEDS,LEIPZIG;Rathaus;das;;Substantiv;neutr.;https://www.dwds.de/wb/Rathaus;0.0;8587.0;157;3631.0;17.83;1469.0;8056.0;934.0
B1,HERMIT;Ratschlag;der;;Substantiv;mask.;https://www.dwds.de/wb/Ratschlag;0.0;;;;;;9519.0;747.0
BUCHMEIER,HERMIT;Ratschläge;;;;;;;8982.0;149;;;;7473.0;1033.0
BUCHMEIER,HERMIT;Ratte;;;;;;;3281.0;564;;;;3268.0;2969.0
BUCHMEIER,HERMIT,LEIPZIG;Ratten;;;;;;;4499.0;372;;;9779.0;3955.0;2333.0
FEHLER200,FEHLER400,LEIPZIG;rau;;;;;;;;;;;7330.0;;
BUCHMEIER,HERMIT,LEIPZIG,LEO739,NRW422;Rauch;der;;Substantiv;;;;3626.0;494;;;9135.0;3645.0;2584.0
BUCHMEIER,HERMIT;rauche;;;;;;;7344.0;194;;;;6828.0;1155.0
A1,BUCHMEIER,HERMIT,LEEDS;rauchen;;;Verb;;https://www.dwds.de/wb/rauchen;0.0;2688.0;724;3978.0;15.85;;2126.0;5072.0
B1;Raucher;;;Substantiv;mask., neutr.;https://www.dwds.de/wb/Raucher;0.0;;;;;;;
B1;Raucherin;die;;Substantiv;fem.;https://www.dwds.de/wb/Raucherin;0.0;;;;;;;
BUCHMEIER,HERMIT;rauchst;;;;;;;9243.0;143;;;;8367.0;888.0
BUCHMEIER,HERMIT;raucht;;;;;;;8687.0;155;;;;8308.0;898.0
B1,BUCHMEIER,HERMIT;rauf;;;Adverb;;https://www.dwds.de/wb/rauf;0.0;2193.0;929;;;;1833.0;6137.0
A1,BUCHMEIER,BW1,HERMIT,LEEDS,LEIPZIG;Raum;der;Räume;Substantiv;mask.;https://www.dwds.de/wb/Raum;0.0;1072.0;2233;396.0;184.01;714.0;1062.0;11906.0
BUCHMEIER,HERMIT;Raumschiff;;;;;;;4630.0;359;;;;4054.0;2256.0
A2,BUCHMEIER,HERMIT,LEEDS,LEIPZIG;raus;;;Adverb;;https://www.dwds.de/wb/raus;0.0;234.0;14009;2033.0;36.55;3278.0;198.0;95012.0
BUCHMEIER,HERMIT;rausbringen;;;;;;;8631.0;156;;;;8803.0;827.0
BUCHMEIER,HERMIT;rausfinden;;;;;;;3051.0;621;;;;3167.0;3073.0
BUCHMEIER,HERMIT;rausgefunden;;;;;;;4984.0;327;;;;5063.0;1695.0
BUCHMEIER,HERMIT;rausgehen;;;;;;;5310.0;298;;;;4567.0;1943.0
BUCHMEIER,HERMIT;rausgeholt;;;;;;;9560.0;137;;;;8171.0;915.0
BUCHMEIER,HERMIT;rausgekommen;;;;;;;6643.0;222;;;;6925.0;1133.0
BUCHMEIER,HERMIT;rausgeschmissen;;;;;;;9936.0;130;;;;8941.0;811.0
BUCHMEIER,HERMIT;rausgeworfen;;;;;;;7760.0;180;;;;6920.0;1133.0
BUCHMEIER,HERMIT;rausholen;;;;;;;3682.0;484;;;;3420.0;2803.0
BUCHMEIER,HERMIT;rauskommen;;;;;;;3270.0;567;;;;3169.0;3070.0
BUCHMEIER,HERMIT;rauskommt;;;;;;;5851.0;263;;;;5264.0;1606.0
BUCHMEIER,HERMIT;rauslassen;;;;;;;9059.0;147;;;;8559.0;861.0
BUCHMEIER,HERMIT;rauswerfen;;;;;;;9505.0;138;;;;8103.0;926.0
BUCHMEIER,HERMIT;rauszufinden;;;;;;;6429.0;232;;;;8046.0;936.0
BUCHMEIER,HERMIT;rauszuholen;;;;;;;7225.0;199;;;;8169.0;916.0
BUCHMEIER,HERMIT;rauszukommen;;;;;;;7109.0;203;;;;6890.0;1140.0
BUCHMEIER,HERMIT;Ray;;;;;;;2008.0;1045;;;;1569.0;7470.0
BUCHMEIER,HERMIT;Raymond;;;;;;;5633.0;275;;;;4244.0;2136.0
HERMIT,LEEDS;Re;;;;;;;;;1405.0;53.94;;4094.0;2233.0
B1,BUCHMEIER,HERMIT,LEEDS,LEIPZIG;reagieren;;;Verb;;https://www.dwds.de/wb/reagieren;0.0;4039.0;431;1014.0;74.73;2516.0;3719.0;2517.0
BUCHMEIER,HERMIT,LEIPZIG;reagiert;;;;;;;3652.0;489;;;2348.0;3233.0;3006.0
B1,BUCHMEIER,HERMIT,LEEDS,LEIPZIG;Reaktion;die;;Substantiv;fem.;https://www.dwds.de/wb/Reaktion;0.0;3206.0;581;1174.0;64.71;2290.0;3224.0;3013.0
BUCHMEIER,HERMIT,LEEDS,LEIPZIG;real;;;;;;;3434.0;533;1346.0;56.08;6232.0;2878.0;3478.0
B1,LEEDS,LEIPZIG;realisieren;;;Verb;;https://www.dwds.de/wb/realisieren;0.0;;;2154.0;34.39;6055.0;;
LEEDS,LEIPZIG;Realisierung;;;;;;;;;4582.0;13.16;6971.0;;
B1,BUCHMEIER,HERMIT,LEEDS,LEIPZIG;realistisch;;;Adjektiv;;https://www.dwds.de/wb/realistisch;0.0;6393.0;234;3073.0;22.14;6871.0;8627.0;851.0
B1,BUCHMEIER,HERMIT,LEEDS,LEIPZIG;Realität;die;;Substantiv;fem.;https://www.dwds.de/wb/Realit%C3%A4t;0.0;3113.0;605;1266.0;59.83;2091.0;2993.0;3315.0
BUCHMEIER,HERMIT;Rebecca;;;;;;;8470.0;160;;;;3933.0;2353.0
BUCHMEIER,HERMIT,LEIPZIG;Rebellen;;;;;;;4600.0;362;;;2853.0;5315.0;1588.0
B1,LEEDS;Recherche;die;;Substantiv;fem.;https://www.dwds.de/wb/Recherche;0.0;;;4206.0;14.75;;;
A2,BUCHMEIER,BW1,HERMIT,LEEDS,LEIPZIG,LEO739,NRW422;rechnen;;du rechnest, Rechnung;Verb;;https://www.dwds.de/wb/rechnen;0.0;6221.0;242;821.0;90.97;893.0;4371.0;2063.0
B1,LEEDS,LEIPZIG;Rechner;der;;Substantiv;mask.;https://www.dwds.de/wb/Rechner;0.0;;;1953.0;37.95;5065.0;;
A1,BUCHMEIER,BW3,HERMIT,LEEDS,LEIPZIG;Rechnung;die;rechnen, du rechnest;Substantiv;fem.;https://www.dwds.de/wb/Rechnung;0.0;2596.0;756;1549.0;48.96;1691.0;2275.0;4719.0
BUCHMEIER,HERMIT,LEIPZIG;Rechnungen;;;;;;;6428.0;232;;;6723.0;5005.0;1720.0
A2,B1,BUCHMEIER,HERMIT,LEEDS,LEIPZIG;recht;das;;Substantiv;neutr.;https://www.dwds.de/wb/recht#2;0.0;393.0;7552;222.0;308.17;565.0;237.0;77861.0
BUCHMEIER,HERMIT,LEIPZIG;Rechte;;;;;;;3591.0;499;;;2044.0;1938.0;5760.0
LEO739;Rechteck;das;;Substantiv;;;;;;;;;;
BUCHMEIER,HERMIT,LEIPZIG;rechten;;;;;;;3321.0;555;;;2146.0;2534.0;4125.0
BUCHMEIER,HERMIT,LEEDS,LEIPZIG;rechtfertigen;;;;;;;8507.0;159;2018.0;36.74;6223.0;7322.0;1060.0
B1,LEEDS,LEIPZIG;rechtlich;;;Adjektiv;;https://www.dwds.de/wb/rechtlich;0.0;;;1385.0;54.41;5397.0;;
A1,BUCHMEIER,BW3,FEHLER300,HERMIT,LEEDS,LEIPZIG,LEO739;rechts;;;Adverb;;https://www.dwds.de/wb/rechts#1;0.0;1514.0;1438;1334.0;56.5;2211.0;1286.0;9509.0
BUCHMEIER,HERMIT,LEEDS,LEIPZIG;Rechtsanwalt;;;;;;;9720.0;134;3421.0;19.33;3667.0;9433.0;757.0
LEEDS,LEIPZIG;Rechtsprechung;;;;;;;;;3889.0;16.32;6575.0;;
B1,BUCHMEIER,HERMIT,LEEDS,LEIPZIG;rechtzeitig;;;Adjektiv;;https://www.dwds.de/wb/rechtzeitig;0.0;3044.0;624;2377.0;30.53;2769.0;2668.0;3863.0
BUCHMEIER,HERMIT,LEIPZIG;Red;;;;;;;2358.0;852;;;9168.0;1685.0;6864.0
LEEDS,LEIPZIG;Redaktion;;;;;;;;;2676.0;26.39;4511.0;;
B1,BUCHMEIER,HERMIT,LEEDS,LEIPZIG;Rede;die;;Substantiv;fem.;https://www.dwds.de/wb/Rede;0.0;1005.0;2400;699.0;106.67;937.0;616.0;24754.0
A2,BUCHMEIER,BW1,HERMIT,LEEDS,LEIPZIG;reden;;du redest;Verb;;https://www.dwds.de/wb/reden;0.0;224.0;14391;655.0;111.57;1319.0;186.0;101992.0
BUCHMEIER,HERMIT;redest;;;;;;;895.0;2799;;;;843.0;15893.0
BUCHMEIER,HERMIT,LEIPZIG;redet;;;;;;;1365.0;1641;;;4352.0;1155.0;10804.0
BUCHMEIER,HERMIT;redete;;;;;;;6491.0;229;;;;6367.0;1271.0
BUCHMEIER,HERMIT;redeten;;;;;;;8428.0;161;;;;8220.0;908.0
FEHLER200,FEHLER400;redundant;;;;;;;;;;;;;
B1,LEEDS,LEIPZIG;reduzieren;;;Verb;;https://www.dwds.de/wb/reduzieren;0.0;;;1418.0;53.38;3547.0;;
BUCHMEIER,HERMIT;Reed;;;;;;;6204.0;243;;;;6207.0;1319.0
BUCHMEIER,HERMIT;Reese;;;;;;;8506.0;159;;;;5311.0;1589.0
B1,LEEDS;Referat;das;;Substantiv;neutr.;https://www.dwds.de/wb/Referat;0.0;;;4599.0;13.13;;;
FEHLER400,LEEDS;Reflexion;;;;;;;;;4281.0;14.37;;;
B1,LEEDS,LEIPZIG;Reform;die;;Substantiv;fem.;https://www.dwds.de/wb/Reform;0.0;;;1191.0;63.6;1445.0;;
BUCHMEIER,HERMIT;Reg;;;;;;;5234.0;305;;;;3717.0;2518.0
B1,HERMIT,LEO739;Regal;das;;Substantiv;neutr.;https://www.dwds.de/wb/Regal#1;0.0;;;;;;8681.0;844.0
B1,BUCHMEIER,HERMIT,LEEDS,LEIPZIG;Regel;die;;Substantiv;fem.;https://www.dwds.de/wb/Regel;0.0;3142.0;598;473.0;153.05;3483.0;2510.0;4158.0
B1,BUCHMEIER,HERMIT,LEEDS,LEIPZIG;regelmäßig;;;Adjektiv;;https://www.dwds.de/wb/regelm%C3%A4%C3%9Fig;0.0;7562.0;186;862.0;87.12;1774.0;6013.0;1368.0
B1,BUCHMEIER,HERMIT,LEEDS,LEIPZIG;regeln;;;Verb;;https://www.dwds.de/wb/regeln;0.0;1360.0;1650;1898.0;39.12;2131.0;979.0;13246.0
LEEDS,LEIPZIG;regelrecht;;;;;;;;;4597.0;13.13;7488.0;;
LEEDS,LEIPZIG;Regelung;;;;;;;;;1114.0;68.37;1730.0;;
A1,BUCHMEIER,BW1,HERMIT,LEEDS,LEIPZIG,LEO739,NRW422;Regen;der;;Substantiv;mask.;https://www.dwds.de/wb/Regen;0.0;2163.0;948;3886.0;16.32;2956.0;2163.0;4981.0
BUCHMEIER,HERMIT,LEEDS,LEIPZIG;Regie;;;;;;;3632.0;493;3363.0;19.74;2800.0;7145.0;1093.0
BUCHMEIER,HERMIT,LEEDS,LEIPZIG;regieren;;;;;;;8735.0;154;3475.0;18.92;8637.0;7390.0;1048.0
HERMIT,LEIPZIG;regiert;;;;;;;;;;;5247.0;8676.0;845.0
BUCHMEIER,HERMIT,LEEDS,LEIPZIG;Regierung;;;;;;;1329.0;1693;305.0;234.08;231.0;1247.0;9883.0
LEEDS,LEIPZIG;Regierungschef;;;;;;;;;4898.0;11.96;2440.0;;
LEEDS,LEIPZIG;Regime;;;;;;;;;2891.0;23.89;4502.0;;
B1,HERMIT,LEEDS,LEIPZIG;Region;die;;Substantiv;fem.;https://www.dwds.de/wb/Region;0.0;;;642.0;114.12;751.0;7480.0;1032.0
B1,LEEDS;regional;;;Adjektiv;;https://www.dwds.de/wb/regional;0.0;;;1336.0;56.38;;;
BUCHMEIER,HERMIT,LEEDS,LEIPZIG;Regisseur;;;;;;;2792.0;693;3214.0;20.87;1922.0;4694.0;1880.0
LEEDS,LEIPZIG;registrieren;;;;;;;;;2296.0;31.89;8912.0;;
HERMIT,LEIPZIG;registriert;;;;;;;;;;;3029.0;7382.0;1050.0
A1,BUCHMEIER,FEHLER300,HERMIT;regnen;;;Verb;;https://www.dwds.de/wb/regnen;0.0;7904.0;176;;;;7999.0;943.0
LEO739;regnerisch;;;;;;;;;;;;;
BUCHMEIER,HERMIT;regnet;;;;;;;4797.0;344;;;;4768.0;1842.0
BUCHMEIER,HERMIT,LEIPZIG;regt;;;;;;;8396.0;162;;;9566.0;8070.0;932.0
BW3;Reh;das;;Substantiv;;;;;;;;;;
A2,BUCHMEIER,BW1,HERMIT,LEEDS,LEIPZIG;reich;;;Adjektiv;;https://www.dwds.de/wb/reich;0.0;1995.0;1049;1092.0;69.68;3166.0;1195.0;10412.0
BUCHMEIER,HERMIT,LEIPZIG;reiche;;;;;;;6490.0;229;;;4821.0;4379.0;2060.0
B1,BUCHMEIER,HERMIT,LEEDS,LEIPZIG;reichen;;;Verb;;https://www.dwds.de/wb/reichen;0.0;2226.0;912;644.0;113.88;1770.0;1585.0;7396.0
BUCHMEIER,HERMIT;reicher;;;;;;;6862.0;212;;;;5666.0;1468.0
BUCHMEIER,HERMIT,LEEDS,LEIPZIG;reichlich;;;;;;;7590.0;185;3144.0;21.54;3389.0;6276.0;1294.0
BUCHMEIER,HERMIT,LEIPZIG;reicht;;;;;;;799.0;3250;;;1374.0;607.0;25343.0
BUCHMEIER,HERMIT,LEEDS,LEIPZIG;Reichtum;;;;;;;7224.0;199;2861.0;24.2;6578.0;6524.0;1229.0
BUCHMEIER,HERMIT,LEIPZIG;Reichweite;;;;;;;5691.0;272;;;9180.0;5500.0;1520.0
B1,BUCHMEIER,HERMIT,LEEDS;reif;;;Adjektiv;;https://www.dwds.de/wb/reif;0.0;6347.0;236;4434.0;13.7;;5791.0;1430.0
A2,BUCHMEIER,HERMIT,LEIPZIG,LEO739;Reifen;der;;Substantiv;mask.;https://www.dwds.de/wb/Reifen;0.0;4741.0;349;;;8118.0;2985.0;3322.0
A2,BUCHMEIER,BW3,FEHLER300,HERMIT,LEEDS,LEIPZIG;Reihe;die;;Substantiv;fem.;https://www.dwds.de/wb/Reihe;0.0;2052.0;1016;596.0;121.19;983.0;1906.0;5895.0
HERMIT,LEIPZIG;Reihen;;;;;;;;;;;2864.0;9429.0;757.0
B1,BUCHMEIER,HERMIT,LEEDS,LEIPZIG;Reihenfolge;die;;Substantiv;fem.;https://www.dwds.de/wb/Reihenfolge;0.0;8630.0;156;4008.0;15.71;5534.0;9269.0;774.0
A2,BUCHMEIER,HERMIT,LEEDS,LEIPZIG;rein;;;Adverb;;https://www.dwds.de/wb/rein#2;0.0;308.0;9883;495.0;146.34;2071.0;279.0;64028.0
BUCHMEIER,HERMIT,LEIPZIG;reine;;;;;;;4754.0;348;;;3345.0;3192.0;3044.0
BUCHMEIER,HERMIT,LEIPZIG;reinen;;;;;;;9670.0;135;;;4360.0;7454.0;1035.0
BUCHMEIER,HERMIT;reiner;;;;;;;9058.0;147;;;;6996.0;1119.0
BUCHMEIER,HERMIT;reingehen;;;;;;;3786.0;464;;;;3409.0;2821.0
BUCHMEIER,HERMIT;reingekommen;;;;;;;6372.0;235;;;;5306.0;1593.0
BUCHMEIER,HERMIT;reingelegt;;;;;;;3537.0;514;;;;3372.0;2855.0
BUCHMEIER,HERMIT;reingezogen;;;;;;;8505.0;159;;;;8298.0;899.0
LEEDS,LEIPZIG;Reinhard;;;;;;;;;4581.0;13.16;6091.0;;
B1,BUCHMEIER,HERMIT;reinigen;;;Verb;;https://www.dwds.de/wb/reinigen;0.0;8170.0;168;;;;6979.0;1121.0
A2,BUCHMEIER,HERMIT;Reinigung;die;;Substantiv;fem.;https://www.dwds.de/wb/Reinigung;0.0;7961.0;174;;;;7221.0;1078.0
BUCHMEIER,HERMIT;reinkommen;;;;;;;2681.0;727;;;;2271.0;4723.0
BUCHMEIER,HERMIT;reinkommt;;;;;;;9883.0;131;;;;9846.0;715.0
BUCHMEIER,HERMIT;reinlassen;;;;;;;9057.0;147;;;;8889.0;816.0
BUCHMEIER,HERMIT;reinlegen;;;;;;;8980.0;149;;;;8338.0;892.0
BUCHMEIER,HERMIT;reinste;;;;;;;8361.0;163;;;;7497.0;1029.0
A1,BUCHMEIER,HERMIT,LEEDS,LEIPZIG;Reis;der;;Substantiv;mask.;https://www.dwds.de/wb/Reis#1;0.0;3929.0;445;1149.0;65.77;8831.0;5129.0;1658.0
A1,BUCHMEIER,BW1,HERMIT,LEEDS,LEIPZIG;Reise;die;reisen;Substantiv;fem.;https://www.dwds.de/wb/Reise;0.0;1353.0;1654;2800.0;24.86;1407.0;1049.0;12030.0
A1;Reisebüro;das;;Substantiv;neutr.;https://www.dwds.de/wb/Reiseb%C3%BCro;0.0;;;;;;;
A1;Reiseführer;der;;Substantiv;mask.;https://www.dwds.de/wb/Reisef%C3%BChrer;0.0;;;;;;;
A1,BUCHMEIER,HERMIT,LEEDS,LEIPZIG;reisen;;;Verb;;https://www.dwds.de/wb/reisen;0.0;3349.0;548;2205.0;33.37;2830.0;1934.0;5767.0
BUCHMEIER,HERMIT,LEIPZIG;reist;;;;;;;6220.0;242;;;7893.0;5707.0;1454.0
A2,BUCHMEIER,HERMIT,LEEDS,LEO739,NRW422;reiten;;;Verb;;https://www.dwds.de/wb/reiten;0.0;4098.0;423;3549.0;18.38;;2695.0;3811.0
HERMIT,LEEDS,LEIPZIG;Reiter;;;;;;;;;4892.0;11.97;7049.0;5295.0;1595.0
BUCHMEIER,HERMIT;reitet;;;;;;;9559.0;137;;;;6870.0;1145.0
LEEDS,LEIPZIG;Reiz;;;;;;;;;3764.0;16.99;6555.0;;
BUCHMEIER,HERMIT;reizend;;;;;;;5690.0;272;;;;3889.0;2387.0
BUCHMEIER,HERMIT;Reiß;;;;;;;6473.0;230;;;;3611.0;2608.0
BUCHMEIER,HERMIT,LEEDS,LEIPZIG;reißen;;;;;;;5554.0;280;2167.0;34.1;8518.0;3672.0;2556.0
BUCHMEIER,FEHLER300,HERMIT,LEIPZIG;reißt;;;;;;;5721.0;270;;;8179.0;4651.0;1901.0
B1;Reklame;die;;Substantiv;fem.;https://www.dwds.de/wb/Reklame;0.0;;;;;;;
B1,BUCHMEIER,HERMIT,LEIPZIG;Rekord;der;;Substantiv;mask.;https://www.dwds.de/wb/Rekord;0.0;7820.0;178;;;5707.0;7711.0;990.0
B1,BUCHMEIER,HERMIT,LEEDS,LEIPZIG;relativ;;;Adjektiv;;https://www.dwds.de/wb/relativ;0.0;8979.0;149;749.0;99.58;1481.0;8508.0;869.0
B1,BUCHMEIER,HERMIT,LEEDS,LEIPZIG,LEO739;Religion;die;;Substantiv;fem.;https://www.dwds.de/wb/Religion;0.0;5197.0;308;1133.0;66.69;3768.0;4413.0;2043.0
FEHLER200,FEHLER400;Reling;;;;;;;;;;;;;
BUCHMEIER,HERMIT;Rendezvous;;;;;;;6861.0;212;;;;7835.0;969.0
BUCHMEIER,HERMIT;Renn;;;;;;;9504.0;138;;;;7705.0;991.0
B1,BUCHMEIER,BW1,FEHLER100,HERMIT,LEEDS,LEIPZIG,LEO739,NRW422;rennen;;du rennst, ich rannte;Verb;;https://www.dwds.de/wb/rennen;0.0;2418.0;820;3148.0;21.51;1722.0;1517.0;7835.0
BUCHMEIER,HERMIT;rennst;;;;;;;7759.0;180;;;;8575.0;859.0
BUCHMEIER,FEHLER300,HERMIT;rennt;;;;;;;5371.0;293;;;;4615.0;1916.0
FEHLER200,FEHLER400;Renommee;;;;;;;;;;;;;
FEHLER400;renommiert;;;;;;;;;;;;;
A2;renovieren;;;Verb;;https://www.dwds.de/wb/renovieren;0.0;;;;;;;
B1,BUCHMEIER,HERMIT,LEEDS,LEIPZIG;Rente;die;;Substantiv;fem.;https://www.dwds.de/wb/Rente;0.0;7504.0;188;3108.0;21.89;3645.0;5429.0;1548.0
FEHLER200,FEHLER400;Rentier;;;;;;;;;;;;;
A2,LEIPZIG;Rentner;der;;Substantiv;mask.;https://www.dwds.de/wb/Rentner;0.0;;;;;4443.0;;
A2;Rentnerin;die;;Substantiv;fem.;https://www.dwds.de/wb/Rentnerin;0.0;;;;;;;
A1,BUCHMEIER,FEHLER200,FEHLER400,HERMIT,LEIPZIG;Reparatur;die;;Substantiv;fem.;https://www.dwds.de/wb/Reparatur;0.0;9669.0;135;;;8661.0;9917.0;707.0
A1,BUCHMEIER,HERMIT;reparieren;;;Verb;;https://www.dwds.de/wb/reparieren;0.0;2433.0;814;;;;2347.0;4535.0
BUCHMEIER,HERMIT;repariert;;;;;;;4279.0;397;;;;3558.0;2659.0
LEEDS,LEIPZIG;Report;;;;;;;;;4601.0;13.11;3588.0;;
B1;Reportage;die;;Substantiv;fem.;https://www.dwds.de/wb/Reportage;0.0;;;;;;;
B1,BUCHMEIER,HERMIT,LEIPZIG;Reporter;der;;Substantiv;mask.;https://www.dwds.de/wb/Reporter;0.0;4110.0;421;;;5952.0;3725.0;2513.0
B1,HERMIT;Reporterin;die;;Substantiv;fem.;https://www.dwds.de/wb/Reporterin;0.0;;;;;;8487.0;871.0
BUCHMEIER,HERMIT,LEEDS,LEIPZIG;Republik;;;;;;;5591.0;278;1292.0;58.64;1372.0;5642.0;1474.0
LEEDS,LEIPZIG;Research;;;;;;;;;4773.0;12.4;9275.0;;
A2;reservieren;;;Verb;;https://www.dwds.de/wb/reservieren;0.0;;;;;;;
BUCHMEIER,HERMIT,LEIPZIG;reserviert;;;;;;;6824.0;214;;;8572.0;5553.0;1504.0
B1;Reservierung;die;;Substantiv;fem.;https://www.dwds.de/wb/Reservierung;0.0;;;;;;;
LEEDS,LEIPZIG;Resolution;;;;;;;;;4475.0;13.58;6824.0;;
B1,BUCHMEIER,HERMIT,LEEDS,LEIPZIG;Respekt;der;;Substantiv;mask.;https://www.dwds.de/wb/Respekt;0.0;1589.0;1364;2934.0;23.4;3919.0;1454.0;8328.0
BUCHMEIER,HERMIT;respektiere;;;;;;;6188.0;244;;;;5833.0;1420.0
BUCHMEIER,HERMIT,LEEDS;respektieren;;;;;;;5309.0;298;4734.0;12.57;;4789.0;1832.0
BUCHMEIER,HERMIT;respektiert;;;;;;;7715.0;181;;;;6497.0;1237.0
FEHLER400;respektive;;;;;;;;;;;;;
FEHLER200,FEHLER400,LEEDS;Ressource;;;;;;;;;1923.0;38.63;;;
HERMIT,LEIPZIG;Ressourcen;;;;;;;;;;;5767.0;7032.0;1112.0
A2,BUCHMEIER,HERMIT,LEEDS,LEIPZIG;Rest;der;;Substantiv;mask.;https://www.dwds.de/wb/Rest;0.0;874.0;2863;1387.0;54.38;1704.0;786.0;17407.0
A1,BUCHMEIER,HERMIT,LEEDS,LEIPZIG;Restaurant;das;;Substantiv;neutr.;https://www.dwds.de/wb/Restaurant;0.0;1940.0;1083;2819.0;24.68;3390.0;1810.0;6223.0
BUCHMEIER,HERMIT,LEIPZIG;Restaurants;;;;;;;8790.0;153;;;5768.0;7678.0;996.0
HERMIT,LEIPZIG;Reste;;;;;;;;;;;8426.0;9919.0;707.0
BUCHMEIER,HERMIT,LEIPZIG;restlichen;;;;;;;6754.0;217;;;4574.0;7595.0;1009.0
BUCHMEIER,HERMIT,LEEDS,LEIPZIG;Resultat;;;;;;;9765.0;133;2192.0;33.61;5422.0;9860.0;713.0
FEHLER200,FEHLER400;Resümee;;;;;;;;;;;;;
BUCHMEIER,HERMIT;rette;;;;;;;5182.0;309;;;;3693.0;2541.0
B1,BUCHMEIER,BW3,HERMIT,LEEDS,LEIPZIG;retten;;du rettest, Rettung;Verb;;https://www.dwds.de/wb/retten;0.0;698.0;4044;1505.0;50.6;2285.0;639.0;23258.0
BUCHMEIER,HERMIT;Retter;;;;;;;9613.0;136;;;;8520.0;867.0
BUCHMEIER,HERMIT;rettet;;;;;;;5308.0;298;;;;3869.0;2400.0
BUCHMEIER,HERMIT;rettete;;;;;;;6753.0;217;;;;5891.0;1402.0
BUCHMEIER,HERMIT,LEEDS,LEIPZIG,LEO739,NRW422;Rettung;die;;Substantiv;;;;3954.0;442;4791.0;12.33;4606.0;4083.0;2239.0
BUCHMEIER,HERMIT;Reue;;;;;;;9298.0;142;;;;7256.0;1071.0
FEHLER400;Revanche;;;;;;;;;;;;;
FEHLER400;revanchieren;;;;;;;;;;;;;
BUCHMEIER,HERMIT;Reverend;;;;;;;7589.0;185;;;;4109.0;2223.0
BUCHMEIER,HERMIT;Revier;;;;;;;4779.0;345;;;;2984.0;3323.0
FEHLER400,LEEDS,LEIPZIG;Revision;;;;;;;;;4149.0;14.99;5913.0;;
BUCHMEIER,HERMIT,LEEDS,LEIPZIG;Revolution;;;;;;;4994.0;326;1095.0;69.61;2174.0;3597.0;2623.0
BUCHMEIER,HERMIT;Revolver;;;;;;;7108.0;203;;;;6620.0;1208.0
BUCHMEIER,HERMIT;Rex;;;;;;;7464.0;189;;;;6024.0;1366.0
A2,BUCHMEIER,HERMIT,LEIPZIG;Rezept;das;;Substantiv;neutr.;https://www.dwds.de/wb/Rezept;0.0;5518.0;282;;;8212.0;4275.0;2121.0
A1;Rezeption;die;;Substantiv;fem.;https://www.dwds.de/wb/Rezeption;0.0;;;;;;;
FEHLER400;reziprok;;;;;;;;;;;;;
FEHLER200,FEHLER400;Rhetorik;;;;;;;;;;;;;
BUCHMEIER,FEHLER200,FEHLER400,HERMIT,LEEDS,LEIPZIG;Rhythmus;;;;;;;7223.0;199;4142.0;15.01;5519.0;7258.0;1071.0
BUCHMEIER,HERMIT;Rich;;;;;;;4446.0;377;;;;8155.0;918.0
BUCHMEIER,HERMIT,LEEDS,LEIPZIG;Richard;;;;;;;1667.0;1290;2488.0;28.91;3472.0;1458.0;8271.0
BUCHMEIER,HERMIT;Richards;;;;;;;8686.0;155;;;;9024.0;799.0
BUCHMEIER,HERMIT;Richie;;;;;;;4862.0;338;;;;5328.0;1583.0
BUCHMEIER,HERMIT;richte;;;;;;;8685.0;155;;;;5337.0;1579.0
BUCHMEIER,HERMIT,LEEDS,LEIPZIG;richten;;;;;;;3366.0;546;727.0;102.44;3561.0;2819.0;3561.0
B1,BUCHMEIER,HERMIT,LEEDS,LEIPZIG;Richter;der;;Substantiv;mask.;https://www.dwds.de/wb/Richter;0.0;2303.0;873;1318.0;57.03;848.0;1339.0;9061.0
B1;Richterin;die;;Substantiv;fem.;https://www.dwds.de/wb/Richterin;0.0;;;;;;;
HERMIT,LEIPZIG;richtet;;;;;;;;;;;3075.0;7109.0;1100.0
A1,BUCHMEIER,FEHLER300,HERMIT,LEEDS,LEIPZIG;richtig;;;Adjektiv;;https://www.dwds.de/wb/richtig;0.0;294.0;10826;229.0;298.99;702.0;239.0;76789.0
BUCHMEIER,HERMIT,LEIPZIG;richtige;;;;;;;1095.0;2165;;;1833.0;717.0;19499.0
BUCHMEIER,HERMIT,LEIPZIG;richtigen;;;;;;;1474.0;1493;;;1884.0;1267.0;9700.0
BUCHMEIER,HERMIT;richtiger;;;;;;;2860.0;671;;;;2674.0;3850.0
BUCHMEIER,HERMIT;richtiges;;;;;;;5196.0;308;;;;4485.0;1992.0
B1,BUCHMEIER,BW3,HERMIT,LEEDS,LEIPZIG;Richtung;die;;Substantiv;fem.;https://www.dwds.de/wb/Richtung;0.0;1158.0;2029;496.0;146.05;726.0;1117.0;11223.0
BUCHMEIER,HERMIT;Rick;;;;;;;4584.0;364;;;;2941.0;3385.0
BUCHMEIER,HERMIT;Ricky;;;;;;;6151.0;246;;;;4498.0;1983.0
BUCHMEIER,HERMIT;Rico;;;;;;;8360.0;163;;;;5919.0;1393.0
BUCHMEIER,HERMIT;rieche;;;;;;;5481.0;285;;;;5185.0;1637.0
A1,BUCHMEIER,BW1,HERMIT,LEEDS;riechen;;du riechst, ich roch, Geruch;Verb;;https://www.dwds.de/wb/riechen;0.0;3651.0;489;4443.0;13.67;;2889.0;3465.0
BUCHMEIER,HERMIT;riechst;;;;;;;7960.0;174;;;;5250.0;1612.0
BUCHMEIER,HERMIT;riecht;;;;;;;2495.0;790;;;;1857.0;6050.0
BUCHMEIER,FEHLER100,FEHLER300,HERMIT,LEIPZIG;rief;;;;;;;2065.0;1010;;;2199.0;1619.0;7203.0
BUCHMEIER,HERMIT,LEIPZIG;riefen;;;;;;;7929.0;175;;;8267.0;7482.0;1031.0
BUCHMEIER,HERMIT;Riesen;;;;;;;2481.0;796;;;;2316.0;4619.0
B1,BUCHMEIER,BW3,HERMIT,LEEDS;riesig;;Riese;Adjektiv;;https://www.dwds.de/wb/riesig;0.0;4796.0;344;1484.0;51.21;;4393.0;2049.0
BUCHMEIER,HERMIT,LEIPZIG;riesige;;;;;;;5066.0;320;;;4114.0;4167.0;2192.0
BUCHMEIER,HERMIT,LEIPZIG;riesigen;;;;;;;4457.0;376;;;3272.0;4528.0;1963.0
BUCHMEIER,HERMIT;riesiger;;;;;;;9503.0;138;;;;8556.0;861.0
BUCHMEIER,HERMIT;riesiges;;;;;;;7959.0;174;;;;8630.0;850.0
BUCHMEIER,HERMIT;Riker;;;;;;;6108.0;249;;;;8922.0;813.0
BUCHMEIER,HERMIT;Riley;;;;;;;3850.0;456;;;;4494.0;1988.0
A2;Rind;das;;Substantiv;neutr.;https://www.dwds.de/wb/Rind;0.0;;;;;;;
A2,BUCHMEIER,BW1,HERMIT,LEEDS,LEIPZIG,LEO739;Ring;der;;Substantiv;mask.;https://www.dwds.de/wb/Ring;0.0;1723.0;1241;2498.0;28.75;3923.0;1516.0;7839.0
BUCHMEIER,HERMIT;Ringe;;;;;;;8926.0;150;;;;6811.0;1161.0
HERMIT,LEIPZIG;Rio;;;;;;;;;;;8868.0;7461.0;1034.0
BUCHMEIER,HERMIT;Rippen;;;;;;;9107.0;146;;;;7957.0;948.0
BUCHMEIER,HERMIT,LEIPZIG;Risiken;;;;;;;7714.0;181;;;2650.0;6175.0;1326.0
B1,BUCHMEIER,HERMIT,LEEDS,LEIPZIG;Risiko;das;;Substantiv;neutr.;https://www.dwds.de/wb/Risiko;0.0;2322.0;869;1029.0;73.78;1807.0;1751.0;6482.0
BUCHMEIER,HERMIT;riskant;;;;;;;6299.0;238;;;;4790.0;1831.0
BUCHMEIER,HERMIT;riskieren;;;;;;;2830.0;678;;;;2470.0;4246.0
BUCHMEIER,HERMIT;riskiert;;;;;;;5998.0;255;;;;5377.0;1565.0
BUCHMEIER,HERMIT;Rita;;;;;;;3558.0;508;;;;4017.0;2282.0
BUCHMEIER,HERMIT,LEEDS,LEIPZIG,LEO739;Ritter;der;;Substantiv;;;;3093.0;608;3732.0;17.2;6801.0;3114.0;3145.0
BUCHMEIER,HERMIT,LEEDS;Ritual;;;;;;;7903.0;176;4543.0;13.31;;6907.0;1136.0
BUCHMEIER,HERMIT;River;;;;;;;6448.0;231;;;;5418.0;1553.0
BUCHMEIER,HERMIT;Road;;;;;;;6427.0;232;;;;4301.0;2102.0
BUCHMEIER,HERMIT;Rob;;;;;;;6124.0;248;;;;5905.0;1398.0
BUCHMEIER,HERMIT;Robbie;;;;;;;7629.0;184;;;;5816.0;1425.0
BUCHMEIER,HERMIT,LEEDS,LEIPZIG;Robert;;;;;;;2385.0;836;1647.0;45.47;2749.0;1586.0;7383.0
BUCHMEIER,HERMIT;Roberts;;;;;;;6544.0;227;;;;7040.0;1111.0
BUCHMEIER,HERMIT;Robin;;;;;;;1443.0;1533;;;;1993.0;5524.0
BUCHMEIER,HERMIT;Robinson;;;;;;;9148.0;145;;;;7811.0;973.0
BUCHMEIER,HERMIT;Roboter;;;;;;;2594.0;757;;;;3534.0;2680.0
A2,BUCHMEIER,BW3,HERMIT,LEEDS,LEIPZIG,LEO739,NRW422;Rock;der;Röcke;Substantiv;mask.;https://www.dwds.de/wb/Rock#1;0.0;2991.0;637;3235.0;20.72;4664.0;2493.0;4190.0
BUCHMEIER,HERMIT;Rocky;;;;;;;5929.0;259;;;;5579.0;1496.0
BUCHMEIER,HERMIT;Rodney;;;;;;;3749.0;470;;;;7582.0;1012.0
BUCHMEIER,HERMIT,LEEDS;Roger;;;;;;;2086.0;994;4957.0;11.76;;1812.0;6221.0
B1;roh;;;Adjektiv;;https://www.dwds.de/wb/roh;0.0;;;;;;;
B1,BUCHMEIER,HERMIT;Rohr;das;;Substantiv;neutr.;https://www.dwds.de/wb/Rohr;0.0;6561.0;226;;;;7767.0;980.0
BUCHMEIER,HERMIT,LEEDS,LEIPZIG;Roland;;;;;;;8789.0;153;4235.0;14.57;6001.0;7231.0;1077.0
LEEDS,LEIPZIG;Rolf;;;;;;;;;4106.0;15.17;4225.0;;
BUCHMEIER,HERMIT;Roll;;;;;;;8788.0;153;;;;6352.0;1275.0
B1,BUCHMEIER,HERMIT,LEEDS,LEIPZIG;Rolle;die;;Substantiv;fem.;https://www.dwds.de/wb/Rolle#2;0.0;1059.0;2259;369.0;191.8;443.0;1024.0;12375.0
BUCHMEIER,HERMIT,LEEDS,LEIPZIG;Rollen;;;;;;;5267.0;302;3588.0;18.12;4390.0;3859.0;2411.0
LEO739;Roller;der;;Substantiv;;;;;;;;;;
BUCHMEIER,HERMIT;Rollstuhl;;;;;;;6781.0;216;;;;6330.0;1279.0
BUCHMEIER,HERMIT,LEEDS,LEIPZIG;Rom;;;;;;;2695.0;721;2216.0;33.12;1672.0;2016.0;5441.0
B1,BUCHMEIER,HERMIT,LEEDS,LEIPZIG;Roman;der;;Substantiv;mask.;https://www.dwds.de/wb/Roman;0.0;4471.0;375;1147.0;65.86;957.0;3116.0;3142.0
HERMIT,LEIPZIG;Romantik;;;;;;;;;;;8987.0;9435.0;757.0
A2,BUCHMEIER,HERMIT,LEEDS;romantisch;;;Adjektiv;;https://www.dwds.de/wb/romantisch;0.0;4817.0;342;4873.0;12.02;;3880.0;2393.0
BUCHMEIER,HERMIT;Romeo;;;;;;;7367.0;193;;;;5510.0;1517.0
BUCHMEIER,HERMIT;Ron;;;;;;;5670.0;273;;;;4192.0;2168.0
BUCHMEIER,HERMIT;Ronnie;;;;;;;6045.0;252;;;;4930.0;1756.0
BUCHMEIER,HERMIT,LEIPZIG;Rosa;;;;;;;5785.0;266;;;9841.0;3177.0;3062.0
A2,BUCHMEIER,BW1,HERMIT,LEEDS,LEIPZIG;Rose;die;;Substantiv;fem.;https://www.dwds.de/wb/Rose;0.0;1880.0;1132;4004.0;15.73;8584.0;1726.0;6632.0
BUCHMEIER,HERMIT;Rosen;;;;;;;4770.0;346;;;;4416.0;2041.0
BUCHMEIER,HERMIT;Rosie;;;;;;;8102.0;170;;;;6199.0;1320.0
BUCHMEIER,HERMIT;Ross;;;;;;;1448.0;1528;;;;2506.0;4166.0
A1,BUCHMEIER,BW1,HERMIT,LEEDS,LEIPZIG,LEO739;rot;;;Adjektiv;;https://www.dwds.de/wb/rot;0.0;3392.0;540;1009.0;75.12;6291.0;1930.0;5784.0
BUCHMEIER,HERMIT,LEEDS,LEIPZIG;rote;;;;;;;3187.0;588;2172.0;34.01;4053.0;2317.0;4610.0
BUCHMEIER,HERMIT,LEIPZIG;roten;;;;;;;3099.0;607;;;2265.0;2264.0;4739.0
BUCHMEIER,HERMIT,LEIPZIG;Route;;;;;;;5927.0;259;;;9096.0;5614.0;1482.0
BUCHMEIER,HERMIT,LEIPZIG;Routine;;;;;;;9668.0;135;;;9161.0;7894.0;958.0
BUCHMEIER,HERMIT;Roy;;;;;;;3137.0;599;;;;2497.0;4181.0
BUCHMEIER,HERMIT;Royal;;;;;;;8978.0;149;;;;7208.0;1080.0
BUCHMEIER,HERMIT;Ruby;;;;;;;8734.0;154;;;;5402.0;1557.0
A2,BUCHMEIER,HERMIT;Rucksack;der;;Substantiv;mask.;https://www.dwds.de/wb/Rucksack;0.0;7902.0;176;;;;5924.0;1391.0
BUCHMEIER,HERMIT;Ruder;;;;;;;7193.0;200;;;;6015.0;1367.0
LEEDS,LEIPZIG;Rudolf;;;;;;;;;3028.0;22.57;3694.0;;
BUCHMEIER,HERMIT;Rudy;;;;;;;7990.0;173;;;;7374.0;1052.0
BUCHMEIER,HERMIT,LEEDS,LEIPZIG;Ruf;;;;;;;1156.0;2030;2066.0;35.96;1863.0;664.0;21947.0
BUCHMEIER,HERMIT;rufe;;;;;;;1177.0;1968;;;;906.0;14701.0
A2,BUCHMEIER,BW1,HERMIT,LEEDS,LEIPZIG,LEO739,NRW422;rufen;;du rufst, ich rief;Verb;;https://www.dwds.de/wb/rufen;0.0;1205.0;1913;487.0;148.76;3872.0;733.0;18953.0
B1,LEIPZIG;Rufnummer;die;;Substantiv;fem.;https://www.dwds.de/wb/Rufnummer;0.0;;;;;9251.0;;
BUCHMEIER,HERMIT;rufst;;;;;;;4006.0;435;;;;3181.0;3059.0
BUCHMEIER,HERMIT,LEIPZIG;ruft;;;;;;;1698.0;1260;;;2822.0;1223.0;10127.0
BUCHMEIER,HERMIT;Ruh;;;;;;;7588.0;185;;;;4783.0;1834.0
A2,BUCHMEIER,HERMIT,LEEDS,LEIPZIG;Ruhe;die;;Substantiv;fem.;https://www.dwds.de/wb/Ruhe;0.0;548.0;5448;1264.0;59.87;1529.0;468.0;34794.0
BUCHMEIER,HERMIT,LEEDS,LEIPZIG;ruhen;;;;;;;5006.0;325;3353.0;19.8;9055.0;3446.0;2772.0
BUCHMEIER,HERMIT,LEIPZIG;Ruhestand;;;;;;;6752.0;217;;;4777.0;5981.0;1378.0
A1,BUCHMEIER,FEHLER300,HERMIT,LEEDS,LEIPZIG,LEO739,NRW422;ruhig;;;Adjektiv;;https://www.dwds.de/wb/ruhig;0.0;540.0;5546;1221.0;61.73;3181.0;434.0;36940.0
BUCHMEIER,HERMIT;ruhiger;;;;;;;8550.0;158;;;;6943.0;1129.0
BUCHMEIER,HERMIT,LEIPZIG;Ruhm;;;;;;;4515.0;370;;;6385.0;4272.0;2121.0
BUCHMEIER,HERMIT;ruht;;;;;;;7862.0;177;;;;6695.0;1188.0
BUCHMEIER,HERMIT;ruinieren;;;;;;;4761.0;347;;;;3688.0;2544.0
BUCHMEIER,HERMIT;ruiniert;;;;;;;3015.0;631;;;;2526.0;4133.0
BUCHMEIER,HERMIT;rum;;;;;;;1152.0;2036;;;;990.0;12996.0
BUCHMEIER,HERMIT;rumhängen;;;;;;;7989.0;173;;;;9444.0;756.0
BUCHMEIER,HERMIT;rumlaufen;;;;;;;7628.0;184;;;;8260.0;903.0
LEEDS,LEIPZIG;Rumänien;;;;;;;;;4233.0;14.59;3873.0;;
A2,BUCHMEIER,BW3,FEHLER300,HERMIT,LEEDS,LEIPZIG;rund;;runde;Adjektiv;;https://www.dwds.de/wb/rund;0.0;4753.0;348;359.0;196.45;148.0;3235.0;3004.0
B1,BUCHMEIER,HERMIT,LEIPZIG;Runde;die;;Substantiv;fem.;https://www.dwds.de/wb/Runde;0.0;2296.0;875;;;1264.0;1773.0;6377.0
BUCHMEIER,HERMIT,LEIPZIG;Runden;;;;;;;7366.0;193;;;5326.0;5535.0;1510.0
B1;Rundfahrt;die;;Substantiv;fem.;https://www.dwds.de/wb/Rundfahrt;0.0;;;;;;;
LEEDS,LEIPZIG;Rundfunk;;;;;;;;;3919.0;16.19;4089.0;;
A2;Rundgang;der;;Substantiv;mask.;https://www.dwds.de/wb/Rundgang;0.0;;;;;;;
BUCHMEIER,HERMIT,LEEDS,LEIPZIG;runter;;;;;;;510.0;5759;4404.0;13.82;8914.0;413.0;39290.0
B1;runterwerfen;;;Verb;;https://www.dwds.de/wb/runterwerfen;0.0;;;;;;;
BUCHMEIER,HERMIT;Russell;;;;;;;7958.0;174;;;;4818.0;1811.0
BUCHMEIER,HERMIT,LEIPZIG;Russen;;;;;;;3119.0;604;;;2545.0;3017.0;3290.0
BUCHMEIER,HERMIT,LEEDS;Russisch;;;;;;;6780.0;216;1040.0;72.99;;5440.0;1544.0
BUCHMEIER,HERMIT,LEIPZIG;russische;;;;;;;6560.0;226;;;1370.0;5573.0;1497.0
BUCHMEIER,HERMIT,LEIPZIG;russischen;;;;;;;5146.0;312;;;929.0;5506.0;1518.0
BUCHMEIER,HERMIT,LEIPZIG;Russland;;;;;;;4939.0;331;;;6116.0;3787.0;2465.0
BUCHMEIER,HERMIT;Rusty;;;;;;;5426.0;289;;;;8232.0;907.0
BUCHMEIER,HERMIT,LEIPZIG;Ruth;;;;;;;8733.0;154;;;7301.0;4296.0;2106.0
LEEDS,LEIPZIG;Rußland;;;;;;;;;1160.0;65.23;711.0;;
LEEDS,LEIPZIG;Rußlands;;;;;;;;;4969.0;11.73;3145.0;;
BUCHMEIER,HERMIT;Ryan;;;;;;;2330.0;866;;;;1684.0;6876.0
BUCHMEIER,HERMIT;rächen;;;;;;;3713.0;477;;;;3551.0;2664.0
HERMIT,LEIPZIG;Räder;;;;;;;;;;;8642.0;9437.0;757.0
A2,BUCHMEIER,BW3,HERMIT,LEEDS,LEIPZIG;Rätsel;das;rätseln;Substantiv;neutr.;https://www.dwds.de/wb/R%C3%A4tsel;0.0;4208.0;407;4168.0;14.9;5975.0;3605.0;2616.0
BUCHMEIER,BW3,HERMIT,LEIPZIG;Räuber;der;rauben;Substantiv;;;;5930.0;259;;;6712.0;5596.0;1489.0
BUCHMEIER,HERMIT,LEIPZIG;Räume;;;;;;;8835.0;152;;;2437.0;5376.0;1565.0
BUCHMEIER,HERMIT,LEEDS,LEIPZIG;räumen;;;;;;;5671.0;273;2791.0;24.96;4379.0;3867.0;2402.0
HERMIT,LEIPZIG;räumt;;;;;;;;;;;3623.0;9053.0;797.0
HERMIT,LEIPZIG;Römer;;;;;;;;;;;5039.0;6223.0;1313.0
HERMIT,LEIPZIG;römischen;;;;;;;;;;;5346.0;9888.0;710.0
BUCHMEIER,HERMIT;rüber;;;;;;;1120.0;2109;;;;1059.0;11953.0
A2,BUCHMEIER,BW3,HERMIT,LEEDS,LEIPZIG;Rücken;der;;Substantiv;mask.;https://www.dwds.de/wb/R%C3%BCcken#1;0.0;1326.0;1696;1929.0;38.59;2114.0;1150.0;10852.0
B1;Rückfahrt;die;;Substantiv;fem.;https://www.dwds.de/wb/R%C3%BCckfahrt;0.0;;;;;;;
LEEDS,LEIPZIG;Rückgang;;;;;;;;;3681.0;17.52;2297.0;;
FEHLER200,FEHLER400;Rückgrat;;;;;;;;;;;;;
BUCHMEIER,HERMIT,LEIPZIG;rückgängig;;;;;;;8024.0;172;;;9229.0;6815.0;1160.0
B1,BUCHMEIER,HERMIT,LEEDS,LEIPZIG;Rückkehr;die;;Substantiv;fem.;https://www.dwds.de/wb/R%C3%BCckkehr;0.0;4109.0;421;2214.0;33.13;1605.0;3344.0;2889.0
BUCHMEIER,HERMIT;Rückseite;;;;;;;8069.0;171;;;;8279.0;901.0
HERMIT,LEEDS,LEIPZIG;Rücksicht;;;;;;;;;3397.0;19.49;4355.0;8510.0;868.0
BUCHMEIER,HERMIT;Rücksitz;;;;;;;9612.0;136;;;;9538.0;745.0
HERMIT,LEIPZIG;rückt;;;;;;;;;;;5166.0;8992.0;804.0
LEEDS,LEIPZIG;Rücktritt;;;;;;;;;4547.0;13.3;1814.0;;
BUCHMEIER,HERMIT;Rückweg;;;;;;;8395.0;162;;;;8456.0;875.0
B1,BUCHMEIER,HERMIT;rückwärts;;;Adverb;;https://www.dwds.de/wb/r%C3%BCckw%C3%A4rts;0.0;5850.0;263;;;;5757.0;1439.0
BUCHMEIER,HERMIT,LEEDS,LEIPZIG;Rückzug;;;;;;;4337.0;390;3778.0;16.9;3203.0;5550.0;1506.0
BUCHMEIER,HERMIT;Rühr;;;;;;;8251.0;166;;;;7452.0;1035.0
HERMIT,LEEDS;rühren;;;;;;;;;4192.0;14.83;;5848.0;1414.0
BUCHMEIER,HERMIT;rührt;;;;;;;8684.0;155;;;;5437.0;1546.0
BUCHMEIER,HERMIT;Rüstung;;;;;;;7627.0;184;;;;8825.0;823.0
B1,BUCHMEIER,BW3,HERMIT,LEEDS,LEIPZIG;Saal;der;Säle;Substantiv;mask.;https://www.dwds.de/wb/Saal;0.0;7861.0;177;3451.0;19.13;2622.0;6296.0;1289.0
HERMIT,LEEDS,LEIPZIG;Sabine;;;;;;;;;4706.0;12.68;4927.0;9379.0;762.0
A2,BUCHMEIER,BW1,HERMIT,LEEDS,LEIPZIG,LEO739,NRW422;Sache;die;;Substantiv;fem.;https://www.dwds.de/wb/Sache;0.0;343.0;8712;353.0;200.2;641.0;322.0;52830.0
BUCHMEIER,HERMIT,LEIPZIG;Sachen;;;;;;;582.0;5064;;;4132.0;556.0;28679.0
LEEDS,LEIPZIG;sachlich;;;;;;;;;2876.0;24.0;9092.0;;
LEEDS,LEIPZIG;Sachsen;;;;;;;;;3593.0;18.12;2635.0;;
BUCHMEIER,HERMIT;Sachte;;;;;;;7561.0;186;;;;4387.0;2056.0
LEO739;Sachunterricht;der;;Substantiv;;;;;;;;;;
B1,BUCHMEIER,HERMIT;Sack;der;;Substantiv;mask.;https://www.dwds.de/wb/Sack;0.0;2983.0;639;;;;2710.0;3782.0
BUCHMEIER,HERMIT;Sackgasse;;;;;;;6951.0;208;;;;7426.0;1041.0
BUCHMEIER,HERMIT;Safe;;;;;;;4699.0;352;;;;3696.0;2540.0
A1,BUCHMEIER,BW1,HERMIT,LEO739;Saft;der;Säfte, saftig;Substantiv;mask.;https://www.dwds.de/wb/Saft;0.0;5125.0;314;;;;4853.0;1790.0
BUCHMEIER,HERMIT;Sag;;;;;;;333.0;8915;;;;215.0;87203.0
BUCHMEIER,HERMIT,LEEDS,LEIPZIG;sage;;;;;;;435.0;6792;4317.0;14.2;4900.0;359.0;47197.0
A1,BUCHMEIER,BW1,FEHLER100,HERMIT,LEEDS,LEIPZIG,LEO739,NRW422;sagen;;du sagst;Verb;;https://www.dwds.de/wb/sagen;0.0;109.0;33190;82.0;1058.66;414.0;96.0;236702.0
BUCHMEIER,HERMIT;sagst;;;;;;;577.0;5143;;;;509.0;32048.0
BUCHMEIER,FEHLER300,HERMIT,LEIPZIG;sagt;;;;;;;264.0;11986;;;145.0;236.0;78008.0
BUCHMEIER,HERMIT,LEIPZIG;sagte;;;;;;;214.0;15350;;;100.0;190.0;98657.0
BUCHMEIER,HERMIT,LEIPZIG;sagten;;;;;;;951.0;2612;;;3355.0;776.0;17649.0
BUCHMEIER,HERMIT;sagtest;;;;;;;1450.0;1527;;;;1282.0;9558.0
BUCHMEIER,FEHLER300,HERMIT,LEIPZIG;sah;;;;;;;536.0;5556;;;992.0;435.0;36936.0
BUCHMEIER,HERMIT,LEIPZIG;sahen;;;;;;;2019.0;1034;;;3249.0;1603.0;7272.0
B1,BUCHMEIER,HERMIT;Sahne;die;;Substantiv;fem.;https://www.dwds.de/wb/Sahne;0.0;9667.0;135;;;;8568.0;860.0
BUCHMEIER,HERMIT;sahst;;;;;;;7860.0;177;;;;6540.0;1226.0
B1,BUCHMEIER,HERMIT,LEEDS,LEIPZIG;Saison;die;;Substantiv;fem.;https://www.dwds.de/wb/Saison;0.0;6985.0;207;2298.0;31.87;953.0;5970.0;1379.0
FEHLER400;Saite;;;;;;;;;;;;;
BUCHMEIER,HERMIT;Sal;;;;;;;7278.0;197;;;;7594.0;1009.0
LEO739;Salami;die;;Substantiv;;;;;;;;;;
A1,BUCHMEIER,HERMIT,LEO739;Salat;der;;Substantiv;mask.;https://www.dwds.de/wb/Salat;0.0;4993.0;326;;;;4752.0;1848.0
B1;Salbe;die;;Substantiv;fem.;https://www.dwds.de/wb/Salbe;0.0;;;;;;;
BUCHMEIER,HERMIT;Sally;;;;;;;3136.0;599;;;;3257.0;2984.0
B1,HERMIT;Salon;der;;Substantiv;mask.;https://www.dwds.de/wb/Salon;0.0;;;;;;6935.0;1131.0
A1,BUCHMEIER,HERMIT,LEIPZIG,LEO739;Salz;das;;Substantiv;neutr.;https://www.dwds.de/wb/Salz;0.0;5282.0;301;;;9133.0;4452.0;2017.0
B1;salzig;;;Adjektiv;;https://www.dwds.de/wb/salzig;0.0;;;;;;;
BUCHMEIER,HERMIT;Sam;;;;;;;843.0;3013;;;;736.0;18717.0
BUCHMEIER,HERMIT;Samantha;;;;;;;6067.0;251;;;;4931.0;1752.0
BUCHMEIER,HERMIT;Samen;;;;;;;8169.0;168;;;;7871.0;963.0
A2,BUCHMEIER,BW3,HERMIT,LEEDS,LEIPZIG,LEO739,NRW422;sammeln;;du sammelst, Sammlung;Verb;;https://www.dwds.de/wb/sammeln;0.0;4085.0;425;1402.0;54.04;3890.0;3099.0;3169.0
BUCHMEIER,FEHLER300,HERMIT,LEIPZIG;sammelt;;;;;;;9881.0;131;;;8048.0;7625.0;1004.0
BUCHMEIER,HERMIT,LEEDS,LEIPZIG;Sammlung;;;;;;;7068.0;204;2273.0;32.34;2414.0;6126.0;1337.0
BUCHMEIER,HERMIT;Sammy;;;;;;;3849.0;456;;;;3789.0;2463.0
A1,BUCHMEIER,BW1,HERMIT,LEEDS,LEIPZIG,LEO739,NRW422;Samstag;der;;Substantiv;mask.;https://www.dwds.de/wb/Samstag;0.0;3098.0;607;1101.0;69.21;412.0;2365.0;4494.0
LEEDS,LEIPZIG;samt;;;;;;;;;3970.0;15.88;3197.0;;
BUCHMEIER,HERMIT;Samurai;;;;;;;3106.0;606;;;;5729.0;1447.0
BUCHMEIER,HERMIT,LEEDS;San;;;;;;;2197.0;927;2920.0;23.57;;1916.0;5844.0
B1,BUCHMEIER,HERMIT,LEEDS,LEIPZIG;Sand;der;;Substantiv;mask.;https://www.dwds.de/wb/Sand;0.0;3482.0;525;3575.0;18.22;4138.0;3337.0;2898.0
BUCHMEIER,HERMIT;Sandra;;;;;;;6596.0;224;;;;6012.0;1368.0
BUCHMEIER,HERMIT;Sandwich;;;;;;;4731.0;350;;;;4240.0;2140.0
BUCHMEIER,HERMIT;Sandy;;;;;;;3748.0;470;;;;4976.0;1731.0
BUCHMEIER,HERMIT,LEEDS,LEIPZIG;sanft;;;;;;;6187.0;244;2991.0;22.82;9273.0;4921.0;1759.0
HERMIT,LEIPZIG;sang;;;;;;;;;;;9579.0;7798.0;976.0
BUCHMEIER,HERMIT;Sanitäter;;;;;;;6522.0;228;;;;6047.0;1360.0
BUCHMEIER,HERMIT;Santa;;;;;;;4908.0;334;;;;3807.0;2450.0
BUCHMEIER,HERMIT;Sara;;;;;;;2145.0;960;;;;2860.0;3498.0
BUCHMEIER,HERMIT;Sarah;;;;;;;1219.0;1889;;;;1376.0;8781.0
BUCHMEIER,HERMIT;Sarg;;;;;;;5297.0;299;;;;4208.0;2159.0
BUCHMEIER,HERMIT;Sarge;;;;;;;5073.0;319;;;;9103.0;793.0
BUCHMEIER,HERMIT;Satan;;;;;;;7713.0;181;;;;6898.0;1138.0
BUCHMEIER,FEHLER200,FEHLER400;Satellit;;;;;;;8548.0;158;;;;;
BUCHMEIER,HERMIT,LEIPZIG;Satelliten;;;;;;;4108.0;421;;;6681.0;7847.0;967.0
B1,BUCHMEIER,BW3,FEHLER300,HERMIT,LEEDS,LEIPZIG;satt;;;Adjektiv;;https://www.dwds.de/wb/satt;0.0;2571.0;765;4821.0;12.21;9820.0;2066.0;5229.0
HERMIT,LEO739;Sattel;der;;Substantiv;;;;;;;;;8882.0;817.0
A1,BUCHMEIER,BW3,HERMIT,LEEDS,LEIPZIG,LEO739;Satz;der;Sätze;Substantiv;mask.;https://www.dwds.de/wb/Satz;0.0;2879.0;666;632.0;115.5;1293.0;3546.0;2672.0
BUCHMEIER,HERMIT;Sau;;;;;;;5632.0;275;;;;5244.0;1613.0
A2,BUCHMEIER,HERMIT,LEEDS,LEIPZIG;sauber;;;Adjektiv;;https://www.dwds.de/wb/sauber;0.0;1417.0;1560;2551.0;27.98;7072.0;1315.0;9286.0
BUCHMEIER,HERMIT;saubere;;;;;;;8469.0;160;;;;6690.0;1189.0
B1;Sauce;die;;Substantiv;fem.;https://www.dwds.de/wb/Sauce;0.0;;;;;;;
A2,BUCHMEIER,HERMIT,LEIPZIG;sauer;;;Adjektiv;;https://www.dwds.de/wb/sauer;0.0;1299.0;1756;;;9391.0;1167.0;10704.0
BUCHMEIER,HERMIT,LEIPZIG;Sauerstoff;;;;;;;6578.0;225;;;9122.0;4901.0;1767.0
BUCHMEIER,HERMIT;Saul;;;;;;;8874.0;151;;;;6769.0;1171.0
BUCHMEIER,FEHLER100,FEHLER300,HERMIT,LEIPZIG;saß;;;;;;;2949.0;649;;;2919.0;2146.0;5013.0
BUCHMEIER,HERMIT,LEIPZIG;saßen;;;;;;;6751.0;217;;;5769.0;5830.0;1422.0
BUCHMEIER,HERMIT;Schach;;;;;;;6489.0;229;;;;5512.0;1516.0
B1,BUCHMEIER,HERMIT;Schachtel;die;;Substantiv;fem.;https://www.dwds.de/wb/Schachtel;0.0;5578.0;279;;;;4968.0;1733.0
A2,B1,BUCHMEIER,HERMIT,LEEDS,LEIPZIG;schade;der;;Substantiv;mask.;https://www.dwds.de/wb/schade;0.0;2393.0;830;3671.0;17.58;7555.0;1212.0;10280.0
B1,BUCHMEIER,HERMIT,LEEDS,LEIPZIG;Schaden;der;;Substantiv;mask.;https://www.dwds.de/wb/Schaden;0.0;2783.0;695;1131.0;66.93;1381.0;1566.0;7496.0
BUCHMEIER,HERMIT;schadet;;;;;;;7587.0;185;;;;5845.0;1415.0
BUCHMEIER,BW1,HERMIT,LEEDS,LEO739,NRW422;Schaf;das;;Substantiv;;;;9394.0;140;4370.0;13.95;;7755.0;983.0
BUCHMEIER,HERMIT,LEIPZIG;Schafe;;;;;;;7322.0;195;;;8809.0;5468.0;1535.0
BUCHMEIER,HERMIT;schaff;;;;;;;4599.0;362;;;;3035.0;3267.0
BUCHMEIER,HERMIT;schaffe;;;;;;;2407.0;825;;;;1996.0;5490.0
A2,BUCHMEIER,BW3,FEHLER100,HERMIT,LEEDS,LEIPZIG,LEO739,NRW422;schaffen;;du schaffst;Verb;;https://www.dwds.de/wb/schaffen;0.0;784.0;3350;269.0;261.33;709.0;665.0;21929.0
BUCHMEIER,HERMIT;schaffst;;;;;;;2069.0;1007;;;;1766.0;6397.0
BUCHMEIER,FEHLER300,HERMIT,LEIPZIG;schafft;;;;;;;2248.0;897;;;2470.0;1624.0;7180.0
BUCHMEIER,HERMIT,LEIPZIG;schaffte;;;;;;;8067.0;171;;;5174.0;7251.0;1072.0
LEEDS,LEIPZIG;Schaffung;;;;;;;;;2650.0;26.64;4026.0;;
HERMIT,LEO739,NRW422;Schal;der;;Substantiv;;;;;;;;;7621.0;1004.0
BUCHMEIER,HERMIT;Schale;;;;;;;8208.0;167;;;;7677.0;996.0
BUCHMEIER,HERMIT;Schalt;;;;;;;8323.0;164;;;;6884.0;1142.0
BUCHMEIER,HERMIT;schalte;;;;;;;9718.0;134;;;;5868.0;1409.0
B1,BUCHMEIER,HERMIT,LEEDS;schalten;;;Verb;;https://www.dwds.de/wb/schalten#1;0.0;6245.0;241;4508.0;13.45;;3737.0;2503.0
A1,BUCHMEIER,HERMIT;Schalter;der;;Substantiv;mask.;https://www.dwds.de/wb/Schalter;0.0;5864.0;262;;;;6327.0;1280.0
BUCHMEIER,HERMIT;Schande;;;;;;;2233.0;908;;;;2061.0;5235.0
A2,BUCHMEIER,BW3,HERMIT,LEEDS,LEIPZIG;scharf;;Schärfe;Adjektiv;;https://www.dwds.de/wb/scharf;0.0;2298.0;874;1559.0;48.64;3602.0;2221.0;4834.0
HERMIT,LEIPZIG;scharfe;;;;;;;;;;;6489.0;7476.0;1032.0
B1,BUCHMEIER,HERMIT,LEEDS,LEIPZIG;Schatten;der;;Substantiv;mask.;https://www.dwds.de/wb/Schatten;0.0;2647.0;739;2005.0;36.97;2354.0;2084.0;5188.0
BUCHMEIER,BW3,HERMIT,LEEDS;Schatz;der;Schätze;Substantiv;;;;627.0;4649;3702.0;17.42;;479.0;34026.0
BUCHMEIER,HERMIT,LEIPZIG;Schau;;;;;;;660.0;4376;;;4098.0;510.0;32038.0
BUCHMEIER,HERMIT;schaue;;;;;;;4424.0;380;;;;3255.0;2985.0
B1,BUCHMEIER,HERMIT,LEEDS,LEIPZIG,LEO739,NRW422;schauen;;;Verb;;https://www.dwds.de/wb/schauen;0.0;1610.0;1344;675.0;108.94;3743.0;871.0;15350.0
BW1,HERMIT,LEO739,NRW422;Schaufel;die;;Substantiv;;;;;;;;;9531.0;746.0
B1;Schaufenster;das;;Substantiv;neutr.;https://www.dwds.de/wb/Schaufenster;0.0;;;;;;;
BW1,LEO739,NRW422;Schaukel;die;schaukeln;Substantiv;;;;;;;;;;
LEO739,NRW422;schaukeln;;;;;;;;;;;;;
B1,BUCHMEIER,HERMIT,LEEDS,LEIPZIG;Schauspieler;der;;Substantiv;mask.;https://www.dwds.de/wb/Schauspieler;0.0;1740.0;1230;3445.0;19.18;2184.0;2612.0;3955.0
B1,BUCHMEIER,HERMIT,LEIPZIG;Schauspielerin;die;;Substantiv;fem.;https://www.dwds.de/wb/Schauspielerin;0.0;4392.0;383;;;6237.0;4099.0;2229.0
BUCHMEIER,HERMIT;schaust;;;;;;;4478.0;374;;;;4465.0;2006.0
BUCHMEIER,HERMIT,LEIPZIG;Schaut;;;;;;;2416.0;821;;;3991.0;1523.0;7797.0
BUCHMEIER,HERMIT;schaute;;;;;;;7626.0;184;;;;7080.0;1104.0
BUCHMEIER,HERMIT;Scheck;;;;;;;3365.0;546;;;;2971.0;3343.0
BUCHMEIER,HERMIT;Schecks;;;;;;;9499.0;138;;;;7966.0;947.0
B1,BUCHMEIER,HERMIT,LEEDS,LEIPZIG;Scheibe;die;;Substantiv;fem.;https://www.dwds.de/wb/Scheibe;0.0;9666.0;135;3831.0;16.62;9039.0;6197.0;1321.0
B1,BUCHMEIER,HERMIT,LEEDS;scheiden;;;Verb;;https://www.dwds.de/wb/scheiden;0.0;5285.0;300;4152.0;14.98;;3779.0;2471.0
B1,BUCHMEIER,HERMIT,LEIPZIG;Scheidung;die;;Substantiv;fem.;https://www.dwds.de/wb/Scheidung;0.0;3906.0;449;;;7992.0;2885.0;3468.0
B1,BUCHMEIER,HERMIT,LEEDS,LEIPZIG;Schein;der;;Substantiv;mask.;https://www.dwds.de/wb/Schein#2;0.0;6084.0;250;3587.0;18.13;7384.0;6499.0;1237.0
BUCHMEIER,HERMIT,LEEDS,LEIPZIG;scheinbar;;;;;;;5370.0;293;1624.0;46.28;3165.0;3462.0;2753.0
BUCHMEIER,HERMIT;Scheine;;;;;;;8547.0;158;;;;6374.0;1270.0
A1,BUCHMEIER,HERMIT,LEEDS,LEIPZIG;scheinen;;;Verb;;https://www.dwds.de/wb/scheinen;0.0;2401.0;827;227.0;300.59;2007.0;1994.0;5502.0
BUCHMEIER,HERMIT;scheinst;;;;;;;4118.0;419;;;;4253.0;2131.0
BUCHMEIER,HERMIT,LEIPZIG;scheint;;;;;;;704.0;4002;;;436.0;594.0;26026.0
BUCHMEIER,HERMIT;Scheiss;;;;;;;4609.0;361;;;;8994.0;803.0
BUCHMEIER,HERMIT;Scheisse;;;;;;;1366.0;1639;;;;3894.0;2384.0
HERMIT,LEEDS,LEIPZIG;scheitern;;;;;;;;;1761.0;42.5;3703.0;6932.0;1131.0
BUCHMEIER,HERMIT;Scheiß;;;;;;;1032.0;2346;;;;667.0;21719.0
BUCHMEIER,HERMIT;Scheiße;;;;;;;351.0;8477;;;;288.0;61982.0
BUCHMEIER,HERMIT;scheißegal;;;;;;;4926.0;332;;;;3629.0;2596.0
HERMIT,LEEDS;scheißen;;;;;;;;;4681.0;12.76;;7910.0;956.0
BUCHMEIER,HERMIT;Scheißer;;;;;;;7503.0;188;;;;6666.0;1196.0
BUCHMEIER,HERMIT;Scheißkerl;;;;;;;3418.0;536;;;;3443.0;2777.0
BUCHMEIER,HERMIT;schenke;;;;;;;8322.0;164;;;;5996.0;1373.0
A2,BUCHMEIER,BW1,HERMIT,LEEDS,LEO739,NRW422;schenken;;;Verb;;https://www.dwds.de/wb/schenken;0.0;3871.0;454;1932.0;38.54;;2991.0;3316.0
BUCHMEIER,HERMIT;schenkt;;;;;;;8585.0;157;;;;6562.0;1222.0
A2,BUCHMEIER,BW1,HERMIT,LEO739;Schere;die;;Substantiv;fem.;https://www.dwds.de/wb/Schere;0.0;8066.0;171;;;;6974.0;1123.0
BUCHMEIER,HERMIT;Scherz;;;;;;;2134.0;965;;;;1915.0;5844.0
BUCHMEIER,HERMIT;Scherze;;;;;;;7132.0;202;;;;5286.0;1598.0
BUCHMEIER,HERMIT;Scheune;;;;;;;7221.0;199;;;;4798.0;1826.0
B1;Schi;der;;Substantiv;mask.;https://www.dwds.de/wb/Schi;0.0;;;;;;;
BUCHMEIER,HERMIT,LEEDS,LEIPZIG;Schicht;;;;;;;5745.0;269;2589.0;27.62;6864.0;4753.0;1848.0
B1,BUCHMEIER,HERMIT;schick;;;Adjektiv;;https://www.dwds.de/wb/schick;0.0;4187.0;410;;;;2112.0;5102.0
BUCHMEIER,HERMIT;schicke;;;;;;;2532.0;780;;;;2131.0;5059.0
A1,BUCHMEIER,BW1,HERMIT,LEEDS,LEIPZIG;schicken;;du schickst;Verb;;https://www.dwds.de/wb/schicken#1;0.0;1085.0;2194;1179.0;64.38;3126.0;834.0;16123.0
BUCHMEIER,HERMIT,LEEDS,LEIPZIG;Schicksal;;;;;;;1197.0;1927;1538.0;49.46;1741.0;1337.0;9078.0
BUCHMEIER,HERMIT;schickst;;;;;;;9103.0;146;;;;8167.0;916.0
BUCHMEIER,FEHLER300,HERMIT,LEIPZIG;schickt;;;;;;;2480.0;796;;;5538.0;1801.0;6270.0
BUCHMEIER,HERMIT,LEIPZIG;schickte;;;;;;;3606.0;497;;;5575.0;2761.0;3669.0
BUCHMEIER,HERMIT;schickten;;;;;;;8250.0;166;;;;7342.0;1057.0
B1,BUCHMEIER,HERMIT,LEEDS,LEIPZIG;schieben;;;Verb;;https://www.dwds.de/wb/schieben;0.0;5005.0;325;2312.0;31.6;7326.0;3745.0;2492.0
FEHLER300,HERMIT,LEIPZIG;schiebt;;;;;;;;;;;7633.0;8767.0;831.0
B1,BUCHMEIER,HERMIT;schief;;;Adjektiv;;https://www.dwds.de/wb/schief;0.0;2654.0;737;;;;2565.0;4075.0
BUCHMEIER,HERMIT,LEIPZIG;schien;;;;;;;2670.0;730;;;1885.0;2251.0;4762.0
HERMIT,LEIPZIG;schienen;;;;;;;;;;;8926.0;7293.0;1064.0
BUCHMEIER,HERMIT;Schieß;;;;;;;4549.0;367;;;;3025.0;3282.0
BUCHMEIER,HERMIT;schieße;;;;;;;6319.0;237;;;;5069.0;1692.0
B1,BUCHMEIER,HERMIT,LEEDS,LEIPZIG;schießen;;;Verb;;https://www.dwds.de/wb/schie%C3%9Fen;0.0;1279.0;1791;2023.0;36.62;5828.0;1082.0;11613.0
BUCHMEIER,HERMIT;Schießerei;;;;;;;6167.0;245;;;;4956.0;1739.0
BUCHMEIER,HERMIT,LEIPZIG;schießt;;;;;;;3554.0;509;;;9309.0;2563.0;4076.0
A2,BUCHMEIER,BW3,FEHLER300,HERMIT,LEEDS,LEIPZIG,LEO739,NRW422;Schiff;das;;Substantiv;neutr.;https://www.dwds.de/wb/Schiff;0.0;736.0;3723;1478.0;51.41;3082.0;682.0;20825.0
BUCHMEIER,HERMIT,LEIPZIG;Schiffe;;;;;;;3092.0;608;;;4863.0;2584.0;4018.0
BUCHMEIER,HERMIT;Schiffes;;;;;;;6709.0;219;;;;7616.0;1005.0
A1,BUCHMEIER,HERMIT,LEEDS,LEIPZIG,LEO739;Schild;das;;Substantiv;neutr.;https://www.dwds.de/wb/Schild#1;0.0;3342.0;550;3782.0;16.87;7109.0;3311.0;2930.0
BUCHMEIER,HERMIT;Schilde;;;;;;;5072.0;319;;;;4224.0;2150.0
BUCHMEIER,HERMIT;Schildkröte;;;;;;;4925.0;332;;;;8901.0;815.0
BUCHMEIER,HERMIT;Schimmer;;;;;;;9665.0;135;;;;8281.0;901.0
A2,FEHLER300,LEO739,NRW422;schimpfen;;;Verb;;https://www.dwds.de/wb/schimpfen;0.0;;;;;;;
A1,BUCHMEIER,HERMIT;Schinken;der;;Substantiv;mask.;https://www.dwds.de/wb/Schinken;0.0;6244.0;241;;;;6113.0;1340.0
A2,BUCHMEIER,HERMIT;Schirm;der;;Substantiv;mask.;https://www.dwds.de/wb/Schirm;0.0;5631.0;275;;;;6258.0;1303.0
BUCHMEIER,HERMIT;Schiss;;;;;;;8503.0;159;;;;7099.0;1101.0
BUCHMEIER,HERMIT,LEEDS,LEIPZIG;Schlacht;;;;;;;2859.0;671;3314.0;20.1;5554.0;2851.0;3507.0
BUCHMEIER,HERMIT;Schlachtfeld;;;;;;;8100.0;170;;;;7669.0;997.0
B1,BUCHMEIER,HERMIT,LEEDS,LEIPZIG;Schlaf;der;;Substantiv;mask.;https://www.dwds.de/wb/Schlaf;0.0;1657.0;1295;2647.0;26.7;7305.0;1258.0;9777.0
BUCHMEIER,HERMIT;schlafe;;;;;;;3513.0;519;;;;2637.0;3910.0
A1,BUCHMEIER,BW1,BW3,HERMIT,LEEDS,LEIPZIG,LEO739,NRW422;schlafen;;du schläfst, er schläft, ich schlief, Schlaf;Verb;;https://www.dwds.de/wb/schlafen;0.0;717.0;3869;1332.0;56.56;6873.0;566.0;27946.0
FEHLER200,FEHLER400;Schlafittchen;;;;;;;;;;;;;
A2,BUCHMEIER,HERMIT;Schlafzimmer;das;;Substantiv;neutr.;https://www.dwds.de/wb/Schlafzimmer;0.0;3068.0;615;;;;2458.0;4271.0
BUCHMEIER,HERMIT,LEEDS,LEIPZIG;Schlag;;;;;;;1565.0;1389;2405.0;30.15;3889.0;1318.0;9240.0
BUCHMEIER,HERMIT;schlage;;;;;;;2398.0;828;;;;2212.0;4854.0
BUCHMEIER,BW3,HERMIT,LEEDS,LEIPZIG;schlagen;;du schlägst, er schlägt, ich schlug;;;;;1242.0;1859;537.0;134.65;2089.0;1099.0;11391.0
B1;Schlagobers;das;;Substantiv;neutr.;https://www.dwds.de/wb/Schlagobers;0.0;;;;;;;
B1;Schlagrahm;der;;Substantiv;mask.;https://www.dwds.de/wb/Schlagrahm;0.0;;;;;;;
B1;Schlagsahne;die;;Substantiv;fem.;https://www.dwds.de/wb/Schlagsahne;0.0;;;;;;;
HERMIT,LEIPZIG;Schlagzeilen;;;;;;;;;;;4305.0;9605.0;739.0
BUCHMEIER,HERMIT;Schlamassel;;;;;;;9717.0;134;;;;8295.0;899.0
BUCHMEIER,HERMIT;Schlamm;;;;;;;8977.0;149;;;;8092.0;927.0
BUCHMEIER,HERMIT;Schlampe;;;;;;;1359.0;1650;;;;1448.0;8361.0
BUCHMEIER,HERMIT;Schlampen;;;;;;;7818.0;178;;;;7877.0;962.0
B1,BUCHMEIER,BW1,HERMIT,LEEDS,LEIPZIG;Schlange;die;;Substantiv;fem.;https://www.dwds.de/wb/Schlange;0.0;2611.0;749;4375.0;13.93;6883.0;2681.0;3841.0
BUCHMEIER,HERMIT;Schlangen;;;;;;;5669.0;273;;;;6105.0;1342.0
B1;schlank;;;Adjektiv;;https://www.dwds.de/wb/schlank;0.0;;;;;;;
BUCHMEIER,HERMIT;schlau;;;;;;;2760.0;700;;;;2239.0;4792.0
BUCHMEIER,HERMIT;schlauer;;;;;;;6543.0;227;;;;5741.0;1443.0
A1,BUCHMEIER,HERMIT,LEEDS,LEIPZIG,LEO739,NRW422;schlecht;;;Adjektiv;;https://www.dwds.de/wb/schlecht;0.0;605.0;4816;357.0;198.31;1160.0;558.0;28460.0
BUCHMEIER,HERMIT,LEIPZIG;schlechte;;;;;;;1490.0;1469;;;2730.0;1277.0;9581.0
BUCHMEIER,HERMIT,LEIPZIG;schlechten;;;;;;;2524.0;782;;;2938.0;2423.0;4355.0
BUCHMEIER,HERMIT,LEIPZIG;schlechter;;;;;;;2024.0;1029;;;2895.0;1843.0;6092.0
BUCHMEIER,HERMIT,LEIPZIG;schlechtes;;;;;;;3450.0;531;;;8333.0;2688.0;3828.0
LEEDS,LEIPZIG;schlicht;;;;;;;;;2306.0;31.75;3279.0;;
BUCHMEIER,HERMIT;schlief;;;;;;;5133.0;313;;;;4214.0;2155.0
BUCHMEIER,HERMIT;Schließ;;;;;;;6027.0;253;;;;3966.0;2326.0
BUCHMEIER,HERMIT;schließe;;;;;;;6391.0;234;;;;4852.0;1790.0
A1,BUCHMEIER,BW3,HERMIT,LEEDS,LEIPZIG;schließen;;du schließt, ich schloss;Verb;;https://www.dwds.de/wb/schlie%C3%9Fen;0.0;2105.0;982;438.0;163.31;1632.0;1484.0;8059.0
BUCHMEIER,HERMIT;Schließfach;;;;;;;9498.0;138;;;;9981.0;702.0
B1,BUCHMEIER,FEHLER300,HERMIT,LEEDS,LEIPZIG,LEO739;schließlich;;;Adverb;;https://www.dwds.de/wb/schlie%C3%9Flich;0.0;2003.0;1048;297.0;239.89;355.0;1506.0;7900.0
BUCHMEIER,HERMIT,LEIPZIG;schließt;;;;;;;4238.0;403;;;2269.0;2705.0;3790.0
A2,BUCHMEIER,BW3,FEHLER300,HERMIT,LEEDS,LEIPZIG,LEO739,NRW422;schlimm;;;Adjektiv;;https://www.dwds.de/wb/schlimm;0.0;1029.0;2349;1080.0;70.15;5464.0;864.0;15521.0
BUCHMEIER,HERMIT;schlimme;;;;;;;5203.0;307;;;;3826.0;2437.0
BUCHMEIER,HERMIT;schlimmen;;;;;;;8584.0;157;;;;7086.0;1102.0
BUCHMEIER,HERMIT,LEIPZIG;schlimmer;;;;;;;1271.0;1802;;;4983.0;978.0;13255.0
BUCHMEIER,HERMIT;Schlimmeres;;;;;;;7404.0;192;;;;4614.0;1916.0
BUCHMEIER,HERMIT;Schlimmes;;;;;;;4583.0;364;;;;3194.0;3042.0
BUCHMEIER,HERMIT;Schlimmste;;;;;;;4084.0;425;;;;2224.0;4824.0
BUCHMEIER,HERMIT,LEIPZIG;schlimmsten;;;;;;;5054.0;321;;;6730.0;4233.0;2144.0
BUCHMEIER,BW1,HERMIT;Schlitten;der;;Substantiv;;;;9818.0;132;;;;8571.0;859.0
A2,BUCHMEIER,BW3,FEHLER300,FEHLER400,HERMIT,LEIPZIG,LEO739,NRW422;Schloss;das;Schlösser;Substantiv;neutr.;https://www.dwds.de/wb/Schloss#1;0.0;2279.0;880;;;9337.0;1681.0;6891.0
BUCHMEIER,LEEDS,LEIPZIG;Schloß;;;;;;;8427.0;161;2014.0;36.8;2305.0;;
BUCHMEIER,HERMIT;Schluck;;;;;;;4363.0;387;;;;3479.0;2740.0
BUCHMEIER,HERMIT;schlucken;;;;;;;7685.0;182;;;;6895.0;1139.0
BUCHMEIER,HERMIT,LEIPZIG;schlug;;;;;;;3146.0;597;;;2119.0;2814.0;3566.0
HERMIT,LEIPZIG;schlugen;;;;;;;;;;;6472.0;9651.0;735.0
A1,BUCHMEIER,BW3,FEHLER100,FEHLER200,FEHLER300,FEHLER400,HERMIT,LEIPZIG,LEO739,NRW422;Schluss;der;Schlüsse;Substantiv;mask.;https://www.dwds.de/wb/Schluss;0.0;1106.0;2136;;;9063.0;889.0;15005.0
BUCHMEIER,LEEDS,LEIPZIG;Schluß;;;;;;;7018.0;206;987.0;76.55;1220.0;;
BUCHMEIER,HERMIT;schläfst;;;;;;;3991.0;437;;;;2753.0;3690.0
BUCHMEIER,HERMIT,LEO739,NRW422;schläft;;;;;;;2095.0;988;;;;1553.0;7602.0
BUCHMEIER,HERMIT,LEIPZIG;Schläge;;;;;;;6243.0;241;;;9591.0;6079.0;1349.0
BUCHMEIER,HERMIT;Schläger;;;;;;;5134.0;313;;;;4862.0;1784.0
BUCHMEIER,HERMIT;schlägst;;;;;;;4678.0;355;;;;4657.0;1898.0
BUCHMEIER,HERMIT,LEIPZIG;schlägt;;;;;;;2127.0;970;;;1706.0;1927.0;5796.0
A1,BUCHMEIER,BW1,HERMIT,LEEDS,LEIPZIG;Schlüssel;der;;Substantiv;mask.;https://www.dwds.de/wb/Schl%C3%BCssel;0.0;833.0;3057;2171.0;34.01;2902.0;785.0;17425.0
B1,LEEDS;schmal;;;Adjektiv;;https://www.dwds.de/wb/schmal;0.0;;;3330.0;19.97;;;
FEHLER400;Schmalz;;;;;;;;;;;;;
A1,BUCHMEIER,BW1,HERMIT,LEEDS;schmecken;;du schmeckst, Geschmack;Verb;;https://www.dwds.de/wb/schmecken;0.0;4487.0;373;3934.0;16.1;;4120.0;2220.0
BUCHMEIER,FEHLER300,HERMIT;schmeckt;;;;;;;2829.0;678;;;;1829.0;6154.0
BUCHMEIER,HERMIT;Schmeiß;;;;;;;9932.0;130;;;;6003.0;1371.0
BUCHMEIER,HERMIT;schmeißen;;;;;;;7502.0;188;;;;5148.0;1651.0
BUCHMEIER,HERMIT;schmeißt;;;;;;;8833.0;152;;;;5368.0;1569.0
FEHLER400;schmelzen;;;;;;;;;;;;;
A2,BUCHMEIER,HERMIT,LEEDS,LEIPZIG;Schmerz;der;;Substantiv;mask.;https://www.dwds.de/wb/Schmerz;0.0;1562.0;1393;1393.0;54.27;6466.0;1499.0;7959.0
BUCHMEIER,HERMIT,LEIPZIG;Schmerzen;;;;;;;1950.0;1076;;;6089.0;1707.0;6728.0
BUCHMEIER,HERMIT;schmerzhaft;;;;;;;7220.0;199;;;;7070.0;1106.0
B1;Schmerzmittel;das;;Substantiv;neutr.;https://www.dwds.de/wb/Schmerzmittel;0.0;;;;;;;
BUCHMEIER,HERMIT;schmerzt;;;;;;;5689.0;272;;;;6363.0;1272.0
HERMIT,LEO739,NRW422;Schmetterling;der;;Substantiv;;;;;;;;;9102.0;793.0
HERMIT,LEEDS,LEIPZIG;Schmidt;;;;;;;;;1915.0;38.79;2792.0;6192.0;1322.0
B1;schminken;;;Verb;;https://www.dwds.de/wb/schminken;0.0;;;;;;;
B1,BUCHMEIER,HERMIT,LEIPZIG;Schmuck;der;;Substantiv;mask.;https://www.dwds.de/wb/Schmuck;0.0;6242.0;241;;;6533.0;4040.0;2268.0
B1,HERMIT;Schmutz;der;;Substantiv;mask.;https://www.dwds.de/wb/Schmutz;0.0;;;;;;8800.0;827.0
A2,BUCHMEIER,BW3,HERMIT,LEO739,NRW422;schmutzig;;Schmutz;Adjektiv;;https://www.dwds.de/wb/schmutzig;0.0;4591.0;363;;;;3998.0;2302.0
BUCHMEIER,HERMIT;schmutzige;;;;;;;7649.0;183;;;;6903.0;1137.0
BUCHMEIER,HERMIT;schmutzigen;;;;;;;9353.0;141;;;;8236.0;906.0
FEHLER400;schmälzen;;;;;;;;;;;;;
BUCHMEIER,HERMIT;Schnapp;;;;;;;5784.0;266;;;;3677.0;2553.0
BUCHMEIER,HERMIT;schnappen;;;;;;;3105.0;606;;;;2168.0;4962.0
BUCHMEIER,HERMIT;Schnappt;;;;;;;4325.0;391;;;;3050.0;3238.0
BUCHMEIER,HERMIT;Schnaps;;;;;;;6904.0;210;;;;4794.0;1828.0
BUCHMEIER,HERMIT;Schnauze;;;;;;;2737.0;708;;;;2436.0;4320.0
BW1;Schnecke;die;;Substantiv;;;;;;;;;;
A2,BUCHMEIER,BW3,FEHLER300,HERMIT,LEEDS,LEIPZIG,LEO739,NRW422;Schnee;der;;Substantiv;mask.;https://www.dwds.de/wb/Schnee;0.0;3130.0;601;3617.0;17.92;4090.0;2822.0;3557.0
BW3,LEO739;Schneemann;der;;Substantiv;;;;;;;;;;
BUCHMEIER,HERMIT;Schneid;;;;;;;9931.0;130;;;;7898.0;957.0
BUCHMEIER,HERMIT;schneide;;;;;;;6928.0;209;;;;5496.0;1522.0
A2,BUCHMEIER,BW1,HERMIT,LEEDS,LEO739,NRW422;schneiden;;du schneidest, ich schnitt;Verb;;https://www.dwds.de/wb/schneiden;0.0;3423.0;535;3243.0;20.66;;3098.0;3176.0
BUCHMEIER,HERMIT,LEEDS,LEIPZIG;Schneider;;;;;;;6241.0;241;3318.0;20.08;3133.0;5954.0;1385.0
BUCHMEIER,HERMIT;schneidet;;;;;;;7901.0;176;;;;6604.0;1212.0
A2,BW3;schneien;;es schneit;Verb;;https://www.dwds.de/wb/schneien;0.0;;;;;;;
A1,BUCHMEIER,BW3,FEHLER300,HERMIT,LEEDS,LEIPZIG,LEO739,NRW422;schnell;;;Adjektiv;;https://www.dwds.de/wb/schnell;0.0;334.0;8885;203.0;332.43;434.0;273.0;66011.0
BUCHMEIER,HERMIT,LEIPZIG;schnelle;;;;;;;7017.0;206;;;3401.0;4744.0;1852.0
HERMIT,LEIPZIG;schnellen;;;;;;;;;;;3382.0;9124.0;790.0
BUCHMEIER,HERMIT,LEIPZIG;schneller;;;;;;;1213.0;1898;;;1713.0;890.0;14990.0
BUCHMEIER,HERMIT;Schnellste;;;;;;;8468.0;160;;;;8536.0;863.0
FEHLER200,FEHLER400;schnellstmöglich;;;;;;;;;;;;;
BUCHMEIER,HERMIT,LEEDS,LEIPZIG;Schnitt;;;;;;;2564.0;768;3468.0;18.99;3476.0;2874.0;3482.0
LEEDS,LEIPZIG;Schnittstelle;;;;;;;;;4985.0;11.68;9290.0;;
B1,LEO739,NRW422;Schnupfen;der;;Substantiv;mask.;https://www.dwds.de/wb/Schnupfen;0.0;;;;;;;
BUCHMEIER,HERMIT,LEIPZIG;Schock;;;;;;;3709.0;478;;;5547.0;3123.0;3128.0
BUCHMEIER,HERMIT;schockiert;;;;;;;8393.0;162;;;;6422.0;1257.0
A2,BUCHMEIER,HERMIT,LEO739;Schokolade;die;;Substantiv;fem.;https://www.dwds.de/wb/Schokolade;0.0;3562.0;507;;;;3430.0;2791.0
A1,BUCHMEIER,BW1,HERMIT,LEEDS,LEIPZIG,LEO739,NRW111;schon;;;Adverb;;https://www.dwds.de/wb/schon;0.0;66.0;65985;70.0;1210.22;69.0;54.0;442343.0
BUCHMEIER,HERMIT;School;;;;;;;4152.0;415;;;;4203.0;2163.0
BUCHMEIER,HERMIT;schoss;;;;;;;7107.0;203;;;;5024.0;1714.0
HERMIT,LEIPZIG;Schottland;;;;;;;;;;;7195.0;7021.0;1114.0
BUCHMEIER,HERMIT,LEIPZIG;Schoß;;;;;;;8167.0;168;;;7098.0;6463.0;1245.0
A1,BUCHMEIER,BW1,HERMIT,LEO739,NRW422;Schrank;der;Schränke;Substantiv;mask.;https://www.dwds.de/wb/Schrank;0.0;3264.0;568;;;;2746.0;3711.0
B1,BW3,FEHLER300,HERMIT,LEEDS;Schreck;der;erschrecken, schrecklich;Substantiv;mask.;https://www.dwds.de/wb/Schreck;0.0;;;3694.0;17.46;;9946.0;705.0
B1,BUCHMEIER,HERMIT,LEIPZIG;Schrecken;der;;Substantiv;mask.;https://www.dwds.de/wb/Schrecken;0.0;7365.0;193;;;5394.0;5828.0;1422.0
A2,BUCHMEIER,FEHLER300,HERMIT,LEEDS,LEO739,NRW422;schrecklich;;;Adjektiv;;https://www.dwds.de/wb/schrecklich;0.0;1412.0;1562;2615.0;27.21;;1151.0;10850.0
BUCHMEIER,HERMIT;schreckliche;;;;;;;4107.0;421;;;;2897.0;3448.0
BUCHMEIER,HERMIT;schrecklichen;;;;;;;5307.0;298;;;;4352.0;2075.0
BUCHMEIER,HERMIT;schrecklicher;;;;;;;7987.0;173;;;;6966.0;1125.0
BUCHMEIER,HERMIT;Schreckliches;;;;;;;8321.0;164;;;;5023.0;1714.0
BUCHMEIER,HERMIT,LEEDS;Schrei;;;;;;;3900.0;450;4742.0;12.55;;2782.0;3636.0
BUCHMEIER,HERMIT;Schreib;;;;;;;5501.0;283;;;;3051.0;3237.0
BUCHMEIER,HERMIT;schreibe;;;;;;;3202.0;583;;;;2362.0;4502.0
A1,B1,BUCHMEIER,BW1,HERMIT,LEEDS,LEIPZIG,LEO739,NRW422;schreiben;das;du schreibst, ich schrieb;Substantiv;neutr.;https://www.dwds.de/wb/schreiben;0.0;1102.0;2145;167.0;409.01;1569.0;797.0;16942.0
BUCHMEIER,HERMIT;schreibst;;;;;;;5306.0;298;;;;4021.0;2280.0
BUCHMEIER,HERMIT,LEIPZIG;schreibt;;;;;;;2706.0;719;;;1082.0;2037.0;5364.0
BUCHMEIER,BW3,HERMIT,LEIPZIG;Schreibtisch;der;;Substantiv;;;;3467.0;527;;;6320.0;3030.0;3272.0
BUCHMEIER,HERMIT;Schreie;;;;;;;4620.0;360;;;;2854.0;3506.0
B1,BUCHMEIER,BW3,HERMIT,LEEDS,LEO739,NRW422;schreien;;du schreist, ich schrie;Verb;;https://www.dwds.de/wb/schreien;0.0;2389.0;833;2195.0;33.53;;1601.0;7274.0
BUCHMEIER,HERMIT;schreist;;;;;;;9192.0;144;;;;8893.0;816.0
BUCHMEIER,HERMIT;schreit;;;;;;;1804.0;1183;;;;1057.0;11962.0
BUCHMEIER,FEHLER300,HERMIT;schrie;;;;;;;7016.0;206;;;;6176.0;1326.0
BUCHMEIER,HERMIT,LEIPZIG;schrieb;;;;;;;2494.0;790;;;1306.0;2270.0;4723.0
B1,BUCHMEIER,HERMIT,LEEDS,LEIPZIG;Schrift;die;;Substantiv;fem.;https://www.dwds.de/wb/Schrift;0.0;7899.0;176;1268.0;59.73;5302.0;7206.0;1081.0
A2,HERMIT,LEEDS,LEIPZIG;schriftlich;;;Adjektiv;;https://www.dwds.de/wb/schriftlich;0.0;;;1566.0;48.36;5980.0;9586.0;741.0
B1,BUCHMEIER,HERMIT,LEEDS,LEIPZIG;Schriftsteller;der;;Substantiv;mask.;https://www.dwds.de/wb/Schriftsteller;0.0;6267.0;240;2689.0;26.23;1802.0;5048.0;1702.0
B1;Schriftstellerin;die;;Substantiv;fem.;https://www.dwds.de/wb/Schriftstellerin;0.0;;;;;;;
B1,BUCHMEIER,HERMIT,LEEDS,LEIPZIG;Schritt;der;;Substantiv;mask.;https://www.dwds.de/wb/Schritt;0.0;1301.0;1754;486.0;149.53;746.0;1406.0;8587.0
BUCHMEIER,HERMIT,LEIPZIG;Schritte;;;;;;;3493.0;523;;;2558.0;2486.0;4205.0
BUCHMEIER,HERMIT;Schrott;;;;;;;6083.0;250;;;;6621.0;1208.0
LEEDS,LEIPZIG;Schröder;;;;;;;;;1628.0;46.1;1556.0;;
BUCHMEIER,HERMIT;Schublade;;;;;;;5950.0;258;;;;5894.0;1401.0
BUCHMEIER,HERMIT,LEIPZIG;schuf;;;;;;;9191.0;144;;;6311.0;9875.0;712.0
A1,BUCHMEIER,BW3,FEHLER300,HERMIT,LEEDS;Schuh;der;Schuhe;Substantiv;mask.;https://www.dwds.de/wb/Schuh;0.0;4548.0;367;3020.0;22.59;;4183.0;2176.0
BUCHMEIER,HERMIT,LEIPZIG,LEO739;Schuhe;die;;Substantiv;;;;1605.0;1349;;;5475.0;1375.0;8795.0
BUCHMEIER,HERMIT;Schuhen;;;;;;;7067.0;204;;;;6782.0;1168.0
B1;Schularbeit;die;;Substantiv;fem.;https://www.dwds.de/wb/Schularbeit;0.0;;;;;;;
B1,BUCHMEIER,HERMIT,LEEDS,LEIPZIG;Schuld;die;;Substantiv;fem.;https://www.dwds.de/wb/Schuld;0.0;692.0;4075;1358.0;55.68;2110.0;519.0;31228.0
BUCHMEIER,HERMIT;schulde;;;;;;;3499.0;522;;;;3016.0;3292.0
BUCHMEIER,HERMIT,LEIPZIG;Schulden;;;;;;;3228.0;577;;;3051.0;2038.0;5344.0
BUCHMEIER,HERMIT;schuldest;;;;;;;3466.0;527;;;;3549.0;2667.0
BUCHMEIER,HERMIT;schuldet;;;;;;;6822.0;214;;;;5169.0;1643.0
BUCHMEIER,HERMIT;Schuldgefühle;;;;;;;9056.0;147;;;;8257.0;903.0
B1,BUCHMEIER,HERMIT,LEEDS,LEIPZIG;schuldig;;;Adjektiv;;https://www.dwds.de/wb/schuldig;0.0;1857.0;1144;3670.0;17.59;3993.0;1327.0;9210.0
A1,BUCHMEIER,HERMIT,LEEDS,LEIPZIG,LEO739,NRW422;Schule;die;;Substantiv;fem.;https://www.dwds.de/wb/Schule;0.0;593.0;4952;317.0;224.62;739.0;559.0;28409.0
BUCHMEIER,HERMIT,LEIPZIG;Schulen;;;;;;;5668.0;273;;;1183.0;5835.0;1419.0
B1,BUCHMEIER,HERMIT,LEEDS,LEIPZIG;Schulter;die;;Substantiv;fem.;https://www.dwds.de/wb/Schulter;0.0;3254.0;570;2698.0;26.07;6070.0;2932.0;3392.0
BUCHMEIER,HERMIT,LEIPZIG;Schultern;;;;;;;5949.0;258;;;7084.0;4990.0;1727.0
BUCHMEIER,HERMIT;Schuppen;;;;;;;8207.0;167;;;;5318.0;1587.0
BUCHMEIER,HERMIT;Schurken;;;;;;;9715.0;134;;;;9790.0;721.0
BUCHMEIER,HERMIT;Schuss;;;;;;;2321.0;869;;;;1620.0;7198.0
B1,BUCHMEIER,HERMIT,LEEDS,LEIPZIG;Schutz;der;;Substantiv;mask.;https://www.dwds.de/wb/Schutz;0.0;2466.0;800;832.0;90.38;1156.0;2007.0;5464.0
BUCHMEIER,LEEDS,LEIPZIG;Schuß;;;;;;;8832.0;152;3227.0;20.78;4611.0;;
A2,BUCHMEIER,HERMIT,LEEDS,LEIPZIG;schwach;;;Adjektiv;;https://www.dwds.de/wb/schwach;0.0;2384.0;836;1225.0;61.46;4601.0;2036.0;5368.0
HERMIT,LEIPZIG;schwache;;;;;;;;;;;6155.0;9176.0;784.0
HERMIT,LEIPZIG;schwachen;;;;;;;;;;;5008.0;8081.0;930.0
BUCHMEIER,HERMIT;Schwachkopf;;;;;;;6730.0;218;;;;6138.0;1335.0
BUCHMEIER,HERMIT;Schwachsinn;;;;;;;3967.0;440;;;;3142.0;3106.0
BUCHMEIER,HERMIT;Schwager;;;;;;;6708.0;219;;;;6553.0;1224.0
B1;Schwammerl;;;Substantiv;mask., neutr.;https://www.dwds.de/wb/Schwammerl;0.0;;;;;;;
A2,BUCHMEIER,HERMIT;schwanger;;;Adjektiv;;https://www.dwds.de/wb/schwanger;0.0;1707.0;1252;;;;1470.0;8156.0
B1,BUCHMEIER,HERMIT,LEEDS,LEIPZIG;Schwangerschaft;die;;Substantiv;fem.;https://www.dwds.de/wb/Schwangerschaft;0.0;8283.0;165;4937.0;11.83;8652.0;7101.0;1101.0
BUCHMEIER,HERMIT;Schwanz;;;;;;;2277.0;882;;;;1775.0;6369.0
BUCHMEIER,HERMIT;Schwanzlutscher;;;;;;;9878.0;131;;;;9784.0;721.0
A1,BUCHMEIER,BW1,HERMIT,LEEDS,LEIPZIG,LEO739,NRW422;schwarz;;;Adjektiv;;https://www.dwds.de/wb/schwarz;0.0;2935.0;655;772.0;97.25;4461.0;1912.0;5861.0
BUCHMEIER,HERMIT,LEEDS,LEIPZIG;schwarze;;;;;;;3182.0;589;2432.0;29.91;2624.0;1713.0;6699.0
BUCHMEIER,HERMIT,LEIPZIG;schwarzen;;;;;;;2581.0;761;;;1815.0;1832.0;6141.0
BUCHMEIER,HERMIT,LEIPZIG;Schwarzer;;;;;;;6662.0;221;;;7590.0;3997.0;2302.0
BUCHMEIER,HERMIT;schwarzes;;;;;;;8683.0;155;;;;6747.0;1176.0
HERMIT,LEIPZIG;schwebt;;;;;;;;;;;8108.0;8949.0;810.0
HERMIT,LEEDS,LEIPZIG;Schweden;;;;;;;;;3004.0;22.71;1869.0;5621.0;1481.0
BUCHMEIER,HERMIT;Schweig;;;;;;;9295.0;142;;;;9696.0;731.0
B1,BUCHMEIER,HERMIT,LEEDS,LEIPZIG;schweigen;;;Verb;;https://www.dwds.de/wb/schweigen;0.0;4207.0;407;2693.0;26.22;4503.0;2081.0;5195.0
A2,BUCHMEIER,HERMIT,LEEDS,LEO739,NRW422;Schwein;das;;Substantiv;neutr.;https://www.dwds.de/wb/Schwein;0.0;1405.0;1571;4516.0;13.42;;1437.0;8424.0
BUCHMEIER,HERMIT;Schweine;;;;;;;3080.0;612;;;;2924.0;3400.0
HERMIT,LEEDS,LEIPZIG;Schweiz;;;;;;;;;909.0;83.17;1210.0;5802.0;1428.0
HERMIT,LEEDS,LEIPZIG;Schweizer;;;;;;;;;1570.0;48.27;1330.0;7150.0;1091.0
A1,BUCHMEIER,BW1,HERMIT,LEEDS,LEIPZIG;schwer;;;Adjektiv;;https://www.dwds.de/wb/schwer;0.0;592.0;4967;271.0;260.6;475.0;486.0;33640.0
BUCHMEIER,HERMIT,LEIPZIG;schwere;;;;;;;3498.0;522;;;1607.0;2560.0;4082.0
BUCHMEIER,HERMIT,LEIPZIG;schweren;;;;;;;4949.0;330;;;1270.0;4067.0;2246.0
BUCHMEIER,HERMIT,LEIPZIG;schwerer;;;;;;;3681.0;484;;;2660.0;2997.0;3313.0
BUCHMEIER,HERMIT;Schwerkraft;;;;;;;8922.0;150;;;;9466.0;753.0
LEEDS,LEIPZIG;Schwerpunkt;;;;;;;;;1826.0;40.82;3142.0;;
BUCHMEIER,HERMIT,LEEDS,LEO739;Schwert;das;;Substantiv;;;;1378.0;1607;4131.0;15.08;;1852.0;6060.0
BUCHMEIER,HERMIT;Schwerter;;;;;;;7463.0;189;;;;8763.0;833.0
A1,BUCHMEIER,BW1,HERMIT,LEEDS,LEIPZIG,LEO739;Schwester;die;;Substantiv;fem.;https://www.dwds.de/wb/Schwester;0.0;530.0;5617;1526.0;50.0;3000.0;432.0;37032.0
BUCHMEIER,HERMIT,LEIPZIG;Schwestern;;;;;;;3289.0;561;;;6428.0;2236.0;4797.0
A2,BUCHMEIER,FEHLER300,HERMIT,LEEDS,LEIPZIG;schwierig;;;Adjektiv;;https://www.dwds.de/wb/schwierig;0.0;1511.0;1440;712.0;105.03;2298.0;1510.0;7876.0
BUCHMEIER,HERMIT,LEIPZIG;schwierige;;;;;;;5848.0;263;;;4996.0;5347.0;1576.0
HERMIT,LEIPZIG;schwierigen;;;;;;;;;;;3308.0;8968.0;807.0
BUCHMEIER,HERMIT,LEIPZIG;schwieriger;;;;;;;5744.0;269;;;4320.0;5284.0;1599.0
B1,LEEDS;Schwierigkeit;die;;Substantiv;fem.;https://www.dwds.de/wb/Schwierigkeit;0.0;;;1113.0;68.52;;;
BUCHMEIER,HERMIT,LEIPZIG;Schwierigkeiten;;;;;;;1576.0;1380;;;1510.0;1464.0;8238.0
A1,BW3;Schwimmbad;das;;Substantiv;neutr.;https://www.dwds.de/wb/Schwimmbad;0.0;;;;;;;
A1,BUCHMEIER,BW3,HERMIT,LEEDS,LEO739,NRW422;schwimmen;;du schwimmst, ich schwamm;Verb;;https://www.dwds.de/wb/schwimmen;0.0;2812.0;685;4372.0;13.95;;2231.0;4805.0
BUCHMEIER,FEHLER300,HERMIT;schwimmt;;;;;;;8467.0;160;;;;8369.0;888.0
BUCHMEIER,HERMIT;Schwindel;;;;;;;9241.0;143;;;;7519.0;1024.0
BUCHMEIER,HERMIT;schwindelig;;;;;;;9557.0;137;;;;9517.0;747.0
B1,BUCHMEIER,BW3,HERMIT;schwitzen;;du schwitzt;Verb;;https://www.dwds.de/wb/schwitzen;0.0;9817.0;132;;;;8372.0;887.0
BUCHMEIER,HERMIT;Schwuchtel;;;;;;;6166.0;245;;;;5824.0;1423.0
BUCHMEIER,HERMIT;schwul;;;;;;;2529.0;781;;;;2509.0;4159.0
BUCHMEIER,HERMIT,LEIPZIG;Schwung;;;;;;;7859.0;177;;;5682.0;7739.0;985.0
BUCHMEIER,HERMIT,LEEDS,LEIPZIG;Schwäche;;;;;;;4547.0;367;2580.0;27.71;5144.0;3813.0;2446.0
BUCHMEIER,HERMIT,LEEDS,LEIPZIG;Schwächen;;;;;;;9441.0;139;4642.0;12.91;5820.0;6734.0;1178.0
BUCHMEIER,HERMIT,LEIPZIG;schwächer;;;;;;;9664.0;135;;;7082.0;9487.0;751.0
BUCHMEIER,HERMIT;Schwänze;;;;;;;9879.0;131;;;;8127.0;924.0
BUCHMEIER,HERMIT;schwöre;;;;;;;1357.0;1652;;;;1198.0;10398.0
BUCHMEIER,HERMIT;schwören;;;;;;;6219.0;242;;;;4633.0;1908.0
BUCHMEIER,HERMIT;Schädel;;;;;;;3035.0;627;;;;2992.0;3315.0
BUCHMEIER,HERMIT,LEIPZIG;Schäden;;;;;;;6905.0;210;;;3006.0;6891.0;1140.0
A2,LEEDS;schädlich;;;Adjektiv;;https://www.dwds.de/wb/sch%C3%A4dlich;0.0;;;4618.0;13.03;;;
BUCHMEIER,HERMIT;schäme;;;;;;;7192.0;200;;;;5552.0;1505.0
BUCHMEIER,HERMIT;schämen;;;;;;;5045.0;322;;;;3854.0;2412.0
BUCHMEIER,HERMIT;Schätzchen;;;;;;;1886.0;1128;;;;1508.0;7887.0
BUCHMEIER,HERMIT;schätze;;;;;;;1117.0;2118;;;;836.0;16063.0
B1,BUCHMEIER,HERMIT,LEEDS,LEIPZIG;schätzen;;;Verb;;https://www.dwds.de/wb/sch%C3%A4tzen;0.0;2080.0;997;1586.0;47.57;4110.0;1575.0;7440.0
BUCHMEIER,HERMIT,LEIPZIG;schätzt;;;;;;;9105.0;146;;;2846.0;8067.0;932.0
LEEDS,LEIPZIG;Schätzung;;;;;;;;;4231.0;14.6;9301.0;;
A1,BUCHMEIER,BW1,HERMIT,LEEDS,LEIPZIG,LEO739,NRW422;schön;;;Adjektiv;;https://www.dwds.de/wb/sch%C3%B6n;0.0;271.0;11748;246.0;277.27;1426.0;179.0;106669.0
BUCHMEIER,HERMIT,LEEDS,LEIPZIG;schöne;;;;;;;1185.0;1953;3621.0;17.88;2347.0;833.0;16144.0
BUCHMEIER,HERMIT,LEIPZIG;schönen;;;;;;;1647.0;1304;;;2518.0;1010.0;12585.0
BUCHMEIER,HERMIT,LEIPZIG;schöner;;;;;;;1911.0;1103;;;4798.0;1449.0;8358.0
BUCHMEIER,HERMIT,LEIPZIG;schönes;;;;;;;2130.0;967;;;8355.0;1359.0;8905.0
BUCHMEIER,HERMIT,LEEDS,LEIPZIG;Schönheit;;;;;;;2658.0;736;2747.0;25.45;3821.0;2371.0;4482.0
BUCHMEIER,HERMIT,LEIPZIG;schönste;;;;;;;5053.0;321;;;8022.0;3180.0;3059.0
BUCHMEIER,HERMIT,LEIPZIG;schönsten;;;;;;;5849.0;263;;;4472.0;5171.0;1643.0
BUCHMEIER,HERMIT,LEEDS;Schöpfer;;;;;;;7343.0;194;4844.0;12.11;;8675.0;845.0
BUCHMEIER,HERMIT;schüchtern;;;;;;;4403.0;382;;;;4252.0;2132.0
A1,BUCHMEIER,HERMIT,LEEDS,LEIPZIG,LEO739;Schüler;der;;Substantiv;mask.;https://www.dwds.de/wb/Sch%C3%BCler;0.0;1787.0;1195;532.0;136.01;936.0;2250.0;4763.0
A2,BUCHMEIER,HERMIT,LEEDS,LEO739;Schülerin;die;;Substantiv;fem.;https://www.dwds.de/wb/Sch%C3%BClerin;0.0;7791.0;179;2309.0;31.67;;8671.0;845.0
BUCHMEIER,LEIPZIG;Schülern;;;;;;;9296.0;142;;;4349.0;;
BUCHMEIER,HERMIT,LEIPZIG;Schüsse;;;;;;;3842.0;457;;;7179.0;2585.0;4017.0
B1,BUCHMEIER,HERMIT;Schüssel;die;;Substantiv;fem.;https://www.dwds.de/wb/Sch%C3%BCssel;0.0;7501.0;188;;;;7285.0;1065.0
B1,BUCHMEIER,HERMIT,LEEDS;schütteln;;;Verb;;https://www.dwds.de/wb/sch%C3%BCtteln;0.0;9497.0;138;3669.0;17.6;;7780.0;978.0
BUCHMEIER,HERMIT;Schütze;;;;;;;5882.0;261;;;;3562.0;2655.0
B1,BUCHMEIER,HERMIT,LEEDS,LEIPZIG;schützen;;;Verb;;https://www.dwds.de/wb/sch%C3%BCtzen;0.0;1829.0;1165;978.0;77.15;2350.0;1329.0;9195.0
BUCHMEIER,HERMIT,LEIPZIG;schützt;;;;;;;7586.0;185;;;7857.0;5549.0;1506.0
BUCHMEIER,HERMIT;Scofield;;;;;;;3449.0;531;;;;9416.0;758.0
BUCHMEIER,HERMIT;Scotch;;;;;;;6344.0;236;;;;5131.0;1657.0
BUCHMEIER,HERMIT;Scott;;;;;;;2435.0;813;;;;1967.0;5658.0
BUCHMEIER,HERMIT;Scotty;;;;;;;9055.0;147;;;;6538.0;1227.0
BUCHMEIER,HERMIT;SDH;;;;;;;9496.0;138;;;;4227.0;2148.0
BUCHMEIER,HERMIT;SDI;;;;;;;3889.0;452;;;;5815.0;1425.0
BUCHMEIER,HERMIT;SE;;;;;;;4220.0;405;;;;8210.0;910.0
BUCHMEIER,HERMIT;Sean;;;;;;;5706.0;271;;;;2846.0;3513.0
BUCHMEIER,HERMIT;Seattle;;;;;;;5399.0;291;;;;5896.0;1401.0
BUCHMEIER,HERMIT,LEEDS;Sebastian;;;;;;;4005.0;435;4596.0;13.13;;4206.0;2160.0
A1,BUCHMEIER,BW1,HERMIT,LEEDS,LEIPZIG;sechs;;;Kardinalzahlwort;;https://www.dwds.de/wb/sechs;0.0;972.0;2551;709.0;105.11;305.0;657.0;22454.0
A1;sechzehn;;;Kardinalzahlwort;;https://www.dwds.de/wb/sechzehn;0.0;;;;;;;
A1,LEIPZIG;sechzig;;;Kardinalzahlwort;;https://www.dwds.de/wb/sechzig;0.0;;;;;8014.0;;
BUCHMEIER,HERMIT;Secret;;;;;;;8166.0;168;;;;8818.0;824.0
BUCHMEIER,HERMIT;Security;;;;;;;5847.0;263;;;;6467.0;1244.0
A1,BUCHMEIER,BW3,HERMIT,LEEDS,LEIPZIG,LEO739,NRW422;See;der;Seen;Substantiv;mask.;https://www.dwds.de/wb/See#1;0.0;2204.0;924;1612.0;46.63;3035.0;1597.0;7311.0
BUCHMEIER,HERMIT,LEEDS,LEIPZIG;Seele;;;;;;;1187.0;1946;1049.0;72.6;2765.0;1081.0;11638.0
BUCHMEIER,HERMIT;Seelen;;;;;;;4066.0;427;;;;3440.0;2781.0
BUCHMEIER,HERMIT,LEEDS,LEIPZIG;Segen;;;;;;;4924.0;332;4933.0;11.84;7935.0;3964.0;2327.0
BUCHMEIER,HERMIT;segne;;;;;;;4962.0;329;;;;4049.0;2258.0
BUCHMEIER,HERMIT;seh;;;;;;;1512.0;1439;;;;1509.0;7880.0
BUCHMEIER,HERMIT,LEIPZIG;sehe;;;;;;;442.0;6729;;;1854.0;351.0;48293.0
A1,BUCHMEIER,BW3,FEHLER100,FEHLER300,HERMIT,LEEDS,LEIPZIG,LEO739,NRW422;sehen;;du siehst, ich sah;Verb;;https://www.dwds.de/wb/sehen;0.0;117.0;31077;81.0;1078.09;270.0;107.0;212948.0
A1;Sehenswürdigkeit;die;;Substantiv;fem.;https://www.dwds.de/wb/Sehensw%C3%BCrdigkeit;0.0;;;;;;;
BUCHMEIER,HERMIT,LEEDS,LEIPZIG;Sehnsucht;;;;;;;7624.0;184;3483.0;18.84;5075.0;6879.0;1143.0
A1,BUCHMEIER,BW3,FEHLER300,HERMIT,LEEDS,LEIPZIG,LEO739,NRW111;sehr;;;Adverb;;https://www.dwds.de/wb/sehr;0.0;118.0;30737;83.0;1031.96;164.0;99.0;226425.0
BUCHMEIER,HERMIT;Seht;;;;;;;930.0;2659;;;;714.0;19586.0
BUCHMEIER,HERMIT,LEIPZIG;sei;;;;;;;353.0;8443;;;61.0;230.0;80433.0
BUCHMEIER,FEHLER400,HERMIT;seid;;;;;;;372.0;7997;;;;297.0;58799.0
BUCHMEIER,HERMIT,LEIPZIG;seien;;;;;;;2081.0;996;;;139.0;962.0;13594.0
A2,BUCHMEIER,BW1,HERMIT;Seife;die;;Substantiv;fem.;https://www.dwds.de/wb/Seife#1;0.0;7252.0;198;;;;6304.0;1286.0
BUCHMEIER,HERMIT;Seil;;;;;;;3947.0;443;;;;3524.0;2691.0
A1,BUCHMEIER,HERMIT,LEEDS,LEIPZIG,LEO739,NRW111;sein;;;Possessivpronomen;;https://www.dwds.de/wb/sein#1;0.0;59.0;68312;3.0;19557.94;59.0;56.0;440142.0
BUCHMEIER,HERMIT,LEIPZIG;seine;;;;;;;199.0;16602;;;72.0;167.0;126038.0
BUCHMEIER,FEHLER100,HERMIT,LEIPZIG;seinem;;;;;;;534.0;5592;;;159.0;453.0;35907.0
BUCHMEIER,FEHLER100,HERMIT,LEIPZIG;seinen;;;;;;;383.0;7718;;;123.0;339.0;50311.0
BUCHMEIER,HERMIT,LEIPZIG;seiner;;;;;;;492.0;5959;;;90.0;399.0;41478.0
LEEDS,LEIPZIG;seinerzeit;;;;;;;;;4337.0;14.1;3744.0;;
BUCHMEIER,HERMIT,LEIPZIG;seines;;;;;;;1758.0;1215;;;351.0;1475.0;8098.0
BUCHMEIER,HERMIT;seist;;;;;;;5826.0;264;;;;4833.0;1803.0
A1,BUCHMEIER,BW3,FEHLER400,HERMIT,LEEDS,LEIPZIG,LEO739,NRW111;seit;;;;;https://www.dwds.de/wb/seit;0.0;347.0;8574;123.0;561.27;106.0;234.0;78517.0
B1,BUCHMEIER,HERMIT,LEEDS,LEIPZIG;seitdem;;;;;https://www.dwds.de/wb/seitdem;0.0;3201.0;583;2400.0;30.18;2829.0;1890.0;5946.0
A2,BUCHMEIER,BW1,HERMIT,LEEDS,LEIPZIG,LEO739,NRW422;Seite;die;;Substantiv;fem.;https://www.dwds.de/wb/Seite;0.0;538.0;5551;147.0;487.83;385.0;533.0;30345.0
BUCHMEIER,HERMIT,LEIPZIG;Seiten;;;;;;;2148.0;958;;;587.0;2106.0;5118.0
LEEDS,LEIPZIG;seitens;;;;;;;;;2708.0;25.91;6919.0;;
HERMIT,LEEDS,LEIPZIG;seither;;;;;;;;;3640.0;17.76;3870.0;8327.0;894.0
B1,HERMIT;Sekretär;der;;Substantiv;mask.;https://www.dwds.de/wb/Sekret%C3%A4r#1;0.0;;;;;;9821.0;717.0
B1,BUCHMEIER,HERMIT;Sekretärin;die;;Substantiv;fem.;https://www.dwds.de/wb/Sekret%C3%A4rin;0.0;5577.0;279;;;;3906.0;2373.0
BUCHMEIER,HERMIT;Sektion;;;;;;;7758.0;180;;;;9813.0;718.0
BUCHMEIER,HERMIT,LEEDS,LEIPZIG;Sektor;;;;;;;5280.0;301;2802.0;24.85;6682.0;5618.0;1482.0
A1,BUCHMEIER,HERMIT,LEEDS,LEIPZIG;Sekunde;die;;Substantiv;fem.;https://www.dwds.de/wb/Sekunde;0.0;1212.0;1898;4000.0;15.75;4184.0;1196.0;10410.0
BUCHMEIER,HERMIT,LEIPZIG;Sekunden;;;;;;;1020.0;2365;;;1684.0;1073.0;11789.0
B1,LEEDS;selb;;;Demonstrativpronomen;;https://www.dwds.de/wb/selb;0.0;;;2001.0;37.01;;;
BUCHMEIER,HERMIT;selbe;;;;;;;4562.0;366;;;;6063.0;1355.0
BUCHMEIER,HERMIT,LEIPZIG;selben;;;;;;;2150.0;956;;;2886.0;2187.0;4914.0
B1,BUCHMEIER,HERMIT,LEEDS,LEIPZIG;selber;;;Demonstrativpronomen;;https://www.dwds.de/wb/selber;0.0;1164.0;2012;662.0;110.66;1250.0;1187.0;10450.0
A2,BUCHMEIER,FEHLER300,HERMIT,LEEDS,LEIPZIG,LEO739,NRW422;selbst;;;Pronomen;;https://www.dwds.de/wb/selbst#1;0.0;254.0;12629;95.0;761.28;130.0;209.0;90135.0
BUCHMEIER,HERMIT,LEIPZIG;Selbstmord;;;;;;;2629.0;743;;;5473.0;2206.0;4866.0
A1,FEHLER400;selbstständig;;;Adjektiv;;https://www.dwds.de/wb/selbstst%C3%A4ndig;0.0;;;;;;;
B1,BUCHMEIER,HERMIT,LEEDS,LEIPZIG;selbstverständlich;;;Adjektiv;;https://www.dwds.de/wb/selbstverst%C3%A4ndlich;0.0;3828.0;459;1109.0;68.7;2452.0;2022.0;5421.0
BUCHMEIER,HERMIT;Selbstvertrauen;;;;;;;9023.0;148;;;;8978.0;806.0
A1,LEEDS,LEIPZIG;selbständig;;;Adjektiv;;https://www.dwds.de/wb/selbst%C3%A4ndig;0.0;;;1965.0;37.68;5903.0;;
FEHLER400;selig;;;;;;;;;;;;;
B1,BUCHMEIER,HERMIT,LEEDS,LEIPZIG;selten;;;Adjektiv;;https://www.dwds.de/wb/selten;0.0;2839.0;675;586.0;123.04;1075.0;2352.0;4519.0
BUCHMEIER,HERMIT;seltene;;;;;;;9663.0;135;;;;9370.0;763.0
B1,BUCHMEIER,HERMIT,LEEDS,LEIPZIG;seltsam;;;Adjektiv;;https://www.dwds.de/wb/seltsam;0.0;1648.0;1302;2270.0;32.36;8941.0;1157.0;10778.0
BUCHMEIER,HERMIT;seltsame;;;;;;;4477.0;374;;;;3373.0;2854.0
BUCHMEIER,HERMIT;seltsamen;;;;;;;7403.0;192;;;;6608.0;1211.0
BUCHMEIER,HERMIT;seltsamer;;;;;;;8976.0;149;;;;7290.0;1064.0
B1,BUCHMEIER,HERMIT,LEEDS,LEIPZIG;Semester;das;;Substantiv;neutr.;https://www.dwds.de/wb/Semester;0.0;8206.0;167;3116.0;21.8;7137.0;8610.0;853.0
B1,LEEDS,LEIPZIG;Seminar;das;;Substantiv;neutr.;https://www.dwds.de/wb/Seminar;0.0;;;1948.0;38.1;7032.0;;
B1;Semmel;die;;Substantiv;fem.;https://www.dwds.de/wb/Semmel;0.0;;;;;;;
BUCHMEIER,HERMIT,LEEDS,LEIPZIG;Senat;;;;;;;5480.0;285;2123.0;35.0;1252.0;8303.0;898.0
BUCHMEIER,HERMIT,LEIPZIG;Senator;;;;;;;2796.0;692;;;4705.0;3108.0;3154.0
B1,BUCHMEIER,HERMIT,LEEDS,LEIPZIG;senden;;;Verb;;https://www.dwds.de/wb/senden;0.0;4514.0;370;1509.0;50.48;8744.0;3723.0;2515.0
B1,BUCHMEIER,HERMIT,LEEDS,LEIPZIG;Sender;der;;Substantiv;mask.;https://www.dwds.de/wb/Sender;0.0;3381.0;543;2761.0;25.32;2095.0;3865.0;2406.0
BUCHMEIER,HERMIT;sendet;;;;;;;9714.0;134;;;;8980.0;806.0
A2,BUCHMEIER,HERMIT,LEEDS,LEIPZIG;Sendung;die;;Substantiv;fem.;https://www.dwds.de/wb/Sendung;0.0;2506.0;786;2261.0;32.47;3250.0;2670.0;3857.0
B1,LEEDS;Senior;der;;Substantiv;mask.;https://www.dwds.de/wb/Senior;0.0;;;4634.0;12.95;;;
B1;Seniorin;die;;Substantiv;fem.;https://www.dwds.de/wb/Seniorin;0.0;;;;;;;
LEEDS,LEIPZIG;senken;;;;;;;;;2185.0;33.7;3052.0;;
B1;senkrecht;;;Adjektiv;;https://www.dwds.de/wb/senkrecht;0.0;;;;;;;
BUCHMEIER,HERMIT,LEEDS;sensibel;;;;;;;8921.0;150;4665.0;12.81;;7993.0;944.0
BUCHMEIER,HERMIT;Sensoren;;;;;;;6729.0;218;;;;5325.0;1585.0
BUCHMEIER,LEIPZIG;Seoul;;;;;;;7710.0;181;;;6234.0;;
FEHLER400;separat;;;;;;;;;;;;;
A1,BUCHMEIER,BW1,HERMIT,LEEDS,LEIPZIG,LEO739;September;der;;Substantiv;mask.;https://www.dwds.de/wb/September;0.0;4498.0;372;458.0;157.05;447.0;4474.0;1998.0
BUCHMEIER,HERMIT;Serena;;;;;;;9054.0;147;;;;3734.0;2508.0
BUCHMEIER,HERMIT;Sergeant;;;;;;;1897.0;1116;;;;1425.0;8499.0
B1,BUCHMEIER,HERMIT,LEEDS,LEIPZIG;Serie;die;;Substantiv;fem.;https://www.dwds.de/wb/Serie;0.0;1943.0;1082;2061.0;36.03;2169.0;3071.0;3204.0
FEHLER400;Seriosität;;;;;;;;;;;;;
BUCHMEIER,HERMIT,LEEDS,LEIPZIG;Server;;;;;;;8466.0;160;1934.0;38.51;8311.0;9611.0;739.0
A2,BUCHMEIER,HERMIT,LEEDS,LEIPZIG;Service;der;;Substantiv;mask., neutr.;https://www.dwds.de/wb/Service#2;0.0;5181.0;309;1471.0;51.74;2027.0;5038.0;1707.0
B1;Serviceangestellte;;;Substantiv;fem., mask.;https://www.dwds.de/wb/Serviceangestellte;0.0;;;;;;;
BUCHMEIER,HERMIT;servieren;;;;;;;9053.0;147;;;;6729.0;1179.0
BUCHMEIER,HERMIT,LEIPZIG;serviert;;;;;;;9294.0;142;;;9322.0;6464.0;1245.0
B1,HERMIT;Sessel;der;;Substantiv;mask.;https://www.dwds.de/wb/Sessel;0.0;;;;;;9180.0;784.0
BUCHMEIER,HERMIT;Set;;;;;;;2994.0;636;;;;5218.0;1624.0
BUCHMEIER,HERMIT;Seth;;;;;;;4497.0;372;;;;5400.0;1557.0
BUCHMEIER,HERMIT;Setz;;;;;;;1304.0;1746;;;;852.0;15786.0
BUCHMEIER,HERMIT,LEIPZIG;setze;;;;;;;3217.0;579;;;6366.0;2633.0;3918.0
A2,BUCHMEIER,FEHLER300,HERMIT,LEEDS,LEIPZIG;setzen;;;Verb;;https://www.dwds.de/wb/setzen;0.0;1046.0;2314;174.0;388.18;671.0;627.0;24061.0
BUCHMEIER,HERMIT,LEIPZIG;setzt;;;;;;;1930.0;1089;;;597.0;1321.0;9222.0
BUCHMEIER,HERMIT,LEIPZIG;setzte;;;;;;;5104.0;316;;;1023.0;4404.0;2045.0
BUCHMEIER,HERMIT,LEIPZIG;setzten;;;;;;;8205.0;167;;;2954.0;8364.0;888.0
BUCHMEIER,HERMIT;seufzt;;;;;;;8920.0;150;;;;1659.0;6997.0
BUCHMEIER,HERMIT,LEEDS,LEIPZIG;Sex;;;;;;;950.0;2612;2962.0;23.15;5761.0;806.0;16739.0
LEEDS,LEIPZIG;Sexualität;;;;;;;;;4451.0;13.65;9302.0;;
HERMIT,LEEDS;sexuell;;;;;;;;;1876.0;39.66;;6667.0;1195.0
BUCHMEIER,HERMIT,LEIPZIG;sexuelle;;;;;;;6472.0;230;;;7576.0;5773.0;1436.0
HERMIT,LEIPZIG;sexuellen;;;;;;;;;;;6649.0;8471.0;873.0
BUCHMEIER,HERMIT;sexy;;;;;;;2931.0;656;;;;2324.0;4595.0
BUCHMEIER,HERMIT;Señor;;;;;;;5500.0;283;;;;3204.0;3030.0
BUCHMEIER,HERMIT;Shakespeare;;;;;;;6884.0;211;;;;7018.0;1114.0
BUCHMEIER,HERMIT;Shane;;;;;;;3169.0;592;;;;3833.0;2431.0
BUCHMEIER,HERMIT;Shannon;;;;;;;4795.0;344;;;;8216.0;909.0
BUCHMEIER,HERMIT;Sharon;;;;;;;4142.0;416;;;;5608.0;1484.0
BUCHMEIER,HERMIT;Shaw;;;;;;;9611.0;136;;;;4811.0;1818.0
BUCHMEIER,HERMIT;Shawn;;;;;;;5705.0;271;;;;7601.0;1008.0
BUCHMEIER,HERMIT;Sheila;;;;;;;8787.0;153;;;;6736.0;1178.0
BUCHMEIER,HERMIT;Sheldon;;;;;;;4203.0;408;;;;4256.0;2130.0
BUCHMEIER,HERMIT;Shepherd;;;;;;;8919.0;150;;;;9182.0;784.0
BUCHMEIER,HERMIT;Sheppard;;;;;;;6066.0;251;;;;9453.0;755.0
BUCHMEIER,HERMIT;Sheriff;;;;;;;1272.0;1799;;;;1319.0;9233.0
BUCHMEIER,HERMIT;Sheriffs;;;;;;;7817.0;178;;;;9712.0;729.0
BUCHMEIER,HERMIT;Sherman;;;;;;;9556.0;137;;;;9803.0;719.0
BUCHMEIER,HERMIT;Sherry;;;;;;;5233.0;305;;;;6951.0;1128.0
BUCHMEIER,HERMIT;Shirt;;;;;;;7275.0;197;;;;7331.0;1058.0
BUCHMEIER,HERMIT;Shit;;;;;;;7164.0;201;;;;5157.0;1647.0
BUCHMEIER,HERMIT,LEEDS,LEIPZIG;Show;;;;;;;1445.0;1531;3360.0;19.75;3957.0;1240.0;9970.0
BUCHMEIER,HERMIT;Shuttle;;;;;;;8786.0;153;;;;5054.0;1699.0
BUCHMEIER,HERMIT;Si;;;;;;;7105.0;203;;;;6394.0;1265.0
A1,BUCHMEIER,BW3,HERMIT,LEEDS,LEIPZIG,LEO739,NRW111;sich;;;Reflexivpronomen;;https://www.dwds.de/wb/sich;0.0;50.0;83233;13.0;6117.57;10.0;46.0;533395.0
B1,BUCHMEIER,HERMIT,LEEDS,LEIPZIG;sicher;;;Adjektiv;;https://www.dwds.de/wb/sicher;0.0;177.0;18773;270.0;261.31;484.0;151.0;145360.0
BUCHMEIER,HERMIT,LEIPZIG;sichere;;;;;;;6370.0;235;;;5484.0;5256.0;1610.0
BUCHMEIER,HERMIT,LEIPZIG;sicheren;;;;;;;4439.0;378;;;5270.0;4190.0;2170.0
BUCHMEIER,HERMIT,LEIPZIG;sicherer;;;;;;;3946.0;443;;;6698.0;3473.0;2741.0
BUCHMEIER,HERMIT;sichergehen;;;;;;;8065.0;171;;;;5811.0;1426.0
B1,BUCHMEIER,HERMIT,LEEDS,LEIPZIG;Sicherheit;die;;Substantiv;fem.;https://www.dwds.de/wb/Sicherheit;0.0;945.0;2628;573.0;127.65;770.0;851.0;15829.0
BUCHMEIER,HERMIT;Sicherheitsdienst;;;;;;;6983.0;207;;;;6396.0;1264.0
BUCHMEIER,HERMIT,LEEDS,LEIPZIG;sicherlich;;;;;;;4590.0;363;1137.0;66.39;3050.0;3003.0;3307.0
B1,BUCHMEIER,HERMIT,LEEDS,LEIPZIG;sichern;;;Verb;;https://www.dwds.de/wb/sichern;0.0;5600.0;277;1063.0;71.32;1906.0;4359.0;2070.0
BUCHMEIER,HERMIT,LEEDS,LEIPZIG;sicherstellen;;;;;;;6165.0;245;2465.0;29.25;9632.0;6384.0;1267.0
LEEDS,LEIPZIG;Sicherung;;;;;;;;;2793.0;24.93;3708.0;;
BUCHMEIER,HERMIT;sicherzustellen;;;;;;;8831.0;152;;;;9539.0;745.0
BUCHMEIER,HERMIT,LEEDS,LEIPZIG;Sicht;;;;;;;3612.0;496;816.0;91.66;901.0;3250.0;2987.0
B1,HERMIT,LEEDS,LEIPZIG;sichtbar;;;Adjektiv;;https://www.dwds.de/wb/sichtbar;0.0;;;1452.0;52.32;2952.0;9085.0;795.0
BUCHMEIER,HERMIT,LEIPZIG;Sid;;;;;;;4574.0;365;;;9835.0;5397.0;1557.0
BUCHMEIER,HERMIT;Sidney;;;;;;;8830.0;152;;;;8417.0;880.0
A1,BUCHMEIER,BW1,HERMIT,LEEDS,LEIPZIG,LEO739,NRW111;Sie;;;Personalpronomen;;https://www.dwds.de/wb/Sie;0.0;5.0;366870;23.0;4243.04;30.0;2.0;3806767.0
A1,BUCHMEIER,HERMIT,LEEDS,LEIPZIG;sieben;;;Kardinalzahlwort;;https://www.dwds.de/wb/sieben#2;0.0;1479.0;1485;1027.0;73.91;446.0;947.0;13791.0
A1;siebenzig;;;Kardinalzahlwort;;https://www.dwds.de/wb/siebenzig;0.0;;;;;;;
A1;siebzehn;;;Kardinalzahlwort;;https://www.dwds.de/wb/siebzehn;0.0;;;;;;;
A1,LEIPZIG;siebzig;;;Kardinalzahlwort;;https://www.dwds.de/wb/siebzig;0.0;;;;;9505.0;;
LEEDS,LEIPZIG;Siedlung;;;;;;;;;4717.0;12.64;5535.0;;
B1,BUCHMEIER,HERMIT,LEEDS,LEIPZIG;Sieg;der;;Substantiv;mask.;https://www.dwds.de/wb/Sieg;0.0;2192.0;929;1325.0;56.79;925.0;2065.0;5231.0
BUCHMEIER,HERMIT;Siegel;;;;;;;8732.0;154;;;;7261.0;1070.0
B1,BUCHMEIER,HERMIT,LEEDS,LEIPZIG;siegen;;;Verb;;https://www.dwds.de/wb/siegen;0.0;7790.0;179;4989.0;11.67;8365.0;6546.0;1225.0
B1,BUCHMEIER,HERMIT,LEEDS,LEIPZIG;Sieger;der;;Substantiv;mask.;https://www.dwds.de/wb/Sieger;0.0;5163.0;311;3602.0;18.07;2380.0;4869.0;1781.0
B1;Siegerin;die;;Substantiv;fem.;https://www.dwds.de/wb/Siegerin;0.0;;;;;;;
BUCHMEIER,HERMIT;Sieh;;;;;;;475.0;6139;;;;361.0;47133.0
LEEDS,LEIPZIG;siehe;;;;;;;;;2358.0;30.82;1547.0;;
BUCHMEIER,HERMIT;siehst;;;;;;;562.0;5297;;;;332.0;51444.0
BUCHMEIER,FEHLER100,FEHLER300,HERMIT,LEIPZIG,LEO739,NRW422;sieht;;;;;;;300.0;10322;;;265.0;243.0;75968.0
LEEDS,LEIPZIG;Siemens;;;;;;;;;4573.0;13.19;2472.0;;
B1;siezen;;;Verb;;https://www.dwds.de/wb/siezen;0.0;;;;;;;
BUCHMEIER,HERMIT,LEEDS,LEIPZIG;Signal;;;;;;;2102.0;984;2426.0;29.94;3293.0;2302.0;4652.0
BUCHMEIER,HERMIT,LEIPZIG;Signale;;;;;;;6521.0;228;;;5258.0;8017.0;940.0
BUCHMEIER,HERMIT;Silas;;;;;;;4023.0;433;;;;7548.0;1018.0
BUCHMEIER,HERMIT,LEIPZIG;Silber;;;;;;;7500.0;188;;;6361.0;5645.0;1474.0
FEHLER200,FEHLER400;Silhouette;;;;;;;;;;;;;
BW3,FEHLER200,FEHLER400,HERMIT;Silvester;das;;Substantiv;;;;;;;;;9979.0;703.0
BUCHMEIER,HERMIT,LEEDS,LEIPZIG;Simon;;;;;;;3211.0;580;4321.0;14.18;7336.0;2040.0;5332.0
BUCHMEIER,HERMIT;Simone;;;;;;;8249.0;166;;;;6784.0;1166.0
BUCHMEIER,HERMIT;Simpson;;;;;;;2727.0;713;;;;6226.0;1311.0
BUCHMEIER,HERMIT,LEIPZIG,LEO739,NRW111;sind;;;;;;;34.0;109934;;;38.0;32.0;727078.0
BUCHMEIER,HERMIT;Sing;;;;;;;7623.0;184;;;;4101.0;2228.0
BUCHMEIER,HERMIT;singe;;;;;;;7104.0;203;;;;5969.0;1379.0
A2,BUCHMEIER,BW1,HERMIT,LEEDS,LEIPZIG,LEO739,NRW422;singen;;du singst, ich sang, Gesang;Verb;;https://www.dwds.de/wb/singen;0.0;1673.0;1283;1371.0;55.18;3943.0;1228.0;10060.0
BUCHMEIER,HERMIT;Single;;;;;;;6026.0;253;;;;4693.0;1880.0
BUCHMEIER,HERMIT,LEIPZIG;singt;;;;;;;2868.0;669;;;4171.0;1600.0;7283.0
B1,BUCHMEIER,BW1,HERMIT,LEEDS,LEIPZIG;sinken;;du sinkst, ich sank;Verb;;https://www.dwds.de/wb/sinken;0.0;8918.0;150;1533.0;49.7;3931.0;8407.0;882.0
HERMIT,LEIPZIG;sinkt;;;;;;;;;;;6016.0;8927.0;813.0
B1,BUCHMEIER,HERMIT,LEEDS,LEIPZIG;Sinn;der;;Substantiv;mask.;https://www.dwds.de/wb/Sinn;0.0;964.0;2577;272.0;260.23;1065.0;818.0;16557.0
BUCHMEIER,HERMIT,LEIPZIG;Sinne;;;;;;;4918.0;333;;;1346.0;3942.0;2345.0
B1,BUCHMEIER,HERMIT,LEEDS;sinnlos;;;Adjektiv;;https://www.dwds.de/wb/sinnlos;0.0;4278.0;397;4193.0;14.82;;3842.0;2425.0
B1,LEEDS,LEIPZIG;sinnvoll;;;Adjektiv;;https://www.dwds.de/wb/sinnvoll;0.0;;;1010.0;75.03;2467.0;;
FEHLER200,FEHLER400;Siphon;;;;;;;;;;;;;
BUCHMEIER,HERMIT,LEEDS,LEIPZIG;Sir;;;;;;;212.0;15562;4837.0;12.14;6505.0;207.0;92012.0
BUCHMEIER,HERMIT;Sirene;;;;;;;9610.0;136;;;;6905.0;1137.0
FEHLER400;Sisyphosarbeit;;;;;;;;;;;;;
FEHLER200,FEHLER400;Sisyphusarbeit;;;;;;;;;;;;;
A2,BUCHMEIER,HERMIT,LEEDS,LEIPZIG;Situation;die;;Substantiv;fem.;https://www.dwds.de/wb/Situation;0.0;1338.0;1677;374.0;190.32;626.0;1351.0;8967.0
BUCHMEIER,HERMIT,LEIPZIG;Situationen;;;;;;;6778.0;216;;;5205.0;7376.0;1051.0
B1,BUCHMEIER,HERMIT,LEEDS,LEIPZIG;Sitz;der;;Substantiv;mask.;https://www.dwds.de/wb/Sitz;0.0;4546.0;367;2036.0;36.48;1997.0;3173.0;3066.0
BUCHMEIER,HERMIT,LEIPZIG;sitze;;;;;;;3074.0;613;;;5242.0;2340.0;4548.0
A1,BUCHMEIER,BW1,FEHLER100,HERMIT,LEEDS,LEIPZIG,LEO739,NRW422;sitzen;;du sitzt, ich saß, Sitz;Verb;;https://www.dwds.de/wb/sitzen;0.0;905.0;2765;450.0;159.5;1294.0;781.0;17556.0
BUCHMEIER,FEHLER300,HERMIT,LEIPZIG;sitzt;;;;;;;1210.0;1904;;;1271.0;1007.0;12675.0
BUCHMEIER,HERMIT,LEEDS,LEIPZIG;Sitzung;;;;;;;5232.0;305;1674.0;44.7;1323.0;4188.0;2174.0
BUCHMEIER,HERMIT,LEEDS,LEIPZIG;Skandal;;;;;;;8785.0;153;4976.0;11.71;4378.0;5759.0;1439.0
LEEDS,LEIPZIG;skeptisch;;;;;;;;;4786.0;12.34;4691.0;;
B1;Ski;der;;Substantiv;mask.;https://www.dwds.de/wb/Ski;0.0;;;;;;;
BUCHMEIER,HERMIT;Skinner;;;;;;;8281.0;165;;;;9789.0;721.0
BUCHMEIER,HERMIT,LEEDS;Sklave;;;;;;;5965.0;257;4552.0;13.28;;6431.0;1254.0
BUCHMEIER,HERMIT;Sklaven;;;;;;;3704.0;479;;;;3791.0;2461.0
FEHLER200,FEHLER400;skurril;;;;;;;;;;;;;
BUCHMEIER,HERMIT;Sloan;;;;;;;7683.0;182;;;;7188.0;1084.0
BUCHMEIER,HERMIT;Sloane;;;;;;;5369.0;293;;;;8911.0;814.0
FEHLER400;Smiley;;;;;;;;;;;;;
BUCHMEIER,HERMIT,LEEDS,LEIPZIG;Smith;;;;;;;3280.0;564;4757.0;12.49;9183.0;2520.0;4144.0
A1,BUCHMEIER,BW1,HERMIT,LEEDS,LEIPZIG;so;;;;;https://www.dwds.de/wb/so;0.0;33.0;110711;28.0;3077.46;45.0;27.0;813903.0
B1,BUCHMEIER,HERMIT,LEEDS,LEIPZIG;sobald;;;Konjunktion;;https://www.dwds.de/wb/sobald;0.0;1437.0;1537;1486.0;51.17;4315.0;803.0;16778.0
B1,BW1;Socke;die;;Substantiv;fem.;https://www.dwds.de/wb/Socke;0.0;;;;;;;
BUCHMEIER,HERMIT,LEO739;Socken;der;;Substantiv;;;;4619.0;360;;;;4757.0;1846.0
B1,BUCHMEIER,FEHLER400,HERMIT,LEEDS;sodass;;;Konjunktion;;https://www.dwds.de/wb/sodass;0.0;6343.0;236;4007.0;15.72;;5144.0;1652.0
BUCHMEIER,HERMIT,LEEDS,LEIPZIG;soeben;;;;;;;4037.0;431;4640.0;12.92;6206.0;4216.0;2155.0
A1,BUCHMEIER,HERMIT;Sofa;das;;Substantiv;neutr.;https://www.dwds.de/wb/Sofa;0.0;5539.0;281;;;;4838.0;1800.0
HERMIT,LEEDS,LEIPZIG;sofern;;;;;;;;;1856.0;40.0;4374.0;7982.0;945.0
BUCHMEIER,HERMIT;Sofia;;;;;;;7462.0;189;;;;8729.0;837.0
A1,BUCHMEIER,HERMIT,LEEDS,LEIPZIG;sofort;;;Adverb;;https://www.dwds.de/wb/sofort;0.0;378.0;7834;482.0;150.34;704.0;306.0;56605.0
BUCHMEIER,HERMIT,LEEDS,LEIPZIG;Software;;;;;;;9022.0;148;894.0;84.06;2280.0;8765.0;832.0
A2,BUCHMEIER,BW3,HERMIT,LEEDS,LEIPZIG;sogar;;;Adverb;;https://www.dwds.de/wb/sogar;0.0;580.0;5079;218.0;315.52;249.0;441.0;36650.0
B1,FEHLER400,LEEDS;sogenannt;;;Adjektiv;;https://www.dwds.de/wb/sogenannt;0.0;;;623.0;116.85;;;
LEEDS,LEIPZIG;sogleich;;;;;;;;;3515.0;18.67;7537.0;;
A1,BUCHMEIER,BW3,FEHLER300,HERMIT,LEEDS,LEIPZIG;Sohn;der;Söhne;Substantiv;mask.;https://www.dwds.de/wb/Sohn;0.0;346.0;8626;619.0;117.69;832.0;311.0;54396.0
BUCHMEIER,HERMIT,LEIPZIG;Sohnes;;;;;;;3928.0;445;;;8042.0;3404.0;2828.0
B1,BUCHMEIER,HERMIT,LEEDS,LEIPZIG;solange;;;Konjunktion;;https://www.dwds.de/wb/solange;0.0;1298.0;1758;1234.0;60.95;2267.0;837.0;16060.0
B1,BUCHMEIER,HERMIT,LEEDS,LEIPZIG;solch;;;Demonstrativpronomen;;https://www.dwds.de/wb/solch;0.0;3503.0;521;122.0;568.01;2960.0;2903.0;3439.0
BUCHMEIER,HERMIT,LEIPZIG;solche;;;;;;;995.0;2443;;;406.0;793.0;17138.0
BUCHMEIER,HERMIT,LEIPZIG;solchen;;;;;;;2023.0;1029;;;697.0;1901.0;5903.0
BUCHMEIER,HERMIT,LEIPZIG;solcher;;;;;;;6777.0;216;;;1466.0;5772.0;1436.0
BUCHMEIER,HERMIT,LEIPZIG;solches;;;;;;;8871.0;151;;;2570.0;7425.0;1041.0
BUCHMEIER,HERMIT,LEEDS,LEIPZIG;Soldat;;;;;;;2214.0;921;986.0;76.57;6351.0;1931.0;5782.0
BUCHMEIER,HERMIT,LEIPZIG;Soldaten;;;;;;;1393.0;1583;;;758.0;1349.0;8981.0
LEEDS,LEIPZIG;Solidarität;;;;;;;;;2610.0;27.28;3263.0;;
BUCHMEIER,FEHLER300,HERMIT,LEIPZIG;soll;;;;;;;139.0;25560;;;78.0;122.0;191100.0
BUCHMEIER,HERMIT,LEIPZIG;solle;;;;;;;4728.0;350;;;699.0;3678.0;2552.0
A1,BUCHMEIER,BW1,FEHLER100,HERMIT,LEEDS,LEIPZIG,LEO739,NRW422;sollen;;du sollst, ich sollte;Verb;;https://www.dwds.de/wb/sollen;0.0;303.0;10215;54.0;1704.9;155.0;253.0;71445.0
BUCHMEIER,HERMIT;sollst;;;;;;;974.0;2537;;;;862.0;15551.0
BUCHMEIER,HERMIT;sollt;;;;;;;3518.0;518;;;;3206.0;3027.0
BUCHMEIER,HERMIT,LEIPZIG;sollte;;;;;;;213.0;15548;;;224.0;189.0;98826.0
BUCHMEIER,HERMIT,LEIPZIG;sollten;;;;;;;286.0;11169;;;340.0;250.0;72777.0
BUCHMEIER,HERMIT;solltest;;;;;;;471.0;6293;;;;439.0;36770.0
BUCHMEIER,HERMIT;solltet;;;;;;;2252.0;894;;;;2176.0;4941.0
BUCHMEIER,HERMIT;Solo;;;;;;;9928.0;130;;;;9944.0;705.0
BUCHMEIER,HERMIT,LEEDS,LEIPZIG;somit;;;;;;;8204.0;167;594.0;121.48;1616.0;6347.0;1276.0
A1,BUCHMEIER,BW1,FEHLER300,HERMIT,LEEDS,LEIPZIG,LEO739;Sommer;der;;Substantiv;mask.;https://www.dwds.de/wb/Sommer;0.0;2361.0;850;1090.0;69.72;766.0;1781.0;6351.0
BUCHMEIER,HERMIT;Sonde;;;;;;;9439.0;139;;;;9669.0;733.0
B1;Sonderangebot;das;;Substantiv;neutr.;https://www.dwds.de/wb/Sonderangebot;0.0;;;;;;;
B1,BUCHMEIER,BW3,HERMIT,LEEDS,LEIPZIG;sondern;;;Konjunktion;;https://www.dwds.de/wb/sondern#2;0.0;766.0;3451;94.0;764.69;129.0;619.0;24687.0
BUCHMEIER,HERMIT,LEEDS,LEIPZIG;Song;;;;;;;2470.0;799;1910.0;38.84;8420.0;2249.0;4766.0
BUCHMEIER,HERMIT,LEIPZIG;Songs;;;;;;;5926.0;259;;;5815.0;6279.0;1293.0
A1,LEIPZIG;Sonnabend;der;;Substantiv;mask.;https://www.dwds.de/wb/Sonnabend;0.0;;;;;4849.0;;
A1,BUCHMEIER,BW1,FEHLER300,HERMIT,LEEDS,LEIPZIG,LEO739,NRW422;Sonne;die;sonnig;Substantiv;fem.;https://www.dwds.de/wb/Sonne;0.0;1368.0;1634;1123.0;67.91;1709.0;1218.0;10157.0
BUCHMEIER,HERMIT;Sonnenaufgang;;;;;;;7757.0;180;;;;6206.0;1319.0
BUCHMEIER,HERMIT;Sonnenschein;;;;;;;7402.0;192;;;;7010.0;1116.0
BUCHMEIER,HERMIT;Sonnenuntergang;;;;;;;5538.0;281;;;;5602.0;1486.0
A2,LEO739;sonnig;;;Adjektiv;;https://www.dwds.de/wb/sonnig;0.0;;;;;;;
A1,BUCHMEIER,BW1,HERMIT,LEEDS,LEIPZIG,LEO739,NRW422;Sonntag;der;;Substantiv;mask.;https://www.dwds.de/wb/Sonntag;0.0;2993.0;636;908.0;83.19;356.0;2267.0;4733.0
HERMIT,LEIPZIG;sonntags;;;;;;;;;;;6940.0;9666.0;733.0
BUCHMEIER,HERMIT;Sonny;;;;;;;7219.0;199;;;;4632.0;1908.0
A2,BUCHMEIER,HERMIT,LEEDS,LEIPZIG;sonst;;;Adverb;;https://www.dwds.de/wb/sonst;0.0;444.0;6720;451.0;159.18;632.0;294.0;60478.0
BUCHMEIER,HERMIT;Sophie;;;;;;;5335.0;296;;;;3265.0;2973.0
BUCHMEIER,HERMIT;Sorg;;;;;;;8426.0;161;;;;6969.0;1124.0
B1,BUCHMEIER,HERMIT,LEEDS,LEIPZIG;Sorge;die;;Substantiv;fem.;https://www.dwds.de/wb/Sorge;0.0;722.0;3801;1212.0;62.38;2312.0;582.0;26812.0
B1,BUCHMEIER,HERMIT,LEEDS,LEIPZIG;sorgen;;;Verb;;https://www.dwds.de/wb/sorgen;0.0;602.0;4838;637.0;114.88;1317.0;425.0;37844.0
BUCHMEIER,HERMIT,LEEDS,LEIPZIG;sorgfältig;;;;;;;8248.0;166;2727.0;25.69;5541.0;7334.0;1058.0
BUCHMEIER,HERMIT;sorgst;;;;;;;8320.0;164;;;;7249.0;1072.0
BUCHMEIER,HERMIT,LEIPZIG;sorgt;;;;;;;4649.0;357;;;2336.0;3402.0;2831.0
BUCHMEIER,HERMIT;Sorry;;;;;;;1692.0;1266;;;;1521.0;7812.0
BUCHMEIER,HERMIT;Sorte;;;;;;;5071.0;319;;;;5252.0;1611.0
BUCHMEIER,HERMIT,LEEDS,LEIPZIG;Sound;;;;;;;7103.0;203;4643.0;12.91;9362.0;9840.0;716.0
FEHLER200,FEHLER400;Souterrain;;;;;;;;;;;;;
BUCHMEIER,HERMIT;South;;;;;;;4545.0;367;;;;5561.0;1501.0
B1;Souvenir;das;;Substantiv;neutr.;https://www.dwds.de/wb/Souvenir;0.0;;;;;;;
B1,BUCHMEIER,HERMIT,LEEDS,LEIPZIG;soviel;;;Konjunktion;;https://www.dwds.de/wb/soviel#1;0.0;2432.0;814;2053.0;36.2;2020.0;2908.0;3425.0
BUCHMEIER,HERMIT,LEEDS;sowas;;;;;;;1278.0;1791;3218.0;20.84;;1591.0;7343.0
BUCHMEIER,FEHLER400,HERMIT,LEEDS,LEIPZIG;soweit;;;;;;;1812.0;1175;940.0;80.16;2587.0;1355.0;8928.0
BUCHMEIER,FEHLER400,HERMIT,LEEDS,LEIPZIG;sowie;;;;;;;5453.0;287;162.0;435.74;171.0;4409.0;2044.0
B1,BUCHMEIER,HERMIT,LEEDS,LEIPZIG;sowieso;;;Partikel;;https://www.dwds.de/wb/sowieso;0.0;1154.0;2032;2149.0;34.47;2820.0;1119.0;11215.0
LEEDS,LEIPZIG;Sowjetunion;;;;;;;;;2545.0;28.08;2008.0;;
B1,BUCHMEIER,HERMIT,LEEDS,LEIPZIG;sowohl;;;Konjunktion;;https://www.dwds.de/wb/sowohl;0.0;8870.0;151;461.0;156.21;820.0;5479.0;1529.0
B1,LEEDS,LEIPZIG;sozial;;;Adjektiv;;https://www.dwds.de/wb/sozial;0.0;;;236.0;289.64;4614.0;;
B1;Sozialarbeiter;der;;Substantiv;mask.;https://www.dwds.de/wb/Sozialarbeiter;0.0;;;;;;;
B1;Sozialarbeiterin;die;;Substantiv;fem.;https://www.dwds.de/wb/Sozialarbeiterin;0.0;;;;;;;
LEEDS,LEIPZIG;Sozialdemokrat;;;;;;;;;3752.0;17.08;9691.0;;
HERMIT,LEEDS,LEIPZIG;Soziale;;;;;;;;;2997.0;22.74;1369.0;9969.0;703.0
HERMIT,LEIPZIG;sozialen;;;;;;;;;;;1165.0;9126.0;790.0
LEEDS,LEIPZIG;Sozialhilfe;;;;;;;;;4334.0;14.11;3832.0;;
LEEDS,LEIPZIG;Sozialismus;;;;;;;;;2637.0;26.93;4806.0;;
BUCHMEIER,HERMIT,LEEDS,LEIPZIG;sozusagen;;;;;;;5243.0;304;2155.0;34.38;3965.0;4088.0;2235.0
B1,BUCHMEIER,HERMIT;Soße;die;;Substantiv;fem.;https://www.dwds.de/wb/So%C3%9Fe;0.0;9555.0;137;;;;7375.0;1051.0
FEHLER400,HERMIT;Spaghetti;;;;;;;;;;;;8648.0;848.0
FEHLER400;Spaghetto;;;;;;;;;;;;;
BUCHMEIER,HERMIT,LEEDS,LEIPZIG;Spanien;;;;;;;5881.0;261;2090.0;35.59;1427.0;3774.0;2473.0
HERMIT,LEIPZIG;Spanier;;;;;;;;;;;5210.0;9210.0;780.0
BUCHMEIER,HERMIT,LEEDS;Spanisch;;;;;;;4496.0;372;2702.0;26.02;;3755.0;2484.0
A2,BUCHMEIER,HERMIT,LEEDS,LEIPZIG;spannend;;;partizipiales Adjektiv;;https://www.dwds.de/wb/spannend;0.0;7218.0;199;2275.0;32.26;6516.0;5865.0;1410.0
BUCHMEIER,HERMIT;Spannende;;;;;;;2912.0;660;;;;2004.0;5470.0
BUCHMEIER,HERMIT,LEEDS,LEIPZIG;Spannung;;;;;;;5599.0;277;2048.0;36.26;3031.0;6609.0;1211.0
BUCHMEIER,HERMIT;Spar;;;;;;;9238.0;143;;;;5979.0;1378.0
A2,BUCHMEIER,BW1,HERMIT,LEEDS,LEIPZIG;sparen;;du sparst;Verb;;https://www.dwds.de/wb/sparen;0.0;4157.0;414;1967.0;37.58;2745.0;3137.0;3111.0
B1;sparsam;;;Adjektiv;;https://www.dwds.de/wb/sparsam;0.0;;;;;;;
A2,BUCHMEIER,HERMIT;Spass;der;;Substantiv;mask.;https://www.dwds.de/wb/Spass;0.0;3580.0;502;;;;8361.0;889.0
BW1;Spaten;der;;Substantiv;;;;;;;;;;
BW3;Spatz;der;;Substantiv;;;;;;;;;;
A2,BUCHMEIER,FEHLER100,FEHLER200,FEHLER300,FEHLER400,HERMIT;spazieren;;;Verb;;https://www.dwds.de/wb/spazieren;0.0;3542.0;512;;;;2702.0;3797.0
A2,BUCHMEIER,HERMIT;Spaziergang;der;;Substantiv;mask.;https://www.dwds.de/wb/Spaziergang;0.0;5825.0;264;;;;4801.0;1824.0
A2,BUCHMEIER,FEHLER100,FEHLER300,HERMIT,LEEDS,LEIPZIG,LEO739,NRW422;Spaß;der;;Substantiv;mask.;https://www.dwds.de/wb/Spa%C3%9F;0.0;588.0;4995;1130.0;67.01;1745.0;517.0;31361.0
LEEDS,LEIPZIG;SPD;;;;;;;;;775.0;96.69;202.0;;
BUCHMEIER,HERMIT;Special;;;;;;;5824.0;264;;;;4648.0;1902.0
BUCHMEIER,HERMIT;Speck;;;;;;;8064.0;171;;;;6288.0;1292.0
BUCHMEIER,HERMIT;Speed;;;;;;;8319.0;164;;;;8626.0;851.0
B1;Speise;die;;Substantiv;fem.;https://www.dwds.de/wb/Speise#1;0.0;;;;;;;
A1;Speisekarte;die;;Substantiv;fem.;https://www.dwds.de/wb/Speisekarte;0.0;;;;;;;
A1;Speisenkarte;die;;Substantiv;fem.;https://www.dwds.de/wb/Speisenkarte;0.0;;;;;;;
B1;Speisewagen;der;;Substantiv;mask.;https://www.dwds.de/wb/Speisewagen;0.0;;;;;;;
LEEDS,LEIPZIG;Spektrum;;;;;;;;;3614.0;17.98;6655.0;;
LEEDS,LEIPZIG;Spekulation;;;;;;;;;4710.0;12.67;9906.0;;
BUCHMEIER,HERMIT;Spencer;;;;;;;9438.0;139;;;;4554.0;1949.0
HERMIT,LEEDS;Spende;;;;;;;;;3679.0;17.53;;7770.0;980.0
BUCHMEIER,HERMIT,LEEDS,LEIPZIG;spenden;;;;;;;9713.0;134;4877.0;12.01;3816.0;4982.0;1729.0
BUCHMEIER,HERMIT,LEEDS;sperren;;;;;;;8869.0;151;3637.0;17.8;;5723.0;1450.0
B1,LEEDS;Spezialist;der;;Substantiv;mask.;https://www.dwds.de/wb/Spezialist;0.0;;;4743.0;12.54;;;
B1;Spezialistin;die;;Substantiv;fem.;https://www.dwds.de/wb/Spezialistin;0.0;;;;;;;
B1,BUCHMEIER,HERMIT,LEEDS,LEIPZIG;speziell;;;Adjektiv;;https://www.dwds.de/wb/speziell;0.0;9100.0;146;734.0;101.46;3571.0;6819.0;1159.0
BUCHMEIER,HERMIT,LEIPZIG;spezielle;;;;;;;6595.0;224;;;3729.0;6789.0;1165.0
BUCHMEIER,HERMIT,LEIPZIG;speziellen;;;;;;;8784.0;153;;;4101.0;7841.0;968.0
BUCHMEIER,HERMIT;Spezies;;;;;;;5983.0;256;;;;4966.0;1735.0
B1,BUCHMEIER,BW1,HERMIT,LEEDS,LEIPZIG,LEO739,NRW422;Spiegel;der;;Substantiv;mask.;https://www.dwds.de/wb/Spiegel;0.0;2838.0;675;2088.0;35.63;2534.0;2502.0;4172.0
A2,BUCHMEIER,BW1,HERMIT,LEEDS,LEIPZIG;Spiel;das;spielen, du spielst;Substantiv;neutr.;https://www.dwds.de/wb/Spiel;0.0;566.0;5257;380.0;187.44;512.0;538.0;30057.0
BUCHMEIER,HERMIT;Spielchen;;;;;;;4093.0;424;;;;3638.0;2590.0
BUCHMEIER,HERMIT,LEIPZIG;spiele;;;;;;;2288.0;877;;;2214.0;1555.0;7587.0
A1,BUCHMEIER,FEHLER100,HERMIT,LEEDS,LEIPZIG,LEO739,NRW422;spielen;;;Verb;;https://www.dwds.de/wb/spielen;0.0;532.0;5610;230.0;297.78;550.0;456.0;35600.0
B1,BUCHMEIER,HERMIT,LEEDS,LEIPZIG;Spieler;der;;Substantiv;mask.;https://www.dwds.de/wb/Spieler;0.0;3409.0;537;1202.0;62.79;814.0;3293.0;2945.0
B1;Spielerin;die;;Substantiv;fem.;https://www.dwds.de/wb/Spielerin;0.0;;;;;;;
B1;Spielplatz;der;;Substantiv;mask.;https://www.dwds.de/wb/Spielplatz;0.0;;;;;;;
BUCHMEIER,HERMIT;spielst;;;;;;;2692.0;723;;;;2242.0;4782.0
BUCHMEIER,FEHLER300,HERMIT,LEIPZIG;spielt;;;;;;;840.0;3020;;;663.0;745.0;18526.0
BUCHMEIER,HERMIT,LEIPZIG;spielte;;;;;;;2821.0;681;;;1767.0;2881.0;3475.0
BUCHMEIER,HERMIT,LEIPZIG;spielten;;;;;;;6298.0;238;;;4398.0;5900.0;1399.0
B1,BUCHMEIER,HERMIT;Spielzeug;das;;Substantiv;neutr.;https://www.dwds.de/wb/Spielzeug;0.0;4618.0;360;;;;4011.0;2287.0
BUCHMEIER,HERMIT;Spike;;;;;;;3422.0;535;;;;6939.0;1130.0
BUCHMEIER,BW1,HERMIT,LEO739,NRW422;Spinne;die;;Substantiv;;;;8868.0;151;;;;6578.0;1219.0
BUCHMEIER,HERMIT;Spinnen;;;;;;;9190.0;144;;;;6597.0;1214.0
BUCHMEIER,HERMIT;Spinner;;;;;;;3733.0;473;;;;4741.0;1854.0
BUCHMEIER,HERMIT;Spinnst;;;;;;;4804.0;343;;;;2848.0;3511.0
BUCHMEIER,HERMIT;spinnt;;;;;;;7191.0;200;;;;6325.0;1281.0
BUCHMEIER,HERMIT;Spion;;;;;;;4214.0;406;;;;3797.0;2455.0
BUCHMEIER,HERMIT;Spione;;;;;;;7816.0;178;;;;7002.0;1117.0
B1,LEEDS;spitz;;;Adjektiv;;https://www.dwds.de/wb/spitz;0.0;;;1972.0;37.53;;;
BUCHMEIER,BW1,HERMIT,LEIPZIG;Spitze;die;spitz;Substantiv;;;;3491.0;523;;;1179.0;2588.0;4009.0
BUCHMEIER,HERMIT;Spitzel;;;;;;;8501.0;159;;;;8535.0;864.0
BUCHMEIER,HERMIT,LEEDS,LEIPZIG;spontan;;;;;;;9293.0;142;2842.0;24.39;6996.0;8525.0;866.0
A1,BUCHMEIER,HERMIT,LEEDS,LEIPZIG,LEO739,NRW422;Sport;der;;Substantiv;mask.;https://www.dwds.de/wb/Sport;0.0;3966.0;440;1895.0;39.15;1468.0;3251.0;2987.0
B1;Sportart;die;;Substantiv;fem.;https://www.dwds.de/wb/Sportart;0.0;;;;;;;
B1,LEIPZIG;Sportler;der;;Substantiv;mask.;https://www.dwds.de/wb/Sportler;0.0;;;;;4589.0;;
B1;Sportlerin;die;;Substantiv;fem.;https://www.dwds.de/wb/Sportlerin;0.0;;;;;;;
A2,BW3,LEEDS,LEIPZIG;sportlich;;Sport;Adjektiv;;https://www.dwds.de/wb/sportlich;0.0;;;4012.0;15.69;9024.0;;
A2;Sportplatz;der;;Substantiv;mask.;https://www.dwds.de/wb/Sportplatz;0.0;;;;;;;
BUCHMEIER,HERMIT,LEIPZIG;sprach;;;;;;;1865.0;1138;;;779.0;1546.0;7653.0
A1,BUCHMEIER,BW3,HERMIT,LEEDS,LEIPZIG;Sprache;die;;Substantiv;fem.;https://www.dwds.de/wb/Sprache;0.0;2310.0;871;405.0;179.85;750.0;1979.0;5579.0
BUCHMEIER,HERMIT,LEIPZIG;sprachen;;;;;;;3481.0;525;;;3552.0;2443.0;4305.0
BUCHMEIER,HERMIT,LEIPZIG;sprang;;;;;;;6594.0;224;;;7364.0;6156.0;1331.0
BUCHMEIER,HERMIT,LEIPZIG;spreche;;;;;;;1807.0;1181;;;8428.0;1626.0;7178.0
A1,BUCHMEIER,BW3,HERMIT,LEEDS,LEIPZIG;sprechen;;du sprichst, ich sprach;Verb;;https://www.dwds.de/wb/sprechen;0.0;376.0;7854;165.0;413.35;843.0;318.0;53232.0
BUCHMEIER,HERMIT,LEEDS,LEIPZIG;Sprecher;;;;;;;9052.0;147;1917.0;38.78;564.0;7948.0;950.0
A2;Sprechstunde;die;;Substantiv;fem.;https://www.dwds.de/wb/Sprechstunde;0.0;;;;;;;
BUCHMEIER,HERMIT;sprecht;;;;;;;9352.0;141;;;;5692.0;1460.0
BUCHMEIER,HERMIT;sprengen;;;;;;;5907.0;260;;;;5206.0;1629.0
BUCHMEIER,HERMIT,LEIPZIG;Sprengstoff;;;;;;;6903.0;210;;;9800.0;6315.0;1283.0
BUCHMEIER,HERMIT,LEIPZIG;Sprich;;;;;;;2517.0;783;;;8629.0;1821.0;6192.0
BUCHMEIER,HERMIT;sprichst;;;;;;;2044.0;1019;;;;1799.0;6271.0
BUCHMEIER,HERMIT,LEIPZIG;spricht;;;;;;;881.0;2841;;;672.0;705.0;20030.0
BUCHMEIER,HERMIT;Spring;;;;;;;5052.0;321;;;;3460.0;2758.0
BUCHMEIER,HERMIT;springe;;;;;;;8731.0;154;;;;9163.0;786.0
B1,BUCHMEIER,BW3,HERMIT,LEEDS,LEIPZIG,LEO739,NRW422;springen;;du springst, ich sprang, Sprung;Verb;;https://www.dwds.de/wb/springen;0.0;2542.0;776;1760.0;42.51;5542.0;2412.0;4381.0
BUCHMEIER,HERMIT,LEIPZIG;springt;;;;;;;3945.0;443;;;7156.0;3575.0;2646.0
B1,BUCHMEIER,HERMIT;Spritze;die;;Substantiv;fem.;https://www.dwds.de/wb/Spritze;0.0;5925.0;259;;;;5484.0;1526.0
BW3,HERMIT,LEO739,NRW422;spritzen;;du spritzt, ich spritzte, Spritze;;;;;;;;;;7703.0;991.0
BUCHMEIER,HERMIT,LEEDS,LEIPZIG;Spruch;;;;;;;5846.0;263;3743.0;17.11;7630.0;4960.0;1738.0
BUCHMEIER,HERMIT,LEEDS,LEIPZIG;Sprung;;;;;;;4065.0;427;3647.0;17.73;3387.0;4774.0;1839.0
B1,BUCHMEIER,HERMIT,LEEDS,LEIPZIG;Spur;die;;Substantiv;fem.;https://www.dwds.de/wb/Spur;0.0;1615.0;1339;1585.0;47.62;2343.0;1423.0;8508.0
BUCHMEIER,HERMIT,LEIPZIG;Spuren;;;;;;;2962.0;645;;;2521.0;2104.0;5124.0
A1,BUCHMEIER,BW3,FEHLER300,HERMIT,LEEDS,LEIPZIG,LEO739,NRW422;spät;;später;Adjektiv;;https://www.dwds.de/wb/sp%C3%A4t;0.0;520.0;5683;170.0;400.33;2074.0;437.0;36834.0
A1,BUCHMEIER,HERMIT,LEIPZIG;später;;;Adjektiv;;https://www.dwds.de/wb/sp%C3%A4ter;0.0;417.0;7096;;;282.0;379.0;44320.0
B1,LEEDS,LEIPZIG;spätestens;;;Adverb;;https://www.dwds.de/wb/sp%C3%A4testens;0.0;;;2021.0;36.67;2332.0;;
B1,BW1,FEHLER200,FEHLER400;spülen;;du spülst;Verb;;https://www.dwds.de/wb/sp%C3%BClen;0.0;;;;;;;
LEEDS,LEIPZIG;spürbar;;;;;;;;;4544.0;13.31;5095.0;;
BUCHMEIER,HERMIT;spüre;;;;;;;3386.0;542;;;;2734.0;3731.0
B1,BUCHMEIER,HERMIT,LEEDS,LEIPZIG;spüren;;;Verb;;https://www.dwds.de/wb/sp%C3%BCren;0.0;2850.0;672;1416.0;53.53;2658.0;2301.0;4652.0
BUCHMEIER,HERMIT,LEIPZIG;spürt;;;;;;;6728.0;218;;;6360.0;6065.0;1354.0
BUCHMEIER,HERMIT;spürte;;;;;;;8545.0;158;;;;6285.0;1292.0
A1,BUCHMEIER;st;;;Symbol;;https://www.dwds.de/wb/st#2;0.0;2723.0;714;;;;;
BUCHMEIER,HERMIT,LEEDS,LEIPZIG;Staat;;;;;;;3126.0;602;219.0;314.4;600.0;2779.0;3642.0
BUCHMEIER,HERMIT,LEIPZIG;Staaten;;;;;;;2406.0;825;;;913.0;2541.0;4114.0
HERMIT,LEIPZIG;Staates;;;;;;;;;;;2532.0;9341.0;766.0
LEEDS,LEIPZIG;staatlich;;;;;;;;;660.0;111.14;7160.0;;
BUCHMEIER,HERMIT,LEIPZIG;Staatsanwalt;;;;;;;5720.0;270;;;3611.0;3198.0;3038.0
BUCHMEIER,HERMIT,LEEDS,LEIPZIG;Staatsanwaltschaft;;;;;;;9877.0;131;2889.0;23.9;1010.0;6806.0;1162.0
BUCHMEIER,HERMIT;Stab;;;;;;;6926.0;209;;;;7166.0;1088.0
BUCHMEIER,HERMIT,LEEDS,LEIPZIG;stabil;;;;;;;6342.0;236;2435.0;29.86;5107.0;4688.0;1882.0
LEEDS,LEIPZIG;Stabilität;;;;;;;;;3420.0;19.34;3833.0;;
B1,BUCHMEIER,HERMIT,LEEDS,LEIPZIG;Stadion;das;;Substantiv;neutr.;https://www.dwds.de/wb/Stadion;0.0;9927.0;130;4539.0;13.32;3802.0;9558.0;744.0
A1,BUCHMEIER,BW3,HERMIT,LEEDS,LEIPZIG,LEO739,NRW422;Stadt;die;Städte;Substantiv;fem.;https://www.dwds.de/wb/Stadt;0.0;389.0;7630;216.0;318.53;161.0;369.0;45812.0
A2;Stadtplan;der;;Substantiv;mask.;https://www.dwds.de/wb/Stadtplan;0.0;;;;;;;
BUCHMEIER,HERMIT,LEEDS,LEIPZIG;Stadtrat;;;;;;;6819.0;214;4695.0;12.73;2551.0;7138.0;1094.0
LEEDS,LEIPZIG;Stadtteil;;;;;;;;;3845.0;16.55;2747.0;;
BUCHMEIER,HERMIT,LEEDS;Staffel;;;;;;;2764.0;699;4888.0;11.99;;4504.0;1977.0
BUCHMEIER,HERMIT,LEIPZIG;Stahl;;;;;;;6447.0;231;;;5060.0;3353.0;2873.0
FEHLER400;Stakeholder;;;;;;;;;;;;;
LEEDS,LEIPZIG;Stalin;;;;;;;;;3221.0;20.83;9091.0;;
BUCHMEIER,HERMIT;Stall;;;;;;;9099.0;146;;;;5829.0;1422.0
BUCHMEIER,HERMIT,LEEDS,LEIPZIG;Stamm;;;;;;;5845.0;263;3559.0;18.35;7847.0;5808.0;1427.0
B1,BUCHMEIER,HERMIT,LEEDS,LEIPZIG;stammen;;;Verb;;https://www.dwds.de/wb/stammen;0.0;5880.0;261;1107.0;68.76;2352.0;4511.0;1972.0
BUCHMEIER,HERMIT,LEIPZIG;stammt;;;;;;;2907.0;661;;;2026.0;2736.0;3728.0
BUCHMEIER,HERMIT;Stan;;;;;;;4429.0;379;;;;3577.0;2644.0
BUCHMEIER,FEHLER300,HERMIT,LEEDS,LEIPZIG;stand;;;;;;;1188.0;1943;1022.0;74.26;633.0;842.0;15933.0
FEHLER200,FEHLER400,LEEDS,LEIPZIG;Standard;;;;;;;;;1666.0;44.9;3665.0;;
BUCHMEIER,HERMIT,LEIPZIG;standen;;;;;;;4178.0;411;;;1540.0;3052.0;3236.0
BUCHMEIER,HERMIT,LEEDS,LEIPZIG;Standort;;;;;;;6949.0;208;1890.0;39.45;2099.0;6416.0;1258.0
B1,BUCHMEIER,HERMIT,LEEDS,LEIPZIG;Standpunkt;der;;Substantiv;mask.;https://www.dwds.de/wb/Standpunkt;0.0;7559.0;186;2349.0;31.05;7315.0;7074.0;1105.0
BUCHMEIER,HERMIT;Stange;;;;;;;8280.0;165;;;;8099.0;926.0
BUCHMEIER,HERMIT;Stanley;;;;;;;3463.0;528;;;;3891.0;2385.0
FEHLER400;Stanniol;;;;;;;;;;;;;
A2,BUCHMEIER,HERMIT,LEEDS,LEIPZIG;Star;der;;Substantiv;mask.;https://www.dwds.de/wb/Star#3;0.0;2550.0;773;2468.0;29.15;3734.0;2188.0;4912.0
BUCHMEIER,HERMIT,LEIPZIG;starb;;;;;;;1105.0;2137;;;2130.0;963.0;13560.0
BUCHMEIER,HERMIT,LEIPZIG;starben;;;;;;;3905.0;449;;;5111.0;3692.0;2543.0
BUCHMEIER,HERMIT;Starbuck;;;;;;;5348.0;295;;;;8614.0;852.0
BUCHMEIER,HERMIT;Stargate;;;;;;;6925.0;209;;;;7743.0;985.0
A2,BUCHMEIER,BW3,HERMIT,LEEDS,LEIPZIG;stark;;Stärke;Adjektiv;;https://www.dwds.de/wb/stark;0.0;960.0;2582;172.0;393.31;497.0;828.0;16208.0
BUCHMEIER,HERMIT,LEIPZIG;starke;;;;;;;3541.0;512;;;1534.0;3011.0;3294.0
BUCHMEIER,HERMIT,LEIPZIG;starken;;;;;;;5112.0;315;;;1543.0;4502.0;1980.0
BUCHMEIER,HERMIT,LEIPZIG;starker;;;;;;;8247.0;166;;;6173.0;6460.0;1246.0
BUCHMEIER,HERMIT,LEIPZIG;starkes;;;;;;;9437.0;139;;;9098.0;7692.0;993.0
BUCHMEIER,HERMIT,LEEDS;starren;;;;;;;6902.0;210;4874.0;12.02;;6585.0;1217.0
BUCHMEIER,HERMIT,LEIPZIG;Stars;;;;;;;7898.0;176;;;3629.0;5880.0;1404.0
B1,BUCHMEIER,HERMIT,LEEDS,LEIPZIG;Start;der;;Substantiv;mask.;https://www.dwds.de/wb/Start;0.0;3888.0;452;1818.0;40.96;1398.0;3333.0;2902.0
B1,BUCHMEIER,HERMIT,LEEDS,LEIPZIG;starten;;;Verb;;https://www.dwds.de/wb/starten;0.0;2842.0;674;1055.0;71.91;2425.0;2640.0;3904.0
BUCHMEIER,HERMIT,LEIPZIG;startet;;;;;;;7682.0;182;;;3687.0;5361.0;1572.0
BUCHMEIER,HERMIT;startklar;;;;;;;10000.0;129;;;;9599.0;740.0
BUCHMEIER,HERMIT;State;;;;;;;7681.0;182;;;;6623.0;1207.0
B1,BUCHMEIER,HERMIT,LEEDS,LEIPZIG;Station;die;;Substantiv;fem.;https://www.dwds.de/wb/Station;0.0;3199.0;584;2558.0;27.9;4223.0;2542.0;4113.0
B1,LEEDS,LEIPZIG;Statistik;die;;Substantiv;fem.;https://www.dwds.de/wb/Statistik;0.0;;;2774.0;25.12;3996.0;;
B1,LEEDS;statistisch;;;Adjektiv;;https://www.dwds.de/wb/statistisch;0.0;;;3537.0;18.52;;;
B1,BUCHMEIER,HERMIT,LEEDS,LEIPZIG;statt;;;Präposition;;https://www.dwds.de/wb/statt#2;0.0;1797.0;1190;318.0;223.58;343.0;1380.0;8774.0
BUCHMEIER,FEHLER200,FEHLER400,HERMIT,LEEDS,LEIPZIG;stattdessen;;;;;;;5319.0;297;4184.0;14.86;9424.0;2910.0;3421.0
A2,BUCHMEIER,HERMIT,LEEDS,LEIPZIG;stattfinden;;;Verb;;https://www.dwds.de/wb/stattfinden;0.0;6163.0;245;974.0;77.32;2123.0;5858.0;1412.0
BUCHMEIER,HERMIT,LEIPZIG;stattfindet;;;;;;;9926.0;130;;;4839.0;9246.0;777.0
BUCHMEIER,HERMIT;Statue;;;;;;;6520.0;228;;;;6705.0;1185.0
BUCHMEIER,HERMIT,LEEDS,LEIPZIG;Status;;;;;;;6542.0;227;2055.0;36.18;2207.0;5753.0;1440.0
B1,LEIPZIG;Stau;der;;Substantiv;mask.;https://www.dwds.de/wb/Stau;0.0;;;;;8407.0;;
B1,BUCHMEIER,HERMIT,LEEDS,LEIPZIG;Staub;der;;Substantiv;mask.;https://www.dwds.de/wb/Staub;0.0;3953.0;442;4797.0;12.3;6459.0;3264.0;2973.0
B1;staubsaugen;;;Verb;;https://www.dwds.de/wb/staubsaugen;0.0;;;;;;;
BW1;staunen;;du staunst;;;;;;;;;;;
BUCHMEIER,HERMIT;Steak;;;;;;;6065.0;251;;;;5482.0;1528.0
B1,BUCHMEIER,HERMIT;stechen;;;Verb;;https://www.dwds.de/wb/stechen;0.0;9144.0;145;;;;7263.0;1070.0
BUCHMEIER,HERMIT;Steck;;;;;;;6240.0;241;;;;3603.0;2618.0
B1;Steckdose;die;;Substantiv;fem.;https://www.dwds.de/wb/Steckdose;0.0;;;;;;;
BUCHMEIER,HERMIT;stecke;;;;;;;4507.0;371;;;;3893.0;2384.0
B1,BUCHMEIER,FEHLER300,HERMIT,LEEDS,LEIPZIG;stecken;;;Verb;;https://www.dwds.de/wb/stecken#1;0.0;1542.0;1412;970.0;77.65;3418.0;1284.0;9516.0
B1,BUCHMEIER;Stecker;der;;Substantiv;mask.;https://www.dwds.de/wb/Stecker;0.0;9237.0;143;;;;;
BUCHMEIER,HERMIT;steckst;;;;;;;3480.0;525;;;;3001.0;3309.0
BUCHMEIER,HERMIT,LEIPZIG;steckt;;;;;;;1230.0;1873;;;2247.0;1055.0;11978.0
BUCHMEIER,HERMIT,LEIPZIG;steckte;;;;;;;5576.0;279;;;9745.0;4897.0;1768.0
HERMIT,LEEDS,LEIPZIG;Stefan;;;;;;;;;2137.0;34.71;2955.0;2830.0;3543.0
FEHLER400;Stegreif;;;;;;;;;;;;;
BUCHMEIER,HERMIT;Steh;;;;;;;1700.0;1257;;;;1138.0;10978.0
BUCHMEIER,HERMIT,LEIPZIG;stehe;;;;;;;1890.0;1124;;;1680.0;1467.0;8191.0
A1,BUCHMEIER,BW3,FEHLER100,HERMIT,LEEDS,LEIPZIG,LEO739,NRW422;stehen;;du stehst, ich stand;Verb;;https://www.dwds.de/wb/stehen;0.0;521.0;5682;90.0;861.6;239.0;407.0;40469.0
B1,HERMIT;stehenbleiben;;;Verb;;https://www.dwds.de/wb/stehenbleiben;0.0;;;;;;7428.0;1040.0
B1,BUCHMEIER,BW3,HERMIT,LEEDS;stehlen;;du stiehlst, ich stahl;Verb;;https://www.dwds.de/wb/stehlen;0.0;2158.0;951;4070.0;15.33;;1937.0;5760.0
BUCHMEIER,HERMIT;stehst;;;;;;;2350.0;857;;;;1866.0;6021.0
BUCHMEIER,FEHLER300,HERMIT,LEIPZIG;steht;;;;;;;350.0;8478;;;182.0;293.0;60832.0
BUCHMEIER,HERMIT;steif;;;;;;;8318.0;164;;;;7710.0;990.0
BUCHMEIER,HERMIT;Steig;;;;;;;2270.0;885;;;;1736.0;6562.0
BUCHMEIER,HERMIT;steige;;;;;;;7815.0;178;;;;6450.0;1249.0
B1,BUCHMEIER,HERMIT,LEEDS,LEIPZIG,LEO739,NRW422;steigen;;;Verb;;https://www.dwds.de/wb/steigen;0.0;2901.0;662;497.0;145.88;1408.0;1854.0;6057.0
LEEDS,LEIPZIG;steigern;;;;;;;;;1990.0;37.21;3264.0;;
LEEDS,LEIPZIG;Steigerung;;;;;;;;;3355.0;19.79;3140.0;;
BUCHMEIER,HERMIT,LEIPZIG;steigt;;;;;;;2980.0;640;;;1961.0;2425.0;4354.0
B1,LEEDS;steil;;;Adjektiv;;https://www.dwds.de/wb/steil;0.0;;;4105.0;15.17;;;
B1,BUCHMEIER,BW1,HERMIT,LEEDS,LEIPZIG,LEO739,NRW422;Stein;der;;Substantiv;mask.;https://www.dwds.de/wb/Stein;0.0;1906.0;1108;1443.0;52.51;3103.0;1795.0;6301.0
BUCHMEIER,HERMIT,LEIPZIG;Steine;;;;;;;3732.0;473;;;5642.0;3441.0;2781.0
BUCHMEIER,LEIPZIG;Steinen;;;;;;;9659.0;135;;;9720.0;;
FEHLER200,FEHLER400;Stele;;;;;;;;;;;;;
BUCHMEIER,HERMIT;Stell;;;;;;;1668.0;1288;;;;1124.0;11179.0
A1,BUCHMEIER,FEHLER300,HERMIT,LEEDS,LEIPZIG;Stelle;die;;Substantiv;fem.;https://www.dwds.de/wb/Stelle;0.0;990.0;2456;323.0;219.66;692.0;701.0;20224.0
A1,BUCHMEIER,BW3,FEHLER100,HERMIT,LEEDS,LEIPZIG,LEO739,NRW422;stellen;;du stellst;Verb;;https://www.dwds.de/wb/stellen;0.0;801.0;3233;107.0;644.75;480.0;580.0;26821.0
LEEDS,LEIPZIG;Stellenwert;;;;;;;;;4481.0;13.56;7631.0;;
BUCHMEIER,HERMIT;stellst;;;;;;;4124.0;418;;;;3540.0;2674.0
BUCHMEIER,FEHLER300,HERMIT,LEIPZIG;stellt;;;;;;;1938.0;1084;;;444.0;1312.0;9325.0
BUCHMEIER,HERMIT,LEIPZIG;stellte;;;;;;;2811.0;685;;;765.0;2479.0;4221.0
BUCHMEIER,HERMIT,LEIPZIG;stellten;;;;;;;7444.0;190;;;2439.0;7820.0;972.0
BUCHMEIER,HERMIT,LEEDS,LEIPZIG;Stellung;;;;;;;3770.0;466;1427.0;53.07;2105.0;3428.0;2793.0
LEEDS,LEIPZIG;Stellungnahme;;;;;;;;;2279.0;32.18;3095.0;;
B1,BW1;Stempel;der;;Substantiv;mask.;https://www.dwds.de/wb/Stempel;0.0;;;;;;;
LEEDS,LEIPZIG;Stephan;;;;;;;;;4598.0;13.13;6982.0;;
BUCHMEIER,HERMIT;Stephen;;;;;;;6369.0;235;;;;4427.0;2033.0
BUCHMEIER,HERMIT;sterbe;;;;;;;2213.0;921;;;;2175.0;4948.0
A2,BUCHMEIER,HERMIT,LEEDS,LEIPZIG;sterben;;;Verb;;https://www.dwds.de/wb/sterben;0.0;391.0;7619;622.0;117.12;3213.0;408.0;40334.0
B1,BUCHMEIER,BW1,HERMIT,LEEDS,LEIPZIG,LEO739,NRW422;Stern;der;;Substantiv;mask.;https://www.dwds.de/wb/Stern;0.0;3443.0;532;1746.0;42.85;3525.0;3187.0;3049.0
BUCHMEIER,HERMIT,LEIPZIG;Sterne;;;;;;;3234.0;576;;;6193.0;2906.0;3433.0
BUCHMEIER,HERMIT,LEIPZIG;Sternen;;;;;;;7927.0;175;;;8477.0;6735.0;1178.0
LEEDS,LEIPZIG;stetig;;;;;;;;;3950.0;16.0;7236.0;;
BUCHMEIER,HERMIT,LEEDS,LEIPZIG;stets;;;;;;;4185.0;410;833.0;90.34;909.0;3113.0;3145.0
B1,BUCHMEIER,HERMIT,LEEDS,LEIPZIG;Steuer;die;;Substantiv;fem.;https://www.dwds.de/wb/Steuer#2;0.0;5162.0;311;1763.0;42.47;3677.0;4051.0;2257.0
BUCHMEIER,HERMIT,LEEDS,LEIPZIG;Steuern;;;;;;;4470.0;375;2680.0;26.34;2012.0;3296.0;2942.0
LEEDS,LEIPZIG;Steuerung;;;;;;;;;4684.0;12.76;7204.0;;
BUCHMEIER,HERMIT;Steve;;;;;;;1781.0;1198;;;;1709.0;6726.0
BUCHMEIER,HERMIT;Steven;;;;;;;5202.0;307;;;;4431.0;2031.0
BUCHMEIER,HERMIT;Stevens;;;;;;;6082.0;250;;;;6455.0;1247.0
B1;Steward;der;;Substantiv;mask.;https://www.dwds.de/wb/Steward;0.0;;;;;;;
B1;Stewardess;die;;Substantiv;fem.;https://www.dwds.de/wb/Stewardess;0.0;;;;;;;
BUCHMEIER,HERMIT,LEIPZIG;Stich;;;;;;;2748.0;704;;;4116.0;2304.0;4650.0
LEEDS,LEIPZIG;Stichwort;;;;;;;;;3045.0;22.44;5879.0;;
A2,BUCHMEIER,BW1,HERMIT,LEO739;Stiefel;der;;Substantiv;mask.;https://www.dwds.de/wb/Stiefel;0.0;4960.0;329;;;;4004.0;2294.0
BUCHMEIER,HERMIT,LEIPZIG;stieg;;;;;;;6727.0;218;;;1116.0;5545.0;1506.0
B1;Stiege;die;;Substantiv;fem.;https://www.dwds.de/wb/Stiege#1;0.0;;;;;;;
B1;Stiegenhaus;das;;Substantiv;neutr.;https://www.dwds.de/wb/Stiegenhaus;0.0;;;;;;;
BUCHMEIER,HERMIT;stiehlt;;;;;;;9876.0;131;;;;7224.0;1078.0
HERMIT,LEIPZIG;stieß;;;;;;;;;;;4021.0;9079.0;795.0
A2,BUCHMEIER,BW1,HERMIT,LEO739;Stift;der;;Substantiv;mask.;https://www.dwds.de/wb/Stift#1;0.0;4260.0;400;;;;4164.0;2194.0
HERMIT,LEEDS,LEIPZIG;Stiftung;;;;;;;;;2248.0;32.62;2453.0;8033.0;937.0
B1,BUCHMEIER,HERMIT,LEEDS,LEIPZIG;Stil;der;;Substantiv;mask.;https://www.dwds.de/wb/Stil;0.0;3188.0;587;2041.0;36.4;1954.0;3129.0;3124.0
B1;stilistisch;;;Adjektiv;;https://www.dwds.de/wb/stilistisch;0.0;;;;;;;
B1,BUCHMEIER,BW3,FEHLER300,HERMIT,LEEDS,LEIPZIG;still;;;Adjektiv;;https://www.dwds.de/wb/still;0.0;998.0;2425;1621.0;46.31;4894.0;850.0;15835.0
BUCHMEIER,HERMIT,LEEDS,LEIPZIG;Stille;;;;;;;6426.0;232;3256.0;20.57;5986.0;3794.0;2459.0
HERMIT,LEIPZIG;stillen;;;;;;;;;;;7427.0;6739.0;1178.0
B1,BUCHMEIER,FEHLER300,HERMIT,LEEDS,LEIPZIG;Stimme;die;;Substantiv;fem.;https://www.dwds.de/wb/Stimme;0.0;1000.0;2413;517.0;141.18;1218.0;848.0;15843.0
B1,BUCHMEIER,BW3,HERMIT,LEEDS,LEIPZIG;stimmen;;es stimmt;Verb;;https://www.dwds.de/wb/stimmen;0.0;2714.0;717;718.0;103.85;927.0;1488.0;8028.0
BUCHMEIER,HERMIT,LEIPZIG;stimmt;;;;;;;483.0;6082;;;2289.0;280.0;63896.0
BUCHMEIER,HERMIT,LEIPZIG;stimmte;;;;;;;7648.0;183;;;4953.0;6480.0;1241.0
BUCHMEIER,HERMIT;stimmts;;;;;;;9236.0;143;;;;9632.0;737.0
B1,BUCHMEIER,HERMIT,LEEDS,LEIPZIG;Stimmung;die;;Substantiv;fem.;https://www.dwds.de/wb/Stimmung;0.0;3364.0;546;1684.0;44.41;1537.0;2913.0;3416.0
B1;stinken;;;Verb;;https://www.dwds.de/wb/stinken;0.0;;;;;;;
BUCHMEIER,HERMIT;stinkt;;;;;;;3587.0;500;;;;3049.0;3238.0
A2,BUCHMEIER,HERMIT;Stipendium;das;;Substantiv;neutr.;https://www.dwds.de/wb/Stipendium;0.0;9436.0;139;;;;7857.0;964.0
BUCHMEIER,HERMIT;Stirb;;;;;;;4213.0;406;;;;4653.0;1900.0
BUCHMEIER,HERMIT;stirbst;;;;;;;3675.0;485;;;;3636.0;2591.0
BUCHMEIER,HERMIT,LEIPZIG;stirbt;;;;;;;1287.0;1770;;;4944.0;1215.0;10218.0
BUCHMEIER,HERMIT,LEEDS,LEIPZIG;Stirn;;;;;;;5424.0;289;4324.0;14.17;7298.0;4919.0;1761.0
A1,BUCHMEIER,HERMIT,LEEDS,LEIPZIG;Stock;der;;Substantiv;mask.;https://www.dwds.de/wb/Stock#2;0.0;2307.0;872;3687.0;17.49;3503.0;2088.0;5178.0
A2;Stockwerk;das;;Substantiv;neutr.;https://www.dwds.de/wb/Stockwerk;0.0;;;;;;;
B1,BUCHMEIER,BW3,HERMIT,LEEDS,LEIPZIG;Stoff;der;;Substantiv;mask.;https://www.dwds.de/wb/Stoff;0.0;2900.0;662;1992.0;37.2;3055.0;2733.0;3736.0
LEEDS,LEIPZIG;Stoiber;;;;;;;;;4050.0;15.43;3942.0;;
B1,BUCHMEIER,HERMIT,LEEDS,LEIPZIG;stolz;;;Adjektiv;;https://www.dwds.de/wb/stolz;0.0;1137.0;2077;1940.0;38.44;2515.0;827.0;16247.0
BUCHMEIER,HERMIT;Stone;;;;;;;8730.0;154;;;;4078.0;2240.0
BUCHMEIER,HERMIT;Stop;;;;;;;2713.0;717;;;;3825.0;2438.0
BUCHMEIER,HERMIT;Stopp;;;;;;;2380.0;838;;;;1446.0;8367.0
B1,BUCHMEIER,HERMIT,LEEDS,LEIPZIG,LEO739;stoppen;;;Verb;;https://www.dwds.de/wb/stoppen;0.0;2375.0;841;2905.0;23.73;4092.0;2314.0;4626.0
LEO739;Stoppschild;das;;Substantiv;;;;;;;;;;
BUCHMEIER,HERMIT,LEEDS,LEIPZIG;Story;;;;;;;2232.0;908;3712.0;17.34;8956.0;2328.0;4583.0
BUCHMEIER,FEHLER300,HERMIT,LEEDS,LEIPZIG;stoßen;;;;;;;6839.0;213;1100.0;69.23;4819.0;4834.0;1802.0
FEHLER400;Stracciatella;;;;;;;;;;;;;
B1;strafbar;;;Adjektiv;;https://www.dwds.de/wb/strafbar;0.0;;;;;;;
B1,BUCHMEIER,BW3,HERMIT,LEEDS,LEIPZIG;Strafe;die;;Substantiv;fem.;https://www.dwds.de/wb/Strafe;0.0;2911.0;660;2316.0;31.53;3237.0;2519.0;4145.0
B1,BUCHMEIER,HERMIT;Strafzettel;der;;Substantiv;mask.;https://www.dwds.de/wb/Strafzettel;0.0;9189.0;144;;;;8475.0;872.0
BUCHMEIER,HERMIT,LEIPZIG;Strahlung;;;;;;;6541.0;227;;;8203.0;7092.0;1102.0
A2,BUCHMEIER,BW3,HERMIT,LEEDS,LEIPZIG;Strand;der;Strände;Substantiv;mask.;https://www.dwds.de/wb/Strand;0.0;1969.0;1068;3274.0;20.39;6382.0;1910.0;5873.0
FEHLER400;Strang;;;;;;;;;;;;;
BUCHMEIER,HERMIT;Strasse;;;;;;;5064.0;320;;;;8393.0;883.0
BUCHMEIER,HERMIT,LEEDS,LEIPZIG;Strategie;;;;;;;7302.0;196;1345.0;56.12;2333.0;5105.0;1671.0
A1,BUCHMEIER,BW3,FEHLER300,FEHLER400,HERMIT,LEEDS,LEIPZIG,LEO739,NRW422;Straße;die;;Substantiv;fem.;https://www.dwds.de/wb/Stra%C3%9Fe;0.0;892.0;2813;475.0;151.99;640.0;732.0;18963.0
BUCHMEIER,HERMIT,LEIPZIG;Straßen;;;;;;;2795.0;692;;;1258.0;2394.0;4429.0
A1,LEIPZIG;Straßenbahn;die;;Substantiv;fem.;https://www.dwds.de/wb/Stra%C3%9Fenbahn;0.0;;;;;9535.0;;
HERMIT,LEEDS;streben;;;;;;;;;3645.0;17.74;;9560.0;744.0
B1,BUCHMEIER,HERMIT,LEEDS,LEIPZIG;Strecke;die;;Substantiv;fem.;https://www.dwds.de/wb/Strecke;0.0;5070.0;319;1733.0;43.18;1939.0;4063.0;2249.0
LEEDS,LEIPZIG;strecken;;;;;;;;;4755.0;12.49;5499.0;;
BUCHMEIER,HERMIT;Street;;;;;;;3112.0;605;;;;2150.0;5006.0
BUCHMEIER,HERMIT;Streich;;;;;;;7755.0;180;;;;5787.0;1432.0
BW3;streicheln;;du streichelst;;;;;;;;;;;
BUCHMEIER,BW3,HERMIT,LEEDS,LEIPZIG;streichen;;du streichst, ich strich;;;;;4324.0;391;2574.0;27.77;5654.0;5160.0;1647.0
B1;Streichholz;das;;Substantiv;neutr.;https://www.dwds.de/wb/Streichholz;0.0;;;;;;;
BUCHMEIER,BW3,HERMIT,LEIPZIG;Streifen;der;;Substantiv;;;;6518.0;228;;;6722.0;6924.0;1133.0
B1,BUCHMEIER,HERMIT,LEEDS,LEIPZIG;Streik;der;;Substantiv;mask.;https://www.dwds.de/wb/Streik;0.0;8783.0;153;3465.0;19.0;3988.0;9563.0;743.0
B1;streiken;;;Verb;;https://www.dwds.de/wb/streiken;0.0;;;;;;;
B1,BUCHMEIER,HERMIT,LEEDS,LEIPZIG;Streit;der;;Substantiv;mask.;https://www.dwds.de/wb/Streit;0.0;2348.0;858;1723.0;43.54;805.0;1819.0;6196.0
A2,BUCHMEIER,BW3,HERMIT,LEEDS,LEIPZIG,LEO739,NRW422;streiten;;du streitest, ich stritt, Streit;Verb;;https://www.dwds.de/wb/streiten;0.0;3129.0;601;3156.0;21.44;4557.0;2185.0;4918.0
A2,BUCHMEIER,BW3,HERMIT,LEEDS,LEIPZIG;streng;;;Adjektiv;;https://www.dwds.de/wb/streng;0.0;3645.0;490;1611.0;46.69;3886.0;2669.0;3860.0
A2,BUCHMEIER,HERMIT;Stress;der;;Substantiv;mask.;https://www.dwds.de/wb/Stress;0.0;3535.0;515;;;;2905.0;3436.0
A2;stressig;;;Adjektiv;;https://www.dwds.de/wb/stressig;0.0;;;;;;;
LEEDS,LEIPZIG;Streß;;;;;;;;;3335.0;19.93;7821.0;;
HERMIT,LEIPZIG;Strich;;;;;;;;;;;5953.0;7164.0;1088.0
LEEDS,LEIPZIG;strikt;;;;;;;;;4052.0;15.4;5789.0;;
FEHLER400;stringent;;;;;;;;;;;;;
B1,BUCHMEIER,BW3,HERMIT,LEEDS,LEIPZIG;Strom;der;;Substantiv;mask.;https://www.dwds.de/wb/Strom;0.0;2735.0;710;1952.0;38.03;1980.0;2576.0;4034.0
FEHLER200,FEHLER400;Strophe;;;;;;;;;;;;;
BUCHMEIER,HERMIT,LEEDS,LEIPZIG;Struktur;;;;;;;8583.0;157;750.0;99.46;1984.0;8746.0;835.0
B1,LEO739;Strumpf;der;;Substantiv;mask.;https://www.dwds.de/wb/Strumpf;0.0;;;;;;;
BUCHMEIER,HERMIT;Stu;;;;;;;9188.0;144;;;;6728.0;1180.0
BUCHMEIER,HERMIT;Stuart;;;;;;;5743.0;269;;;;5478.0;1529.0
A1,BUCHMEIER,HERMIT,LEEDS,LEIPZIG;Student;der;;Substantiv;mask.;https://www.dwds.de/wb/Student;0.0;8681.0;155;966.0;78.41;5874.0;7517.0;1024.0
BUCHMEIER,HERMIT,LEIPZIG;Studenten;;;;;;;5575.0;279;;;977.0;4115.0;2222.0
A2,BUCHMEIER,HERMIT;Studentin;die;;Substantiv;fem.;https://www.dwds.de/wb/Studentin;0.0;9492.0;138;;;;9050.0;797.0
B1,HERMIT,LEEDS,LEIPZIG;Studie;die;;Substantiv;fem.;https://www.dwds.de/wb/Studie;0.0;;;638.0;114.81;1184.0;6865.0;1147.0
HERMIT,LEIPZIG;Studien;;;;;;;;;;;3597.0;9011.0;801.0
A1,BUCHMEIER,HERMIT,LEEDS,LEIPZIG;studieren;;;Verb;;https://www.dwds.de/wb/studieren;0.0;4803.0;343;1638.0;45.87;5313.0;3900.0;2378.0
B1,LEEDS;Studierende;;;Substantiv;fem., mask.;https://www.dwds.de/wb/Studierende;0.0;;;1474.0;51.69;;;
BUCHMEIER,HERMIT,LEIPZIG;studiert;;;;;;;4608.0;361;;;4828.0;3253.0;2985.0
B1,BUCHMEIER,HERMIT,LEEDS,LEIPZIG;Studio;das;;Substantiv;neutr.;https://www.dwds.de/wb/Studio;0.0;3359.0;547;3759.0;17.02;5276.0;3590.0;2628.0
A1,BUCHMEIER,HERMIT,LEEDS,LEIPZIG;Studium;das;;Substantiv;neutr.;https://www.dwds.de/wb/Studium;0.0;7754.0;180;1344.0;56.17;2562.0;5821.0;1423.0
B1,BUCHMEIER,BW1,HERMIT,LEEDS,LEIPZIG;Stufe;die;;Substantiv;fem.;https://www.dwds.de/wb/Stufe;0.0;4543.0;367;1794.0;41.67;4034.0;4796.0;1827.0
BUCHMEIER,HERMIT,LEIPZIG;Stufen;;;;;;;8827.0;152;;;7389.0;7512.0;1025.0
A2,BUCHMEIER,BW3,FEHLER300,HERMIT,LEEDS,LEIPZIG;Stuhl;der;Stühle;Substantiv;mask.;https://www.dwds.de/wb/Stuhl;0.0;2549.0;773;2851.0;24.29;6159.0;2128.0;5062.0
B1,BW3,HERMIT;stumm;;;Adjektiv;;https://www.dwds.de/wb/stumm;0.0;;;;;;7951.0;948.0
A1,BUCHMEIER,BW1,HERMIT,LEEDS,LEIPZIG,LEO739,NRW422;Stunde;die;;Substantiv;fem.;https://www.dwds.de/wb/Stunde;0.0;745.0;3661;311.0;227.36;963.0;650.0;22665.0
BUCHMEIER,HERMIT,LEIPZIG;Stunden;;;;;;;564.0;5289;;;457.0;471.0;34244.0
BUCHMEIER,HERMIT,LEIPZIG;stundenlang;;;;;;;8139.0;169;;;9965.0;6484.0;1240.0
BUCHMEIER,HERMIT;stur;;;;;;;7707.0;181;;;;6810.0;1161.0
B1,BUCHMEIER,BW3,HERMIT,LEEDS,LEIPZIG,LEO739;Sturm;der;stürmisch;Substantiv;mask.;https://www.dwds.de/wb/Sturm;0.0;3310.0;557;3131.0;21.63;3631.0;2632.0;3919.0
BUCHMEIER,HERMIT,LEEDS,LEIPZIG;Sturz;;;;;;;8782.0;153;4872.0;12.03;4372.0;8231.0;907.0
LEEDS,LEIPZIG;Stuttgart;;;;;;;;;1329.0;56.69;438.0;;
LEEDS,LEIPZIG;Stuttgarter;;;;;;;;;3821.0;16.67;898.0;;
BUCHMEIER,HERMIT,LEIPZIG;Städte;;;;;;;5783.0;266;;;1624.0;5748.0;1441.0
HERMIT,LEIPZIG;Städten;;;;;;;;;;;1836.0;9641.0;736.0
B1,LEEDS;städtisch;;;Adjektiv;;https://www.dwds.de/wb/st%C3%A4dtisch;0.0;;;2936.0;23.39;;;
B1,BUCHMEIER,HERMIT,LEEDS,LEIPZIG;ständig;;;Adjektiv;;https://www.dwds.de/wb/st%C3%A4ndig;0.0;1250.0;1842;628.0;115.76;1251.0;983.0;13119.0
BUCHMEIER,HERMIT,LEEDS,LEIPZIG;Stärke;;;;;;;3014.0;631;1877.0;39.65;2876.0;2773.0;3654.0
HERMIT,LEEDS,LEIPZIG;stärken;;;;;;;;;1811.0;41.13;4017.0;8012.0;941.0
BUCHMEIER,HERMIT,LEIPZIG;stärker;;;;;;;2440.0;811;;;979.0;2182.0;4922.0
HERMIT,LEIPZIG;stärkste;;;;;;;;;;;5956.0;8774.0;830.0
LEEDS,LEIPZIG;Stärkung;;;;;;;;;3464.0;19.01;5824.0;;
BUCHMEIER,HERMIT;Stöhnen;;;;;;;6519.0;228;;;;3232.0;3007.0
BUCHMEIER,HERMIT;stöhnt;;;;;;;4544.0;367;;;;1393.0;8675.0
BUCHMEIER,HERMIT;störe;;;;;;;7461.0;189;;;;3563.0;2653.0
A2,BUCHMEIER,BW1,HERMIT,LEEDS,LEIPZIG;stören;;du störst, Störung;Verb;;https://www.dwds.de/wb/st%C3%B6ren;0.0;2317.0;870;1676.0;44.65;6025.0;1794.0;6302.0
BUCHMEIER,HERMIT,LEIPZIG;stört;;;;;;;2895.0;663;;;5970.0;1942.0;5745.0
B1,BUCHMEIER,HERMIT,LEEDS,LEIPZIG;Störung;die;;Substantiv;fem.;https://www.dwds.de/wb/St%C3%B6rung;0.0;3598.0;498;2159.0;34.33;9802.0;3200.0;3035.0
HERMIT,LEIPZIG;stößt;;;;;;;;;;;3444.0;8566.0;860.0
A2,BUCHMEIER,BW3,FEHLER300,HERMIT,LEEDS,LEIPZIG,LEO739,NRW422;Stück;das;;Substantiv;neutr.;https://www.dwds.de/wb/St%C3%BCck;0.0;811.0;3172;612.0;118.91;594.0;763.0;18090.0
BUCHMEIER,HERMIT;Stückchen;;;;;;;9712.0;134;;;;9228.0;778.0
BUCHMEIER,HERMIT,LEIPZIG;Stücke;;;;;;;3341.0;550;;;2903.0;3318.0;2917.0
BUCHMEIER,HERMIT;Stühle;;;;;;;9813.0;132;;;;8802.0;827.0
BUCHMEIER,HERMIT;stürmen;;;;;;;9925.0;130;;;;8545.0;863.0
B1,BUCHMEIER,HERMIT,LEEDS,LEIPZIG;stürzen;;;Verb;;https://www.dwds.de/wb/st%C3%BCrzen;0.0;4573.0;365;1985.0;37.29;6322.0;4341.0;2080.0
BUCHMEIER,HERMIT,LEIPZIG;stürzt;;;;;;;7897.0;176;;;8591.0;6910.0;1135.0
HERMIT,LEIPZIG;stürzte;;;;;;;;;;;5355.0;7980.0;945.0
LEEDS,LEIPZIG;stützen;;;;;;;;;2026.0;36.58;6772.0;;
BUCHMEIER,HERMIT;Stützpunkt;;;;;;;9351.0;141;;;;9739.0;726.0
BUCHMEIER,HERMIT,LEEDS,LEIPZIG;Substanz;;;;;;;7896.0;176;2529.0;28.26;4439.0;9093.0;794.0
FEHLER200,FEHLER400;subsumieren;;;;;;;;;;;;;
FEHLER200,FEHLER400;subtil;;;;;;;;;;;;;
BUCHMEIER,HERMIT;Such;;;;;;;3712.0;477;;;;1978.0;5579.0
BUCHMEIER,HERMIT,LEEDS,LEIPZIG;suche;;;;;;;1267.0;1812;992.0;76.32;1147.0;719.0;19440.0
A1,BUCHMEIER,BW1,HERMIT,LEEDS,LEIPZIG;suchen;;du suchst, Suche;Verb;;https://www.dwds.de/wb/suchen;0.0;618.0;4722;285.0;249.2;955.0;446.0;36294.0
BUCHMEIER,HERMIT;suchst;;;;;;;2534.0;779;;;;2033.0;5395.0
B1,BUCHMEIER,HERMIT,LEIPZIG;Sucht;die;;Substantiv;fem.;https://www.dwds.de/wb/Sucht;0.0;1447.0;1529;;;1204.0;1089.0;11523.0
BUCHMEIER,HERMIT,LEIPZIG;suchte;;;;;;;3899.0;450;;;3909.0;3332.0;2904.0
BUCHMEIER,HERMIT,LEIPZIG;suchten;;;;;;;6776.0;216;;;5959.0;6228.0;1310.0
B1;Suchtmittel;das;;Substantiv;neutr.;https://www.dwds.de/wb/Suchtmittel;0.0;;;;;;;
BUCHMEIER,HERMIT;Suite;;;;;;;7926.0;175;;;;7388.0;1049.0
BUCHMEIER,HERMIT;Sullivan;;;;;;;6122.0;248;;;;6971.0;1124.0
B1,BUCHMEIER,HERMIT,LEEDS,LEIPZIG;Summe;die;;Substantiv;fem.;https://www.dwds.de/wb/Summe;0.0;6239.0;241;2252.0;32.57;1930.0;4575.0;1937.0
HERMIT,LEIPZIG;Summen;;;;;;;;;;;6475.0;6801.0;1163.0
BUCHMEIER,HERMIT;Summer;;;;;;;4259.0;400;;;;7574.0;1013.0
BUCHMEIER,HERMIT;Sumpf;;;;;;;9235.0;143;;;;7609.0;1007.0
BUCHMEIER,HERMIT;Sun;;;;;;;4131.0;417;;;;6195.0;1321.0
A2,BUCHMEIER,HERMIT,LEEDS;super;;;Adjektiv;;https://www.dwds.de/wb/super;0.0;1421.0;1557;2947.0;23.27;;735.0;18808.0
BUCHMEIER,HERMIT;Superman;;;;;;;5537.0;281;;;;2807.0;3577.0
A2,BUCHMEIER,HERMIT,LEIPZIG;Supermarkt;der;;Substantiv;mask.;https://www.dwds.de/wb/Supermarkt;0.0;7274.0;197;;;8837.0;6135.0;1336.0
A2,BUCHMEIER,BW1,HERMIT;Suppe;die;;Substantiv;fem.;https://www.dwds.de/wb/Suppe;0.0;3442.0;532;;;;3171.0;3068.0
A2;surfen;;;Verb;;https://www.dwds.de/wb/surfen;0.0;;;;;;;
BUCHMEIER,HERMIT;Susan;;;;;;;1705.0;1253;;;;2344.0;4541.0
BUCHMEIER,HERMIT;Susie;;;;;;;7497.0;188;;;;8982.0;805.0
BUCHMEIER,HERMIT,LEIPZIG;Sydney;;;;;;;2578.0;762;;;7552.0;4637.0;1906.0
BUCHMEIER,HERMIT;Sylvia;;;;;;;5423.0;289;;;;6532.0;1228.0
B1,BUCHMEIER,HERMIT,LEEDS,LEIPZIG;Symbol;das;;Substantiv;neutr.;https://www.dwds.de/wb/Symbol;0.0;4778.0;345;2383.0;30.49;3406.0;4457.0;2014.0
FEHLER200,FEHLER400;Symmetrie;;;;;;;;;;;;;
FEHLER200,FEHLER400,LEIPZIG;Sympathie;;;;;;;;;;;7385.0;;
A2,FEHLER200,FEHLER400;sympathisch;;;Adjektiv;;https://www.dwds.de/wb/sympathisch;0.0;;;;;;;
BUCHMEIER,LEEDS;Symptom;;;;;;;7753.0;180;2565.0;27.82;;;
BUCHMEIER,HERMIT,LEIPZIG;Symptome;;;;;;;5030.0;323;;;9088.0;4808.0;1819.0
B1,BUCHMEIER,HERMIT,LEEDS,LEIPZIG;System;das;;Substantiv;neutr.;https://www.dwds.de/wb/System;0.0;1694.0;1264;304.0;234.23;415.0;1722.0;6648.0
LEEDS,LEIPZIG;systematisch;;;;;;;;;2156.0;34.37;6980.0;;
BUCHMEIER,HERMIT,LEIPZIG;Systeme;;;;;;;5879.0;261;;;3658.0;6021.0;1367.0
B1,BUCHMEIER,HERMIT,LEEDS,LEIPZIG;Szene;die;;Substantiv;fem.;https://www.dwds.de/wb/Szene;0.0;746.0;3660;1181.0;64.22;1507.0;1992.0;5525.0
BUCHMEIER,HERMIT,LEIPZIG;Szenen;;;;;;;2588.0;758;;;3229.0;6791.0;1164.0
FEHLER400;Säbelzahntiger;;;;;;;;;;;;;
BUCHMEIER,HERMIT;Säcke;;;;;;;9501.0;138;;;;9682.0;732.0
BW1;Säge;die;sägen;Substantiv;;;;;;;;;;
BUCHMEIER,HERMIT;sähe;;;;;;;9242.0;143;;;;8120.0;924.0
B1,LEEDS;sämtlich;;;Indefinitpronomen;;https://www.dwds.de/wb/s%C3%A4mtlich;0.0;;;1502.0;50.74;;;
BUCHMEIER,HERMIT,LEIPZIG;sämtliche;;;;;;;6392.0;234;;;2651.0;5257.0;1610.0
B1,BUCHMEIER,HERMIT,LEEDS,LEIPZIG;Sänger;der;;Substantiv;mask.;https://www.dwds.de/wb/S%C3%A4nger;0.0;9106.0;146;3877.0;16.39;3838.0;8053.0;934.0
B1,HERMIT,LEIPZIG;Sängerin;die;;Substantiv;fem.;https://www.dwds.de/wb/S%C3%A4ngerin;0.0;;;;;7492.0;8736.0;836.0
BUCHMEIER,LEIPZIG;Sätze;;;;;;;8924.0;150;;;3618.0;;
BUCHMEIER,HERMIT,LEIPZIG;Söhne;;;;;;;4030.0;432;;;5576.0;3468.0;2747.0
BUCHMEIER,HERMIT;Söldner;;;;;;;9101.0;146;;;;9472.0;752.0
B1,HERMIT;süchtig;;;Adjektiv;;https://www.dwds.de/wb/s%C3%BCchtig;0.0;;;;;;8038.0;936.0
LEEDS,LEIPZIG;Südafrika;;;;;;;;;4248.0;14.51;2738.0;;
HERMIT,LEIPZIG;Südamerika;;;;;;;;;;;6654.0;9715.0;729.0
A1,BUCHMEIER,HERMIT,LEEDS,LEIPZIG;Süden;der;;Substantiv;mask.;https://www.dwds.de/wb/S%C3%BCden;0.0;3004.0;634;1962.0;37.85;1559.0;2661.0;3873.0
BUCHMEIER,HERMIT,LEEDS,LEIPZIG;südlich;;;;;;;8317.0;164;2750.0;25.44;4108.0;7971.0;946.0
BUCHMEIER,HERMIT,LEEDS;Sünde;;;;;;;4285.0;396;2923.0;23.52;;3664.0;2566.0
BUCHMEIER,HERMIT;Sünden;;;;;;;4947.0;330;;;;3864.0;2407.0
A2,BUCHMEIER,BW3,HERMIT,LEEDS,LEO739,NRW422;süß;;;Adjektiv;;https://www.dwds.de/wb/s%C3%BC%C3%9F;0.0;1289.0;1768;3491.0;18.81;;1020.0;12416.0
BUCHMEIER,HERMIT;Süße;;;;;;;1975.0;1065;;;;1149.0;10869.0
BUCHMEIER,HERMIT;süßen;;;;;;;5516.0;282;;;;4166.0;2193.0
BUCHMEIER,HERMIT;Süßer;;;;;;;3935.0;444;;;;2626.0;3933.0
BUCHMEIER,HERMIT;Süßes;;;;;;;6390.0;234;;;;3616.0;2604.0
A2,BW3;Süßigkeit;die;;Substantiv;fem.;https://www.dwds.de/wb/S%C3%BC%C3%9Figkeit;0.0;;;;;;;
BUCHMEIER,HERMIT;Süßigkeiten;;;;;;;6641.0;222;;;;5598.0;1488.0
BUCHMEIER,HERMIT;Tabak;;;;;;;9875.0;131;;;;9706.0;730.0
B1,LEEDS,LEIPZIG;Tabelle;die;;Substantiv;fem.;https://www.dwds.de/wb/Tabelle;0.0;;;2226.0;32.97;1840.0;;
A2;Tablet;;;Substantiv;neutr., mask.;https://www.dwds.de/wb/Tablet;0.0;;;;;;;
A2;Tablette;die;;Substantiv;fem.;https://www.dwds.de/wb/Tablette;0.0;;;;;;;
BUCHMEIER,HERMIT;Tabletten;;;;;;;5651.0;274;;;;4942.0;1747.0
A2,BUCHMEIER,BW1,HERMIT,LEEDS,LEO739,NRW422;Tafel;die;;Substantiv;fem.;https://www.dwds.de/wb/Tafel;0.0;6218.0;242;4915.0;11.9;;6009.0;1369.0
A1,BUCHMEIER,BW1,FEHLER100,FEHLER300,HERMIT,LEEDS,LEIPZIG,LEO739,NRW422;Tag;der;Tage, täglich;Substantiv;mask.;https://www.dwds.de/wb/Tag#1;0.0;207.0;16315;108.0;625.18;319.0;184.0;103559.0
BUCHMEIER,HERMIT,LEIPZIG;Tage;;;;;;;615.0;4744;;;401.0;549.0;29111.0
BUCHMEIER,HERMIT,LEEDS,LEIPZIG;Tagebuch;;;;;;;4629.0;359;4252.0;14.47;8659.0;4143.0;2205.0
BUCHMEIER,HERMIT,LEEDS,LEIPZIG;Tagen;;;;;;;877.0;2851;3406.0;19.43;474.0;749.0;18366.0
BUCHMEIER,HERMIT,LEIPZIG;Tages;;;;;;;976.0;2530;;;4702.0;911.0;14578.0
B1;Tagesablauf;der;;Substantiv;mask.;https://www.dwds.de/wb/Tagesablauf;0.0;;;;;;;
BUCHMEIER,HERMIT;Tageslicht;;;;;;;7957.0;174;;;;8160.0;916.0
LEEDS,LEIPZIG;Tagesordnung;;;;;;;;;4196.0;14.81;3473.0;;
LEEDS,LEIPZIG;Tageszeitung;;;;;;;;;3984.0;15.82;3911.0;;
HERMIT,LEIPZIG;tagsüber;;;;;;;;;;;8985.0;6850.0;1149.0
LEEDS,LEIPZIG;Tagung;;;;;;;;;3012.0;22.66;4105.0;;
LEEDS,LEIPZIG;Taiwan;;;;;;;;;4387.0;13.89;4794.0;;
BUCHMEIER,HERMIT;Take;;;;;;;7858.0;177;;;;6590.0;1216.0
HERMIT,LEIPZIG;Taktik;;;;;;;;;;;6914.0;9010.0;801.0
B1,BUCHMEIER,HERMIT,LEEDS,LEIPZIG;Tal;das;;Substantiv;neutr.;https://www.dwds.de/wb/Tal;0.0;4959.0;329;3288.0;20.28;5501.0;4355.0;2074.0
B1,BUCHMEIER,HERMIT,LEEDS,LEIPZIG;Talent;das;;Substantiv;neutr.;https://www.dwds.de/wb/Talent;0.0;2906.0;661;3797.0;16.79;5866.0;2587.0;4012.0
HERMIT,LEIPZIG;Talente;;;;;;;;;;;9402.0;8573.0;859.0
BUCHMEIER,HERMIT;talentiert;;;;;;;9812.0;132;;;;9527.0;746.0
BUCHMEIER,HERMIT;Tango;;;;;;;7015.0;206;;;;9780.0;721.0
BUCHMEIER,HERMIT;Tank;;;;;;;5630.0;275;;;;5818.0;1424.0
B1;tanken;;;Verb;;https://www.dwds.de/wb/tanken;0.0;;;;;;;
B1,BUCHMEIER,HERMIT,LEIPZIG;Tankstelle;die;;Substantiv;fem.;https://www.dwds.de/wb/Tankstelle;0.0;6488.0;229;;;9705.0;5951.0;1385.0
B1,BUCHMEIER,BW1,HERMIT,LEEDS,LEIPZIG;Tante;die;;Substantiv;fem.;https://www.dwds.de/wb/Tante;0.0;1501.0;1451;4943.0;11.8;9094.0;1163.0;10757.0
B1,BUCHMEIER,HERMIT,LEEDS,LEIPZIG;Tanz;der;;Substantiv;mask.;https://www.dwds.de/wb/Tanz;0.0;3178.0;590;3870.0;16.45;3683.0;2309.0;4638.0
BUCHMEIER,HERMIT;tanze;;;;;;;7399.0;192;;;;6164.0;1330.0
A1,BUCHMEIER,HERMIT,LEEDS,LEIPZIG;tanzen;;;Verb;;https://www.dwds.de/wb/tanzen;0.0;1458.0;1515;3303.0;20.21;6329.0;1043.0;12149.0
BUCHMEIER,HERMIT;tanzt;;;;;;;3976.0;439;;;;3312.0;2929.0
BUCHMEIER,HERMIT;tapfer;;;;;;;4289.0;395;;;;4193.0;2167.0
BUCHMEIER,HERMIT;Tara;;;;;;;4529.0;368;;;;4205.0;2161.0
BUCHMEIER,HERMIT;Tarnung;;;;;;;6389.0;234;;;;4938.0;1748.0
A1,BUCHMEIER,BW1,HERMIT,LEEDS,LEIPZIG,LEO739,NRW422;Tasche;die;;Substantiv;fem.;https://www.dwds.de/wb/Tasche;0.0;1300.0;1755;2767.0;25.24;3528.0;1127.0;11149.0
BUCHMEIER,HERMIT,LEIPZIG;Taschen;;;;;;;4028.0;432;;;9482.0;3771.0;2474.0
A2;Taschengeld;das;;Substantiv;neutr.;https://www.dwds.de/wb/Taschengeld;0.0;;;;;;;
B1,BUCHMEIER,HERMIT;Taschentuch;das;;Substantiv;neutr.;https://www.dwds.de/wb/Taschentuch;0.0;9811.0;132;;;;8318.0;896.0
A2,BUCHMEIER,FEHLER300,HERMIT,LEO739,NRW422;Tasse;die;;Substantiv;fem.;https://www.dwds.de/wb/Tasse;0.0;3785.0;464;;;;3059.0;3227.0
B1;Tastatur;die;;Substantiv;fem.;https://www.dwds.de/wb/Tastatur;0.0;;;;;;;
B1;Taste;die;;Substantiv;fem.;https://www.dwds.de/wb/Taste;0.0;;;;;;;
B1,BUCHMEIER,HERMIT,LEEDS,LEIPZIG;Tat;die;;Substantiv;fem.;https://www.dwds.de/wb/Tat;0.0;1103.0;2141;884.0;84.56;1909.0;680.0;20923.0
BUCHMEIER,HERMIT,LEIPZIG;taten;;;;;;;3039.0;626;;;4475.0;1776.0;6365.0
BUCHMEIER,HERMIT,LEIPZIG;Tatort;;;;;;;4151.0;415;;;6817.0;2592.0;4002.0
B1,BUCHMEIER,HERMIT,LEEDS,LEIPZIG;Tatsache;die;;Substantiv;fem.;https://www.dwds.de/wb/Tatsache;0.0;2257.0;889;728.0;102.3;1750.0;2086.0;5181.0
BUCHMEIER,HERMIT,LEIPZIG;Tatsachen;;;;;;;9098.0;146;;;6094.0;6874.0;1145.0
B1,BUCHMEIER,HERMIT,LEEDS,LEIPZIG;tatsächlich;;;Adjektiv;;https://www.dwds.de/wb/tats%C3%A4chlich;0.0;1404.0;1571;373.0;190.42;731.0;915.0;14483.0
BUCHMEIER,HERMIT;Tattoo;;;;;;;7789.0;179;;;;6356.0;1274.0
B1,BUCHMEIER,HERMIT;taub;;;Adjektiv;;https://www.dwds.de/wb/taub;0.0;4048.0;430;;;;3760.0;2482.0
BUCHMEIER,HERMIT;Taube;;;;;;;9393.0;140;;;;8047.0;935.0
BUCHMEIER,HERMIT;Tauben;;;;;;;7427.0;191;;;;8827.0;823.0
B1,BUCHMEIER,HERMIT,LEEDS,LEIPZIG;tauchen;;;Verb;;https://www.dwds.de/wb/tauchen;0.0;7066.0;204;1981.0;37.39;7407.0;5223.0;1623.0
BUCHMEIER,HERMIT,LEIPZIG;taucht;;;;;;;4923.0;332;;;5780.0;4329.0;2086.0
BUCHMEIER,HERMIT;tauchte;;;;;;;6540.0;227;;;;6128.0;1337.0
BUCHMEIER,HERMIT;Tausch;;;;;;;8023.0;172;;;;7926.0;953.0
A2,BUCHMEIER,HERMIT,LEEDS;tauschen;;;Verb;;https://www.dwds.de/wb/tauschen;0.0;4469.0;375;4723.0;12.62;;3714.0;2524.0
A1,BUCHMEIER,HERMIT,LEEDS,LEIPZIG;tausend;;;Kardinalzahlwort;;https://www.dwds.de/wb/tausend;0.0;4036.0;431;2490.0;28.88;2148.0;2709.0;3783.0
BUCHMEIER,HERMIT,LEIPZIG;Tausende;;;;;;;4130.0;417;;;2692.0;2871.0;3487.0
HERMIT,LEIPZIG;Tausenden;;;;;;;;;;;9514.0;9214.0;780.0
A1,BUCHMEIER,BW1,HERMIT;Taxi;das;;Substantiv;neutr., mask.;https://www.dwds.de/wb/Taxi;0.0;1688.0;1270;;;;1595.0;7317.0
BUCHMEIER,HERMIT,LEIPZIG;Taxifahrer;;;;;;;9711.0;134;;;9260.0;9211.0;780.0
BUCHMEIER,HERMIT;Taylor;;;;;;;2625.0;745;;;;2719.0;3765.0
LEEDS,LEIPZIG;taz;;;;;;;;;4240.0;14.54;1277.0;;
A2,BUCHMEIER,HERMIT,LEEDS,LEIPZIG;Team;das;;Substantiv;neutr.;https://www.dwds.de/wb/Team;0.0;884.0;2837;1001.0;75.76;1092.0;883.0;15159.0
BUCHMEIER,HERMIT,LEIPZIG;Teams;;;;;;;3216.0;579;;;3179.0;4267.0;2124.0
B1,BUCHMEIER,HERMIT,LEEDS,LEIPZIG;Technik;die;;Substantiv;fem.;https://www.dwds.de/wb/Technik;0.0;3719.0;476;878.0;85.29;1166.0;3490.0;2728.0
BUCHMEIER,HERMIT,LEIPZIG;Techniker;;;;;;;9021.0;148;;;7779.0;7960.0;947.0
B1,BUCHMEIER,HERMIT,LEEDS,LEIPZIG;technisch;;;Adjektiv;;https://www.dwds.de/wb/technisch;0.0;9392.0;140;498.0;145.53;3924.0;6410.0;1260.0
B1,BUCHMEIER,HERMIT,LEEDS,LEIPZIG;Technologie;die;;Substantiv;fem.;https://www.dwds.de/wb/Technologie;0.0;4237.0;403;1613.0;46.62;3748.0;3686.0;2544.0
BUCHMEIER,HERMIT;Ted;;;;;;;2930.0;656;;;;1959.0;5700.0
BUCHMEIER,BW3,HERMIT;Teddy;der;Teddys;Substantiv;;;;5017.0;324;;;;3776.0;2473.0
A1,BUCHMEIER,BW3,HERMIT,LEEDS,LEIPZIG;Tee;der;;Substantiv;mask.;https://www.dwds.de/wb/Tee#1;0.0;1478.0;1487;4265.0;14.44;7902.0;1306.0;9380.0
BUCHMEIER,HERMIT;Teenager;;;;;;;5755.0;268;;;;4487.0;1991.0
A1,BUCHMEIER,HERMIT,LEEDS,LEIPZIG;Teil;;;Substantiv;mask., neutr.;https://www.dwds.de/wb/Teil;0.0;616.0;4732;159.0;447.96;259.0;576.0;27243.0
BUCHMEIER,HERMIT,LEIPZIG;Teile;;;;;;;3320.0;555;;;1415.0;2390.0;4443.0
A2,BUCHMEIER,HERMIT,LEEDS,LEIPZIG;teilen;;;Verb;;https://www.dwds.de/wb/teilen;0.0;1815.0;1174;808.0;93.04;2139.0;1335.0;9104.0
B1,LEEDS,LEIPZIG;Teilnahme;die;;Substantiv;fem.;https://www.dwds.de/wb/Teilnahme;0.0;;;1999.0;37.05;2565.0;;
A2,BUCHMEIER,HERMIT,LEEDS,LEIPZIG;teilnehmen;;;Verb;;https://www.dwds.de/wb/teilnehmen;0.0;7496.0;188;1432.0;52.84;3043.0;6230.0;1308.0
B1,HERMIT,LEEDS,LEIPZIG;Teilnehmer;der;;Substantiv;mask.;https://www.dwds.de/wb/Teilnehmer;0.0;;;1061.0;71.45;1541.0;9698.0;731.0
B1;Teilnehmerin;die;;Substantiv;fem.;https://www.dwds.de/wb/Teilnehmerin;0.0;;;;;;;
LEEDS,LEIPZIG;teils;;;;;;;;;2520.0;28.41;3463.0;;
BUCHMEIER,HERMIT,LEIPZIG;teilt;;;;;;;7426.0;191;;;3413.0;5439.0;1545.0
B1,HERMIT,LEEDS,LEIPZIG;teilweise;;;Adverb;;https://www.dwds.de/wb/teilweise#1;0.0;;;785.0;95.73;1213.0;9153.0;787.0
B1;Teilzeit;die;;Substantiv;fem.;https://www.dwds.de/wb/Teilzeit;0.0;;;;;;;
LEEDS,LEIPZIG;Tel;;;;;;;;;2542.0;28.11;7791.0;;
A1,BUCHMEIER,HERMIT,LEEDS,LEIPZIG;Telefon;das;;Substantiv;neutr.;https://www.dwds.de/wb/Telefon;0.0;751.0;3623;1790.0;41.75;1703.0;633.0;23581.0
A1,BUCHMEIER,HERMIT;telefonieren;;;Verb;;https://www.dwds.de/wb/telefonieren;0.0;4468.0;375;;;;3453.0;2765.0
BUCHMEIER,HERMIT;telefoniert;;;;;;;5468.0;286;;;;4173.0;2186.0
LEEDS,LEIPZIG;telefonisch;;;;;;;;;4822.0;12.2;9366.0;;
BUCHMEIER,HERMIT,LEIPZIG;Telefonnummer;;;;;;;5051.0;321;;;6557.0;4812.0;1817.0
BUCHMEIER,HERMIT;Telegramm;;;;;;;7425.0;191;;;;5691.0;1460.0
LEEDS,LEIPZIG;Telekom;;;;;;;;;3737.0;17.14;1588.0;;
A2,BUCHMEIER,BW1,FEHLER300,HERMIT,LEO739,NRW422;Teller;der;;Substantiv;mask.;https://www.dwds.de/wb/Teller;0.0;4726.0;350;;;;3595.0;2623.0
BUCHMEIER,HERMIT,LEEDS,LEIPZIG;Tempel;;;;;;;3215.0;579;3711.0;17.35;8791.0;3957.0;2332.0
B1,BUCHMEIER,HERMIT,LEEDS,LEIPZIG;Temperatur;die;;Substantiv;fem.;https://www.dwds.de/wb/Temperatur;0.0;6162.0;245;2971.0;23.04;7067.0;5584.0;1494.0
B1,BUCHMEIER,HERMIT,LEEDS,LEIPZIG;Tempo;das;;Substantiv;neutr.;https://www.dwds.de/wb/Tempo#1;0.0;5318.0;297;3400.0;19.48;3030.0;4347.0;2077.0
LEEDS,LEIPZIG;Tendenz;;;;;;;;;1822.0;40.9;2947.0;;
A2,HERMIT,LEIPZIG;Tennis;das;;Substantiv;neutr.;https://www.dwds.de/wb/Tennis;0.0;;;;;5665.0;8326.0;894.0
B1,BUCHMEIER,HERMIT,LEIPZIG;Teppich;der;;Substantiv;mask.;https://www.dwds.de/wb/Teppich;0.0;4877.0;337;;;9816.0;4176.0;2181.0
BUCHMEIER,HERMIT;Tequila;;;;;;;8500.0;159;;;;7668.0;997.0
FEHLER200,FEHLER400;Terabyte;;;;;;;;;;;;;
A1,BUCHMEIER,HERMIT,LEEDS,LEIPZIG;Termin;der;;Substantiv;mask.;https://www.dwds.de/wb/Termin;0.0;2804.0;690;1701.0;44.1;2431.0;1935.0;5765.0
BUCHMEIER,HERMIT,LEIPZIG;Termine;;;;;;;9998.0;129;;;4942.0;7168.0;1088.0
B1;Terminkalender;der;;Substantiv;mask.;https://www.dwds.de/wb/Terminkalender;0.0;;;;;;;
B1,FEHLER200,FEHLER400,HERMIT;Terrasse;die;;Substantiv;fem.;https://www.dwds.de/wb/Terrasse;0.0;;;;;;9816.0;718.0
LEEDS,LEIPZIG;Territorium;;;;;;;;;4754.0;12.49;8830.0;;
LEEDS,LEIPZIG;Terror;;;;;;;;;3041.0;22.48;6364.0;;
BUCHMEIER,LEEDS,LEIPZIG;Terrorismus;;;;;;;8359.0;163;2948.0;23.27;7585.0;;
BUCHMEIER,HERMIT,LEEDS;Terrorist;;;;;;;6185.0;244;3389.0;19.52;;8284.0;901.0
BUCHMEIER,HERMIT,LEIPZIG;Terroristen;;;;;;;2077.0;999;;;5580.0;3576.0;2645.0
BUCHMEIER,HERMIT;Terry;;;;;;;3567.0;505;;;;2842.0;3517.0
BUCHMEIER,HERMIT;Tess;;;;;;;6025.0;253;;;;3057.0;3229.0
A1,BUCHMEIER,HERMIT,LEEDS,LEIPZIG;Test;der;;Substantiv;mask.;https://www.dwds.de/wb/Test;0.0;1839.0;1155;1713.0;43.83;4426.0;1961.0;5689.0
BUCHMEIER,HERMIT,LEEDS,LEO739;Testament;das;;Substantiv;;;;7788.0;179;4198.0;14.81;;4677.0;1887.0
B1,BUCHMEIER,HERMIT,LEEDS,LEIPZIG;testen;;;Verb;;https://www.dwds.de/wb/testen;0.0;3879.0;453;2633.0;26.97;6992.0;3270.0;2968.0
BUCHMEIER,HERMIT,LEIPZIG;Tests;;;;;;;3134.0;600;;;5281.0;2989.0;3317.0
A1,BUCHMEIER,HERMIT,LEEDS,LEIPZIG;teuer;;;Adjektiv;;https://www.dwds.de/wb/teuer;0.0;2556.0;771;1081.0;70.14;2055.0;2154.0;4999.0
BUCHMEIER,HERMIT,LEEDS,LEIPZIG;Teufel;;;;;;;443.0;6722;2638.0;26.92;3214.0;459.0;35421.0
BUCHMEIER,HERMIT;Teufels;;;;;;;9020.0;148;;;;7906.0;956.0
HERMIT,LEIPZIG;teure;;;;;;;;;;;3604.0;7547.0;1018.0
HERMIT,LEIPZIG;teurer;;;;;;;;;;;3262.0;8443.0;877.0
BUCHMEIER,HERMIT,LEIPZIG;Texas;;;;;;;2976.0;642;;;7743.0;3236.0;3002.0
A1,BUCHMEIER,BW3,HERMIT,LEEDS,LEIPZIG;Text;der;;Substantiv;mask.;https://www.dwds.de/wb/Text;0.0;2720.0;716;329.0;215.83;1362.0;3258.0;2983.0
BUCHMEIER,HERMIT;Thanksgiving;;;;;;;7014.0;206;;;;4925.0;1758.0
BUCHMEIER,HERMIT,LEEDS;that;;;;;;;5574.0;279;1659.0;45.24;;2859.0;3501.0
BUCHMEIER,HERMIT,LEEDS,LEIPZIG;the;;;;;;;1133.0;2081;189.0;357.63;1366.0;557.0;28674.0
A2,BUCHMEIER,BW3,HERMIT,LEEDS,LEIPZIG;Theater;das;;Substantiv;neutr.;https://www.dwds.de/wb/Theater;0.0;2755.0;701;1834.0;40.6;910.0;2162.0;4982.0
A1,BUCHMEIER,BW3,HERMIT,LEEDS,LEIPZIG;Thema;das;Themen;Substantiv;neutr.;https://www.dwds.de/wb/Thema;0.0;1978.0;1064;213.0;321.81;367.0;1731.0;6606.0
BUCHMEIER,HERMIT,LEIPZIG;Themen;;;;;;;8542.0;158;;;1356.0;9934.0;707.0
LEEDS,LEIPZIG;Theologie;;;;;;;;;4402.0;13.83;8800.0;;
B1,HERMIT,LEEDS,LEIPZIG;theoretisch;;;Adjektiv;;https://www.dwds.de/wb/theoretisch;0.0;;;1501.0;50.76;7762.0;7081.0;1104.0
B1,BUCHMEIER,HERMIT,LEEDS,LEIPZIG;Theorie;die;;Substantiv;fem.;https://www.dwds.de/wb/Theorie;0.0;3253.0;570;907.0;83.26;3088.0;2552.0;4094.0
BUCHMEIER,HERMIT,LEIPZIG;Theorien;;;;;;;9290.0;142;;;9990.0;8286.0;901.0
B1,BUCHMEIER,HERMIT,LEEDS,LEIPZIG;Therapie;die;;Substantiv;fem.;https://www.dwds.de/wb/Therapie;0.0;5279.0;301;1728.0;43.35;4302.0;3934.0;2353.0
BW3;Thermometer;das;;Substantiv;;;;;;;;;;
LEEDS,LEIPZIG;These;;;;;;;;;1578.0;47.97;4131.0;;
BUCHMEIER,HERMIT,LEEDS;this;;;;;;;4195.0;409;2437.0;29.8;;5262.0;1608.0
BUCHMEIER,HERMIT,LEEDS,LEIPZIG;Thomas;;;;;;;3055.0;620;976.0;77.26;1344.0;1571.0;7456.0
BUCHMEIER,HERMIT,LEIPZIG;Thron;;;;;;;7251.0;198;;;9810.0;4527.0;1964.0
LEEDS,LEIPZIG;Thüringen;;;;;;;;;4804.0;12.28;4096.0;;
A1,BUCHMEIER,HERMIT;Ticket;das;;Substantiv;neutr.;https://www.dwds.de/wb/Ticket;0.0;5844.0;263;;;;5085.0;1684.0
BUCHMEIER,HERMIT;Tickets;;;;;;;6516.0;228;;;;5586.0;1492.0
A2,BUCHMEIER,FEHLER300,HERMIT,LEEDS,LEIPZIG;tief;;;Adjektiv;;https://www.dwds.de/wb/tief;0.0;1469.0;1502;476.0;151.82;1877.0;1116.0;11225.0
BUCHMEIER,HERMIT,LEEDS,LEIPZIG;Tiefe;;;;;;;5924.0;259;2567.0;27.81;4033.0;4196.0;2165.0
BUCHMEIER,HERMIT,LEIPZIG;tiefen;;;;;;;8279.0;165;;;5232.0;5665.0;1469.0
BUCHMEIER,HERMIT,LEIPZIG;tiefer;;;;;;;3959.0;441;;;3859.0;3082.0;3192.0
A2,BUCHMEIER,BW1,FEHLER300,HERMIT,LEEDS,LEIPZIG;Tier;das;;Substantiv;neutr.;https://www.dwds.de/wb/Tier;0.0;2302.0;873;600.0;120.38;3782.0;1721.0;6653.0
BUCHMEIER,HERMIT,LEIPZIG;Tiere;;;;;;;2028.0;1026;;;1394.0;1560.0;7546.0
BUCHMEIER,HERMIT,LEIPZIG;Tieren;;;;;;;7163.0;201;;;4383.0;5008.0;1719.0
B1;Tierpark;der;;Substantiv;mask.;https://www.dwds.de/wb/Tierpark;0.0;;;;;;;
BUCHMEIER,BW3,FEHLER200,FEHLER400,HERMIT,LEIPZIG;Tiger;der;;Substantiv;;;;3990.0;437;;;9054.0;3208.0;3026.0
BUCHMEIER,HERMIT;Tim;;;;;;;3111.0;605;;;;1860.0;6041.0
BUCHMEIER,HERMIT;Time;;;;;;;7131.0;202;;;;3533.0;2680.0
BUCHMEIER,HERMIT,LEEDS;Times;;;;;;;7273.0;197;3690.0;17.48;;5498.0;1521.0
BUCHMEIER,HERMIT;Timing;;;;;;;5265.0;302;;;;5093.0;1678.0
BUCHMEIER,HERMIT;Timmy;;;;;;;7706.0;181;;;;6783.0;1166.0
BUCHMEIER,HERMIT;Tina;;;;;;;5964.0;257;;;;3382.0;2849.0
BUCHMEIER,HERMIT;Tinte;;;;;;;8164.0;168;;;;7492.0;1030.0
A2,BUCHMEIER,FEHLER200,FEHLER400,HERMIT,LEO739,NRW422;Tipp;der;;Substantiv;mask.;https://www.dwds.de/wb/Tipp#1;0.0;4740.0;349;;;;3671.0;2557.0
B1,LEO739,NRW422;tippen;;;Verb;;https://www.dwds.de/wb/tippen#1;0.0;;;;;;;
A1,BUCHMEIER,BW1,HERMIT,LEEDS,LEIPZIG,LEO739,NRW422;Tisch;der;;Substantiv;mask.;https://www.dwds.de/wb/Tisch;0.0;1069.0;2236;1176.0;64.66;1371.0;926.0;14201.0
A2,BUCHMEIER,HERMIT,LEEDS,LEIPZIG;Titel;der;;Substantiv;mask.;https://www.dwds.de/wb/Titel;0.0;3319.0;555;650.0;112.91;593.0;3128.0;3124.0
BUCHMEIER,HERMIT;Titten;;;;;;;4058.0;429;;;;3413.0;2813.0
BUCHMEIER,HERMIT;Tja;;;;;;;820.0;3114;;;;671.0;21330.0
BUCHMEIER,HERMIT,LEEDS,LEIPZIG;to;;;;;;;1666.0;1291;507.0;144.16;4714.0;1463.0;8246.0
BUCHMEIER,HERMIT;Toast;;;;;;;5096.0;317;;;;4246.0;2134.0
BUCHMEIER,HERMIT;Toby;;;;;;;8680.0;155;;;;4975.0;1732.0
A1,BUCHMEIER,BW1,HERMIT,LEEDS,LEIPZIG;Tochter;die;;Substantiv;fem.;https://www.dwds.de/wb/Tochter;0.0;551.0;5390;1006.0;75.41;917.0;429.0;37375.0
B1,BUCHMEIER,HERMIT,LEEDS,LEIPZIG,LEO739,NRW422;Tod;der;;Substantiv;mask.;https://www.dwds.de/wb/Tod;0.0;571.0;5199;445.0;161.43;609.0;470.0;34408.0
BUCHMEIER,HERMIT;Todd;;;;;;;3462.0;528;;;;3261.0;2979.0
BUCHMEIER,HERMIT,LEIPZIG;Tode;;;;;;;2554.0;772;;;3445.0;2307.0;4640.0
BUCHMEIER,HERMIT,LEIPZIG;Todes;;;;;;;3898.0;450;;;7782.0;3415.0;2807.0
BUCHMEIER,HERMIT,LEIPZIG;Todesstrafe;;;;;;;9434.0;139;;;8255.0;7882.0;960.0
FEHLER200,FEHLER400;todlangweilig;;;;;;;;;;;;;
FEHLER200,FEHLER400;todtraurig;;;;;;;;;;;;;
A1,BUCHMEIER,HERMIT;Toilette;die;;Substantiv;fem.;https://www.dwds.de/wb/Toilette;0.0;2236.0;907;;;;2139.0;5043.0
BUCHMEIER,HERMIT;Toiletten;;;;;;;9096.0;146;;;;8967.0;807.0
BUCHMEIER,HERMIT,LEIPZIG;Tokio;;;;;;;4506.0;371;;;2303.0;6395.0;1264.0
B1,FEHLER200,FEHLER400;tolerant;;;Adjektiv;;https://www.dwds.de/wb/tolerant;0.0;;;;;;;
FEHLER400,LEEDS,LEIPZIG;Toleranz;;;;;;;;;3811.0;16.73;6411.0;;
A2,BUCHMEIER,BW3,HERMIT,LEEDS,LEIPZIG,LEO739,NRW422;toll;;;Adjektiv;;https://www.dwds.de/wb/toll;0.0;494.0;5940;1265.0;59.84;9431.0;392.0;42438.0
BUCHMEIER,HERMIT;tolle;;;;;;;1252.0;1835;;;;1058.0;11960.0
BUCHMEIER,HERMIT;tollen;;;;;;;3079.0;612;;;;2949.0;3372.0
BUCHMEIER,HERMIT;toller;;;;;;;2355.0;854;;;;2083.0;5189.0
BUCHMEIER,HERMIT;tolles;;;;;;;3547.0;511;;;;2374.0;4466.0
BUCHMEIER,HERMIT,LEEDS;Tom;;;;;;;967.0;2567;3448.0;19.15;;964.0;13560.0
A1,LEO739;Tomate;die;;Substantiv;fem.;https://www.dwds.de/wb/Tomate;0.0;;;;;;;
BUCHMEIER,HERMIT;Tomaten;;;;;;;9187.0;144;;;;7596.0;1009.0
BUCHMEIER,HERMIT;Tommy;;;;;;;2022.0;1032;;;;1634.0;7118.0
BUCHMEIER,HERMIT,LEEDS,LEIPZIG;Ton;;;;;;;2666.0;731;1274.0;59.46;2444.0;2462.0;4264.0
LEEDS,LEIPZIG;Tonne;;;;;;;;;2901.0;23.81;7790.0;;
BUCHMEIER,HERMIT,LEIPZIG;Tonnen;;;;;;;8465.0;160;;;1094.0;7508.0;1026.0
BUCHMEIER,HERMIT;Tony;;;;;;;1382.0;1601;;;;1370.0;8834.0
BUCHMEIER,HERMIT,LEEDS;Top;;;;;;;8246.0;166;3186.0;21.08;;5524.0;1513.0
A2,BUCHMEIER,BW1,HERMIT;Topf;der;Töpfe;Substantiv;mask.;https://www.dwds.de/wb/Topf;0.0;8245.0;166;;;;7941.0;951.0
B1,BUCHMEIER,BW1,HERMIT,LEEDS,LEIPZIG;Tor;das;;Substantiv;neutr.;https://www.dwds.de/wb/Tor#1;0.0;1728.0;1235;1572.0;48.22;1810.0;1768.0;6382.0
BUCHMEIER,HERMIT,LEIPZIG;Tore;;;;;;;8244.0;166;;;2129.0;6293.0;1290.0
LEO739;Tornister;der;;Substantiv;;;;;;;;;;
A2,BUCHMEIER,HERMIT;Torte;die;;Substantiv;fem.;https://www.dwds.de/wb/Torte;0.0;6614.0;223;;;;6100.0;1343.0
A1,BUCHMEIER,FEHLER300,HERMIT,LEEDS,LEIPZIG,LEO739,NRW422;tot;;;Adjektiv;;https://www.dwds.de/wb/tot;0.0;302.0;10264;1529.0;49.92;2372.0;275.0;64995.0
A2,BUCHMEIER,HERMIT,LEEDS,LEIPZIG;total;;;Adjektiv;;https://www.dwds.de/wb/total;0.0;942.0;2633;1429.0;53.02;4423.0;741.0;18569.0
BUCHMEIER,HERMIT,LEIPZIG;totale;;;;;;;7856.0;177;;;9922.0;6312.0;1284.0
B1,BUCHMEIER,HERMIT,LEEDS,LEIPZIG;Tote;;;Substantiv;fem., mask.;https://www.dwds.de/wb/Tote;0.0;3141.0;598;2051.0;36.24;3941.0;1805.0;6250.0
BUCHMEIER,HERMIT,LEIPZIG;Toten;;;;;;;2067.0;1008;;;2848.0;1233.0;10039.0
BUCHMEIER,HERMIT;toter;;;;;;;4694.0;353;;;;3626.0;2598.0
A2,BUCHMEIER,HERMIT,LEEDS,LEIPZIG;Tour;die;;Substantiv;fem.;https://www.dwds.de/wb/Tour;0.0;3952.0;442;2511.0;28.59;4127.0;3178.0;3060.0
B1,LEEDS,LEIPZIG;Tourismus;der;;Substantiv;mask.;https://www.dwds.de/wb/Tourismus;0.0;;;4471.0;13.59;4154.0;;
A2,LEEDS;Tourist;der;;Substantiv;mask.;https://www.dwds.de/wb/Tourist;0.0;;;3629.0;17.84;;;
BUCHMEIER,HERMIT,LEIPZIG;Touristen;;;;;;;8358.0;163;;;2446.0;6848.0;1150.0
A2;Touristin;die;;Substantiv;fem.;https://www.dwds.de/wb/Touristin;0.0;;;;;;;
BUCHMEIER,HERMIT;Tower;;;;;;;9657.0;135;;;;7219.0;1078.0
BUCHMEIER,HERMIT;Tracy;;;;;;;4323.0;391;;;;3972.0;2319.0
B1,BUCHMEIER,HERMIT,LEEDS,LEIPZIG;Tradition;die;;Substantiv;fem.;https://www.dwds.de/wb/Tradition;0.0;4946.0;330;1178.0;64.4;1599.0;4215.0;2155.0
B1,LEEDS,LEIPZIG;traditionell;;;Adjektiv;;https://www.dwds.de/wb/traditionell;0.0;;;1099.0;69.24;5099.0;;
BUCHMEIER,HERMIT,LEIPZIG;traf;;;;;;;2002.0;1048;;;2234.0;1700.0;6778.0
BUCHMEIER,HERMIT,LEIPZIG;trafen;;;;;;;3860.0;455;;;4178.0;3386.0;2848.0
BUCHMEIER,HERMIT;trag;;;;;;;8826.0;152;;;;6632.0;1206.0
BUCHMEIER,HERMIT,LEIPZIG;trage;;;;;;;2539.0;777;;;7675.0;2117.0;5095.0
A2,BUCHMEIER,HERMIT,LEEDS,LEIPZIG,LEO739,NRW422;tragen;;;Verb;;https://www.dwds.de/wb/tragen;0.0;911.0;2741;302.0;235.2;968.0;823.0;16425.0
BUCHMEIER,HERMIT,LEIPZIG;Tragödie;;;;;;;4861.0;338;;;5888.0;4666.0;1894.0
B1,BUCHMEIER,HERMIT,LEEDS,LEIPZIG;Trainer;der;;Substantiv;mask.;https://www.dwds.de/wb/Trainer;0.0;4838.0;340;2605.0;27.35;580.0;4181.0;2176.0
B1;Trainerin;die;;Substantiv;fem.;https://www.dwds.de/wb/Trainerin;0.0;;;;;;;
A2,BUCHMEIER,HERMIT,LEEDS,LEIPZIG;trainieren;;;Verb;;https://www.dwds.de/wb/trainieren;0.0;4607.0;361;4303.0;14.23;7448.0;4110.0;2223.0
BUCHMEIER,HERMIT,LEIPZIG;trainiert;;;;;;;4885.0;336;;;6755.0;4642.0;1903.0
A2,BUCHMEIER,HERMIT,LEEDS,LEIPZIG;Training;das;;Substantiv;neutr.;https://www.dwds.de/wb/Training;0.0;3615.0;495;2627.0;27.06;2670.0;3165.0;3076.0
B1;Tram;die;;Substantiv;fem., neutr.;https://www.dwds.de/wb/Tram#1;0.0;;;;;;;
BUCHMEIER,HERMIT;trank;;;;;;;8464.0;160;;;;4640.0;1904.0
LEEDS,LEIPZIG;Transparenz;;;;;;;;;4068.0;15.33;7079.0;;
B1,BUCHMEIER,HERMIT,LEEDS,LEIPZIG;Transport;der;;Substantiv;mask.;https://www.dwds.de/wb/Transport;0.0;6749.0;217;2741.0;25.58;3235.0;5745.0;1442.0
BUCHMEIER,HERMIT;Transporter;;;;;;;8728.0;154;;;;6375.0;1270.0
B1,HERMIT,LEEDS,LEIPZIG;transportieren;;;Verb;;https://www.dwds.de/wb/transportieren;0.0;;;3947.0;16.04;7874.0;8521.0;866.0
BUCHMEIER,HERMIT,LEIPZIG;trat;;;;;;;6883.0;211;;;1710.0;5764.0;1438.0
BUCHMEIER,HERMIT;traue;;;;;;;5719.0;270;;;;4526.0;1964.0
BUCHMEIER,HERMIT,LEEDS,LEIPZIG;trauen;;;;;;;2597.0;755;3172.0;21.22;8277.0;2259.0;4748.0
BUCHMEIER,HERMIT,LEEDS,LEIPZIG;Trauer;;;;;;;4937.0;331;4489.0;13.51;6407.0;4362.0;2067.0
A2,BUCHMEIER,BW1,HERMIT,LEEDS,LEIPZIG;Traum;der;Träume, träumen;Substantiv;mask.;https://www.dwds.de/wb/Traum;0.0;968.0;2565;1254.0;60.34;2245.0;976.0;13300.0
A2,BUCHMEIER,BW3,FEHLER300,HERMIT,LEEDS,LEIPZIG;traurig;;Traurigkeit;Adjektiv;;https://www.dwds.de/wb/traurig;0.0;1416.0;1560;2182.0;33.8;6745.0;1204.0;10364.0
BUCHMEIER,HERMIT;traurige;;;;;;;6775.0;216;;;;3530.0;2684.0
BUCHMEIER,HERMIT;traust;;;;;;;8163.0;168;;;;6588.0;1217.0
BUCHMEIER,HERMIT,LEIPZIG;traut;;;;;;;9141.0;145;;;8675.0;6872.0;1145.0
BUCHMEIER,HERMIT;Travis;;;;;;;5398.0;291;;;;3935.0;2352.0
BUCHMEIER,HERMIT;treffe;;;;;;;2577.0;762;;;;2214.0;4846.0
A1,BUCHMEIER,BW1,HERMIT,LEEDS,LEIPZIG;treffen;;du triffst, ich traf;Verb;;https://www.dwds.de/wb/treffen;0.0;598.0;4876;288.0;244.19;1052.0;415.0;38758.0
BUCHMEIER,HERMIT,LEIPZIG;Treffer;;;;;;;4258.0;400;;;4341.0;3953.0;2336.0
B1,BUCHMEIER,HERMIT,LEIPZIG;Treffpunkt;der;;Substantiv;mask.;https://www.dwds.de/wb/Treffpunkt;0.0;6982.0;207;;;4386.0;7205.0;1081.0
B1,BUCHMEIER,HERMIT,LEEDS,LEIPZIG;treiben;;;Verb;;https://www.dwds.de/wb/treiben;0.0;3586.0;500;1166.0;65.0;3696.0;2590.0;4006.0
BUCHMEIER,HERMIT;treibst;;;;;;;5770.0;267;;;;5215.0;1626.0
BUCHMEIER,HERMIT,LEIPZIG;treibt;;;;;;;3325.0;554;;;3506.0;2788.0;3629.0
LEEDS,LEIPZIG;Trend;;;;;;;;;2168.0;34.06;1748.0;;
B1,BUCHMEIER,HERMIT,LEEDS,LEIPZIG;trennen;;;Verb;;https://www.dwds.de/wb/trennen;0.0;2892.0;664;1547.0;49.01;3803.0;2457.0;4272.0
HERMIT,LEIPZIG;trennt;;;;;;;;;;;8476.0;9740.0;725.0
B1,BUCHMEIER,HERMIT,LEEDS,LEIPZIG;Trennung;die;;Substantiv;fem.;https://www.dwds.de/wb/Trennung;0.0;6280.0;239;2213.0;33.14;3044.0;5083.0;1685.0
A1,BUCHMEIER,BW1,HERMIT,LEEDS,LEIPZIG,LEO739,NRW422;Treppe;die;;Substantiv;fem.;https://www.dwds.de/wb/Treppe;0.0;3012.0;631;3403.0;19.45;8249.0;2672.0;3853.0
BUCHMEIER,HERMIT;Treppen;;;;;;;8356.0;163;;;;8783.0;829.0
B1;Treppenhaus;das;;Substantiv;neutr.;https://www.dwds.de/wb/Treppenhaus;0.0;;;;;;;
BUCHMEIER,HERMIT;Tresor;;;;;;;9019.0;148;;;;6613.0;1210.0
BUCHMEIER,HERMIT;trete;;;;;;;6161.0;245;;;;5460.0;1537.0
B1,BUCHMEIER,HERMIT,LEEDS,LEIPZIG;treten;;;Verb;;https://www.dwds.de/wb/treten;0.0;2155.0;954;345.0;204.34;1535.0;1611.0;7234.0
B1,BUCHMEIER,BW3,HERMIT,LEEDS,LEIPZIG;treu;;;Adjektiv;;https://www.dwds.de/wb/treu;0.0;5016.0;324;2810.0;24.79;6979.0;3912.0;2368.0
BUCHMEIER,HERMIT,LEIPZIG;Treue;;;;;;;6266.0;240;;;8714.0;4324.0;2090.0
BUCHMEIER,HERMIT;Trevor;;;;;;;8629.0;156;;;;6045.0;1361.0
BUCHMEIER,HERMIT,LEEDS,LEIPZIG;Trick;;;;;;;2445.0;808;4157.0;14.96;9414.0;2261.0;4745.0
BUCHMEIER,HERMIT,LEIPZIG;Tricks;;;;;;;4150.0;415;;;8479.0;3861.0;2407.0
HERMIT,LEIPZIG;trieb;;;;;;;;;;;8015.0;8050.0;935.0
BUCHMEIER,HERMIT;triffst;;;;;;;4677.0;355;;;;3694.0;2541.0
BUCHMEIER,FEHLER300,HERMIT,LEIPZIG;trifft;;;;;;;1847.0;1153;;;1318.0;1613.0;7227.0
FEHLER200,FEHLER400;Trilogie;;;;;;;;;;;;;
BUCHMEIER,HERMIT;Trink;;;;;;;3247.0;572;;;;2029.0;5405.0
BUCHMEIER,HERMIT;trinke;;;;;;;3024.0;630;;;;2549.0;4096.0
A1,BUCHMEIER,BW3,HERMIT,LEEDS,LEIPZIG,LEO739,NRW422;trinken;;du trinkst, ich trank, Getränk;Verb;;https://www.dwds.de/wb/trinken;0.0;781.0;3362;1446.0;52.39;5365.0;585.0;26484.0
B1,BUCHMEIER,HERMIT;Trinkgeld;das;;Substantiv;neutr.;https://www.dwds.de/wb/Trinkgeld;0.0;5923.0;259;;;;5248.0;1612.0
BUCHMEIER,HERMIT;trinkst;;;;;;;5063.0;320;;;;3835.0;2430.0
BUCHMEIER,HERMIT;trinkt;;;;;;;3502.0;521;;;;2594.0;3999.0
BUCHMEIER,HERMIT;Trip;;;;;;;8628.0;156;;;;5471.0;1533.0
BUCHMEIER,HERMIT,LEIPZIG;Tritt;;;;;;;2741.0;707;;;1288.0;2258.0;4751.0
FEHLER200,FEHLER400,LEIPZIG;Triumph;;;;;;;;;;;5599.0;;
FEHLER400;triumphieren;;;;;;;;;;;;;
A2,BUCHMEIER,BW3,HERMIT,LEEDS,LEIPZIG;trocken;;;Adjektiv;;https://www.dwds.de/wb/trocken;0.0;4505.0;371;2815.0;24.72;7885.0;4019.0;2280.0
B1;trocknen;;;Verb;;https://www.dwds.de/wb/trocknen;0.0;;;;;;;
B1,BUCHMEIER,HERMIT;Tropfen;der;;Substantiv;mask.;https://www.dwds.de/wb/Tropfen;0.0;5769.0;267;;;;4467.0;2005.0
BUCHMEIER,HERMIT,LEIPZIG;Trost;;;;;;;5922.0;259;;;6076.0;4736.0;1855.0
BUCHMEIER,HERMIT;Trottel;;;;;;;2283.0;878;;;;2226.0;4819.0
B1;Trottoir;das;;Substantiv;neutr.;https://www.dwds.de/wb/Trottoir;0.0;;;;;;;
B1,BUCHMEIER,HERMIT,LEEDS,LEIPZIG;trotz;;;Präposition;;https://www.dwds.de/wb/trotz;0.0;3753.0;469;426.0;167.46;506.0;2135.0;5054.0
B1,BUCHMEIER,BW3,HERMIT,LEEDS,LEIPZIG;trotzdem;;;Konjunktion;;https://www.dwds.de/wb/trotzdem;0.0;913.0;2735;597.0;121.09;1307.0;669.0;21476.0
BUCHMEIER,HERMIT;Troy;;;;;;;7424.0;191;;;;4795.0;1828.0
BUCHMEIER,HERMIT;Truck;;;;;;;3650.0;489;;;;3000.0;3310.0
BUCHMEIER,HERMIT,LEIPZIG;trug;;;;;;;3318.0;556;;;2556.0;2431.0;4335.0
HERMIT,LEIPZIG;trugen;;;;;;;;;;;5472.0;8707.0;840.0
BUCHMEIER,HERMIT,LEEDS,LEIPZIG;Truppe;;;;;;;5296.0;299;1754.0;42.68;4084.0;4531.0;1960.0
BUCHMEIER,HERMIT,LEIPZIG;Truppen;;;;;;;2867.0;669;;;1694.0;3084.0;3190.0
BUCHMEIER,HERMIT;Truthahn;;;;;;;7130.0;202;;;;6843.0;1150.0
BUCHMEIER,LEEDS,LEIPZIG;Träger;;;;;;;9923.0;130;2416.0;30.05;4055.0;;
BUCHMEIER,HERMIT;trägst;;;;;;;2823.0;680;;;;2616.0;3947.0
BUCHMEIER,HERMIT,LEIPZIG,LEO739,NRW422;trägt;;;;;;;1641.0;1308;;;1088.0;1540.0;7679.0
B1,BW3,LEEDS;Träne;die;;Substantiv;fem.;https://www.dwds.de/wb/Tr%C3%A4ne;0.0;;;2918.0;23.58;;;
BUCHMEIER,HERMIT,LEIPZIG;Tränen;;;;;;;2719.0;716;;;4707.0;2832.0;3540.0
BUCHMEIER,HERMIT,LEIPZIG;Träume;;;;;;;2051.0;1016;;;5414.0;1552.0;7609.0
A2,BUCHMEIER,HERMIT,LEEDS,LEIPZIG;träumen;;;Verb;;https://www.dwds.de/wb/tr%C3%A4umen;0.0;4587.0;363;2745.0;25.52;6104.0;2467.0;4252.0
BUCHMEIER,HERMIT,LEIPZIG;träumt;;;;;;;8357.0;163;;;8764.0;7295.0;1063.0
BUCHMEIER,HERMIT;träumte;;;;;;;7342.0;194;;;;6684.0;1190.0
BUCHMEIER,BW3,HERMIT;trösten;;du tröstest, Trost;;;;;9432.0;139;;;;8194.0;913.0
BUCHMEIER,HERMIT;Tschuldigung;;;;;;;9489.0;138;;;;5762.0;1438.0
BUCHMEIER,HERMIT;Tschüs;;;;;;;4475.0;374;;;;2405.0;4402.0
A1,BUCHMEIER,HERMIT;Tschüss;;;Interjektion;;https://www.dwds.de/wb/Tsch%C3%BCss;0.0;1802.0;1186;;;;1060.0;11927.0
BUCHMEIER,HERMIT;Tu;;;;;;;1034.0;2344;;;;568.0;27733.0
B1,BUCHMEIER,HERMIT;Tuch;das;;Substantiv;neutr.;https://www.dwds.de/wb/Tuch;0.0;9140.0;145;;;;7640.0;1001.0
BUCHMEIER,HERMIT;tue;;;;;;;818.0;3129;;;;634.0;23560.0
HERMIT,LEEDS;Tugend;;;;;;;;;4390.0;13.88;;9333.0;767.0
LEO739;Tulpe;die;;Substantiv;;;;;;;;;;
BUCHMEIER,HERMIT;Tumor;;;;;;;6725.0;218;;;;6579.0;1218.0
A1,BUCHMEIER,HERMIT,LEEDS,LEIPZIG,LEO739,NRW422;tun;;;Verb;;https://www.dwds.de/wb/tun;0.0;106.0;33788;144.0;490.58;417.0;103.0;219102.0
BUCHMEIER,HERMIT,LEIPZIG;Tunnel;;;;;;;3279.0;564;;;5168.0;3068.0;3212.0
BUCHMEIER,HERMIT;Turk;;;;;;;3089.0;609;;;;9822.0;717.0
B1,BUCHMEIER,HERMIT,LEEDS,LEIPZIG,LEO739;Turm;der;;Substantiv;mask.;https://www.dwds.de/wb/Turm;0.0;5069.0;319;3724.0;17.29;6328.0;4899.0;1768.0
BW1;turnen;;du turnst;;;;;;;;;;;
BUCHMEIER,HERMIT;Turner;;;;;;;4945.0;330;;;;5208.0;1629.0
BUCHMEIER,FEHLER400,HERMIT,LEIPZIG;Turnier;;;;;;;8424.0;161;;;3745.0;8044.0;936.0
BUCHMEIER,HERMIT;Turtle;;;;;;;3214.0;579;;;;8427.0;878.0
BUCHMEIER,HERMIT;Tussi;;;;;;;7854.0;177;;;;7153.0;1091.0
BUCHMEIER,HERMIT;tust;;;;;;;657.0;4389;;;;584.0;26635.0
BUCHMEIER,HERMIT,LEIPZIG;tut;;;;;;;188.0;17501;;;1484.0;131.0;172752.0
BUCHMEIER,HERMIT,LEEDS,LEIPZIG;TV;;;;;;;3011.0;631;3485.0;18.83;3897.0;4012.0;2287.0
B1;twittern;;;Verb;;https://www.dwds.de/wb/twittern;0.0;;;;;;;
BUCHMEIER,HERMIT;Tyler;;;;;;;4201.0;408;;;;2922.0;3403.0
B1,BUCHMEIER,HERMIT,LEEDS,LEIPZIG;Typ;der;;Substantiv;mask.;https://www.dwds.de/wb/Typ;0.0;516.0;5728;2350.0;31.02;2764.0;565.0;27983.0
BUCHMEIER,HERMIT,LEIPZIG;Typen;;;;;;;743.0;3680;;;6618.0;756.0;18217.0
A2,BUCHMEIER,HERMIT,LEEDS,LEIPZIG;typisch;;;Adjektiv;;https://www.dwds.de/wb/typisch;0.0;5385.0;292;1390.0;54.34;5496.0;3683.0;2549.0
BUCHMEIER,BW3,HERMIT,LEEDS,LEIPZIG;täglich;;Tag, Tage;;;;;3597.0;498;809.0;92.7;1035.0;2972.0;3340.0
BUCHMEIER,HERMIT,LEIPZIG;Tänzer;;;;;;;8729.0;154;;;7053.0;8238.0;906.0
BUCHMEIER,HERMIT;Tänzerin;;;;;;;9292.0;142;;;;7758.0;982.0
BUCHMEIER,HERMIT;täte;;;;;;;6517.0;228;;;;5299.0;1594.0
B1,BUCHMEIER,HERMIT,LEEDS,LEIPZIG;Täter;der;;Substantiv;mask.;https://www.dwds.de/wb/T%C3%A4ter;0.0;4202.0;408;1902.0;38.97;1048.0;2598.0;3984.0
B1;Täterin;die;;Substantiv;fem.;https://www.dwds.de/wb/T%C3%A4terin;0.0;;;;;;;
BUCHMEIER,HERMIT,LEEDS,LEIPZIG;tätig;;;;;;;9658.0;135;1465.0;51.89;1628.0;8769.0;831.0
B1,LEEDS,LEIPZIG;Tätigkeit;die;;Substantiv;fem.;https://www.dwds.de/wb/T%C3%A4tigkeit;0.0;;;943.0;79.86;2252.0;;
BUCHMEIER,HERMIT,LEEDS;täuschen;;;;;;;5439.0;288;4177.0;14.87;;4354.0;2074.0
BUCHMEIER,HERMIT,LEIPZIG;Töchter;;;;;;;5742.0;269;;;5830.0;4276.0;2120.0
B1,BUCHMEIER,HERMIT,LEEDS,LEIPZIG;tödlich;;;Adjektiv;;https://www.dwds.de/wb/t%C3%B6dlich;0.0;6184.0;244;3525.0;18.61;6283.0;5007.0;1720.0
BUCHMEIER,HERMIT,LEIPZIG;tödlichen;;;;;;;9997.0;129;;;7635.0;9421.0;758.0
HERMIT,LEIPZIG;Töne;;;;;;;;;;;4237.0;9338.0;766.0
BUCHMEIER,HERMIT;töte;;;;;;;2247.0;898;;;;1716.0;6681.0
BUCHMEIER,HERMIT,LEEDS,LEIPZIG;töten;;;;;;;408.0;7277;1312.0;57.31;6410.0;389.0;42735.0
BUCHMEIER,HERMIT;tötest;;;;;;;5753.0;268;;;;5680.0;1463.0
BUCHMEIER,HERMIT;tötet;;;;;;;2287.0;877;;;;1596.0;7312.0
BUCHMEIER,HERMIT;tötete;;;;;;;2878.0;666;;;;2665.0;3866.0
BUCHMEIER,HERMIT;töteten;;;;;;;6640.0;222;;;;6088.0;1347.0
LEEDS,LEIPZIG;Tübingen;;;;;;;;;4232.0;14.6;4923.0;;
A2,BUCHMEIER,BW1,HERMIT,LEEDS,LEIPZIG;Tür;die;;Substantiv;fem.;https://www.dwds.de/wb/T%C3%BCr;0.0;469.0;6301;917.0;82.65;1920.0;401.0;41457.0
BUCHMEIER,HERMIT,LEIPZIG;Türen;;;;;;;2649.0;738;;;3269.0;2498.0;4179.0
LEEDS,LEIPZIG;Türkei;;;;;;;;;1649.0;45.45;1189.0;;
B1,BUCHMEIER,HERMIT,LEO739;Tüte;die;;Substantiv;fem.;https://www.dwds.de/wb/T%C3%BCte;0.0;5982.0;256;;;;5381.0;1563.0
B1,BUCHMEIER,HERMIT,LEEDS,LEIPZIG;Ufer;das;;Substantiv;neutr.;https://www.dwds.de/wb/Ufer;0.0;8781.0;153;3508.0;18.73;5184.0;6174.0;1326.0
BUCHMEIER,HERMIT;Uh;;;;;;;1533.0;1421;;;;1438.0;8414.0
A1,BUCHMEIER,BW3,FEHLER300,HERMIT,LEEDS,LEIPZIG,LEO739,NRW422;Uhr;die;;Substantiv;fem.;https://www.dwds.de/wb/Uhr;0.0;441.0;6735;171.0;397.73;89.0;368.0;46117.0
BUCHMEIER,HERMIT,LEIPZIG;Uhren;;;;;;;9390.0;140;;;9840.0;8870.0;818.0
LEO739,NRW422;Uhu;der;;Substantiv;;;;;;;;;;
LEEDS,LEIPZIG;Ukraine;;;;;;;;;4083.0;15.26;3498.0;;
LEEDS,LEIPZIG;Ulm;;;;;;;;;4963.0;11.75;5413.0;;
LEEDS,LEIPZIG;Ulrich;;;;;;;;;3117.0;21.78;3820.0;;
A1,BUCHMEIER,BW1,HERMIT,LEEDS,LEIPZIG,LEO739,NRW111;um;;;Präposition;;https://www.dwds.de/wb/um#1;0.0;69.0;61210;36.0;2572.95;36.0;63.0;417759.0
B1,BUCHMEIER,HERMIT;umarmen;;;Verb;;https://www.dwds.de/wb/umarmen;0.0;5905.0;260;;;;5487.0;1525.0
BUCHMEIER,HERMIT;Umarmung;;;;;;;9348.0;141;;;;7766.0;981.0
LEEDS,LEIPZIG;Umbau;;;;;;;;;4806.0;12.28;3570.0;;
BUCHMEIER,HERMIT,LEEDS;umbringen;;;;;;;923.0;2687;4503.0;13.47;;861.0;15552.0
BUCHMEIER,HERMIT;umbringt;;;;;;;6684.0;220;;;;6231.0;1308.0
B1,BUCHMEIER,HERMIT;umdrehen;;;Verb;;https://www.dwds.de/wb/umdrehen;0.0;5278.0;301;;;;3306.0;2935.0
LEEDS,LEIPZIG;Umfang;;;;;;;;;1561.0;48.57;2133.0;;
LEEDS,LEIPZIG;umfassen;;;;;;;;;1601.0;46.94;7771.0;;
LEEDS,LEIPZIG;Umfeld;;;;;;;;;2179.0;33.86;2628.0;;
B1,LEEDS,LEIPZIG;Umfrage;die;;Substantiv;fem.;https://www.dwds.de/wb/Umfrage;0.0;;;2634.0;26.95;3022.0;;
BUCHMEIER,HERMIT,LEEDS,LEIPZIG;Umgang;;;;;;;9922.0;130;1065.0;71.29;1778.0;7399.0;1047.0
BUCHMEIER,HERMIT,LEEDS,LEIPZIG;umgeben;;;;;;;6368.0;235;3622.0;17.88;6646.0;5070.0;1692.0
BUCHMEIER,HERMIT,LEIPZIG;umgebracht;;;;;;;999.0;2418;;;8040.0;896.0;14878.0
B1,BUCHMEIER,HERMIT,LEEDS,LEIPZIG;Umgebung;die;;Substantiv;fem.;https://www.dwds.de/wb/Umgebung;0.0;3553.0;509;1403.0;53.98;1728.0;3849.0;2416.0
B1,BUCHMEIER,HERMIT,LEEDS,LEIPZIG;umgehen;;;Verb;;https://www.dwds.de/wb/umgehen;0.0;2639.0;741;1654.0;45.4;4658.0;2383.0;4453.0
BUCHMEIER,HERMIT,LEEDS,LEIPZIG;umgehend;;;;;;;7495.0;188;4996.0;11.65;5612.0;7267.0;1069.0
B1,BUCHMEIER,HERMIT,LEEDS,LEIPZIG;umgekehrt;;;partizipiales Adjektiv;;https://www.dwds.de/wb/umgekehrt;0.0;8582.0;157;1732.0;43.19;3788.0;5933.0;1389.0
BUCHMEIER,HERMIT;umgelegt;;;;;;;6980.0;207;;;;6678.0;1192.0
BUCHMEIER,HERMIT;umher;;;;;;;8541.0;158;;;;8186.0;914.0
BUCHMEIER,HERMIT;umkehren;;;;;;;7102.0;203;;;;7320.0;1060.0
BUCHMEIER,HERMIT;Umkreis;;;;;;;7894.0;176;;;;7904.0;957.0
BUCHMEIER,HERMIT;umlegen;;;;;;;5590.0;278;;;;5591.0;1492.0
B1;Umleitung;die;;Substantiv;fem.;https://www.dwds.de/wb/Umleitung;0.0;;;;;;;
BUCHMEIER,HERMIT,LEEDS,LEIPZIG;ums;;;;;;;2782.0;695;2783.0;25.08;1647.0;2283.0;4700.0
LEEDS,LEIPZIG;Umsatz;;;;;;;;;2094.0;35.51;549.0;;
BUCHMEIER,HERMIT;Umschlag;;;;;;;7013.0;206;;;;5647.0;1473.0
BUCHMEIER,HERMIT;umsehen;;;;;;;7787.0;179;;;;6337.0;1278.0
LEEDS,LEIPZIG;umsetzen;;;;;;;;;1369.0;55.26;6434.0;;
LEEDS,LEIPZIG;Umsetzung;;;;;;;;;1506.0;50.59;2418.0;;
B1,BUCHMEIER,HERMIT,LEEDS,LEIPZIG;umso;;;Konjunktion;;https://www.dwds.de/wb/umso;0.0;5823.0;264;3181.0;21.13;9553.0;3691.0;2543.0
B1,BUCHMEIER,HERMIT,LEEDS,LEIPZIG;umsonst;;;Adverb;;https://www.dwds.de/wb/umsonst;0.0;2172.0;941;4191.0;14.83;6354.0;2050.0;5283.0
LEEDS,LEIPZIG;Umstand;;;;;;;;;881.0;84.88;6921.0;;
A2;umsteigen;;;Verb;;https://www.dwds.de/wb/umsteigen;0.0;;;;;;;
LEEDS,LEIPZIG;umstritten;;;;;;;;;2764.0;25.27;4333.0;;
BUCHMEIER,HERMIT,LEIPZIG;Umstände;;;;;;;4129.0;417;;;5786.0;3215.0;3019.0
BUCHMEIER,HERMIT,LEIPZIG;Umständen;;;;;;;3819.0;460;;;2917.0;3156.0;3084.0
B1;Umtausch;der;;Substantiv;mask.;https://www.dwds.de/wb/Umtausch;0.0;;;;;;;
B1;umtauschen;;;Verb;;https://www.dwds.de/wb/umtauschen;0.0;;;;;;;
B1,HERMIT,LEEDS,LEIPZIG;Umwelt;die;;Substantiv;fem.;https://www.dwds.de/wb/Umwelt;0.0;;;1457.0;52.07;1705.0;9150.0;787.0
B1,LEIPZIG;Umweltschutz;der;;Substantiv;mask.;https://www.dwds.de/wb/Umweltschutz;0.0;;;;;3449.0;;
B1;Umweltverschmutzung;die;;Substantiv;fem.;https://www.dwds.de/wb/Umweltverschmutzung;0.0;;;;;;;
BUCHMEIER,HERMIT;umwerfend;;;;;;;7101.0;203;;;;5086.0;1680.0
A1,BUCHMEIER,HERMIT;umziehen;;;Verb;;https://www.dwds.de/wb/umziehen;0.0;4860.0;338;;;;3680.0;2551.0
BUCHMEIER,HERMIT;umzingelt;;;;;;;8970.0;149;;;;8902.0;815.0
BUCHMEIER,HERMIT;umzubringen;;;;;;;2905.0;661;;;;2765.0;3663.0
A2,HERMIT,LEIPZIG;Umzug;der;;Substantiv;mask.;https://www.dwds.de/wb/Umzug;0.0;;;;;3697.0;8734.0;836.0
HERMIT,LEIPZIG;umzugehen;;;;;;;;;;;9329.0;8875.0;817.0
HERMIT,LEEDS,LEIPZIG;un;;;;;;;;;3981.0;15.83;4577.0;6084.0;1348.0
BUCHMEIER,HERMIT,LEEDS,LEIPZIG;unabhängig;;;;;;;9347.0;141;815.0;91.7;2257.0;6702.0;1186.0
LEEDS,LEIPZIG;Unabhängigkeit;;;;;;;;;2893.0;23.88;2606.0;;
BUCHMEIER,HERMIT,LEEDS;unangenehm;;;;;;;4149.0;415;3350.0;19.83;;3962.0;2329.0
BUCHMEIER,HERMIT;unauffällig;;;;;;;8355.0;163;;;;7590.0;1009.0
A2,BUCHMEIER,HERMIT,LEEDS,LEIPZIG;unbedingt;;;Adjektiv;;https://www.dwds.de/wb/unbedingt;0.0;1232.0;1870;955.0;79.02;1625.0;1071.0;11830.0
BUCHMEIER,HERMIT,LEEDS,LEIPZIG;unbekannt;;;;;;;7786.0;179;1600.0;46.95;5593.0;5275.0;1603.0
HERMIT,LEIPZIG;unbekannte;;;;;;;;;;;5204.0;5612.0;1483.0
HERMIT,LEIPZIG;unbekannten;;;;;;;;;;;5439.0;5963.0;1382.0
A1,BUCHMEIER,BW1,HERMIT,LEEDS,LEIPZIG,LEO739,NRW111;und;;;Konjunktion;;https://www.dwds.de/wb/und;0.0;10.0;255151;2.0;22510.74;3.0;9.0;2289891.0
FEHLER200,FEHLER400,HERMIT,LEEDS;unendlich;;;;;;;;;2594.0;27.51;;7094.0;1101.0
FEHLER200,FEHLER400;unentgeltlich;;;;;;;;;;;;;
B1;unentschieden;;;Adjektiv;;https://www.dwds.de/wb/unentschieden;0.0;;;;;;;
BUCHMEIER,HERMIT;unerträglich;;;;;;;9921.0;130;;;;7346.0;1057.0
BUCHMEIER,HERMIT,LEEDS,LEIPZIG;unerwartet;;;;;;;8423.0;161;3930.0;16.13;7193.0;8072.0;932.0
BUCHMEIER,HERMIT;unfair;;;;;;;4944.0;330;;;;4453.0;2017.0
A2,BUCHMEIER,HERMIT,LEEDS,LEIPZIG;Unfall;der;;Substantiv;mask.;https://www.dwds.de/wb/Unfall;0.0;1273.0;1798;2538.0;28.19;2445.0;1092.0;11449.0
BUCHMEIER,HERMIT;unfähig;;;;;;;9346.0;141;;;;7819.0;972.0
BUCHMEIER,HERMIT,LEIPZIG;Unfälle;;;;;;;9605.0;136;;;6797.0;8540.0;863.0
LEEDS,LEIPZIG;Ungarn;;;;;;;;;3134.0;21.61;2315.0;;
BUCHMEIER,HERMIT;ungeduldig;;;;;;;9050.0;147;;;;8779.0;829.0
B1,BUCHMEIER,FEHLER300,HERMIT,LEEDS,LEIPZIG;ungefähr;;;Adjektiv;;https://www.dwds.de/wb/ungef%C3%A4hr;0.0;1730.0;1234;1675.0;44.67;2809.0;1413.0;8567.0
BUCHMEIER,HERMIT,LEEDS,LEO739,NRW422;Ungeheuer;das;;Substantiv;;;;8061.0;171;3489.0;18.82;;5451.0;1540.0
BUCHMEIER,HERMIT;ungerecht;;;;;;;7250.0;198;;;;7255.0;1071.0
BUCHMEIER,HERMIT;ungern;;;;;;;4456.0;376;;;;3387.0;2847.0
B1,BUCHMEIER,HERMIT,LEEDS,LEIPZIG;ungewöhnlich;;;Adjektiv;;https://www.dwds.de/wb/ungew%C3%B6hnlich;0.0;4777.0;345;2478.0;29.02;4316.0;3618.0;2604.0
BUCHMEIER,HERMIT,LEIPZIG;ungewöhnliche;;;;;;;9762.0;133;;;7262.0;9140.0;788.0
B1,BUCHMEIER,HERMIT,LEEDS,LEIPZIG;unglaublich;;;Adjektiv;;https://www.dwds.de/wb/unglaublich;0.0;1229.0;1873;2359.0;30.8;8269.0;866.0;15444.0
BUCHMEIER,HERMIT;unglaubliche;;;;;;;6514.0;228;;;;6062.0;1355.0
B1,BUCHMEIER,HERMIT,LEEDS,LEIPZIG;Unglück;das;;Substantiv;neutr.;https://www.dwds.de/wb/Ungl%C3%BCck;0.0;3756.0;468;3745.0;17.1;4142.0;3217.0;3018.0
BUCHMEIER,HERMIT,LEEDS;unglücklich;;;;;;;4297.0;394;3985.0;15.8;;3335.0;2900.0
BUCHMEIER,HERMIT;Unglücklicherweise;;;;;;;7460.0;189;;;;7472.0;1033.0
BUCHMEIER,HERMIT;ungut;;;;;;;7396.0;192;;;;5114.0;1664.0
B1,BUCHMEIER,HERMIT,LEEDS,LEIPZIG;unheimlich;;;Adjektiv;;https://www.dwds.de/wb/unheimlich;0.0;3461.0;528;4533.0;13.34;9592.0;3242.0;2998.0
BUCHMEIER,HERMIT;unhöflich;;;;;;;4370.0;386;;;;3695.0;2541.0
BUCHMEIER,HERMIT,LEEDS,LEIPZIG;Uni;;;;;;;3974.0;439;2420.0;29.99;4249.0;3461.0;2758.0
B1,BUCHMEIER,HERMIT,LEIPZIG;Uniform;die;;Substantiv;fem.;https://www.dwds.de/wb/Uniform;0.0;3485.0;524;;;9803.0;2964.0;3351.0
BUCHMEIER,HERMIT;Uniformen;;;;;;;9049.0;147;;;;8477.0;872.0
BUCHMEIER,HERMIT,LEEDS,LEIPZIG;Union;;;;;;;9993.0;129;790.0;95.23;1083.0;8777.0;830.0
LEEDS,LEIPZIG;University;;;;;;;;;2945.0;23.29;8769.0;;
A2,BUCHMEIER,HERMIT,LEEDS,LEIPZIG;Universität;die;;Substantiv;fem.;https://www.dwds.de/wb/Universit%C3%A4t;0.0;4251.0;401;432.0;165.95;759.0;3698.0;2539.0
BUCHMEIER,HERMIT,LEEDS;Universum;;;;;;;2946.0;651;3458.0;19.03;;2979.0;3332.0
BUCHMEIER,HERMIT;Universums;;;;;;;5981.0;256;;;;7181.0;1086.0
HERMIT,LEEDS,LEIPZIG;unklar;;;;;;;;;3157.0;21.43;3284.0;8780.0;829.0
LEEDS,LEIPZIG;unmittelbar;;;;;;;;;784.0;95.74;1969.0;;
BUCHMEIER,HERMIT,LEEDS,LEIPZIG;unmöglich;;;;;;;1192.0;1937;1481.0;51.29;2921.0;912.0;14555.0
BUCHMEIER,HERMIT,LEEDS,LEIPZIG;unnötig;;;;;;;6470.0;230;3570.0;18.24;9103.0;5420.0;1552.0
LEEDS,LEIPZIG;UNO;;;;;;;;;4594.0;13.14;3432.0;;
BUCHMEIER,HERMIT,LEEDS,LEIPZIG;Unrecht;;;;;;;3517.0;518;3505.0;18.76;4646.0;2571.0;4053.0
BUCHMEIER,BW1,HERMIT,LEIPZIG,LEO739,NRW111;uns;;;;;;;49.0;83376;;;160.0;48.0;523604.0
BUCHMEIER,HERMIT,LEIPZIG;Unschuld;;;;;;;6706.0;219;;;7498.0;4832.0;1804.0
BUCHMEIER,HERMIT,LEEDS;unschuldig;;;;;;;2803.0;690;4817.0;12.22;;2005.0;5469.0
BUCHMEIER,HERMIT;unschuldige;;;;;;;7129.0;202;;;;4090.0;2234.0
BUCHMEIER,HERMIT;unschuldigen;;;;;;;9138.0;145;;;;4878.0;1775.0
A1,BUCHMEIER,HERMIT,LEEDS,LEIPZIG;unser;;;Possessivpronomen;;https://www.dwds.de/wb/unser#1;0.0;354.0;8409;78.0;1103.25;1054.0;262.0;68722.0
BUCHMEIER,HERMIT,LEIPZIG;unsere;;;;;;;252.0;12727;;;519.0;191.0;98478.0
BUCHMEIER,HERMIT,LEIPZIG;unserem;;;;;;;864.0;2908;;;1674.0;718.0;19459.0
BUCHMEIER,HERMIT,LEIPZIG;unseren;;;;;;;716.0;3879;;;1465.0;589.0;26378.0
BUCHMEIER,HERMIT,LEIPZIG;unserer;;;;;;;614.0;4748;;;707.0;526.0;30644.0
BUCHMEIER,HERMIT,LEIPZIG;unseres;;;;;;;1919.0;1097;;;2760.0;1556.0;7568.0
BUCHMEIER,HERMIT,LEEDS,LEIPZIG;unsicher;;;;;;;5305.0;298;3599.0;18.09;7652.0;5533.0;1511.0
LEEDS,LEIPZIG;Unsicherheit;;;;;;;;;3660.0;17.66;5477.0;;
BUCHMEIER,HERMIT,LEEDS;unsichtbar;;;;;;;5573.0;279;4121.0;15.12;;5398.0;1557.0
BUCHMEIER,HERMIT,LEIPZIG;Unsinn;;;;;;;1491.0;1468;;;7960.0;1451.0;8340.0
BUCHMEIER,HERMIT;unsterblich;;;;;;;9289.0;142;;;;7646.0;1000.0
FEHLER200,FEHLER400;unsympathisch;;;;;;;;;;;;;
A1,BUCHMEIER,BW1,HERMIT,LEEDS,LEIPZIG;unten;;;Adverb;;https://www.dwds.de/wb/unten;0.0;666.0;4312;887.0;84.4;1609.0;575.0;27259.0
A1,BUCHMEIER,BW3,HERMIT,LEEDS,LEIPZIG,LEO739,NRW111;unter;;;Präposition;;https://www.dwds.de/wb/unter#1;0.0;315.0;9616;74.0;1139.39;76.0;271.0;66173.0
B1,BUCHMEIER,HERMIT,LEEDS;unterbrechen;;;Verb;;https://www.dwds.de/wb/unterbrechen;0.0;4983.0;327;2839.0;24.47;;4348.0;2077.0
BUCHMEIER,HERMIT,LEIPZIG;unterbrochen;;;;;;;6444.0;231;;;5374.0;5850.0;1413.0
LEEDS,LEIPZIG;unterdessen;;;;;;;;;4580.0;13.16;2125.0;;
LEEDS,LEIPZIG;Unterdrückung;;;;;;;;;3866.0;16.46;8531.0;;
LEEDS,LEIPZIG;untereinander;;;;;;;;;3052.0;22.31;5471.0;;
BUCHMEIER,HERMIT,LEIPZIG;unteren;;;;;;;9873.0;131;;;4440.0;9300.0;771.0
BUCHMEIER,HERMIT,LEEDS,LEIPZIG;Untergang;;;;;;;8162.0;168;4801.0;12.29;6515.0;7419.0;1042.0
BUCHMEIER,HERMIT;untergehen;;;;;;;8391.0;162;;;;8233.0;906.0
HERMIT,LEIPZIG;Untergrund;;;;;;;;;;;7014.0;9760.0;724.0
LEEDS,LEIPZIG;unterhalb;;;;;;;;;4295.0;14.28;5584.0;;
A2,BUCHMEIER,HERMIT,LEEDS,LEIPZIG;unterhalten;;;Verb;;https://www.dwds.de/wb/unterhalten#1;0.0;1905.0;1109;2063.0;36.02;4868.0;1564.0;7512.0
B1,BUCHMEIER,HERMIT,LEEDS,LEIPZIG;Unterhaltung;die;;Substantiv;fem.;https://www.dwds.de/wb/Unterhaltung;0.0;3174.0;591;3453.0;19.11;4920.0;2712.0;3777.0
BUCHMEIER,HERMIT;Unterhose;;;;;;;8825.0;152;;;;9673.0;733.0
A2,BUCHMEIER,HERMIT,LEEDS,LEIPZIG;Unterkunft;die;;Substantiv;fem.;https://www.dwds.de/wb/Unterkunft;0.0;8540.0;158;4922.0;11.89;6841.0;7629.0;1003.0
B1,LEEDS;Unterlage;die;;Substantiv;fem.;https://www.dwds.de/wb/Unterlage;0.0;;;3051.0;22.33;;;
BUCHMEIER,HERMIT,LEIPZIG;Unterlagen;;;;;;;4769.0;346;;;3888.0;3568.0;2651.0
B1;unterlassen;;;Verb;;https://www.dwds.de/wb/unterlassen;0.0;;;;;;;
LEEDS,LEIPZIG;unterliegen;;;;;;;;;2464.0;29.28;8986.0;;
BUCHMEIER,HERMIT,LEIPZIG;unterm;;;;;;;7752.0;180;;;7614.0;5750.0;1440.0
A2,BUCHMEIER,HERMIT,LEEDS,LEIPZIG;unternehmen;;;Verb;;https://www.dwds.de/wb/unternehmen;0.0;2676.0;729;300.0;235.77;178.0;1551.0;7630.0
B1,LEEDS,LEIPZIG;Unternehmer;der;;Substantiv;mask.;https://www.dwds.de/wb/Unternehmer;0.0;;;2268.0;32.4;2066.0;;
B1;Unternehmerin;die;;Substantiv;fem.;https://www.dwds.de/wb/Unternehmerin;0.0;;;;;;;
HERMIT,LEIPZIG;unternommen;;;;;;;;;;;5924.0;8611.0;852.0
A1,BUCHMEIER,HERMIT,LEEDS,LEIPZIG;Unterricht;der;;Substantiv;mask.;https://www.dwds.de/wb/Unterricht;0.0;3611.0;496;1564.0;48.48;3854.0;2944.0;3383.0
B1,BUCHMEIER,HERMIT,LEEDS;unterrichten;;;Verb;;https://www.dwds.de/wb/unterrichten;0.0;6137.0;247;3035.0;22.5;;5153.0;1649.0
BUCHMEIER,HERMIT,LEIPZIG;unterrichtet;;;;;;;7494.0;188;;;6185.0;6634.0;1205.0
B1,LEIPZIG;untersagt;;;partizipiales Adjektiv;;https://www.dwds.de/wb/untersagt;0.0;;;;;6295.0;;
B1,BUCHMEIER,HERMIT,LEEDS,LEIPZIG;unterscheiden;;;Verb;;https://www.dwds.de/wb/unterscheiden;0.0;5614.0;276;837.0;90.01;3049.0;5689.0;1461.0
BUCHMEIER,HERMIT,LEIPZIG;unterscheidet;;;;;;;8780.0;153;;;4233.0;9417.0;758.0
A2,BUCHMEIER,HERMIT,LEEDS,LEIPZIG;Unterschied;der;;Substantiv;mask.;https://www.dwds.de/wb/Unterschied;0.0;1771.0;1204;661.0;110.79;2171.0;1598.0;7311.0
B1,LEEDS,LEIPZIG;unterschiedlich;;;Adjektiv;;https://www.dwds.de/wb/unterschiedlich;0.0;;;399.0;181.31;3357.0;;
BUCHMEIER,HERMIT,LEIPZIG;unterschiedliche;;;;;;;8422.0;161;;;2286.0;8543.0;863.0
A1,BUCHMEIER,HERMIT,LEEDS;unterschreiben;;;Verb;;https://www.dwds.de/wb/unterschreiben;0.0;3227.0;577;3810.0;16.73;;2354.0;4517.0
BUCHMEIER,HERMIT,LEIPZIG;unterschrieben;;;;;;;4760.0;347;;;6084.0;4027.0;2277.0
A1,BUCHMEIER,HERMIT,LEEDS,LEIPZIG;Unterschrift;die;;Substantiv;fem.;https://www.dwds.de/wb/Unterschrift;0.0;5255.0;303;4044.0;15.51;6877.0;4415.0;2042.0
BUCHMEIER,HERMIT;unterschätzt;;;;;;;8021.0;172;;;;8381.0;885.0
B1,LEEDS;unterstreichen;;;Verb;;https://www.dwds.de/wb/unterstreichen;0.0;;;3638.0;17.79;;;
B1,BUCHMEIER,HERMIT,LEEDS,LEIPZIG;unterstützen;;;Verb;;https://www.dwds.de/wb/unterst%C3%BCtzen;0.0;3328.0;553;465.0;154.8;1805.0;2658.0;3877.0
BUCHMEIER,HERMIT,LEIPZIG;unterstützt;;;;;;;4314.0;392;;;1266.0;3819.0;2442.0
B1,BUCHMEIER,HERMIT,LEEDS,LEIPZIG;Unterstützung;die;;Substantiv;fem.;https://www.dwds.de/wb/Unterst%C3%BCtzung;0.0;2698.0;720;610.0;119.25;859.0;2273.0;4721.0
A2,BUCHMEIER,HERMIT,LEEDS,LEIPZIG;untersuchen;;;Verb;;https://www.dwds.de/wb/untersuchen;0.0;3050.0;621;1127.0;67.46;4538.0;2215.0;4846.0
BUCHMEIER,HERMIT,LEIPZIG;untersucht;;;;;;;4513.0;370;;;2388.0;3349.0;2878.0
B1,BUCHMEIER,HERMIT,LEEDS,LEIPZIG;Untersuchung;die;;Substantiv;fem.;https://www.dwds.de/wb/Untersuchung;0.0;3000.0;635;664.0;110.26;1670.0;2397.0;4422.0
BUCHMEIER,HERMIT,LEIPZIG;Untersuchungen;;;;;;;7459.0;189;;;2001.0;6505.0;1235.0
BUCHMEIER,HERMIT;Untertitel;;;;;;;1391.0;1586;;;;1320.0;9224.0
A2,BUCHMEIER,HERMIT,LEEDS,LEIPZIG;unterwegs;;;Adverb;;https://www.dwds.de/wb/unterwegs;0.0;1169.0;2001;1873.0;39.71;2153.0;954.0;13693.0
BUCHMEIER,HERMIT;Unterwelt;;;;;;;9992.0;129;;;;8602.0;853.0
BUCHMEIER,HERMIT;Unterwäsche;;;;;;;4164.0;413;;;;4460.0;2011.0
HERMIT,LEEDS;unterzeichnen;;;;;;;;;3341.0;19.9;;7839.0;968.0
BUCHMEIER,HERMIT,LEIPZIG;unterzeichnet;;;;;;;9288.0;142;;;3704.0;7778.0;978.0
BUCHMEIER,HERMIT,LEIPZIG;Unverständlich;;;;;;;9094.0;146;;;9784.0;5842.0;1416.0
BUCHMEIER,HERMIT,LEEDS,LEIPZIG;unverzüglich;;;;;;;9430.0;139;4590.0;13.14;9173.0;7815.0;973.0
LEEDS,LEIPZIG;unverändert;;;;;;;;;3725.0;17.26;2841.0;;
BUCHMEIER,HERMIT,LEIPZIG;unwahrscheinlich;;;;;;;9137.0;145;;;6005.0;5481.0;1528.0
BUCHMEIER,HERMIT;unwichtig;;;;;;;4859.0;338;;;;3806.0;2450.0
LEEDS,LEIPZIG;unzureichend;;;;;;;;;3932.0;16.11;6935.0;;
BUCHMEIER,HERMIT,LEEDS;up;;;;;;;7814.0;178;4391.0;13.88;;5120.0;1662.0
B1;Urkunde;die;;Substantiv;fem.;https://www.dwds.de/wb/Urkunde;0.0;;;;;;;
A1,BUCHMEIER,BW3,HERMIT,LEEDS,LEIPZIG,LEO739,NRW422;Urlaub;der;Urlaube;Substantiv;mask.;https://www.dwds.de/wb/Urlaub;0.0;2364.0;849;2044.0;36.34;2243.0;1735.0;6564.0
B1,BUCHMEIER,HERMIT,LEEDS,LEIPZIG;Ursache;die;;Substantiv;fem.;https://www.dwds.de/wb/Ursache;0.0;3534.0;515;1004.0;75.62;2011.0;3102.0;3162.0
BUCHMEIER,HERMIT,LEEDS,LEIPZIG;Ursprung;;;;;;;8060.0;171;2712.0;25.83;7527.0;9811.0;718.0
B1,BUCHMEIER,HERMIT,LEEDS,LEIPZIG;ursprünglich;;;Adjektiv;;https://www.dwds.de/wb/urspr%C3%BCnglich;0.0;5877.0;261;971.0;77.63;1788.0;7822.0;972.0
B1,BUCHMEIER,HERMIT,LEEDS,LEIPZIG;Urteil;das;;Substantiv;neutr.;https://www.dwds.de/wb/Urteil;0.0;3914.0;448;919.0;82.52;948.0;2923.0;3402.0
BUCHMEIER,HERMIT;urteilen;;;;;;;9487.0;138;;;;5959.0;1383.0
BUCHMEIER,HERMIT,LEEDS,LEIPZIG;US;;;;;;;3624.0;494;3650.0;17.7;9171.0;5644.0;1474.0
BUCHMEIER,HERMIT,LEEDS,LEIPZIG;USA;;;;;;;2340.0;861;308.0;230.91;241.0;2349.0;4525.0
LEEDS,LEIPZIG;usw;;;;;;;;;4696.0;12.73;5827.0;;
LEEDS,LEIPZIG;Uwe;;;;;;;;;4084.0;15.26;3985.0;;
HERMIT,LEIPZIG;vage;;;;;;;;;;;9203.0;9940.0;706.0
BUCHMEIER,HERMIT;Vagina;;;;;;;9809.0;132;;;;7475.0;1032.0
BUCHMEIER,HERMIT;Valentinstag;;;;;;;9233.0;143;;;;8084.0;929.0
BUCHMEIER,HERMIT;Valerie;;;;;;;9551.0;137;;;;8111.0;925.0
BUCHMEIER,HERMIT;Valley;;;;;;;6063.0;251;;;;7273.0;1067.0
BUCHMEIER,HERMIT,LEO739,NRW422;Vampir;der;;Substantiv;;;;3152.0;596;;;;3032.0;3270.0
BUCHMEIER,HERMIT;Vampire;;;;;;;4082.0;425;;;;3471.0;2745.0
BUCHMEIER,HERMIT,LEEDS,LEIPZIG;Van;;;;;;;1833.0;1161;3248.0;20.62;5964.0;1875.0;5986.0
LEEDS,LEIPZIG;Variante;;;;;;;;;2085.0;35.66;2999.0;;
B1,BW1,HERMIT;Vase;die;;Substantiv;fem.;https://www.dwds.de/wb/Vase;0.0;;;;;;9986.0;702.0
A1,BUCHMEIER,BW1,FEHLER300,HERMIT,LEEDS,LEIPZIG,LEO739,NRW422;Vater;der;Väter;Substantiv;mask.;https://www.dwds.de/wb/Vater;0.0;201.0;16542;347.0;202.26;655.0;178.0;109048.0
BUCHMEIER,HERMIT,LEIPZIG;Vaters;;;;;;;1532.0;1421;;;3572.0;1323.0;9219.0
BUCHMEIER,HERMIT;Vati;;;;;;;9093.0;146;;;;7940.0;951.0
BUCHMEIER,HERMIT;Vaughn;;;;;;;4876.0;337;;;;8628.0;851.0
BUCHMEIER,HERMIT;Vegas;;;;;;;2975.0;642;;;;3426.0;2797.0
B1;vegetarisch;;;Adjektiv;;https://www.dwds.de/wb/vegetarisch;0.0;;;;;;;
B1;Velo;das;;Substantiv;neutr.;https://www.dwds.de/wb/Velo;0.0;;;;;;;
HERMIT,LEIPZIG;Venedig;;;;;;;;;;;6450.0;7277.0;1066.0
BUCHMEIER,HERMIT;Vera;;;;;;;9287.0;142;;;;5986.0;1375.0
A2;verabreden;;;Verb;;https://www.dwds.de/wb/verabreden;0.0;;;;;;;
BUCHMEIER,HERMIT;verabredet;;;;;;;4411.0;381;;;;3885.0;2390.0
B1,BUCHMEIER,HERMIT;Verabredung;die;;Substantiv;fem.;https://www.dwds.de/wb/Verabredung;0.0;3416.0;536;;;;3302.0;2938.0
B1,BUCHMEIER,HERMIT,LEEDS,LEIPZIG;verabschieden;;;Verb;;https://www.dwds.de/wb/verabschieden;0.0;3973.0;439;1830.0;40.73;6262.0;3023.0;3283.0
BUCHMEIER,HERMIT,LEIPZIG;verabschiedet;;;;;;;7852.0;177;;;2383.0;7945.0;950.0
BUCHMEIER,HERMIT;Veranda;;;;;;;8913.0;150;;;;7089.0;1102.0
BUCHMEIER,HERMIT,LEEDS,LEIPZIG;veranstalten;;;;;;;9602.0;136;3068.0;22.17;7999.0;8309.0;897.0
LEEDS,LEIPZIG;Veranstalter;;;;;;;;;3472.0;18.94;2186.0;;
A2,BUCHMEIER,HERMIT,LEEDS,LEIPZIG;Veranstaltung;die;;Substantiv;fem.;https://www.dwds.de/wb/Veranstaltung;0.0;9286.0;142;903.0;83.38;1536.0;8666.0;846.0
HERMIT,LEIPZIG;verantworten;;;;;;;;;;;4943.0;9723.0;728.0
B1,BUCHMEIER,HERMIT,LEEDS,LEIPZIG;verantwortlich;;;Adjektiv;;https://www.dwds.de/wb/verantwortlich;0.0;1508.0;1443;1013.0;74.83;1169.0;1391.0;8704.0
B1,BUCHMEIER,HERMIT,LEEDS,LEIPZIG;Verantwortung;die;;Substantiv;fem.;https://www.dwds.de/wb/Verantwortung;0.0;1899.0;1114;872.0;85.95;1145.0;1680.0;6897.0
HERMIT,LEEDS,LEIPZIG;verarbeiten;;;;;;;;;3188.0;21.07;9401.0;8241.0;905.0
LEEDS,LEIPZIG;Verarbeitung;;;;;;;;;4034.0;15.58;4797.0;;
BUCHMEIER,HERMIT;verarschen;;;;;;;3389.0;541;;;;2946.0;3380.0
BUCHMEIER,HERMIT;verarscht;;;;;;;5334.0;296;;;;4846.0;1793.0
HERMIT,LEEDS,LEIPZIG;Verband;;;;;;;;;1545.0;49.12;1602.0;7575.0;1013.0
BUCHMEIER,HERMIT,LEEDS,LEIPZIG;verbergen;;;;;;;4148.0;415;2280.0;32.13;7579.0;3401.0;2831.0
B1,BUCHMEIER,HERMIT,LEEDS,LEIPZIG;verbessern;;;Verb;;https://www.dwds.de/wb/verbessern;0.0;5397.0;291;1007.0;75.37;2152.0;4994.0;1725.0
BUCHMEIER,HERMIT,LEEDS,LEIPZIG;verbessert;;;;;;;9345.0;141;4275.0;14.4;2355.0;8071.0;932.0
BUCHMEIER,LEEDS,LEIPZIG;Verbesserung;;;;;;;8912.0;150;1317.0;57.16;2614.0;;
A2,BW3,FEHLER300,HERMIT,LEEDS,LEIPZIG,LEO739,NRW422;verbieten;;du verbietest, ich verbat, Verbot;Verb;;https://www.dwds.de/wb/verbieten;0.0;;;1276.0;59.38;6507.0;8283.0;901.0
B1,BUCHMEIER,HERMIT,LEEDS,LEIPZIG;verbinden;;;Verb;;https://www.dwds.de/wb/verbinden;0.0;5781.0;266;652.0;112.75;3780.0;3600.0;2620.0
BUCHMEIER,HERMIT,LEIPZIG;verbindet;;;;;;;7301.0;196;;;3592.0;6046.0;1360.0
B1,BUCHMEIER,HERMIT,LEEDS,LEIPZIG;Verbindung;die;;Substantiv;fem.;https://www.dwds.de/wb/Verbindung;0.0;1333.0;1685;601.0;120.01;1345.0;1115.0;11226.0
BUCHMEIER,HERMIT,LEIPZIG;Verbindungen;;;;;;;5843.0;263;;;3550.0;4912.0;1763.0
BUCHMEIER,HERMIT,LEIPZIG;verbirgt;;;;;;;9428.0;139;;;6861.0;9363.0;763.0
BUCHMEIER,HERMIT,LEIPZIG;verborgen;;;;;;;9708.0;134;;;8436.0;8020.0;940.0
B1,LEEDS,LEIPZIG;Verbot;das;;Substantiv;neutr.;https://www.dwds.de/wb/Verbot;0.0;;;2353.0;30.93;3247.0;;
A1,BUCHMEIER,HERMIT,LEIPZIG;verboten;;;partizipiales Adjektiv;;https://www.dwds.de/wb/verboten;0.0;2751.0;702;;;2180.0;2091.0;5167.0
BUCHMEIER,HERMIT,LEIPZIG;verbracht;;;;;;;2979.0;641;;;9150.0;2775.0;3652.0
BUCHMEIER,HERMIT,LEIPZIG;verbrachte;;;;;;;6923.0;209;;;8757.0;5458.0;1538.0
BUCHMEIER,HERMIT,LEIPZIG;verbrannt;;;;;;;3958.0;441;;;7980.0;3043.0;3252.0
B1;verbrauchen;;;Verb;;https://www.dwds.de/wb/verbrauchen;0.0;;;;;;;
LEEDS,LEIPZIG;Verbraucher;;;;;;;;;2980.0;22.94;2461.0;;
BUCHMEIER,HERMIT,LEEDS,LEIPZIG;Verbrechen;;;;;;;1774.0;1202;2003.0;37.0;2369.0;1494.0;8009.0
B1,BUCHMEIER,HERMIT;Verbrecher;der;;Substantiv;mask.;https://www.dwds.de/wb/Verbrecher;0.0;2691.0;723;;;;3006.0;3304.0
B1;Verbrecherin;die;;Substantiv;fem.;https://www.dwds.de/wb/Verbrecherin;0.0;;;;;;;
BUCHMEIER,HERMIT,LEEDS,LEIPZIG;verbreiten;;;;;;;6316.0;237;1661.0;45.2;7524.0;5991.0;1374.0
BUCHMEIER,HERMIT,LEEDS,LEIPZIG;verbreitet;;;;;;;6683.0;220;2992.0;22.82;3251.0;6291.0;1290.0
LEEDS,LEIPZIG;Verbreitung;;;;;;;;;2455.0;29.39;5375.0;;
B1,BUCHMEIER,BW3,HERMIT,LEEDS;verbrennen;;du verbrennst, ich verbrannte, Verbrennung;Verb;;https://www.dwds.de/wb/verbrennen;0.0;4270.0;398;4029.0;15.61;;3313.0;2927.0
BUCHMEIER,HERMIT;verbrennt;;;;;;;9232.0;143;;;;7148.0;1093.0
B1,BUCHMEIER,HERMIT,LEEDS,LEIPZIG;verbringen;;;Verb;;https://www.dwds.de/wb/verbringen;0.0;2076.0;999;1629.0;46.09;5859.0;1630.0;7162.0
BUCHMEIER,HERMIT;verbringt;;;;;;;9486.0;138;;;;6622.0;1208.0
BUCHMEIER,HERMIT,LEEDS,LEIPZIG;verbunden;;;;;;;2523.0;782;1439.0;52.61;1422.0;2442.0;4307.0
HERMIT,LEIPZIG;Verbündeten;;;;;;;;;;;8797.0;8956.0;809.0
B1,BUCHMEIER,HERMIT,LEEDS,LEIPZIG;Verdacht;der;;Substantiv;mask.;https://www.dwds.de/wb/Verdacht;0.0;3957.0;441;2493.0;28.84;1725.0;3028.0;3273.0
BUCHMEIER,HERMIT,LEIPZIG;Verdammt;;;;;;;496.0;5936;;;9231.0;324.0;52499.0
BUCHMEIER,HERMIT;verdammte;;;;;;;1215.0;1894;;;;922.0;14325.0
BUCHMEIER,HERMIT;verdammten;;;;;;;1477.0;1487;;;;1442.0;8398.0
BUCHMEIER,HERMIT;verdammter;;;;;;;2664.0;733;;;;1855.0;6057.0
BUCHMEIER,HERMIT;verdammtes;;;;;;;3403.0;538;;;;3044.0;3250.0
BUCHMEIER,HERMIT,LEEDS,LEIPZIG;verdanken;;;;;;;5451.0;287;3059.0;22.24;4304.0;5224.0;1623.0
BUCHMEIER,HERMIT;verderben;;;;;;;6979.0;207;;;;4621.0;1914.0
BUCHMEIER,HERMIT;verdiene;;;;;;;4162.0;413;;;;3504.0;2714.0
A1,BUCHMEIER,HERMIT,LEEDS,LEIPZIG;verdienen;;;Verb;;https://www.dwds.de/wb/verdienen;0.0;1953.0;1075;1074.0;70.75;2511.0;1562.0;7519.0
BUCHMEIER,HERMIT,LEEDS,LEIPZIG;verdienst;;;;;;;5225.0;306;4043.0;15.52;8060.0;3274.0;2962.0
BUCHMEIER,HERMIT,LEIPZIG;verdient;;;;;;;1178.0;1958;;;1809.0;892.0;14961.0
HERMIT,LEIPZIG;verdiente;;;;;;;;;;;8776.0;9838.0;716.0
LEEDS,LEIPZIG,LEO739,NRW422;verdoppeln;;;;;;;;;4731.0;12.58;8587.0;;
BUCHMEIER,HERMIT;verdorben;;;;;;;7893.0;176;;;;6644.0;1202.0
B1,BUCHMEIER,HERMIT;verdächtig;;;Adjektiv;;https://www.dwds.de/wb/verd%C3%A4chtig;0.0;6279.0;239;;;;5329.0;1583.0
BUCHMEIER,HERMIT;Verdächtige;;;;;;;5346.0;295;;;;4161.0;2197.0
BUCHMEIER,HERMIT;Verdächtigen;;;;;;;4541.0;367;;;;2721.0;3763.0
BUCHMEIER,HERMIT;Verdächtiger;;;;;;;9485.0;138;;;;7151.0;1091.0
A1,BW3,LEEDS,LEIPZIG;Verein;der;du vergisst, ich vergaß, vergesslich;Substantiv;mask.;https://www.dwds.de/wb/Verein;0.0;;;963.0;78.67;842.0;;
A2,LEEDS,LEIPZIG;vereinbaren;;;Verb;;https://www.dwds.de/wb/vereinbaren;0.0;;;2366.0;30.68;8438.0;;
BUCHMEIER,HERMIT,LEIPZIG;vereinbart;;;;;;;8539.0;158;;;2725.0;7312.0;1061.0
BUCHMEIER,HERMIT,LEEDS,LEIPZIG;Vereinbarung;;;;;;;6443.0;231;2295.0;31.9;2712.0;5259.0;1608.0
BUCHMEIER,HERMIT,LEEDS,LEIPZIG;vereinen;;;;;;;9427.0;139;4055.0;15.39;5776.0;8785.0;829.0
BUCHMEIER,HERMIT;Vereinigten;;;;;;;3927.0;445;;;;3741.0;2496.0
LEEDS,LEIPZIG;Vereinigung;;;;;;;;;2274.0;32.28;2136.0;;
BUCHMEIER,HERMIT,LEIPZIG;vereint;;;;;;;7012.0;206;;;7750.0;5018.0;1716.0
BUCHMEIER,HERMIT,LEEDS,LEIPZIG;Verfahren;;;;;;;7442.0;190;687.0;107.83;724.0;4002.0;2296.0
LEEDS,LEIPZIG;verfallen;;;;;;;;;4139.0;15.02;8065.0;;
LEEDS,LEIPZIG;Verfasser;;;;;;;;;3336.0;19.92;6077.0;;
BUCHMEIER,HERMIT,LEEDS,LEIPZIG;Verfassung;;;;;;;4875.0;337;1519.0;50.14;1829.0;4870.0;1780.0
HERMIT,LEIPZIG;verfehlt;;;;;;;;;;;7926.0;8798.0;827.0
BUCHMEIER,HERMIT;verfickte;;;;;;;9991.0;129;;;;9154.0;787.0
BUCHMEIER,HERMIT;verflucht;;;;;;;3791.0;463;;;;2099.0;5136.0
BUCHMEIER,HERMIT;verfluchte;;;;;;;6265.0;240;;;;3973.0;2318.0
BUCHMEIER,HERMIT;verfluchten;;;;;;;9285.0;142;;;;6615.0;1209.0
BUCHMEIER,HERMIT,LEEDS,LEIPZIG;verfolgen;;;;;;;2094.0;988;953.0;79.17;3674.0;1976.0;5581.0
BUCHMEIER,HERMIT,LEIPZIG;verfolgt;;;;;;;2169.0;943;;;2314.0;1846.0;6078.0
BUCHMEIER,HERMIT,LEEDS,LEIPZIG;Verfolgung;;;;;;;9231.0;143;2808.0;24.8;4698.0;9281.0;772.0
BUCHMEIER,HERMIT,LEEDS,LEIPZIG;verfügbar;;;;;;;9656.0;135;1756.0;42.58;6243.0;8242.0;905.0
LEEDS,LEIPZIG;verfügen;;;;;;;;;890.0;84.35;2928.0;;
BUCHMEIER,HERMIT,LEEDS,LEIPZIG;Verfügung;;;;;;;3984.0;438;518.0;141.05;542.0;2963.0;3354.0
BUCHMEIER,HERMIT;verführen;;;;;;;9808.0;132;;;;8109.0;925.0
BUCHMEIER,HERMIT,LEEDS,LEIPZIG;vergangen;;;;;;;4815.0;342;648.0;113.37;8610.0;5201.0;1631.0
HERMIT,LEIPZIG;vergangenen;;;;;;;;;;;204.0;7581.0;1012.0
B1,BUCHMEIER,HERMIT,LEEDS,LEIPZIG;Vergangenheit;die;;Substantiv;fem.;https://www.dwds.de/wb/Vergangenheit;0.0;1463.0;1508;937.0;80.46;806.0;1301.0;9406.0
BUCHMEIER,HERMIT;vergaß;;;;;;;5004.0;325;;;;4152.0;2202.0
BUCHMEIER,HERMIT;vergebe;;;;;;;9284.0;142;;;;8638.0;848.0
BUCHMEIER,HERMIT,LEEDS,LEIPZIG;vergeben;;;;;;;2498.0;788;2251.0;32.6;2233.0;2132.0;5058.0
B1,LEEDS,LEIPZIG;vergeblich;;;Adjektiv;;https://www.dwds.de/wb/vergeblich;0.0;;;3643.0;17.76;3273.0;;
BUCHMEIER,HERMIT;Vergebung;;;;;;;6043.0;252;;;;4742.0;1853.0
HERMIT,LEEDS;vergehen;;;;;;;;;2550.0;28.03;;4992.0;1726.0
BUCHMEIER,HERMIT;vergeht;;;;;;;6340.0;236;;;;5163.0;1645.0
BUCHMEIER,HERMIT;Vergeltung;;;;;;;8242.0;166;;;;8250.0;904.0
BUCHMEIER,HERMIT;vergesse;;;;;;;4665.0;356;;;;3517.0;2699.0
A2,BUCHMEIER,HERMIT,LEEDS,LEIPZIG,LEO739,NRW422;vergessen;;;Verb;;https://www.dwds.de/wb/vergessen;0.0;413.0;7164;716.0;104.35;1392.0;355.0;47889.0
BUCHMEIER,HERMIT;Vergesst;;;;;;;5514.0;282;;;;3860.0;2409.0
BUCHMEIER,HERMIT;vergeuden;;;;;;;7622.0;184;;;;7194.0;1082.0
BUCHMEIER,HERMIT;vergewaltigt;;;;;;;5241.0;304;;;;3896.0;2381.0
BUCHMEIER,HERMIT,LEIPZIG;Vergewaltigung;;;;;;;7188.0;200;;;7463.0;5783.0;1434.0
BUCHMEIER,HERMIT;Vergib;;;;;;;6425.0;232;;;;4236.0;2140.0
BUCHMEIER,HERMIT;vergiftet;;;;;;;4628.0;359;;;;3958.0;2332.0
BUCHMEIER,HERMIT;Vergiss;;;;;;;1004.0;2400;;;;779.0;17602.0
BUCHMEIER,FEHLER300,HERMIT,LEO739,NRW422;vergisst;;;;;;;3680.0;484;;;;2890.0;3463.0
B1,BUCHMEIER,HERMIT,LEEDS,LEIPZIG;Vergleich;der;;Substantiv;mask.;https://www.dwds.de/wb/Vergleich;0.0;4943.0;330;698.0;106.7;753.0;3767.0;2479.0
LEEDS,LEIPZIG;vergleichbar;;;;;;;;;2075.0;35.86;5899.0;;
A2,BUCHMEIER,BW3,HERMIT,LEEDS,LEIPZIG;vergleichen;;du verkaufst, Verkäufer, Verkäuferin;Verb;;https://www.dwds.de/wb/vergleichen;0.0;6539.0;227;1422.0;53.32;5513.0;5801.0;1428.0
LEEDS,LEIPZIG;vergleichsweise;;;;;;;;;4254.0;14.47;4471.0;;
HERMIT,LEIPZIG;verglichen;;;;;;;;;;;4612.0;6878.0;1144.0
B1,BUCHMEIER,HERMIT,LEEDS,LEIPZIG;Vergnügen;das;;Substantiv;neutr.;https://www.dwds.de/wb/Vergn%C3%BCgen;0.0;1769.0;1205;3953.0;15.98;5708.0;1343.0;9016.0
B1;vergnügt;;;partizipiales Adjektiv;;https://www.dwds.de/wb/vergn%C3%BCgt;0.0;;;;;;;
BUCHMEIER,HERMIT;vergraben;;;;;;;5963.0;257;;;;5652.0;1471.0
B1,HERMIT,LEEDS;vergrößern;;;Verb;;https://www.dwds.de/wb/vergr%C3%B6%C3%9Fern;0.0;;;3862.0;16.47;;9314.0;769.0
B1,BUCHMEIER,HERMIT,LEEDS;verhaften;;;Verb;;https://www.dwds.de/wb/verhaften;0.0;2940.0;654;3294.0;20.26;;2363.0;4500.0
BUCHMEIER,HERMIT,LEIPZIG;verhaftet;;;;;;;1895.0;1118;;;3326.0;1473.0;8118.0
BUCHMEIER,HERMIT,LEIPZIG;Verhaftung;;;;;;;7891.0;176;;;7722.0;5667.0;1468.0
B1,BUCHMEIER,HERMIT,LEEDS,LEIPZIG;Verhalten;das;;Substantiv;neutr.;https://www.dwds.de/wb/Verhalten;0.0;3140.0;598;811.0;92.4;1642.0;1608.0;7247.0
BUCHMEIER,HERMIT,LEEDS,LEIPZIG;verhandeln;;;;;;;4455.0;376;3315.0;20.09;4000.0;3511.0;2704.0
BUCHMEIER,HERMIT,LEEDS,LEIPZIG;Verhandlung;;;;;;;4858.0;338;1335.0;56.5;5570.0;4547.0;1951.0
BUCHMEIER,HERMIT,LEIPZIG;Verhandlungen;;;;;;;7851.0;177;;;808.0;6642.0;1203.0
A1,BUCHMEIER,HERMIT,LEIPZIG;verheiratet;;;partizipiales Adjektiv;;https://www.dwds.de/wb/verheiratet;0.0;1202.0;1917;;;6544.0;970.0;13411.0
LEEDS,LEIPZIG;verhelfen;;;;;;;;;4831.0;12.16;8893.0;;
B1,BUCHMEIER,HERMIT,LEEDS,LEIPZIG;verhindern;;;Verb;;https://www.dwds.de/wb/verhindern;0.0;2254.0;893;711.0;105.04;985.0;2013.0;5445.0
BUCHMEIER,HERMIT,LEIPZIG;verhindert;;;;;;;6217.0;242;;;2181.0;5378.0;1564.0
BUCHMEIER,HERMIT;verhungern;;;;;;;7955.0;174;;;;4471.0;2001.0
BUCHMEIER,HERMIT,LEIPZIG;verhält;;;;;;;7985.0;173;;;8417.0;7644.0;1001.0
B1,BUCHMEIER,HERMIT,LEEDS,LEIPZIG;Verhältnis;das;;Substantiv;neutr.;https://www.dwds.de/wb/Verh%C3%A4ltnis;0.0;6315.0;237;510.0;143.83;1162.0;4756.0;1847.0
BUCHMEIER,HERMIT;Verhör;;;;;;;7751.0;180;;;;6052.0;1358.0
BUCHMEIER,FEHLER400,HERMIT;verhören;;;;;;;9283.0;142;;;;7814.0;973.0
BUCHMEIER,HERMIT;verhört;;;;;;;8020.0;172;;;;6686.0;1190.0
BUCHMEIER,HERMIT;verirrt;;;;;;;7850.0;177;;;;7349.0;1056.0
BUCHMEIER,HERMIT,LEEDS,LEIPZIG;Verkauf;;;;;;;5195.0;308;2016.0;36.77;1043.0;3399.0;2832.0
BUCHMEIER,HERMIT;verkaufe;;;;;;;4934.0;331;;;;4191.0;2169.0
A1,BUCHMEIER,BW3,HERMIT,LEEDS,LEIPZIG;verkaufen;;du verkleidest, Verkleidung;Verb;;https://www.dwds.de/wb/verkaufen;0.0;1165.0;2011;788.0;95.61;1470.0;931.0;14061.0
BUCHMEIER,HERMIT;verkaufst;;;;;;;8678.0;155;;;;7432.0;1039.0
BUCHMEIER,HERMIT,LEIPZIG;verkauft;;;;;;;1449.0;1527;;;988.0;1162.0;10764.0
BUCHMEIER,HERMIT,LEIPZIG;verkaufte;;;;;;;7621.0;184;;;5811.0;6762.0;1173.0
A2,BUCHMEIER,HERMIT,LEEDS,LEIPZIG,LEO739;Verkehr;der;;Substantiv;mask.;https://www.dwds.de/wb/Verkehr;0.0;4438.0;378;1897.0;39.13;1665.0;4333.0;2086.0
A2;Verkehrsmittel;das;;Substantiv;neutr.;https://www.dwds.de/wb/Verkehrsmittel;0.0;;;;;;;
B1;Verkehrszeichen;das;;Substantiv;neutr.;https://www.dwds.de/wb/Verkehrszeichen;0.0;;;;;;;
BUCHMEIER,HERMIT;verkehrt;;;;;;;7217.0;199;;;;6434.0;1253.0
BUCHMEIER,HERMIT;verklagen;;;;;;;7161.0;201;;;;5798.0;1429.0
BW3;verkleiden;;du verletzt, ich verletzte, Verletzung;;;;;;;;;;;
BUCHMEIER,HERMIT;verkleidet;;;;;;;7705.0;181;;;;6826.0;1156.0
BUCHMEIER,HERMIT;verknallt;;;;;;;5948.0;258;;;;6661.0;1197.0
A1,BUCHMEIER,HERMIT,LEEDS,LEIPZIG,LEO739,NRW422;Verkäufer;der;;Substantiv;mask.;https://www.dwds.de/wb/Verk%C3%A4ufer;0.0;7249.0;198;4037.0;15.56;7344.0;7435.0;1038.0
B1;Verkäuferin;die;;Substantiv;fem.;https://www.dwds.de/wb/Verk%C3%A4uferin;0.0;;;;;;;
HERMIT,LEEDS,LEIPZIG;verkünden;;;;;;;;;2584.0;27.67;9071.0;8578.0;858.0
B1,LEEDS,LEIPZIG;Verlag;der;;Substantiv;mask.;https://www.dwds.de/wb/Verlag;0.0;;;1076.0;70.63;1517.0;;
BUCHMEIER,HERMIT;verlange;;;;;;;4161.0;413;;;;3754.0;2485.0
B1,BUCHMEIER,HERMIT,LEEDS,LEIPZIG;verlangen;;;Verb;;https://www.dwds.de/wb/verlangen;0.0;3194.0;586;754.0;98.87;2549.0;2019.0;5428.0
BUCHMEIER,HERMIT,LEIPZIG;verlangt;;;;;;;2297.0;874;;;1261.0;1926.0;5797.0
BUCHMEIER,HERMIT;Verlass;;;;;;;5875.0;261;;;;3866.0;2403.0
BUCHMEIER,HERMIT;verlasse;;;;;;;4227.0;404;;;;3303.0;2938.0
B1,BUCHMEIER,HERMIT,LEEDS,LEIPZIG;verlassen;;;Verb;;https://www.dwds.de/wb/verlassen#1;0.0;619.0;4721;540.0;134.24;904.0;522.0;31021.0
LEEDS,LEIPZIG;Verlauf;;;;;;;;;1634.0;46.01;2404.0;;
B1,BUCHMEIER,HERMIT,LEEDS,LEIPZIG;verlaufen;;;Verb;;https://www.dwds.de/wb/verlaufen;0.0;4710.0;351;1983.0;37.37;5244.0;4368.0;2064.0
BUCHMEIER,HERMIT,LEEDS,LEIPZIG;verlegen;;;;;;;6024.0;253;2813.0;24.75;6663.0;4681.0;1884.0
BUCHMEIER,HERMIT,LEIPZIG;verlegt;;;;;;;6183.0;244;;;3724.0;5219.0;1624.0
BUCHMEIER,HERMIT,LEEDS,LEIPZIG;verleihen;;;;;;;9282.0;142;2112.0;35.17;6586.0;8920.0;813.0
A2,BUCHMEIER,BW3,HERMIT,LEEDS,LEO739,NRW422;verletzen;;du verlierst, ich verlor;Verb;;https://www.dwds.de/wb/verletzen;0.0;2537.0;778;1331.0;56.57;;2248.0;4772.0
BUCHMEIER,HERMIT,LEIPZIG;verletzt;;;;;;;935.0;2644;;;830.0;820.0;16552.0
HERMIT,LEIPZIG;Verletzte;;;;;;;;;;;7003.0;6529.0;1228.0
HERMIT,LEIPZIG;verletzten;;;;;;;;;;;8383.0;7114.0;1098.0
B1,BUCHMEIER,HERMIT,LEEDS,LEIPZIG;Verletzung;die;;Substantiv;fem.;https://www.dwds.de/wb/Verletzung;0.0;6639.0;222;2037.0;36.46;3698.0;5589.0;1492.0
BUCHMEIER,HERMIT,LEIPZIG;Verletzungen;;;;;;;5718.0;270;;;2690.0;4647.0;1902.0
A2,BUCHMEIER,HERMIT,LEEDS;verlieben;;;Verb;;https://www.dwds.de/wb/verlieben;0.0;5295.0;299;4430.0;13.71;;4928.0;1756.0
B1,BUCHMEIER,HERMIT,LEIPZIG,LEO739;verliebt;;;partizipiales Adjektiv;;https://www.dwds.de/wb/verliebt;0.0;1363.0;1643;;;7619.0;1153.0;10825.0
BUCHMEIER,HERMIT;verliere;;;;;;;3578.0;502;;;;2869.0;3487.0
A2,BUCHMEIER,BW3,HERMIT,LEEDS,LEIPZIG,LEO739,NRW422;verlieren;;du verpackst, Verpackung;Verb;;https://www.dwds.de/wb/verlieren;0.0;808.0;3203;352.0;200.34;1641.0;703.0;20125.0
B1,BUCHMEIER,HERMIT,LEIPZIG;Verlierer;der;;Substantiv;mask.;https://www.dwds.de/wb/Verlierer;0.0;4264.0;399;;;4960.0;4553.0;1949.0
BUCHMEIER,HERMIT;verlierst;;;;;;;4561.0;366;;;;4234.0;2144.0
BUCHMEIER,FEHLER300,HERMIT,LEIPZIG;verliert;;;;;;;2387.0;834;;;2528.0;2217.0;4841.0
FEHLER200,FEHLER400;Verlies;;;;;;;;;;;;;
BUCHMEIER,HERMIT,LEIPZIG;verließ;;;;;;;4257.0;400;;;4661.0;2928.0;3396.0
HERMIT,LEIPZIG;verließen;;;;;;;;;;;8887.0;8006.0;942.0
BUCHMEIER,HERMIT;verlobt;;;;;;;5842.0;263;;;;3918.0;2365.0
BUCHMEIER,HERMIT;Verlobte;;;;;;;6339.0;236;;;;5155.0;1648.0
BUCHMEIER,HERMIT;Verlobter;;;;;;;8499.0;159;;;;7633.0;1003.0
BUCHMEIER,HERMIT,LEIPZIG;verlor;;;;;;;2929.0;656;;;2003.0;2660.0;3875.0
BUCHMEIER,HERMIT,LEEDS,LEIPZIG;verloren;;;;;;;488.0;6056;4555.0;13.27;666.0;461.0;35282.0
BUCHMEIER,HERMIT;verlorene;;;;;;;8726.0;154;;;;6719.0;1182.0
HERMIT,LEIPZIG;verlorenen;;;;;;;;;;;7592.0;9020.0;800.0
B1,BUCHMEIER,HERMIT,LEEDS,LEIPZIG;Verlust;der;;Substantiv;mask.;https://www.dwds.de/wb/Verlust;0.0;3474.0;526;1241.0;60.8;1393.0;2927.0;3396.0
BUCHMEIER,HERMIT,LEIPZIG;Verluste;;;;;;;7321.0;195;;;2145.0;6617.0;1208.0
B1,LEEDS,LEIPZIG;verlängern;;;Verb;;https://www.dwds.de/wb/verl%C3%A4ngern;0.0;;;3217.0;20.85;7048.0;;
LEEDS,LEIPZIG;Verlängerung;;;;;;;;;4433.0;13.7;3732.0;;
BUCHMEIER,HERMIT;verlässt;;;;;;;2624.0;745;;;;2123.0;5077.0
HERMIT,LEIPZIG;verläuft;;;;;;;;;;;6235.0;9129.0;790.0
LEEDS,LEIPZIG;vermag;;;;;;;;;3370.0;19.69;4619.0;;
BUCHMEIER,HERMIT;vermasselt;;;;;;;4184.0;410;;;;4407.0;2045.0
LEEDS,LEIPZIG;vermehrt;;;;;;;;;3437.0;19.23;8282.0;;
B1,BUCHMEIER,HERMIT,LEEDS,LEIPZIG;vermeiden;;;Verb;;https://www.dwds.de/wb/vermeiden;0.0;4313.0;392;1177.0;64.43;2122.0;3360.0;2864.0
FEHLER200,FEHLER400,LEEDS,LEIPZIG;vermeintlich;;;;;;;;;2772.0;25.2;7230.0;;
A1;vermieten;;;Verb;;https://www.dwds.de/wb/vermieten;0.0;;;;;;;
A1,LEIPZIG;Vermieter;der;;Substantiv;mask.;https://www.dwds.de/wb/Vermieter;0.0;;;;;6573.0;;
A2;Vermieterin;die;;Substantiv;fem.;https://www.dwds.de/wb/Vermieterin;0.0;;;;;;;
B1;Vermietung;die;;Substantiv;fem.;https://www.dwds.de/wb/Vermietung;0.0;;;;;;;
BUCHMEIER,HERMIT;vermisse;;;;;;;2414.0;821;;;;2256.0;4756.0
B1,BUCHMEIER,HERMIT,LEEDS,LEO739,NRW422;vermissen;;;Verb;;https://www.dwds.de/wb/vermissen;0.0;2845.0;673;3974.0;15.87;;2463.0;4258.0
BUCHMEIER,HERMIT;vermisst;;;;;;;1714.0;1247;;;;1112.0;11248.0
BUCHMEIER,HERMIT,LEEDS,LEIPZIG;vermitteln;;;;;;;8019.0;172;1088.0;69.91;2837.0;9491.0;750.0
B1,HERMIT,LEEDS,LEIPZIG;Vermittlung;die;;Substantiv;fem.;https://www.dwds.de/wb/Vermittlung;0.0;;;2890.0;23.9;4692.0;9646.0;735.0
BUCHMEIER,HERMIT;vermute;;;;;;;3870.0;454;;;;2790.0;3627.0
B1,BUCHMEIER,HERMIT,LEEDS,LEIPZIG;vermuten;;;Verb;;https://www.dwds.de/wb/vermuten;0.0;7849.0;177;1720.0;43.73;3977.0;6103.0;1343.0
BUCHMEIER,HERMIT,LEIPZIG;vermutet;;;;;;;7011.0;206;;;2492.0;6426.0;1255.0
B1,BUCHMEIER,HERMIT,LEEDS,LEIPZIG;vermutlich;;;Adjektiv;;https://www.dwds.de/wb/vermutlich;0.0;2424.0;818;1247.0;60.56;1249.0;1168.0;10690.0
BUCHMEIER,HERMIT,LEEDS,LEIPZIG;Vermutung;;;;;;;8580.0;157;3964.0;15.92;7211.0;6699.0;1187.0
BUCHMEIER,HERMIT,LEEDS,LEIPZIG;Vermögen;;;;;;;4141.0;416;2880.0;23.95;3380.0;2774.0;3652.0
LEEDS,LEIPZIG;vernehmen;;;;;;;;;4236.0;14.57;8125.0;;
BUCHMEIER,HERMIT,LEEDS;vernichten;;;;;;;2844.0;673;2906.0;23.71;;2492.0;4192.0
BUCHMEIER,HERMIT,LEIPZIG;vernichtet;;;;;;;3869.0;454;;;6279.0;3655.0;2575.0
LEEDS,LEIPZIG;Vernichtung;;;;;;;;;4123.0;15.11;6962.0;;
BUCHMEIER,HERMIT,LEEDS,LEIPZIG;Vernunft;;;;;;;5572.0;279;2852.0;24.29;4141.0;4766.0;1842.0
B1,BUCHMEIER,HERMIT,LEEDS,LEIPZIG;vernünftig;;;Adjektiv;;https://www.dwds.de/wb/vern%C3%BCnftig;0.0;3348.0;548;2333.0;31.26;8916.0;2756.0;3673.0
HERMIT,LEIPZIG;vernünftige;;;;;;;;;;;8879.0;9360.0;764.0
LEEDS,LEIPZIG;Verordnung;;;;;;;;;3182.0;21.13;6453.0;;
B1,BW3;verpacken;;du verrätst, ich verriet;Verb;;https://www.dwds.de/wb/verpacken;0.0;;;;;;;
BUCHMEIER,HERMIT;verpasse;;;;;;;9655.0;135;;;;8336.0;892.0
A2,BUCHMEIER,HERMIT,LEEDS;verpassen;;;Verb;;https://www.dwds.de/wb/verpassen;0.0;2763.0;699;3775.0;16.91;;2545.0;4105.0
BUCHMEIER,HERMIT;verpasst;;;;;;;1878.0;1134;;;;1545.0;7653.0
BUCHMEIER,LEIPZIG;verpaßt;;;;;;;9707.0;134;;;7139.0;;
B1;verpflegen;;;Verb;;https://www.dwds.de/wb/verpflegen;0.0;;;;;;;
B1,LEEDS,LEIPZIG;verpflichten;;;Verb;;https://www.dwds.de/wb/verpflichten;0.0;;;1200.0;62.88;6570.0;;
BUCHMEIER,HERMIT,LEIPZIG;verpflichtet;;;;;;;5422.0;289;;;1698.0;4281.0;2118.0
HERMIT,LEEDS,LEIPZIG;Verpflichtung;;;;;;;;;1957.0;37.93;4031.0;9184.0;784.0
HERMIT,LEIPZIG;Verpflichtungen;;;;;;;;;;;6690.0;8668.0;846.0
BUCHMEIER,HERMIT;Verpiss;;;;;;;4250.0;401;;;;3155.0;3085.0
BUCHMEIER,HERMIT;verprügeln;;;;;;;5947.0;258;;;;6921.0;1133.0
BUCHMEIER,HERMIT;verprügelt;;;;;;;4454.0;376;;;;4821.0;1809.0
FEHLER200,FEHLER400;verpönt;;;;;;;;;;;;;
BUCHMEIER,HERMIT,LEIPZIG;Verrat;;;;;;;5061.0;320;;;9762.0;3756.0;2483.0
BUCHMEIER,HERMIT;verrate;;;;;;;5904.0;260;;;;4572.0;1939.0
B1,BUCHMEIER,BW3,HERMIT,LEEDS,LEIPZIG;verraten;;du verschwindest,;Verb;;https://www.dwds.de/wb/verraten;0.0;1388.0;1590;2724.0;25.71;4987.0;1186.0;10465.0
A2,HERMIT;verreisen;;;Verb;;https://www.dwds.de/wb/verreisen;0.0;;;;;;8036.0;936.0
LEEDS,LEIPZIG;verringern;;;;;;;;;2987.0;22.85;5277.0;;
BUCHMEIER,HERMIT,LEIPZIG;verrät;;;;;;;8463.0;160;;;5856.0;7019.0;1114.0
BUCHMEIER,HERMIT;Verräter;;;;;;;2474.0;798;;;;2444.0;4304.0
B1,BUCHMEIER,HERMIT,LEEDS,LEIPZIG,LEO739,NRW422;verrückt;;;partizipiales Adjektiv;;https://www.dwds.de/wb/verr%C3%BCckt;0.0;470.0;6293;4871.0;12.04;7705.0;421.0;38126.0
BUCHMEIER,HERMIT;verrückte;;;;;;;3596.0;498;;;;2192.0;4902.0
BUCHMEIER,HERMIT;verrückten;;;;;;;4794.0;344;;;;3093.0;3180.0
BUCHMEIER,HERMIT;verrückter;;;;;;;5997.0;255;;;;3366.0;2860.0
BUCHMEIER,HERMIT,LEEDS,LEIPZIG;versagen;;;;;;;7320.0;195;3689.0;17.48;8209.0;4517.0;1970.0
BUCHMEIER,HERMIT;Versager;;;;;;;4664.0;356;;;;4905.0;1765.0
BUCHMEIER,HERMIT,LEIPZIG;versagt;;;;;;;3536.0;514;;;6067.0;2999.0;3312.0
BUCHMEIER,HERMIT,LEEDS;versammeln;;;;;;;7785.0;179;3726.0;17.25;;9301.0;771.0
BUCHMEIER,HERMIT,LEIPZIG;versammelt;;;;;;;6900.0;210;;;6305.0;6011.0;1369.0
B1,BUCHMEIER,HERMIT,LEEDS,LEIPZIG;Versammlung;die;;Substantiv;fem.;https://www.dwds.de/wb/Versammlung;0.0;6773.0;216;2995.0;22.77;4728.0;6286.0;1292.0
BUCHMEIER,HERMIT;versauen;;;;;;;9281.0;142;;;;8097.0;926.0
BUCHMEIER,HERMIT;versaut;;;;;;;3913.0;448;;;;3843.0;2425.0
BUCHMEIER,HERMIT,LEEDS,LEIPZIG;verschaffen;;;;;;;5980.0;256;2547.0;28.06;4580.0;5154.0;1648.0
BUCHMEIER,HERMIT,LEIPZIG;verschafft;;;;;;;7010.0;206;;;7251.0;5393.0;1558.0
A2,BUCHMEIER,HERMIT,LEEDS,LEIPZIG;verschieben;;;Verb;;https://www.dwds.de/wb/verschieben;0.0;6238.0;241;2586.0;27.65;6973.0;4520.0;1968.0
A2,BUCHMEIER,HERMIT,LEEDS;verschieden;;;Adjektiv;;https://www.dwds.de/wb/verschieden;0.0;6978.0;207;194.0;343.28;;7134.0;1095.0
BUCHMEIER,HERMIT,LEIPZIG;verschiedene;;;;;;;2444.0;808;;;1138.0;2650.0;3887.0
BUCHMEIER,HERMIT,LEIPZIG;verschiedenen;;;;;;;3305.0;559;;;760.0;3646.0;2584.0
BUCHMEIER,HERMIT;verschlossen;;;;;;;4693.0;353;;;;4408.0;2044.0
BUCHMEIER,HERMIT;verschluckt;;;;;;;8824.0;152;;;;8420.0;879.0
B1;verschmutzen;;;Verb;;https://www.dwds.de/wb/verschmutzen;0.0;;;;;;;
BUCHMEIER,HERMIT,LEIPZIG;verschoben;;;;;;;9048.0;147;;;3530.0;8506.0;869.0
BUCHMEIER,HERMIT,LEIPZIG;verschont;;;;;;;9426.0;139;;;8194.0;7834.0;969.0
B1;verschreiben;;;Verb;;https://www.dwds.de/wb/verschreiben;0.0;;;;;;;
BUCHMEIER,HERMIT,LEIPZIG;verschwand;;;;;;;3934.0;444;;;8163.0;3015.0;3293.0
BUCHMEIER,HERMIT;verschwenden;;;;;;;3639.0;491;;;;3348.0;2880.0
BUCHMEIER,HERMIT;verschwendet;;;;;;;6860.0;212;;;;6168.0;1328.0
BUCHMEIER,HERMIT;Verschwendung;;;;;;;7784.0;179;;;;8353.0;890.0
BUCHMEIER,HERMIT;Verschwinde;;;;;;;1724.0;1240;;;;1160.0;10769.0
B1,BUCHMEIER,BW3,HERMIT,LEEDS,LEIPZIG;verschwinden;;ich verschwand;Verb;;https://www.dwds.de/wb/verschwinden;0.0;978.0;2527;939.0;80.17;3669.0;712.0;19631.0
BUCHMEIER,HERMIT;verschwindest;;;;;;;8462.0;160;;;;6755.0;1175.0
BUCHMEIER,HERMIT,LEIPZIG;verschwindet;;;;;;;2919.0;658;;;6656.0;1817.0;6205.0
BUCHMEIER,HERMIT,LEIPZIG;verschwunden;;;;;;;1433.0;1545;;;3417.0;1137.0;11033.0
BUCHMEIER,HERMIT;Verschwörung;;;;;;;5688.0;272;;;;5359.0;1573.0
BUCHMEIER,HERMIT,LEEDS,LEIPZIG;Versehen;;;;;;;5589.0;278;2583.0;27.69;4099.0;3910.0;2369.0
BUCHMEIER,HERMIT;versehentlich;;;;;;;9230.0;143;;;;8762.0;833.0
BUCHMEIER,HERMIT,LEEDS,LEIPZIG;versetzen;;;;;;;7890.0;176;2348.0;31.05;9952.0;5675.0;1464.0
BUCHMEIER,HERMIT,LEIPZIG;versetzt;;;;;;;4244.0;402;;;4106.0;3608.0;2612.0
BUCHMEIER,HERMIT;versichere;;;;;;;5043.0;322;;;;4223.0;2150.0
B1,BUCHMEIER,HERMIT,LEEDS,LEIPZIG;versichern;;;Verb;;https://www.dwds.de/wb/versichern;0.0;6772.0;216;2373.0;30.61;9629.0;6189.0;1323.0
BUCHMEIER,HERMIT,LEIPZIG;versichert;;;;;;;6747.0;217;;;2750.0;5438.0;1545.0
LEEDS,LEIPZIG;Versicherte;;;;;;;;;4949.0;11.77;3885.0;;
B1;Versichertenkarte;die;;Substantiv;fem.;https://www.dwds.de/wb/Versichertenkarte;0.0;;;;;;;
B1,BUCHMEIER,HERMIT,LEEDS,LEIPZIG;Versicherung;die;;Substantiv;fem.;https://www.dwds.de/wb/Versicherung;0.0;4194.0;409;3009.0;22.68;4803.0;3710.0;2526.0
BUCHMEIER,HERMIT;versiegelt;;;;;;;8866.0;151;;;;9761.0;724.0
BUCHMEIER,HERMIT,LEEDS,LEIPZIG;Version;;;;;;;3904.0;449;941.0;79.97;2474.0;4065.0;2247.0
BUCHMEIER,HERMIT,LEEDS,LEIPZIG;versorgen;;;;;;;6882.0;211;2595.0;27.5;5883.0;5722.0;1450.0
BUCHMEIER,HERMIT,LEIPZIG;versorgt;;;;;;;6513.0;228;;;3955.0;5474.0;1531.0
LEEDS,LEIPZIG;Versorgung;;;;;;;;;2530.0;28.26;3113.0;;
BUCHMEIER,HERMIT,LEIPZIG;versprach;;;;;;;5979.0;256;;;4246.0;4230.0;2145.0
BUCHMEIER,HERMIT;verspreche;;;;;;;1518.0;1433;;;;1313.0;9304.0
B1,BUCHMEIER,HERMIT,LEEDS,LEIPZIG,LEO739,NRW422;versprechen;;;Verb;;https://www.dwds.de/wb/versprechen;0.0;2382.0;837;1238.0;60.85;4622.0;1559.0;7561.0
BUCHMEIER,HERMIT;Versprich;;;;;;;4814.0;342;;;;3503.0;2715.0
LEIPZIG,LEO739,NRW422;verspricht;;;;;;;;;;;2232.0;;
BUCHMEIER,HERMIT,LEIPZIG;versprochen;;;;;;;1317.0;1709;;;3728.0;898.0;14822.0
A2,BUCHMEIER,HERMIT,LEIPZIG;Verspätung;die;;Substantiv;fem.;https://www.dwds.de/wb/Versp%C3%A4tung;0.0;5588.0;278;;;9644.0;4521.0;1968.0
BUCHMEIER,HERMIT,LEEDS,LEIPZIG;Verstand;;;;;;;1640.0;1311;2903.0;23.76;8344.0;1357.0;8919.0
BUCHMEIER,HERMIT,LEIPZIG;verstanden;;;;;;;762.0;3476;;;2514.0;460.0;35353.0
BUCHMEIER,HERMIT;Versteck;;;;;;;3298.0;560;;;;2664.0;3867.0
BUCHMEIER,HERMIT;verstecke;;;;;;;8865.0;151;;;;6800.0;1163.0
B1,BUCHMEIER,BW3,HERMIT,LEEDS,LEIPZIG,LEO739,NRW422;verstecken;;du versteckst, Versteck;Verb;;https://www.dwds.de/wb/verstecken;0.0;1588.0;1365;2456.0;29.38;9280.0;1326.0;9212.0
BUCHMEIER,HERMIT;versteckst;;;;;;;6442.0;231;;;;5982.0;1377.0
BUCHMEIER,HERMIT,LEIPZIG;versteckt;;;;;;;1403.0;1571;;;4514.0;1158.0;10773.0
BUCHMEIER,HERMIT;versteckte;;;;;;;7704.0;181;;;;5952.0;1385.0
BUCHMEIER,HERMIT;versteh;;;;;;;2282.0;878;;;;1697.0;6793.0
BUCHMEIER,HERMIT,LEIPZIG;verstehe;;;;;;;461.0;6468;;;7918.0;333.0;51294.0
A1,BUCHMEIER,BW3,FEHLER300,HERMIT,LEEDS,LEIPZIG;verstehen;;du verstehst, ich verstand;Verb;;https://www.dwds.de/wb/verstehen#1;0.0;608.0;4798;257.0;270.56;1305.0;455.0;35693.0
BUCHMEIER,HERMIT;verstehst;;;;;;;1198.0;1924;;;;727.0;19139.0
BUCHMEIER,HERMIT,LEIPZIG;versteht;;;;;;;1846.0;1153;;;1953.0;1478.0;8093.0
BUCHMEIER,HERMIT;verstorben;;;;;;;9918.0;130;;;;7826.0;971.0
HERMIT,LEIPZIG;verstorbenen;;;;;;;;;;;7196.0;6825.0;1156.0
LEEDS,LEIPZIG;Verstoß;;;;;;;;;3777.0;16.9;7318.0;;
BUCHMEIER,HERMIT,LEEDS,LEIPZIG;verstoßen;;;;;;;7925.0;175;3666.0;17.62;6747.0;6565.0;1222.0
HERMIT,LEIPZIG;verständigen;;;;;;;;;;;9872.0;9799.0;720.0
B1,BUCHMEIER,HERMIT,LEEDS,LEIPZIG;verständlich;;;Adjektiv;;https://www.dwds.de/wb/verst%C3%A4ndlich;0.0;9185.0;144;2165.0;34.1;4672.0;6090.0;1345.0
B1,BUCHMEIER,HERMIT,LEEDS,LEIPZIG;Verständnis;das;;Substantiv;neutr.;https://www.dwds.de/wb/Verst%C3%A4ndnis;0.0;4751.0;348;1216.0;61.98;1960.0;4242.0;2139.0
HERMIT,LEEDS,LEIPZIG;verstärken;;;;;;;;;2244.0;32.67;5120.0;9927.0;707.0
HERMIT,LEEDS,LEIPZIG;verstärkt;;;;;;;;;1599.0;46.96;1558.0;9745.0;725.0
BUCHMEIER,HERMIT,LEIPZIG;Verstärkung;;;;;;;3288.0;561;;;8590.0;3008.0;3303.0
B1,BUCHMEIER,HERMIT,LEEDS,LEIPZIG;Versuch;der;;Substantiv;mask.;https://www.dwds.de/wb/Versuch;0.0;1270.0;1804;617.0;117.98;1037.0;800.0;16884.0
BUCHMEIER,HERMIT,LEIPZIG;versuche;;;;;;;876.0;2854;;;3077.0;731.0;18964.0
A2,BUCHMEIER,BW3,HERMIT,LEEDS,LEIPZIG,LEO739,NRW422;versuchen;;du versuchst, Versuch;Verb;;https://www.dwds.de/wb/versuchen;0.0;629.0;4631;223.0;304.01;1228.0;476.0;34093.0
BUCHMEIER,HERMIT;versuchst;;;;;;;2943.0;652;;;;2558.0;4089.0
BUCHMEIER,HERMIT,LEIPZIG;versucht;;;;;;;550.0;5392;;;636.0;494.0;33190.0
BUCHMEIER,HERMIT,LEIPZIG;versuchte;;;;;;;1862.0;1140;;;2164.0;1869.0;6004.0
BUCHMEIER,HERMIT,LEIPZIG;versuchten;;;;;;;4112.0;420;;;3195.0;4472.0;2001.0
BUCHMEIER,HERMIT;Versuchung;;;;;;;8160.0;168;;;;6991.0;1119.0
B1;versäumen;;;Verb;;https://www.dwds.de/wb/vers%C3%A4umen;0.0;;;;;;;
BUCHMEIER,HERMIT,LEEDS,LEIPZIG;verteidigen;;;;;;;3376.0;544;2190.0;33.65;4044.0;2611.0;3956.0
HERMIT,LEIPZIG;Verteidiger;;;;;;;;;;;3784.0;9361.0;764.0
BUCHMEIER,HERMIT,LEIPZIG;verteidigt;;;;;;;7064.0;204;;;4747.0;5697.0;1458.0
BUCHMEIER,HERMIT,LEEDS,LEIPZIG;Verteidigung;;;;;;;3763.0;467;2606.0;27.33;2839.0;3061.0;3225.0
B1,BUCHMEIER,HERMIT,LEEDS,LEIPZIG;verteilen;;;Verb;;https://www.dwds.de/wb/verteilen;0.0;6487.0;229;1530.0;49.88;4750.0;5115.0;1664.0
BUCHMEIER,HERMIT,LEIPZIG;verteilt;;;;;;;5406.0;290;;;2019.0;4313.0;2095.0
LEEDS,LEIPZIG;Verteilung;;;;;;;;;2930.0;23.44;3898.0;;
A2,BUCHMEIER,HERMIT,LEEDS,LEIPZIG;Vertrag;der;;Substantiv;mask.;https://www.dwds.de/wb/Vertrag;0.0;2423.0;818;826.0;90.62;1009.0;1946.0;5730.0
BUCHMEIER,HERMIT;vertragen;;;;;;;4975.0;328;;;;4210.0;2158.0
BUCHMEIER,HERMIT;Vertrau;;;;;;;3375.0;544;;;;2621.0;3938.0
BUCHMEIER,HERMIT;vertraue;;;;;;;2807.0;688;;;;2400.0;4410.0
B1,BUCHMEIER,BW3,HERMIT,LEEDS,LEIPZIG;Vertrauen;das;du vertraust, Vertrauen;Substantiv;neutr.;https://www.dwds.de/wb/Vertrauen;0.0;1311.0;1738;1554.0;48.9;1895.0;747.0;18459.0
BUCHMEIER,HERMIT;vertraulich;;;;;;;9761.0;133;;;;6502.0;1236.0
BUCHMEIER,HERMIT;vertraust;;;;;;;6660.0;221;;;;4671.0;1891.0
BUCHMEIER,HERMIT,LEEDS,LEIPZIG;vertraut;;;;;;;2309.0;871;2368.0;30.65;4289.0;1883.0;5962.0
BUCHMEIER,HERMIT;vertraute;;;;;;;9047.0;147;;;;8066.0;932.0
BUCHMEIER,HERMIT,LEEDS,LEIPZIG;vertreiben;;;;;;;7620.0;184;3023.0;22.58;7367.0;6586.0;1217.0
B1,BUCHMEIER,HERMIT,LEEDS,LEIPZIG;vertreten;;;Verb;;https://www.dwds.de/wb/vertreten;0.0;5180.0;309;781.0;96.08;1182.0;4546.0;1953.0
B1,BUCHMEIER,HERMIT,LEEDS,LEIPZIG;Vertreter;der;;Substantiv;mask.;https://www.dwds.de/wb/Vertreter;0.0;6613.0;223;912.0;82.94;872.0;6459.0;1247.0
B1;Vertreterin;die;;Substantiv;fem.;https://www.dwds.de/wb/Vertreterin;0.0;;;;;;;
B1,LEEDS,LEIPZIG;Vertretung;die;;Substantiv;fem.;https://www.dwds.de/wb/Vertretung;0.0;;;4672.0;12.8;7334.0;;
LEEDS,LEIPZIG;Vertrieb;;;;;;;;;4521.0;13.4;1549.0;;
BUCHMEIER,HERMIT,LEIPZIG;vertrieben;;;;;;;9990.0;129;;;5125.0;8605.0;853.0
HERMIT,LEIPZIG;Verträge;;;;;;;;;;;2704.0;8733.0;836.0
B1,BUCHMEIER,HERMIT,LEEDS,LEIPZIG;verursachen;;;Verb;;https://www.dwds.de/wb/verursachen;0.0;5741.0;269;1614.0;46.61;8038.0;6005.0;1371.0
BUCHMEIER,HERMIT,LEIPZIG;verursacht;;;;;;;2593.0;757;;;3452.0;2800.0;3593.0
B1,BUCHMEIER,HERMIT,LEEDS;verurteilen;;;Verb;;https://www.dwds.de/wb/verurteilen;0.0;8097.0;170;1705.0;44.01;;6443.0;1250.0
BUCHMEIER,HERMIT,LEIPZIG;verurteilt;;;;;;;4172.0;412;;;1287.0;2920.0;3404.0
LEEDS,LEIPZIG;verwalten;;;;;;;;;4128.0;15.09;9773.0;;
B1,HERMIT,LEEDS,LEIPZIG;Verwaltung;die;;Substantiv;fem.;https://www.dwds.de/wb/Verwaltung;0.0;;;1353.0;55.88;1334.0;9346.0;765.0
BUCHMEIER,HERMIT,LEEDS,LEIPZIG;verwandeln;;;;;;;4263.0;399;2084.0;35.67;6521.0;3721.0;2517.0
BUCHMEIER,HERMIT,LEIPZIG;verwandelt;;;;;;;3631.0;493;;;4488.0;3144.0;3104.0
B1,BUCHMEIER,HERMIT,LEEDS,LEIPZIG;verwandt;;;Adjektiv;;https://www.dwds.de/wb/verwandt;0.0;6724.0;218;1958.0;37.92;9059.0;5635.0;1476.0
A1,BUCHMEIER,HERMIT,LEEDS;Verwandte;;;Substantiv;fem., mask.;https://www.dwds.de/wb/Verwandte;0.0;8315.0;164;3118.0;21.76;;6137.0;1336.0
BUCHMEIER,HERMIT,LEIPZIG;Verwandten;;;;;;;5996.0;255;;;6273.0;5246.0;1613.0
FEHLER200,FEHLER400;Verwandtschaft;;;;;;;;;;;;;
FEHLER200,FEHLER400;verwandtschaftlich;;;;;;;;;;;;;
B1,HERMIT;verwechseln;;;Verb;;https://www.dwds.de/wb/verwechseln;0.0;;;;;;9312.0;769.0
BUCHMEIER,HERMIT;verwechselt;;;;;;;8677.0;155;;;;7997.0;944.0
HERMIT,LEEDS,LEIPZIG;verweigern;;;;;;;;;2591.0;27.57;6608.0;9337.0;766.0
HERMIT,LEIPZIG;verweigert;;;;;;;;;;;4040.0;7170.0;1087.0
LEEDS,LEIPZIG;verweisen;;;;;;;;;1311.0;57.32;5399.0;;
B1,BUCHMEIER,HERMIT,LEEDS,LEIPZIG;verwenden;;;Verb;;https://www.dwds.de/wb/verwenden;0.0;3703.0;479;494.0;146.71;1871.0;2938.0;3387.0
BUCHMEIER,HERMIT,LEIPZIG;verwendet;;;;;;;4147.0;415;;;995.0;3295.0;2943.0
LEEDS,LEIPZIG;Verwendung;;;;;;;;;1468.0;51.8;2407.0;;
BUCHMEIER,HERMIT,LEIPZIG;verwickelt;;;;;;;3778.0;465;;;6687.0;4119.0;2221.0
LEEDS,LEIPZIG;verwirklichen;;;;;;;;;2673.0;26.4;5756.0;;
LEEDS,LEIPZIG;Verwirklichung;;;;;;;;;4342.0;14.08;7566.0;;
BUCHMEIER,HERMIT;verwirren;;;;;;;9760.0;133;;;;9953.0;705.0
BUCHMEIER,HERMIT;verwirrend;;;;;;;7458.0;189;;;;7690.0;994.0
BUCHMEIER,HERMIT;verwirrt;;;;;;;2775.0;697;;;;2468.0;4251.0
BUCHMEIER,HERMIT,LEIPZIG;Verwirrung;;;;;;;8969.0;149;;;7600.0;9258.0;775.0
BUCHMEIER,HERMIT;verwundet;;;;;;;5841.0;263;;;;5565.0;1499.0
LEEDS,LEIPZIG;verzeichnen;;;;;;;;;2990.0;22.82;5798.0;;
FEHLER200,FEHLER400,LEEDS;Verzeichnis;;;;;;;;;3563.0;18.32;;;
BUCHMEIER,HERMIT;Verzeih;;;;;;;4177.0;411;;;;3036.0;3265.0
B1,BUCHMEIER,HERMIT,LEEDS;verzeihen;;;Verb;;https://www.dwds.de/wb/verzeihen;0.0;2961.0;645;4589.0;13.14;;1436.0;8424.0
BUCHMEIER,HERMIT;Verzeiht;;;;;;;5995.0;255;;;;4454.0;2016.0
B1,BUCHMEIER,HERMIT;Verzeihung;die;;Substantiv;fem.;https://www.dwds.de/wb/Verzeihung;0.0;1110.0;2125;;;;880.0;15194.0
LEEDS,LEIPZIG;Verzicht;;;;;;;;;3807.0;16.74;3173.0;;
B1,BUCHMEIER,HERMIT,LEEDS,LEIPZIG;verzichten;;;Verb;;https://www.dwds.de/wb/verzichten;0.0;5740.0;269;1167.0;64.98;1525.0;4430.0;2031.0
BUCHMEIER,HERMIT;verziehen;;;;;;;9989.0;129;;;;7441.0;1036.0
BUCHMEIER,HERMIT,LEEDS,LEIPZIG;verzweifelt;;;;;;;3983.0;438;3742.0;17.13;7402.0;3110.0;3149.0
BUCHMEIER,HERMIT,LEEDS,LEIPZIG;Verzweiflung;;;;;;;7300.0;196;4713.0;12.65;5921.0;6709.0;1184.0
B1,BUCHMEIER,HERMIT,LEEDS,LEIPZIG;verändern;;;Verb;;https://www.dwds.de/wb/ver%C3%A4ndern;0.0;2487.0;793;748.0;99.62;2880.0;2277.0;4711.0
BUCHMEIER,HERMIT,LEEDS,LEIPZIG;verändert;;;;;;;1251.0;1841;2652.0;26.63;1777.0;1217.0;10158.0
BUCHMEIER,HERMIT,LEEDS,LEIPZIG;Veränderung;;;;;;;4219.0;405;723.0;102.57;3657.0;4604.0;1919.0
BUCHMEIER,HERMIT,LEIPZIG;Veränderungen;;;;;;;6559.0;226;;;1900.0;5435.0;1547.0
BUCHMEIER,HERMIT;verängstigt;;;;;;;7813.0;178;;;;5640.0;1474.0
BUCHMEIER,HERMIT,LEIPZIG;verärgert;;;;;;;4582.0;364;;;7810.0;3803.0;2453.0
B1,HERMIT,LEEDS,LEIPZIG;veröffentlichen;;;Verb;;https://www.dwds.de/wb/ver%C3%B6ffentlichen;0.0;;;858.0;87.34;7789.0;7468.0;1034.0
BUCHMEIER,HERMIT,LEEDS,LEIPZIG;veröffentlicht;;;;;;;8241.0;166;3387.0;19.53;2287.0;6034.0;1363.0
LEEDS,LEIPZIG;Veröffentlichung;;;;;;;;;1836.0;40.5;4432.0;;
LEEDS,LEIPZIG;vgl;;;;;;;;;1541.0;49.33;3450.0;;
LEEDS,LEIPZIG;via;;;;;;;;;2725.0;25.7;5154.0;;
BUCHMEIER,HERMIT;Vic;;;;;;;7750.0;180;;;;4907.0;1765.0
BUCHMEIER,HERMIT;Victor;;;;;;;2781.0;695;;;;2472.0;4234.0
B1,BUCHMEIER,HERMIT,LEEDS,LEIPZIG;Video;das;;Substantiv;neutr.;https://www.dwds.de/wb/Video;0.0;2503.0;787;2054.0;36.2;5452.0;2015.0;5444.0
BUCHMEIER,HERMIT,LEIPZIG;Videos;;;;;;;8537.0;158;;;9136.0;6433.0;1253.0
BUCHMEIER,HERMIT;Vieh;;;;;;;6081.0;250;;;;4743.0;1853.0
A1,BUCHMEIER,FEHLER100,FEHLER300,HERMIT,LEEDS,LEIPZIG,LEO739,NRW111;viel;;;Adjektiv;;https://www.dwds.de/wb/viel;0.0;145.0;24372;59.0;1429.63;197.0;128.0;176767.0
BUCHMEIER,HERMIT,LEIPZIG;viele;;;;;;;299.0;10446;;;195.0;257.0;70545.0
BUCHMEIER,HERMIT,LEIPZIG;Vielen;;;;;;;714.0;3887;;;382.0;395.0;42047.0
BUCHMEIER,HERMIT,LEIPZIG;vieler;;;;;;;9484.0;138;;;2127.0;9971.0;703.0
BUCHMEIER,HERMIT,LEIPZIG;vieles;;;;;;;3327.0;553;;;3378.0;2707.0;3785.0
LEEDS,LEIPZIG;vielfach;;;;;;;;;2577.0;27.74;4274.0;;
LEEDS,LEIPZIG;Vielfalt;;;;;;;;;2568.0;27.81;4173.0;;
A1,BUCHMEIER,BW3,FEHLER100,FEHLER200,FEHLER300,FEHLER400,HERMIT,LEEDS,LEIPZIG,LEO739,NRW422;vielleicht;;;Adverb;;https://www.dwds.de/wb/vielleicht;0.0;194.0;16805;274.0;257.66;462.0;108.0;212216.0
BUCHMEIER,HERMIT;vielmals;;;;;;;5367.0;293;;;;4695.0;1880.0
HERMIT,LEEDS,LEIPZIG;vielmehr;;;;;;;;;795.0;94.67;1325.0;9132.0;789.0
LEEDS,LEIPZIG;Vielzahl;;;;;;;;;2453.0;29.43;3826.0;;
A1,BUCHMEIER,BW1,FEHLER300,HERMIT,LEEDS,LEIPZIG,LEO739,NRW422;vier;;;Kardinalzahlwort;;https://www.dwds.de/wb/vier;0.0;737.0;3716;339.0;208.05;193.0;515.0;31390.0
LEO739;Viereck;das;;Substantiv;;;;;;;;;;
A1,BUCHMEIER,HERMIT,LEIPZIG;vierte;;;Ordinalzahlwort;;https://www.dwds.de/wb/vierte;0.0;7848.0;177;;;3659.0;5457.0;1539.0
A1,BUCHMEIER,HERMIT,LEEDS,LEIPZIG;Viertel;das;;Substantiv;neutr., mask.;https://www.dwds.de/wb/Viertel#1;0.0;4837.0;340;2434.0;29.88;1652.0;3115.0;3143.0
BUCHMEIER,HERMIT,LEIPZIG;vierten;;;;;;;6538.0;227;;;2112.0;6077.0;1350.0
A1,LEIPZIG;vierzehn;;;Kardinalzahlwort;;https://www.dwds.de/wb/vierzehn;0.0;;;;;8988.0;;
A1,LEIPZIG;vierzig;;;Kardinalzahlwort;;https://www.dwds.de/wb/vierzig;0.0;;;;;4433.0;;
BUCHMEIER,HERMIT,LEIPZIG;Vietnam;;;;;;;4512.0;370;;;5657.0;5195.0;1633.0
BUCHMEIER,HERMIT,LEIPZIG;Viktor;;;;;;;7009.0;206;;;8423.0;7734.0;986.0
BUCHMEIER,HERMIT,LEIPZIG;Villa;;;;;;;6011.0;254;;;4995.0;4849.0;1792.0
BUCHMEIER,HERMIT;Vince;;;;;;;1583.0;1372;;;;2899.0;3441.0
BUCHMEIER,HERMIT;Vincent;;;;;;;2694.0;721;;;;2282.0;4702.0
BUCHMEIER,HERMIT;Vinnie;;;;;;;5874.0;261;;;;9899.0;710.0
BUCHMEIER,HERMIT;Virginia;;;;;;;6486.0;229;;;;4447.0;2021.0
B1,LEEDS;virtuell;;;Adjektiv;;https://www.dwds.de/wb/virtuell;0.0;;;2533.0;28.22;;;
B1,BUCHMEIER,BW3,HERMIT,LEEDS,LEIPZIG;Virus;das;Viren;Substantiv;neutr., mask.;https://www.dwds.de/wb/Virus;0.0;1966.0;1070;2590.0;27.62;6884.0;2752.0;3693.0
BUCHMEIER,HERMIT,LEIPZIG;Visier;;;;;;;8626.0;156;;;7274.0;7075.0;1105.0
BUCHMEIER,HERMIT,LEEDS,LEIPZIG;Vision;;;;;;;5124.0;314;2376.0;30.56;4214.0;4098.0;2232.0
BUCHMEIER,HERMIT,LEIPZIG;Visionen;;;;;;;6080.0;250;;;6822.0;6639.0;1204.0
BUCHMEIER,HERMIT;Visiontext;;;;;;;5946.0;258;;;;7990.0;944.0
B1;Visitenkarte;die;;Substantiv;fem.;https://www.dwds.de/wb/Visitenkarte;0.0;;;;;;;
B1;Visum;das;;Substantiv;neutr.;https://www.dwds.de/wb/Visum;0.0;;;;;;;
B1;Vitamin;das;;Substantiv;neutr.;https://www.dwds.de/wb/Vitamin;0.0;;;;;;;
BUCHMEIER,HERMIT,LEIPZIG;Vizepräsident;;;;;;;6818.0;214;;;4669.0;9143.0;788.0
A2,BUCHMEIER,BW1,FEHLER300,HERMIT,LEEDS,LEIPZIG,LEO739,NRW422;Vogel;der;Vögel;Substantiv;mask.;https://www.dwds.de/wb/Vogel;0.0;2084.0;995;2150.0;34.46;3930.0;1908.0;5892.0
BUCHMEIER,HERMIT,LEEDS,LEIPZIG;Volk;;;;;;;1601.0;1353;427.0;167.26;1289.0;1345.0;9006.0
LEEDS,LEIPZIG;Volker;;;;;;;;;4864.0;12.06;6777.0;;
BUCHMEIER,HERMIT,LEIPZIG;Volkes;;;;;;;5476.0;285;;;3958.0;5145.0;1651.0
A2,BUCHMEIER,BW3,FEHLER300,HERMIT,LEEDS,LEIPZIG,LEO739,NRW422;voll;;;Adjektiv;;https://www.dwds.de/wb/voll;0.0;797.0;3274;337.0;210.85;1004.0;673.0;21320.0
BUCHMEIER,HERMIT,LEIPZIG;volle;;;;;;;3933.0;444;;;3533.0;2834.0;3535.0
BUCHMEIER,HERMIT,LEIPZIG;vollen;;;;;;;6899.0;210;;;4102.0;6017.0;1367.0
BUCHMEIER,HERMIT,LEIPZIG;voller;;;;;;;1173.0;1982;;;1759.0;953.0;13701.0
A2;Volleyball;;;Substantiv;mask., neutr.;https://www.dwds.de/wb/Volleyball;0.0;;;;;;;
BUCHMEIER,HERMIT;Vollidiot;;;;;;;6203.0;243;;;;5974.0;1379.0
BUCHMEIER,HERMIT,LEEDS,LEIPZIG;vollkommen;;;;;;;2092.0;990;1575.0;48.11;4838.0;1844.0;6082.0
BUCHMEIER,HERMIT;Vollmond;;;;;;;9806.0;132;;;;7760.0;982.0
BUCHMEIER,HERMIT,LEEDS,LEIPZIG;vollständig;;;;;;;5450.0;287;839.0;89.59;2319.0;4667.0;1894.0
BUCHMEIER,HERMIT;Volltreffer;;;;;;;8579.0;157;;;;7808.0;973.0
B1;Vollzeit;die;;Substantiv;fem.;https://www.dwds.de/wb/Vollzeit;0.0;;;;;;;
BUCHMEIER,BW1,HERMIT,LEEDS,LEIPZIG,LEO739,NRW111;vom;;;;;;;270.0;11806;76.0;1124.96;67.0;241.0;76597.0
A1,BUCHMEIER,BW1,HERMIT,LEEDS,LEIPZIG,LEO739,NRW111;von;;;Präposition;;https://www.dwds.de/wb/von#1;0.0;35.0;109563;8.0;8325.99;6.0;34.0;706490.0
B1,BUCHMEIER,HERMIT,LEEDS,LEIPZIG;voneinander;;;Adverb;;https://www.dwds.de/wb/voneinander;0.0;8578.0;157;3014.0;22.62;4641.0;6927.0;1132.0
A1,BUCHMEIER,BW1,HERMIT,LEEDS,LEIPZIG,LEO739,NRW111;vor;;;Präposition;;https://www.dwds.de/wb/vor#1;0.0;102.0;34847;49.0;1839.06;53.0;92.0;247840.0
BUCHMEIER,HERMIT,LEEDS,LEIPZIG;voran;;;;;;;3790.0;463;2960.0;23.15;3112.0;3298.0;2941.0
B1,BUCHMEIER,FEHLER400,HERMIT,LEEDS,LEIPZIG,LEO739,NRW422;voraus;;;Adverb;;https://www.dwds.de/wb/voraus;0.0;2939.0;654;1657.0;45.27;2102.0;2174.0;4953.0
HERMIT,LEIPZIG;vorausgesetzt;;;;;;;;;;;8288.0;9377.0;762.0
B1,FEHLER200,FEHLER400,LEEDS,LEIPZIG;Voraussetzung;die;;Substantiv;fem.;https://www.dwds.de/wb/Voraussetzung;0.0;;;755.0;98.79;1882.0;;
B1,FEHLER200,FEHLER400,LEEDS,LEIPZIG;voraussichtlich;;;Adjektiv;;https://www.dwds.de/wb/voraussichtlich;0.0;;;3286.0;20.29;1850.0;;
LEEDS,LEIPZIG;vorbehalten;;;;;;;;;4226.0;14.62;7281.0;;
A2,BUCHMEIER,BW3,FEHLER300,HERMIT,LEEDS,LEIPZIG,LEO739,NRW111;vorbei;;;Adverb;;https://www.dwds.de/wb/vorbei;0.0;460.0;6475;1041.0;72.95;996.0;414.0;38763.0
BUCHMEIER,HERMIT;vorbeigekommen;;;;;;;7441.0;190;;;;8011.0;941.0
BUCHMEIER,FEHLER200,FEHLER400,HERMIT;vorbeikommen;;;;;;;5536.0;281;;;;4237.0;2140.0
A2,BUCHMEIER,HERMIT,LEEDS,LEIPZIG;vorbereiten;;;Verb;;https://www.dwds.de/wb/vorbereiten;0.0;3859.0;455;1381.0;54.48;7052.0;3042.0;3253.0
BUCHMEIER,HERMIT,LEIPZIG;vorbereitet;;;;;;;2305.0;872;;;2385.0;1932.0;5777.0
B1,BUCHMEIER,HERMIT,LEEDS,LEIPZIG;Vorbereitung;die;;Substantiv;fem.;https://www.dwds.de/wb/Vorbereitung;0.0;8910.0;150;1620.0;46.32;2896.0;9074.0;795.0
BUCHMEIER,HERMIT,LEIPZIG;Vorbereitungen;;;;;;;7440.0;190;;;5948.0;8549.0;862.0
BUCHMEIER,HERMIT,LEEDS,LEIPZIG;Vorbild;;;;;;;6576.0;225;2250.0;32.6;2194.0;6213.0;1316.0
B1;vorder;;;Adjektiv;;https://www.dwds.de/wb/vorder;0.0;;;;;;;
LEEDS,LEIPZIG;Vordergrund;;;;;;;;;2602.0;27.4;3260.0;;
HERMIT,LEEDS,LEIPZIG;vorerst;;;;;;;;;3213.0;20.87;1892.0;7347.0;1056.0
BUCHMEIER,BW3,HERMIT,LEIPZIG;vorfahren;;du fährst vor, ich fuhr vor, Vorfahrt;;;;;7678.0;182;;;9284.0;4809.0;1818.0
B1,LEO739,NRW422;Vorfahrt;die;;Substantiv;fem.;https://www.dwds.de/wb/Vorfahrt;0.0;;;;;;;
BUCHMEIER,HERMIT,LEEDS,LEIPZIG;Vorfall;;;;;;;4849.0;339;4361.0;14.0;6169.0;4265.0;2126.0
LEEDS,LEIPZIG;Vorfeld;;;;;;;;;3516.0;18.66;3233.0;;
LEEDS,LEIPZIG;Vorgang;;;;;;;;;1735.0;43.09;2361.0;;
BUCHMEIER,HERMIT,LEEDS,LEIPZIG;vorgehen;;;;;;;6407.0;233;2527.0;28.31;2817.0;4730.0;1859.0
HERMIT,LEEDS,LEIPZIG;Vorgehensweise;;;;;;;;;4593.0;13.14;9076.0;9497.0;749.0
BUCHMEIER,HERMIT;vorgeht;;;;;;;6062.0;251;;;;6031.0;1364.0
BUCHMEIER,HERMIT,LEIPZIG;vorgeschlagen;;;;;;;7041.0;205;;;2751.0;7522.0;1024.0
BUCHMEIER,HERMIT,LEEDS,LEIPZIG;vorgesehen;;;;;;;7299.0;196;2440.0;29.71;1197.0;8758.0;833.0
BUCHMEIER,HERMIT;Vorgesetzten;;;;;;;6593.0;224;;;;5770.0;1437.0
BUCHMEIER,HERMIT,LEIPZIG;vorgestellt;;;;;;;3058.0;619;;;2082.0;2737.0;3727.0
A2,HERMIT;vorgestern;;;Adverb;;https://www.dwds.de/wb/vorgestern;0.0;;;;;;8579.0;858.0
LEEDS,LEIPZIG;Vorgänger;;;;;;;;;4227.0;14.61;3465.0;;
B1,BUCHMEIER,HERMIT,LEEDS,LEIPZIG;vorhaben;;;Verb;;https://www.dwds.de/wb/vorhaben;0.0;6469.0;230;2814.0;24.74;2238.0;4424.0;2035.0
LEEDS,LEIPZIG;vorhanden;;;;;;;;;615.0;118.43;1832.0;;
BUCHMEIER,HERMIT,LEIPZIG;Vorhang;;;;;;;8277.0;165;;;9082.0;6626.0;1207.0
BUCHMEIER,HERMIT;vorhast;;;;;;;8968.0;149;;;;7572.0;1014.0
BUCHMEIER,HERMIT;vorhat;;;;;;;7847.0;177;;;;6846.0;1150.0
A2,BUCHMEIER,BW3,FEHLER300,HERMIT,LEEDS,LEIPZIG;vorher;;;Adverb;;https://www.dwds.de/wb/vorher;0.0;1043.0;2318;782.0;95.96;1335.0;888.0;15005.0
B1,BUCHMEIER,HERMIT;vorhin;;;Adverb;;https://www.dwds.de/wb/vorhin;0.0;1928.0;1090;;;;1690.0;6840.0
BUCHMEIER,HERMIT;Vorhänge;;;;;;;8461.0;160;;;;8557.0;861.0
LEEDS,LEIPZIG;Vorjahr;;;;;;;;;2458.0;29.37;900.0;;
B1,BUCHMEIER,BW3,HERMIT,LEEDS,LEIPZIG;vorkommen;;du kommst vor, ich kam vor;Verb;;https://www.dwds.de/wb/vorkommen;0.0;5962.0;257;2263.0;32.43;7106.0;5911.0;1396.0
LEEDS,LEIPZIG;Vorlage;;;;;;;;;2740.0;25.59;2645.0;;
LEEDS,LEIPZIG;vorlegen;;;;;;;;;1924.0;38.62;4455.0;;
B1,BUCHMEIER,BW3,HERMIT;vorlesen;;du liest vor, ich las vor;Verb;;https://www.dwds.de/wb/vorlesen;0.0;7216.0;199;;;;6261.0;1301.0
LEEDS,LEIPZIG;vorliegen;;;;;;;;;2049.0;36.24;4737.0;;
B1,HERMIT,LEEDS,LEIPZIG;vorläufig;;;Adjektiv;;https://www.dwds.de/wb/vorl%C3%A4ufig;0.0;;;2847.0;24.35;4427.0;9384.0;762.0
BUCHMEIER,HERMIT;vorm;;;;;;;5294.0;299;;;;4483.0;1992.0
A1,LEIPZIG;Vormittag;der;;Substantiv;mask.;https://www.dwds.de/wb/Vormittag;0.0;;;;;7202.0;;
A2,BUCHMEIER,HERMIT,LEEDS,LEIPZIG;vorn;;;Adverb;;https://www.dwds.de/wb/vorn;0.0;2899.0;662;3275.0;20.39;3370.0;2320.0;4601.0
A1,BUCHMEIER,HERMIT,LEO739,NRW422;Vorname;der;;Substantiv;mask.;https://www.dwds.de/wb/Vorname;0.0;9871.0;131;;;;8371.0;887.0
BUCHMEIER,HERMIT;Vornamen;;;;;;;9425.0;139;;;;8877.0;817.0
A2,BUCHMEIER,BW3,HERMIT,LEEDS,LEIPZIG;vorne;;;Adverb;;https://www.dwds.de/wb/vorne;0.0;1504.0;1448;2276.0;32.22;2957.0;1445.0;8371.0
BUCHMEIER,BW3,HERMIT,LEEDS,LEIPZIG;vornehmen;;du nimmst vor, ich nahm vor;;;;;9916.0;130;1786.0;41.94;4263.0;7608.0;1007.0
LEEDS,LEIPZIG;vornherein;;;;;;;;;3959.0;15.93;5765.0;;
B1;Vorort;der;;Substantiv;mask.;https://www.dwds.de/wb/Vorort;0.0;;;;;;;
LEEDS,LEIPZIG;vorrangig;;;;;;;;;4129.0;15.09;8031.0;;
BUCHMEIER,HERMIT;Vorräte;;;;;;;9601.0;136;;;;6295.0;1289.0
A2,BUCHMEIER,HERMIT,LEEDS,LEIPZIG,LEO739,NRW422;Vorschlag;der;;Substantiv;mask.;https://www.dwds.de/wb/Vorschlag;0.0;3040.0;625;859.0;87.31;1295.0;2459.0;4268.0
B1,BUCHMEIER,BW3,HERMIT,LEEDS;vorschlagen;;du schlägst vor, ich schlug vor, Vorschlag;Verb;;https://www.dwds.de/wb/vorschlagen;0.0;5629.0;275;2561.0;27.87;;5078.0;1686.0
BUCHMEIER,HERMIT,LEIPZIG;Vorschläge;;;;;;;8276.0;165;;;2107.0;7652.0;1000.0
BW3,LEEDS;vorschreiben;;du schreibst vor, ich schrieb vor;;;;;;;4700.0;12.7;;;
B1,BUCHMEIER,HERMIT,LEEDS,LEIPZIG;Vorschrift;die;;Substantiv;fem.;https://www.dwds.de/wb/Vorschrift;0.0;9229.0;143;1949.0;38.07;8340.0;9087.0;795.0
BUCHMEIER,HERMIT,LEIPZIG;Vorschriften;;;;;;;6659.0;221;;;3904.0;5042.0;1704.0
A1,BUCHMEIER,HERMIT,LEEDS,LEIPZIG;Vorsicht;die;;Substantiv;fem.;https://www.dwds.de/wb/Vorsicht;0.0;1276.0;1794;3510.0;18.7;5366.0;1107.0;11286.0
BUCHMEIER,BW3,HERMIT,LEEDS,LEIPZIG,LEO739,NRW422;vorsichtig;;Vorsicht;;;;;1082.0;2201;2253.0;32.57;4077.0;825.0;16349.0
BUCHMEIER,HERMIT;vorsichtiger;;;;;;;9706.0;134;;;;8950.0;810.0
BUCHMEIER,HERMIT,LEEDS,LEIPZIG;Vorsitzende;;;;;;;9483.0;138;1108.0;68.71;947.0;9372.0;763.0
BUCHMEIER,HERMIT,LEIPZIG;Vorsitzender;;;;;;;9758.0;133;;;1601.0;7386.0;1049.0
B1;Vorspeise;die;;Substantiv;fem.;https://www.dwds.de/wb/Vorspeise;0.0;;;;;;;
BUCHMEIER,HERMIT;Vorsprechen;;;;;;;7646.0;183;;;;8190.0;913.0
BUCHMEIER,HERMIT,LEIPZIG;Vorsprung;;;;;;;7423.0;191;;;4181.0;7433.0;1039.0
BUCHMEIER,HERMIT,LEEDS,LEIPZIG;Vorstand;;;;;;;9652.0;135;1979.0;37.42;1168.0;5814.0;1426.0
A1,BUCHMEIER,HERMIT,LEEDS,LEIPZIG;vorstellen;;;Verb;;https://www.dwds.de/wb/vorstellen;0.0;966.0;2573;668.0;109.88;1757.0;801.0;16820.0
B1,BUCHMEIER,HERMIT,LEEDS,LEIPZIG;Vorstellung;die;;Substantiv;fem.;https://www.dwds.de/wb/Vorstellung;0.0;2502.0;787;667.0;110.02;1615.0;2269.0;4728.0
HERMIT,LEIPZIG;Vorstellungen;;;;;;;;;;;1668.0;9035.0;799.0
B1;Vorstellungsgespräch;das;;Substantiv;neutr.;https://www.dwds.de/wb/Vorstellungsgespr%C3%A4ch;0.0;;;;;;;
B1,BUCHMEIER,HERMIT,LEEDS,LEIPZIG,LEO739,NRW422;Vorteil;der;;Substantiv;mask.;https://www.dwds.de/wb/Vorteil;0.0;3811.0;461;880.0;85.02;2209.0;3175.0;3065.0
HERMIT,LEIPZIG;Vorteile;;;;;;;;;;;2795.0;7172.0;1087.0
B1,BUCHMEIER,HERMIT,LEEDS,LEIPZIG;Vortrag;der;;Substantiv;mask.;https://www.dwds.de/wb/Vortrag;0.0;8240.0;166;1396.0;54.19;2888.0;6949.0;1128.0
BW3,LEEDS;vortragen;;du trägst vor, ich trug vor, Vortrag;;;;;;;4380.0;13.93;;;
A1;Vorwahl;die;;Substantiv;fem.;https://www.dwds.de/wb/Vorwahl;0.0;;;;;;;
HERMIT,LEEDS;vorwerfen;;;;;;;;;3364.0;19.73;;9328.0;768.0
LEEDS,LEIPZIG;vorwiegend;;;;;;;;;3358.0;19.76;3447.0;;
B1,HERMIT,LEEDS,LEIPZIG;Vorwurf;der;;Substantiv;mask.;https://www.dwds.de/wb/Vorwurf;0.0;;;1707.0;43.99;1872.0;9662.0;734.0
A2,BUCHMEIER,HERMIT,LEEDS;vorwärts;;;Adverb;;https://www.dwds.de/wb/vorw%C3%A4rts;0.0;2621.0;746;4558.0;13.26;;1737.0;6562.0
BUCHMEIER,HERMIT,LEIPZIG;Vorwürfe;;;;;;;8460.0;160;;;1825.0;5742.0;1443.0
LEEDS,LEIPZIG;vorzeitig;;;;;;;;;4860.0;12.08;5194.0;;
BUCHMEIER,HERMIT,LEIPZIG;vorzubereiten;;;;;;;7783.0;179;;;8847.0;7627.0;1004.0
BUCHMEIER,HERMIT;vorzustellen;;;;;;;6264.0;240;;;;5749.0;1441.0
BUCHMEIER,HERMIT;vorüber;;;;;;;5396.0;291;;;;5309.0;1591.0
BUCHMEIER,HERMIT,LEEDS,LEIPZIG;vorübergehend;;;;;;;9046.0;147;3395.0;19.5;3845.0;5630.0;1478.0
BW1,HERMIT,LEIPZIG;Vulkan;der;;Substantiv;;;;;;;;7231.0;8399.0;882.0
BUCHMEIER,HERMIT,LEIPZIG;Väter;;;;;;;7394.0;192;;;5794.0;4845.0;1795.0
BUCHMEIER,HERMIT,LEIPZIG;Vögel;;;;;;;3268.0;567;;;5449.0;2784.0;3634.0
BUCHMEIER,HERMIT;vögeln;;;;;;;6771.0;216;;;;3592.0;2627.0
B1,BUCHMEIER,HERMIT,LEEDS,LEIPZIG;völlig;;;Adjektiv;;https://www.dwds.de/wb/v%C3%B6llig;0.0;831.0;3068;398.0;182.06;527.0;698.0;20317.0
BUCHMEIER,HERMIT;Wa;;;;;;;9424.0;139;;;;7023.0;1113.0
BW3,LEO739,NRW422;Waage;die;;Substantiv;;;;;;;;;;
B1;waagerecht;;;Adjektiv;;https://www.dwds.de/wb/waagerecht;0.0;;;;;;;
B1;waagrecht;;;Adjektiv;;https://www.dwds.de/wb/waagrecht;0.0;;;;;;;
A2,BUCHMEIER,HERMIT,LEEDS;wach;;;Adjektiv;;https://www.dwds.de/wb/wach;0.0;1548.0;1409;4341.0;14.08;;1032.0;12280.0
BUCHMEIER,HERMIT;Wache;;;;;;;3091.0;608;;;;1998.0;5485.0
BUCHMEIER,HERMIT,LEO739,NRW422;wachen;;;;;;;2810.0;685;;;;2085.0;5187.0
B1,BUCHMEIER,BW1,HERMIT,LEEDS,LEIPZIG,LEO739,NRW422;wachsen;;du wächst, ich wuchs;Verb;;https://www.dwds.de/wb/wachsen#1;0.0;3522.0;517;791.0;95.19;2217.0;2919.0;3405.0
LEEDS,LEIPZIG;Wachstum;;;;;;;;;1543.0;49.24;1276.0;;
BUCHMEIER,HERMIT;wacht;;;;;;;6120.0;248;;;;5492.0;1523.0
BUCHMEIER,HERMIT;wachte;;;;;;;9870.0;131;;;;8383.0;885.0
BUCHMEIER,HERMIT;Wade;;;;;;;3926.0;445;;;;4126.0;2218.0
BUCHMEIER,HERMIT,LEEDS,LEIPZIG,LEO739;Waffe;die;;Substantiv;;;;655.0;4398;1150.0;65.76;4476.0;610.0;25140.0
BUCHMEIER,HERMIT,LEIPZIG;Waffen;;;;;;;805.0;3213;;;1740.0;807.0;16732.0
A1,BUCHMEIER,HERMIT,LEEDS,LEIPZIG;Wagen;der;;Substantiv;mask.;https://www.dwds.de/wb/Wagen;0.0;667.0;4309;1922.0;38.65;1390.0;514.0;31434.0
LEEDS,LEIPZIG;Wagner;;;;;;;;;3495.0;18.81;4416.0;;
BUCHMEIER,HERMIT;wagst;;;;;;;7619.0;184;;;;8905.0;815.0
BUCHMEIER,HERMIT,LEIPZIG;wagt;;;;;;;7186.0;200;;;7674.0;6417.0;1258.0
B1,BUCHMEIER,HERMIT,LEEDS,LEIPZIG;Wahl;die;;Substantiv;fem.;https://www.dwds.de/wb/Wahl;0.0;807.0;3210;538.0;134.37;652.0;746.0;18477.0
HERMIT,LEIPZIG;Wahlen;;;;;;;;;;;1406.0;9867.0;713.0
LEEDS,LEIPZIG;Wahlkampf;;;;;;;;;3199.0;21.0;2188.0;;
BUCHMEIER,HERMIT,LEIPZIG;Wahnsinn;;;;;;;1927.0;1090;;;8128.0;1724.0;6639.0
B1,BUCHMEIER,HERMIT;wahnsinnig;;;Adjektiv;;https://www.dwds.de/wb/wahnsinnig;0.0;2346.0;859;;;;1893.0;5940.0
A2,BUCHMEIER,BW3,FEHLER300,HERMIT,LEEDS,LEIPZIG,LEO739,NRW422;wahr;;Wahrheit;Adjektiv;;https://www.dwds.de/wb/wahr;0.0;404.0;7396;606.0;119.3;3230.0;338.0;50700.0
BUCHMEIER,HERMIT,LEIPZIG;wahre;;;;;;;2012.0;1043;;;4059.0;1786.0;6332.0
BUCHMEIER,HERMIT,LEIPZIG;wahren;;;;;;;2849.0;672;;;3312.0;2599.0;3979.0
BUCHMEIER,HERMIT;wahrer;;;;;;;5264.0;302;;;;5210.0;1627.0
BUCHMEIER,HERMIT;wahres;;;;;;;5903.0;260;;;;5088.0;1680.0
B1,BUCHMEIER,HERMIT,LEEDS,LEIPZIG;Wahrheit;die;;Substantiv;fem.;https://www.dwds.de/wb/Wahrheit;0.0;583.0;5057;774.0;96.86;1474.0;501.0;32627.0
HERMIT,LEIPZIG;wahrlich;;;;;;;;;;;9350.0;9878.0;712.0
FEHLER200,FEHLER400,LEEDS,LEIPZIG;wahrnehmen;;;;;;;;;1482.0;51.28;8266.0;;
LEEDS,LEIPZIG;Wahrnehmung;;;;;;;;;2070.0;35.93;6427.0;;
A2,BUCHMEIER,HERMIT,LEEDS,LEIPZIG;wahrscheinlich;;;Adjektiv;;https://www.dwds.de/wb/wahrscheinlich;0.0;988.0;2460;705.0;105.7;1247.0;629.0;23968.0
BUCHMEIER,HERMIT,LEEDS,LEIPZIG;Wahrscheinlichkeit;;;;;;;9344.0;141;3129.0;21.66;6161.0;8592.0;855.0
BUCHMEIER,HERMIT;Wal;;;;;;;8863.0;151;;;;8117.0;925.0
A2,BUCHMEIER,BW3,FEHLER300,HERMIT,LEEDS,LEIPZIG,LEO739,NRW422;Wald;der;Wälder;Substantiv;mask.;https://www.dwds.de/wb/Wald;0.0;1729.0;1234;1273.0;59.54;2401.0;1383.0;8752.0
BUCHMEIER,HERMIT;Walker;;;;;;;6297.0;238;;;;3435.0;2784.0
BUCHMEIER,HERMIT;Wallace;;;;;;;8159.0;168;;;;6361.0;1272.0
BUCHMEIER,HERMIT;Wally;;;;;;;9805.0;132;;;;6469.0;1243.0
BUCHMEIER,HERMIT;Walsh;;;;;;;4428.0;379;;;;9794.0;720.0
BUCHMEIER,HERMIT;Walt;;;;;;;2938.0;654;;;;4539.0;1959.0
BUCHMEIER,HERMIT,LEEDS,LEIPZIG;Walter;;;;;;;2636.0;742;2128.0;34.85;2047.0;1836.0;6118.0
B1,BUCHMEIER,BW3,HERMIT,LEEDS,LEIPZIG;Wand;die;Wände;Substantiv;fem.;https://www.dwds.de/wb/Wand;0.0;1803.0;1184;1665.0;44.97;2631.0;1604.0;7256.0
BUCHMEIER,HERMIT;Wanda;;;;;;;6682.0;220;;;;9573.0;742.0
LEEDS,LEIPZIG;Wandel;;;;;;;;;2401.0;30.17;3938.0;;
A1,BUCHMEIER,HERMIT,LEEDS,LEIPZIG;wandern;;;Verb;;https://www.dwds.de/wb/wandern;0.0;8675.0;155;3241.0;20.67;7598.0;6215.0;1314.0
B1;Wanderung;die;;Substantiv;fem.;https://www.dwds.de/wb/Wanderung;0.0;;;;;;;
B1;Wandrung;die;;Substantiv;fem.;https://www.dwds.de/wb/Wandrung;0.0;;;;;;;
BUCHMEIER,HERMIT;Wang;;;;;;;7040.0;205;;;;8270.0;902.0
A1,BUCHMEIER,BW1,HERMIT,LEEDS,LEIPZIG,LEO739,NRW111;wann;;;Adverb;;https://www.dwds.de/wb/wann;0.0;617.0;4722;1043.0;72.91;2220.0;312.0;54105.0
BUCHMEIER,HERMIT;Wanne;;;;;;;8459.0;160;;;;8062.0;933.0
BUCHMEIER,HERMIT;want;;;;;;;5201.0;307;;;;8312.0;897.0
BUCHMEIER,HERMIT,LEIPZIG;war;;;;;;;37.0;106863;;;48.0;33.0;712337.0
B1,BUCHMEIER,HERMIT,LEEDS,LEIPZIG;Ware;die;;Substantiv;fem.;https://www.dwds.de/wb/Ware;0.0;4606.0;361;1272.0;59.58;3648.0;3529.0;2685.0
BUCHMEIER,HERMIT,LEIPZIG;waren;;;;;;;192.0;17096;;;112.0;172.0;117474.0
BUCHMEIER,HERMIT,LEIPZIG;warf;;;;;;;5293.0;299;;;1999.0;4172.0;2187.0
A2,BUCHMEIER,BW1,HERMIT,LEEDS,LEIPZIG,LEO739;warm;;wärmer, Wärme;Adjektiv;;https://www.dwds.de/wb/warm;0.0;2420.0;819;1835.0;40.56;7806.0;2074.0;5215.0
BUCHMEIER,HERMIT;warme;;;;;;;7889.0;176;;;;7048.0;1110.0
HERMIT,LEIPZIG;warmen;;;;;;;;;;;8460.0;9863.0;713.0
BUCHMEIER,HERMIT;warne;;;;;;;4857.0;338;;;;3786.0;2465.0
B1,BUCHMEIER,HERMIT,LEEDS,LEIPZIG;warnen;;;Verb;;https://www.dwds.de/wb/warnen;0.0;3287.0;561;1557.0;48.68;5141.0;2785.0;3633.0
BUCHMEIER,HERMIT,LEEDS,LEIPZIG;Warnung;;;;;;;3789.0;463;4075.0;15.3;5370.0;3519.0;2698.0
BUCHMEIER,HERMIT;Warren;;;;;;;5902.0;260;;;;4515.0;1971.0
BUCHMEIER,HERMIT;wars;;;;;;;5840.0;263;;;;6564.0;1222.0
BUCHMEIER,HERMIT;warst;;;;;;;392.0;7614;;;;327.0;52211.0
BUCHMEIER,FEHLER400,HERMIT;wart;;;;;;;2413.0;821;;;;1669.0;6933.0
BUCHMEIER,HERMIT;Warte;;;;;;;395.0;7540;;;;263.0;68407.0
A1,BUCHMEIER,BW1,HERMIT,LEEDS,LEIPZIG;warten;;du wartest;Verb;;https://www.dwds.de/wb/warten#1;0.0;424.0;6979;584.0;123.49;1301.0;304.0;56911.0
BUCHMEIER,HERMIT;wartest;;;;;;;3049.0;621;;;;2568.0;4065.0
BUCHMEIER,HERMIT,LEIPZIG;wartet;;;;;;;1013.0;2381;;;2873.0;656.0;22512.0
BUCHMEIER,HERMIT,LEIPZIG;wartete;;;;;;;4874.0;337;;;8981.0;4464.0;2006.0
BUCHMEIER,HERMIT,LEIPZIG;warteten;;;;;;;9388.0;140;;;9873.0;9819.0;718.0
A1,BUCHMEIER,BW1,HERMIT,LEEDS,LEIPZIG,LEO739,NRW111;warum;;;Adverb;;https://www.dwds.de/wb/warum;0.0;114.0;31663;276.0;255.61;882.0;91.0;251177.0
A1,BUCHMEIER,BW1,HERMIT,LEEDS,LEIPZIG,LEO739,NRW111;was;;;Pronomen;;https://www.dwds.de/wb/was#1;0.0;21.0;146767;51.0;1800.24;99.0;12.0;1696010.0
A1,BUCHMEIER,HERMIT,LEEDS;waschen;;;Verb;;https://www.dwds.de/wb/waschen;0.0;3667.0;487;4675.0;12.79;;2777.0;3648.0
B1;Waschmittel;das;;Substantiv;neutr.;https://www.dwds.de/wb/Waschmittel;0.0;;;;;;;
BUCHMEIER,HERMIT,LEEDS,LEIPZIG;Washington;;;;;;;2431.0;814;1971.0;37.55;1188.0;1988.0;5547.0
A1,BUCHMEIER,BW1,FEHLER300,HERMIT,LEEDS,LEIPZIG,LEO739,NRW422;Wasser;das;;Substantiv;neutr.;https://www.dwds.de/wb/Wasser;0.0;531.0;5611;472.0;153.48;630.0;491.0;33387.0
BUCHMEIER,HERMIT;Wayne;;;;;;;2173.0;940;;;;3328.0;2909.0
BUCHMEIER,HERMIT,LEEDS;we;;;;;;;7888.0;176;3034.0;22.54;;3330.0;2908.0
LEEDS,LEIPZIG;Weber;;;;;;;;;3648.0;17.72;4756.0;;
A2,LEEDS;Webseite;die;;Substantiv;fem.;https://www.dwds.de/wb/Webseite;0.0;;;4076.0;15.29;;;
HERMIT,LEEDS;Website;;;;;;;;;2313.0;31.6;;7578.0;1013.0
HERMIT,LEEDS,LEIPZIG;Wechsel;;;;;;;;;2235.0;32.81;1923.0;8388.0;884.0
A2,BUCHMEIER,HERMIT,LEEDS,LEIPZIG;wechseln;;;Verb;;https://www.dwds.de/wb/wechseln;0.0;3088.0;609;1497.0;50.89;3194.0;2617.0;3945.0
BUCHMEIER,HERMIT,LEIPZIG;wechselt;;;;;;;9278.0;142;;;5421.0;9219.0;779.0
A2,BUCHMEIER,HERMIT,LEEDS,LEIPZIG;wecken;;;Verb;;https://www.dwds.de/wb/wecken;0.0;4768.0;346;2644.0;26.74;8091.0;3929.0;2356.0
B1,BUCHMEIER,BW3,HERMIT;Wecker;der;wecken;Substantiv;mask.;https://www.dwds.de/wb/Wecker;0.0;9988.0;129;;;;8137.0;922.0
B1,BUCHMEIER,HERMIT,LEEDS,LEIPZIG;weder;;;Konjunktion;;https://www.dwds.de/wb/weder;0.0;1786.0;1195;572.0;127.76;730.0;1296.0;9435.0
A2,BUCHMEIER,BW1,BW3,FEHLER300,HERMIT,LEEDS,LEIPZIG,LEO739,NRW111;Weg;der;Wege;Substantiv;mask.;https://www.dwds.de/wb/Weg;0.0;198.0;16656;187.0;367.8;302.0;129.0;175124.0
BUCHMEIER,HERMIT,LEIPZIG;Wege;;;;;;;3173.0;591;;;1286.0;2485.0;4207.0
A2,BUCHMEIER,BW3,HERMIT,LEEDS,LEIPZIG;wegen;;;Präposition;;https://www.dwds.de/wb/wegen;0.0;322.0;9498;244.0;279.19;184.0;248.0;74062.0
BUCHMEIER,HERMIT;weggegangen;;;;;;;8138.0;169;;;;6834.0;1153.0
BUCHMEIER,HERMIT;weggehen;;;;;;;4528.0;368;;;;3594.0;2625.0
BUCHMEIER,HERMIT;weggelaufen;;;;;;;6182.0;244;;;;4700.0;1878.0
BUCHMEIER,HERMIT;weggenommen;;;;;;;5613.0;276;;;;5585.0;1493.0
BUCHMEIER,HERMIT;weggeworfen;;;;;;;8458.0;160;;;;7193.0;1083.0
BUCHMEIER,HERMIT;weglaufen;;;;;;;4486.0;373;;;;3938.0;2350.0
BUCHMEIER,HERMIT;wegnehmen;;;;;;;5014.0;324;;;;4374.0;2063.0
BUCHMEIER,HERMIT;wegwerfen;;;;;;;7782.0;179;;;;6577.0;1219.0
BUCHMEIER,HERMIT,LEEDS,LEIPZIG;weh;;;;;;;800.0;3237;4487.0;13.53;8563.0;809.0;16694.0
BUCHMEIER,HERMIT;Wehe;;;;;;;7439.0;190;;;;5234.0;1619.0
BUCHMEIER,HERMIT;Wehen;;;;;;;9479.0;138;;;;7613.0;1006.0
BUCHMEIER,HERMIT;wehgetan;;;;;;;4982.0;327;;;;3812.0;2446.0
BUCHMEIER,HERMIT,LEEDS,LEIPZIG;wehren;;;;;;;8390.0;162;2828.0;24.58;5353.0;5425.0;1550.0
A1,BUCHMEIER,HERMIT;wehtun;;;Verb;;https://www.dwds.de/wb/wehtun;0.0;3192.0;586;;;;2407.0;4396.0
BUCHMEIER,HERMIT;Wei;;;;;;;9478.0;138;;;;5992.0;1374.0
BUCHMEIER,HERMIT,LEEDS;weiB;;;;;;;3826.0;459;3655.0;17.7;;3433.0;2785.0
BUCHMEIER,HERMIT;Weiber;;;;;;;5872.0;261;;;;5261.0;1608.0
A1,LEEDS;weiblich;;;Adjektiv;;https://www.dwds.de/wb/weiblich;0.0;;;1848.0;40.17;;;
BUCHMEIER,HERMIT,LEIPZIG;weibliche;;;;;;;7215.0;199;;;5905.0;5740.0;1443.0
BUCHMEIER,HERMIT,LEIPZIG;weiblichen;;;;;;;8674.0;155;;;5134.0;8168.0;916.0
A2,BUCHMEIER,BW1,HERMIT,LEEDS;weich;;;Adjektiv;;https://www.dwds.de/wb/weich;0.0;4269.0;398;2952.0;23.24;;3747.0;2491.0
BUCHMEIER,HERMIT;Weichei;;;;;;;7749.0;180;;;;6989.0;1120.0
BUCHMEIER,HERMIT,LEEDS,LEIPZIG;weichen;;;;;;;9343.0;141;3481.0;18.86;5329.0;8000.0;943.0
B1,HERMIT,LEEDS;weigern;;;Verb;;https://www.dwds.de/wb/weigern;0.0;;;3586.0;18.14;;9853.0;714.0
BUCHMEIER,FEHLER100,FEHLER300,HERMIT,LEIPZIG,LEO739,NRW422;Weihnachten;;;;;;;1573.0;1382;;;3021.0;1234.0;10033.0
BUCHMEIER,HERMIT;Weihnachtsmann;;;;;;;5499.0;283;;;;3800.0;2454.0
A2,BUCHMEIER,BW3,HERMIT,LEEDS,LEIPZIG,LEO739,NRW111;weil;;;Konjunktion;;https://www.dwds.de/wb/weil;0.0;187.0;17549;103.0;680.54;137.0;138.0;159743.0
BUCHMEIER,HERMIT,LEEDS,LEIPZIG,LEO739,NRW422;Weile;die;;Substantiv;;;;1201.0;1918;3054.0;22.29;6869.0;1068.0;11866.0
A1,BUCHMEIER,HERMIT,LEEDS,LEIPZIG;Wein;der;;Substantiv;mask.;https://www.dwds.de/wb/Wein;0.0;1767.0;1207;1817.0;40.97;4247.0;1248.0;9882.0
BUCHMEIER,HERMIT;weine;;;;;;;6468.0;230;;;;4385.0;2058.0
A2,BUCHMEIER,BW1,HERMIT,LEEDS,LEO739,NRW422;weinen;;du weinst;Verb;;https://www.dwds.de/wb/weinen;0.0;2119.0;975;3021.0;22.59;;1675.0;6915.0
BUCHMEIER,HERMIT;weinst;;;;;;;6367.0;235;;;;6224.0;1312.0
BUCHMEIER,HERMIT;weint;;;;;;;4386.0;384;;;;2491.0;4193.0
BUCHMEIER,HERMIT;weinte;;;;;;;7983.0;173;;;;7893.0;958.0
BUCHMEIER,HERMIT,LEEDS,LEIPZIG;Weise;;;;;;;1507.0;1444;303.0;234.46;654.0;1101.0;11381.0
BUCHMEIER,HERMIT,LEEDS,LEIPZIG;weisen;;;;;;;7846.0;177;714.0;104.74;3105.0;5339.0;1579.0
BUCHMEIER,HERMIT,LEEDS,LEIPZIG;Weisheit;;;;;;;6105.0;249;3382.0;19.58;9469.0;5162.0;1645.0
FEHLER200,FEHLER400;weismachen;;;;;;;;;;;;;
BUCHMEIER,HERMIT;weiss;;;;;;;639.0;4525;;;;1308.0;9337.0
BUCHMEIER,HERMIT;weisst;;;;;;;1430.0;1547;;;;2477.0;4222.0
BUCHMEIER,HERMIT,LEIPZIG;weist;;;;;;;5871.0;261;;;1562.0;6129.0;1337.0
A1,BUCHMEIER,HERMIT,LEEDS,LEIPZIG;weit;;;Adjektiv;;https://www.dwds.de/wb/weit;0.0;457.0;6564;73.0;1141.08;364.0;397.0;41558.0
LEEDS,LEIPZIG;weitaus;;;;;;;;;3663.0;17.65;4373.0;;
BUCHMEIER,HERMIT,LEEDS,LEIPZIG;weite;;;;;;;9915.0;130;3851.0;16.52;4662.0;7955.0;948.0
HERMIT,LEIPZIG;weitem;;;;;;;;;;;5195.0;9869.0;713.0
BUCHMEIER,HERMIT,LEIPZIG;weiten;;;;;;;8354.0;163;;;4459.0;5497.0;1522.0
B1,BUCHMEIER,BW1,HERMIT,LEEDS,LEIPZIG,LEO739,NRW422;weiter;;;Adjektiv;;https://www.dwds.de/wb/weiter;0.0;273.0;11712;474.0;152.65;185.0;232.0;79598.0
B1,LEEDS,LEIPZIG;Weiterbildung;die;;Substantiv;fem.;https://www.dwds.de/wb/Weiterbildung;0.0;;;3925.0;16.17;6429.0;;
BUCHMEIER,HERMIT,LEIPZIG;weitere;;;;;;;1324.0;1697;;;268.0;1091.0;11505.0
BUCHMEIER,HERMIT,LEIPZIG;weiteren;;;;;;;2142.0;961;;;494.0;1848.0;6070.0
LEEDS,LEIPZIG;Weiterentwicklung;;;;;;;;;3628.0;17.84;8593.0;;
BUCHMEIER,HERMIT,LEIPZIG;weiterer;;;;;;;4676.0;355;;;1580.0;4496.0;1984.0
BUCHMEIER,HERMIT,LEIPZIG;weiteres;;;;;;;4021.0;433;;;1455.0;3138.0;3111.0
BUCHMEIER,HERMIT,LEEDS,LEIPZIG;weitergehen;;;;;;;4176.0;411;3933.0;16.11;5945.0;3489.0;2729.0
BUCHMEIER,HERMIT;weitergeht;;;;;;;7099.0;203;;;;6750.0;1175.0
BUCHMEIER,HERMIT,LEEDS,LEIPZIG,LEO739;weiterhin;;;;;;;2548.0;774;569.0;128.69;619.0;2181.0;4925.0
BUCHMEIER,HERMIT;weiterleben;;;;;;;6637.0;222;;;;6812.0;1160.0
BUCHMEIER,HERMIT;weitermachen;;;;;;;2684.0;725;;;;2197.0;4895.0
LEEDS,LEIPZIG;weitgehend;;;;;;;;;1183.0;64.16;1152.0;;
A1,BUCHMEIER,BW1,FEHLER100,FEHLER200,FEHLER300,FEHLER400,HERMIT,LEEDS,LEIPZIG,LEO739,NRW422;weiß;;;Adjektiv;;https://www.dwds.de/wb/wei%C3%9F;0.0;79.0;50439;779.0;96.2;338.0;70.0;357869.0
BUCHMEIER,HERMIT,LEEDS,LEIPZIG;weiße;;;;;;;3336.0;551;4277.0;14.38;3177.0;1798.0;6272.0
BUCHMEIER,HERMIT,LEEDS,LEIPZIG;weißen;;;;;;;3030.0;629;2618.0;27.19;2172.0;1667.0;6960.0
BUCHMEIER,HERMIT,LEIPZIG;weißer;;;;;;;7493.0;188;;;9109.0;4056.0;2256.0
BUCHMEIER,FEHLER200,FEHLER400,HERMIT;weißt;;;;;;;232.0;14150;;;;149.0;147614.0
BUCHMEIER,HERMIT,LEEDS,LEIPZIG;Welch;;;;;;;3585.0;500;96.0;747.84;8696.0;2739.0;3725.0
A1,BUCHMEIER,HERMIT,LEIPZIG;welche;;;Interrogativpronomen;fem.;https://www.dwds.de/wb/welche#1;0.0;861.0;2919;;;552.0;505.0;32349.0
BUCHMEIER,HERMIT,LEIPZIG;welchem;;;;;;;2246.0;898;;;3045.0;1811.0;6222.0
BUCHMEIER,HERMIT,LEIPZIG;welchen;;;;;;;3029.0;629;;;2324.0;1520.0;7812.0
A1,BUCHMEIER,HERMIT,LEIPZIG,LEO739,NRW422;welcher;;;Interrogativpronomen;mask.;https://www.dwds.de/wb/welcher#1;0.0;1790.0;1193;;;1972.0;1000.0;12787.0
A1,BUCHMEIER,HERMIT,LEIPZIG;welches;;;Interrogativpronomen;neutr.;https://www.dwds.de/wb/welches#1;0.0;2126.0;970;;;3096.0;1179.0;10579.0
BUCHMEIER,HERMIT,LEEDS,LEIPZIG;Welle;;;;;;;6337.0;236;2477.0;29.05;5544.0;6605.0;1212.0
BUCHMEIER,HERMIT,LEIPZIG;Wellen;;;;;;;6406.0;233;;;6773.0;5699.0;1458.0
A1,BUCHMEIER,HERMIT,LEEDS,LEIPZIG,LEO739,NRW422;Welt;die;;Substantiv;fem.;https://www.dwds.de/wb/Welt;0.0;265.0;11980;157.0;455.19;230.0;270.0;66821.0
BUCHMEIER,HERMIT,LEIPZIG;Welten;;;;;;;4559.0;366;;;6809.0;4680.0;1885.0
B1;weltenweit;;;Adjektiv;;https://www.dwds.de/wb/weltenweit;0.0;;;;;;;
BUCHMEIER,HERMIT,LEEDS;Weltkrieg;;;;;;;6467.0;230;1424.0;53.2;;6398.0;1263.0
BUCHMEIER,HERMIT,LEO739;Weltraum;der;;Substantiv;;;;6681.0;220;;;;6211.0;1317.0
B1,BUCHMEIER,HERMIT,LEEDS,LEIPZIG;weltweit;;;Adjektiv;;https://www.dwds.de/wb/weltweit;0.0;8137.0;169;700.0;106.54;831.0;6730.0;1179.0
BUCHMEIER,BW1,HERMIT,LEIPZIG,LEO739,NRW111;wem;;;;;;;947.0;2618;;;5493.0;684.0;20802.0
BUCHMEIER,BW1,HERMIT,LEIPZIG,LEO739,NRW422;wen;;;;;;;1019.0;2367;;;6061.0;603.0;25569.0
HERMIT,LEEDS,LEIPZIG;Wende;;;;;;;;;3343.0;19.89;1942.0;7024.0;1113.0
B1,BUCHMEIER,HERMIT,LEEDS,LEIPZIG;wenden;;;Verb;;https://www.dwds.de/wb/wenden;0.0;4226.0;404;866.0;86.51;3934.0;3329.0;2908.0
HERMIT,LEIPZIG;wendet;;;;;;;;;;;4391.0;9160.0;786.0
BUCHMEIER,HERMIT;Wendy;;;;;;;4277.0;397;;;;4318.0;2093.0
A1,BUCHMEIER,FEHLER300,HERMIT,LEEDS,LEIPZIG,LEO739,NRW111;wenig;;;Adjektiv;;https://www.dwds.de/wb/wenig;0.0;539.0;5546;128.0;547.46;292.0;497.0;33015.0
BUCHMEIER,HERMIT,LEIPZIG;wenige;;;;;;;3546.0;511;;;857.0;2930.0;3392.0
BUCHMEIER,HERMIT,LEIPZIG;wenigen;;;;;;;3810.0;461;;;818.0;3467.0;2750.0
BUCHMEIER,HERMIT,LEEDS,LEIPZIG;weniger;;;;;;;907.0;2752;382.0;186.52;273.0;768.0;17950.0
HERMIT,LEIPZIG;wenigsten;;;;;;;;;;;5615.0;7463.0;1034.0
A2,BUCHMEIER,HERMIT,LEEDS,LEIPZIG;wenigstens;;;Adverb;;https://www.dwds.de/wb/wenigstens;0.0;1182.0;1955;1070.0;70.96;1486.0;824.0;16418.0
A2,BUCHMEIER,BW3,FEHLER100,FEHLER300,HERMIT,LEEDS,LEIPZIG,LEO739,NRW111;wenn;;;Konjunktion;;https://www.dwds.de/wb/wenn;0.0;67.0;65002;42.0;2126.88;70.0;35.0;694462.0
LEEDS,LEIPZIG;wenngleich;;;;;;;;;2951.0;23.25;7184.0;;
A1,BUCHMEIER,BW1,HERMIT,LEEDS,LEIPZIG,LEO739,NRW111;wer;;;Pronomen;;https://www.dwds.de/wb/wer;0.0;153.0;22770;154.0;470.83;295.0;110.0;210823.0
LEEDS,LEIPZIG;werben;;;;;;;;;3137.0;21.56;4436.0;;
B1,BUCHMEIER,HERMIT,LEEDS,LEIPZIG;Werbung;die;;Substantiv;fem.;https://www.dwds.de/wb/Werbung;0.0;4437.0;378;1697.0;44.18;1842.0;4171.0;2188.0
BUCHMEIER,HERMIT,LEEDS;werd;;;;;;;1065.0;2247;3110.0;21.89;;992.0;12947.0
BUCHMEIER,HERMIT,LEIPZIG;werde;;;;;;;110.0;32760;;;143.0;123.0;187290.0
A1,BUCHMEIER,BW3,HERMIT,LEEDS,LEIPZIG,LEO739,NRW422;werden;;du wirst, ich wurde;Verb;;https://www.dwds.de/wb/werden;0.0;81.0;48978;6.0;9730.47;25.0;78.0;294676.0
BUCHMEIER,HERMIT;werdet;;;;;;;1011.0;2388;;;;939.0;13891.0
BUCHMEIER,HERMIT;werfe;;;;;;;6314.0;237;;;;5126.0;1659.0
B1,BUCHMEIER,BW1,HERMIT,LEEDS,LEIPZIG,LEO739,NRW422;werfen;;du wirfst, ich warf, Wurf;Verb;;https://www.dwds.de/wb/werfen;0.0;1720.0;1244;680.0;108.47;2689.0;1428.0;8465.0
BUCHMEIER,HERMIT;Werft;;;;;;;8909.0;150;;;;5885.0;1403.0
B1,BUCHMEIER,HERMIT,LEEDS,LEIPZIG;Werk;das;;Substantiv;neutr.;https://www.dwds.de/wb/Werk;0.0;3982.0;438;433.0;165.47;613.0;2849.0;3511.0
HERMIT,LEIPZIG;Werke;;;;;;;;;;;1262.0;9278.0;773.0
A2,BUCHMEIER,HERMIT,LEIPZIG;Werkstatt;die;;Substantiv;fem.;https://www.dwds.de/wb/Werkstatt;0.0;7098.0;203;;;6019.0;4858.0;1786.0
B1,BUCHMEIER,HERMIT,LEEDS,LEIPZIG;Werkzeug;das;;Substantiv;neutr.;https://www.dwds.de/wb/Werkzeug;0.0;6366.0;235;2757.0;25.36;9413.0;5026.0;1712.0
HERMIT,LEIPZIG;Werkzeuge;;;;;;;;;;;7080.0;8702.0;841.0
FEHLER200,FEHLER400;Wermut;;;;;;;;;;;;;
HERMIT,LEEDS,LEIPZIG;Werner;;;;;;;;;2277.0;32.21;1837.0;8836.0;822.0
B1,BUCHMEIER,HERMIT,LEEDS,LEIPZIG;Wert;der;;Substantiv;mask.;https://www.dwds.de/wb/Wert;0.0;1119.0;2117;418.0;175.39;598.0;728.0;19128.0
BUCHMEIER,HERMIT,LEIPZIG;Werte;;;;;;;5357.0;294;;;1320.0;4260.0;2127.0
LEEDS,LEIPZIG;werten;;;;;;;;;3517.0;18.65;5520.0;;
B1,BUCHMEIER,HERMIT;wertlos;;;Adjektiv;;https://www.dwds.de/wb/wertlos;0.0;8673.0;155;;;;7353.0;1056.0
B1,BUCHMEIER,HERMIT,LEEDS;wertvoll;;;Adjektiv;;https://www.dwds.de/wb/wertvoll;0.0;7008.0;206;2436.0;29.84;;5408.0;1555.0
HERMIT,LEIPZIG;wertvolle;;;;;;;;;;;7438.0;8041.0;936.0
BUCHMEIER,HERMIT;Wes;;;;;;;7127.0;202;;;;8509.0;868.0
BUCHMEIER,HERMIT,LEEDS,LEIPZIG;Wesen;;;;;;;2339.0;861;1060.0;71.47;3516.0;1951.0;5722.0
BUCHMEIER,HERMIT,LEEDS,LEIPZIG;wesentlich;;;;;;;8421.0;161;435.0;164.77;1458.0;6896.0;1139.0
LEEDS,LEIPZIG;Wesentliche;;;;;;;;;3569.0;18.25;4896.0;;
B1,BUCHMEIER,HERMIT,LEEDS,LEIPZIG;weshalb;;;Adverb;;https://www.dwds.de/wb/weshalb;0.0;3878.0;453;2091.0;35.59;3537.0;2008.0;5463.0
BUCHMEIER,HERMIT;Wesley;;;;;;;6537.0;227;;;;7078.0;1104.0
BUCHMEIER,HERMIT;Wessen;;;;;;;4385.0;384;;;;2579.0;4029.0
BUCHMEIER,HERMIT,LEEDS,LEIPZIG;West;;;;;;;3317.0;556;3902.0;16.28;3879.0;2981.0;3329.0
BUCHMEIER,HERMIT,LEEDS;Weste;;;;;;;7492.0;188;1229.0;61.28;;6539.0;1227.0
A1,BUCHMEIER,HERMIT,LEIPZIG;Westen;der;;Substantiv;mask.;https://www.dwds.de/wb/Westen;0.0;2918.0;658;;;665.0;2603.0;3975.0
LEEDS,LEIPZIG;westlich;;;;;;;;;1140.0;66.35;7213.0;;
BUCHMEIER,HERMIT;Weswegen;;;;;;;7272.0;197;;;;3512.0;2704.0
A2,BUCHMEIER,HERMIT,LEEDS,LEIPZIG;Wettbewerb;der;;Substantiv;mask.;https://www.dwds.de/wb/Wettbewerb;0.0;4140.0;416;1436.0;52.78;1095.0;4867.0;1781.0
BUCHMEIER,HERMIT;wette;;;;;;;1768.0;1205;;;;1194.0;10412.0
B1,BUCHMEIER,HERMIT;wetten;;;Verb;;https://www.dwds.de/wb/wetten;0.0;3981.0;438;;;;2648.0;3894.0
A1,BUCHMEIER,BW1,FEHLER300,HERMIT,LEEDS,LEIPZIG;Wetter;das;;Substantiv;neutr.;https://www.dwds.de/wb/Wetter;0.0;3062.0;617;2122.0;35.02;2705.0;2508.0;4160.0
B1;Wetterbericht;der;;Substantiv;mask.;https://www.dwds.de/wb/Wetterbericht;0.0;;;;;;;
B1;Wettervorhersage;die;;Substantiv;fem.;https://www.dwds.de/wb/Wettervorhersage;0.0;;;;;;;
BUCHMEIER,HERMIT,LEIPZIG;Wettkampf;;;;;;;7558.0;186;;;8443.0;8419.0;879.0
HERMIT,LEEDS;what;;;;;;;;;4588.0;13.15;;3798.0;2455.0
BUCHMEIER,HERMIT;Whiskey;;;;;;;7361.0;193;;;;4522.0;1967.0
BUCHMEIER,HERMIT;Whisky;;;;;;;6042.0;252;;;;4560.0;1947.0
BUCHMEIER,HERMIT;White;;;;;;;4344.0;389;;;;3219.0;3016.0
BUCHMEIER,HERMIT;Whoa;;;;;;;3213.0;579;;;;2759.0;3670.0
BUCHMEIER,HERMIT;Wichser;;;;;;;2101.0;984;;;;1918.0;5836.0
A1,BUCHMEIER,BW3,HERMIT,LEEDS,LEIPZIG;wichtig;;;Adjektiv;;https://www.dwds.de/wb/wichtig;0.0;670.0;4260;151.0;484.18;990.0;551.0;29007.0
BUCHMEIER,HERMIT,LEIPZIG;wichtige;;;;;;;3038.0;626;;;1235.0;2321.0;4600.0
BUCHMEIER,HERMIT,LEIPZIG;wichtigen;;;;;;;4321.0;391;;;1663.0;3784.0;2466.0
BUCHMEIER,HERMIT,LEIPZIG;wichtiger;;;;;;;2118.0;975;;;1708.0;1965.0;5665.0
BUCHMEIER,HERMIT,LEIPZIG;Wichtiges;;;;;;;4200.0;408;;;5929.0;2740.0;3722.0
BUCHMEIER,HERMIT,LEIPZIG;Wichtigste;;;;;;;4362.0;387;;;2402.0;2445.0;4303.0
BUCHMEIER,HERMIT,LEIPZIG;wichtigsten;;;;;;;5921.0;259;;;1303.0;5232.0;1620.0
FEHLER200,FEHLER400,LEEDS,LEIPZIG;wider;;;;;;;;;3565.0;18.29;3954.0;;
FEHLER200,FEHLER400;widerfahren;;;;;;;;;;;;;
FEHLER400;widerlegen;;;;;;;;;;;;;
BUCHMEIER,HERMIT;widerlich;;;;;;;5686.0;272;;;;4084.0;2239.0
FEHLER400;widerspiegeln;;;;;;;;;;;;;
B1,HERMIT,LEEDS,LEIPZIG;widersprechen;;;Verb;;https://www.dwds.de/wb/widersprechen;0.0;;;2619.0;27.16;9682.0;8513.0;867.0
FEHLER200,FEHLER400,LEEDS,LEIPZIG;Widerspruch;;;;;;;;;1591.0;47.5;3042.0;;
BUCHMEIER,HERMIT,LEEDS,LEIPZIG;Widerstand;;;;;;;4354.0;388;1047.0;72.75;1425.0;3588.0;2631.0
BUCHMEIER,FEHLER400,HERMIT;widerstehen;;;;;;;5553.0;280;;;;5238.0;1617.0
HERMIT,LEEDS,LEIPZIG;widmen;;;;;;;;;1939.0;38.45;6700.0;8247.0;905.0
A1,BUCHMEIER,BW1,HERMIT,LEEDS,LEIPZIG,LEO739,NRW111;wie;;;Adverb;;https://www.dwds.de/wb/wie;0.0;46.0;91198;27.0;3265.74;40.0;20.0;928920.0
A1,BUCHMEIER,BW3,FEHLER100,FEHLER300,HERMIT,LEEDS,LEIPZIG,LEO739,NRW111;wieder;;;Adverb;;https://www.dwds.de/wb/wieder;0.0;98.0;39978;75.0;1132.88;87.0;95.0;240508.0
BUCHMEIER,HERMIT;wiederhaben;;;;;;;7185.0;200;;;;6965.0;1125.0
BUCHMEIER,HERMIT;wiederhole;;;;;;;3408.0;537;;;;3125.0;3127.0
A1,BUCHMEIER,HERMIT,LEEDS,LEIPZIG;wiederholen;;;Verb;;https://www.dwds.de/wb/wiederholen#1;0.0;3473.0;526;1880.0;39.6;5528.0;2975.0;3335.0
BUCHMEIER,HERMIT,LEEDS,LEIPZIG;wiederholt;;;;;;;6485.0;229;2234.0;32.85;2588.0;6354.0;1274.0
B1,LEEDS,LEIPZIG;Wiederholung;die;;Substantiv;fem.;https://www.dwds.de/wb/Wiederholung;0.0;;;3656.0;17.69;7822.0;;
A1,BUCHMEIER,HERMIT;Wiederhören;das;;Substantiv;neutr.;https://www.dwds.de/wb/Wiederh%C3%B6ren;0.0;7392.0;192;;;;5443.0;1544.0
BUCHMEIER,HERMIT;wiederkommen;;;;;;;5405.0;290;;;;4170.0;2190.0
A1,BUCHMEIER,HERMIT;Wiedersehen;das;;Substantiv;neutr.;https://www.dwds.de/wb/Wiedersehen;0.0;901.0;2786;;;;601.0;25645.0
BUCHMEIER,FEHLER200,FEHLER400,HERMIT,LEEDS,LEIPZIG;wiederum;;;;;;;9651.0;135;972.0;77.6;1127.0;9755.0;724.0
BUCHMEIER,HERMIT;wiederzusehen;;;;;;;5978.0;256;;;;3764.0;2479.0
B1;wiegen;;;Verb;;https://www.dwds.de/wb/wiegen#1;0.0;;;;;;;
BUCHMEIER,HERMIT,LEIPZIG;wiegt;;;;;;;7126.0;202;;;9177.0;7287.0;1065.0
HERMIT,LEEDS,LEIPZIG;Wien;;;;;;;;;991.0;76.34;1578.0;6114.0;1340.0
LEEDS,LEIPZIG;Wiener;;;;;;;;;2101.0;35.28;2505.0;;
B1,BW1,LEEDS,LEIPZIG;Wiese;die;;Substantiv;fem.;https://www.dwds.de/wb/Wiese;0.0;;;3948.0;16.03;6195.0;;
B1,BUCHMEIER,HERMIT,LEEDS;wieso;;;Adverb;;https://www.dwds.de/wb/wieso;0.0;282.0;11285;2362.0;30.74;;206.0;92191.0
BUCHMEIER,HERMIT,LEEDS,LEIPZIG;Wieviel;;;;;;;2587.0;758;3311.0;20.12;4060.0;3299.0;2941.0
BUCHMEIER,HERMIT;Wieviele;;;;;;;5870.0;261;;;;8698.0;841.0
B1,BUCHMEIER,BW3,HERMIT,LEEDS,LEIPZIG;wild;;wilde;Adjektiv;;https://www.dwds.de/wb/wild;0.0;3521.0;517;1969.0;37.56;7358.0;2453.0;4282.0
BUCHMEIER,HERMIT,LEIPZIG;wilde;;;;;;;6313.0;237;;;8585.0;3642.0;2586.0
BUCHMEIER,HERMIT,LEIPZIG;wilden;;;;;;;7061.0;204;;;7177.0;4151.0;2202.0
BUCHMEIER,HERMIT;Wildnis;;;;;;;9090.0;146;;;;8292.0;900.0
HERMIT,LEEDS,LEIPZIG;Wilhelm;;;;;;;;;2131.0;34.79;3760.0;9817.0;718.0
BUCHMEIER,FEHLER300,HERMIT,LEIPZIG,LEO739,NRW422;will;;;;;;;88.0;44356;;;93.0;79.0;293445.0
BUCHMEIER,HERMIT,LEEDS,LEIPZIG;Wille;;;;;;;4905.0;334;1012.0;74.9;6065.0;4287.0;2115.0
BUCHMEIER,HERMIT,LEEDS,LEIPZIG;Willen;;;;;;;2021.0;1032;4132.0;15.08;1862.0;1265.0;9752.0
HERMIT,LEIPZIG;Willi;;;;;;;;;;;6303.0;8177.0;915.0
BUCHMEIER,HERMIT,LEEDS,LEIPZIG;William;;;;;;;2653.0;737;3277.0;20.36;7697.0;2165.0;4979.0
BUCHMEIER,HERMIT,LEIPZIG;Williams;;;;;;;5383.0;292;;;9348.0;3841.0;2425.0
BUCHMEIER,HERMIT;Willie;;;;;;;4884.0;336;;;;2931.0;3392.0
A1,BUCHMEIER,FEHLER400,HERMIT,LEEDS,LEIPZIG;willkommen;;;Adjektiv;;https://www.dwds.de/wb/willkommen;0.0;938.0;2640;3189.0;21.07;7253.0;636.0;23375.0
BUCHMEIER,HERMIT;Willow;;;;;;;2501.0;787;;;;5913.0;1396.0
BUCHMEIER,HERMIT;willst;;;;;;;174.0;19251;;;;139.0;159106.0
BUCHMEIER,HERMIT;Willy;;;;;;;7184.0;200;;;;5442.0;1544.0
BUCHMEIER,HERMIT;Wilson;;;;;;;2645.0;739;;;;2835.0;3534.0
A1,BUCHMEIER,HERMIT,LEEDS,LEIPZIG,LEO739;Wind;der;;Substantiv;mask.;https://www.dwds.de/wb/Wind;0.0;1658.0;1294;1631.0;46.07;2384.0;1599.0;7286.0
BUCHMEIER,HERMIT;Windeln;;;;;;;8672.0;155;;;;7178.0;1086.0
A2,BW3;windig;;Wind;Adjektiv;;https://www.dwds.de/wb/windig;0.0;;;;;;;
LEEDS,LEIPZIG;Windows;;;;;;;;;1714.0;43.8;7215.0;;
BUCHMEIER,HERMIT,LEEDS,LEIPZIG;Winkel;;;;;;;5475.0;285;4905.0;11.93;8991.0;6096.0;1344.0
B1,BW1;winken;;du winkst;Verb;;https://www.dwds.de/wb/winken;0.0;;;;;;;
BUCHMEIER,HERMIT;Winston;;;;;;;8136.0;169;;;;5976.0;1379.0
A1,BUCHMEIER,BW1,HERMIT,LEEDS,LEIPZIG,LEO739;Winter;der;;Substantiv;mask.;https://www.dwds.de/wb/Winter;0.0;3527.0;516;2052.0;36.24;1760.0;2556.0;4091.0
BUCHMEIER,HERMIT,LEEDS;winzig;;;;;;;8389.0;162;4290.0;14.32;;7506.0;1027.0
A1,BUCHMEIER,BW1,FEHLER100,FEHLER300,HERMIT,LEEDS,LEIPZIG,LEO739,NRW111;wir;;;Personalpronomen;;https://www.dwds.de/wb/wir;0.0;17.0;166009;24.0;3889.57;77.0;11.0;1721620.0
BUCHMEIER,FEHLER100,FEHLER300,HERMIT,LEIPZIG,LEO739,NRW111;wird;;;;;;;68.0;62904;;;32.0;65.0;394216.0
BUCHMEIER,HERMIT;Wirf;;;;;;;3877.0;453;;;;2929.0;3395.0
BUCHMEIER,HERMIT;wirfst;;;;;;;7703.0;181;;;;6840.0;1152.0
BUCHMEIER,HERMIT,LEIPZIG,LEO739,NRW422;wirft;;;;;;;3876.0;453;;;2049.0;3412.0;2814.0
B1,BUCHMEIER,HERMIT,LEEDS,LEIPZIG;wirken;;;Verb;;https://www.dwds.de/wb/wirken#1;0.0;3104.0;606;524.0;139.76;1894.0;2638.0;3908.0
A2,BUCHMEIER,BW3,HERMIT,LEEDS,LEIPZIG;wirklich;;;Adjektiv;;https://www.dwds.de/wb/wirklich;0.0;134.0;26631;182.0;370.91;507.0;125.0;185166.0
BUCHMEIER,HERMIT,LEIPZIG;wirkliche;;;;;;;5977.0;256;;;6097.0;7294.0;1064.0
BUCHMEIER,HERMIT,LEIPZIG;wirklichen;;;;;;;7845.0;177;;;6168.0;9854.0;714.0
B1,BUCHMEIER,HERMIT,LEEDS,LEIPZIG;Wirklichkeit;die;;Substantiv;fem.;https://www.dwds.de/wb/Wirklichkeit;0.0;2687.0;724;1025.0;74.23;1926.0;3189.0;3045.0
LEEDS,LEIPZIG;wirksam;;;;;;;;;1583.0;47.7;4966.0;;
BUCHMEIER,HERMIT;wirkst;;;;;;;9550.0;137;;;;6587.0;1217.0
BUCHMEIER,HERMIT,LEIPZIG;wirkt;;;;;;;2000.0;1048;;;1191.0;1887.0;5950.0
BUCHMEIER,HERMIT,LEIPZIG;wirkte;;;;;;;6922.0;209;;;3693.0;6372.0;1271.0
B1,BUCHMEIER,HERMIT,LEEDS,LEIPZIG;Wirkung;die;;Substantiv;fem.;https://www.dwds.de/wb/Wirkung;0.0;4343.0;389;752.0;99.28;1316.0;3930.0;2355.0
BUCHMEIER,HERMIT;wirst;;;;;;;229.0;14216;;;;223.0;83791.0
B1,HERMIT,LEIPZIG;Wirt;der;;Substantiv;mask.;https://www.dwds.de/wb/Wirt;0.0;;;;;8454.0;6928.0;1132.0
B1;Wirtin;die;;Substantiv;fem.;https://www.dwds.de/wb/Wirtin;0.0;;;;;;;
B1,BUCHMEIER,HERMIT,LEEDS,LEIPZIG;Wirtschaft;die;;Substantiv;fem.;https://www.dwds.de/wb/Wirtschaft;0.0;8908.0;150;590.0;121.97;489.0;6297.0;1289.0
LEEDS,LEIPZIG;wirtschaftlich;;;;;;;;;521.0;140.01;3398.0;;
A1,B1,BUCHMEIER,BW1,FEHLER100,FEHLER300,HERMIT,LEEDS,LEIPZIG,LEO739,NRW422;wissen;das;du weißt, ich wusste;Substantiv;neutr.;https://www.dwds.de/wb/wissen;0.0;143.0;24499;113.0;602.16;424.0;119.0;192456.0
BUCHMEIER,HERMIT,LEEDS,LEIPZIG;Wissenschaft;;;;;;;3577.0;502;746.0;99.97;1883.0;3101.0;3165.0
B1,BUCHMEIER,HERMIT,LEEDS,LEIPZIG;Wissenschaftler;der;;Substantiv;mask.;https://www.dwds.de/wb/Wissenschaftler;0.0;3638.0;491;1310.0;57.43;1018.0;3222.0;3013.0
B1;Wissenschaftlerin;die;;Substantiv;fem.;https://www.dwds.de/wb/Wissenschaftlerin;0.0;;;;;;;
LEEDS,LEIPZIG;wissenschaftlich;;;;;;;;;579.0;124.82;7019.0;;
HERMIT,LEIPZIG;wissenschaftliche;;;;;;;;;;;3781.0;9972.0;703.0
BUCHMEIER,HERMIT;wisst;;;;;;;1429.0;1548;;;;856.0;15636.0
BUCHMEIER,HERMIT,LEEDS;with;;;;;;;7953.0;174;1887.0;39.5;;4555.0;1949.0
BUCHMEIER,HERMIT,LEIPZIG;Witwe;;;;;;;6202.0;243;;;7466.0;4358.0;2070.0
A2,BUCHMEIER,HERMIT,LEEDS,LEIPZIG;Witz;der;;Substantiv;mask.;https://www.dwds.de/wb/Witz;0.0;1125.0;2097;3800.0;16.77;5006.0;1142.0;10935.0
BUCHMEIER,HERMIT;Witze;;;;;;;1596.0;1356;;;;1492.0;8010.0
A2,BUCHMEIER,HERMIT;witzig;;;Adjektiv;;https://www.dwds.de/wb/witzig;0.0;1236.0;1865;;;;1261.0;9766.0
A1,BUCHMEIER,BW1,HERMIT,LEEDS,LEIPZIG;wo;;;Adverb;;https://www.dwds.de/wb/wo;0.0;129.0;27397;133.0;524.55;196.0;82.0;288363.0
BUCHMEIER,HERMIT;woanders;;;;;;;2510.0;785;;;;2010.0;5450.0
BUCHMEIER,HERMIT,LEEDS,LEIPZIG;wobei;;;;;;;7887.0;176;581.0;124.16;1175.0;5103.0;1673.0
A1,BUCHMEIER,BW1,HERMIT,LEEDS,LEIPZIG;Woche;die;;Substantiv;fem.;https://www.dwds.de/wb/Woche;0.0;600.0;4856;256.0;271.2;307.0;502.0;32543.0
BUCHMEIER,HERMIT,LEIPZIG;Wochen;;;;;;;809.0;3189;;;324.0;663.0;22080.0
A1,BUCHMEIER,HERMIT,LEEDS,LEIPZIG;Wochenende;das;;Substantiv;neutr.;https://www.dwds.de/wb/Wochenende;0.0;2087.0;992;1511.0;50.46;628.0;1486.0;8041.0
A1;Wochentag;der;;Substantiv;mask.;https://www.dwds.de/wb/Wochentag;0.0;;;;;;;
BUCHMEIER,HERMIT;Wodka;;;;;;;6680.0;220;;;;4786.0;1833.0
HERMIT,LEEDS,LEIPZIG;wodurch;;;;;;;;;2900.0;23.81;7021.0;8184.0;914.0
BUCHMEIER,HERMIT,LEEDS,LEIPZIG;Wofür;;;;;;;1811.0;1178;4058.0;15.38;8046.0;1074.0;11771.0
A1,BUCHMEIER,HERMIT,LEEDS,LEIPZIG;woher;;;Pronominaladverb;;https://www.dwds.de/wb/woher;0.0;626.0;4658;2840.0;24.44;8474.0;449.0;36061.0
A1,BUCHMEIER,HERMIT,LEEDS,LEIPZIG;wohin;;;Pronominaladverb;;https://www.dwds.de/wb/wohin;0.0;926.0;2675;2625.0;27.12;4790.0;624.0;24373.0
B1,BUCHMEIER,FEHLER300,HERMIT,LEEDS,LEIPZIG;wohl;;;Adjektiv;;https://www.dwds.de/wb/wohl#1;0.0;220.0;14828;186.0;368.92;281.0;187.0;100488.0
LEEDS,LEIPZIG;Wohlstand;;;;;;;;;3761.0;17.01;6209.0;;
BUCHMEIER,HERMIT;wohne;;;;;;;2958.0;646;;;;2699.0;3803.0
A1,BUCHMEIER,BW3,HERMIT,LEEDS,LEIPZIG,LEO739,NRW422;wohnen;;;Verb;;https://www.dwds.de/wb/wohnen;0.0;1794.0;1192;1073.0;70.79;3968.0;1295.0;9440.0
B1,LEEDS;Wohnort;der;;Substantiv;mask.;https://www.dwds.de/wb/Wohnort;0.0;;;4225.0;14.63;;;
B1;Wohnsitz;der;;Substantiv;mask.;https://www.dwds.de/wb/Wohnsitz;0.0;;;;;;;
BUCHMEIER,HERMIT;wohnst;;;;;;;4572.0;365;;;;3497.0;2718.0
BUCHMEIER,FEHLER300,HERMIT,LEIPZIG;wohnt;;;;;;;2035.0;1023;;;4795.0;1405.0;8591.0
BUCHMEIER,HERMIT;wohnte;;;;;;;7617.0;184;;;;6019.0;1367.0
A1,BUCHMEIER,BW3,HERMIT,LEEDS,LEIPZIG;Wohnung;die;;Substantiv;fem.;https://www.dwds.de/wb/Wohnung;0.0;1075.0;2225;910.0;83.09;1068.0;808.0;16722.0
HERMIT,LEIPZIG;Wohnungen;;;;;;;;;;;1232.0;8077.0;931.0
BUCHMEIER,HERMIT;Wohnwagen;;;;;;;5421.0;289;;;;6576.0;1219.0
A2,BUCHMEIER,HERMIT,LEIPZIG;Wohnzimmer;das;;Substantiv;neutr.;https://www.dwds.de/wb/Wohnzimmer;0.0;5333.0;296;;;7212.0;3990.0;2308.0
BUCHMEIER,HERMIT,LEEDS,LEIPZIG;Wolf;;;;;;;2805.0;689;2242.0;32.69;3664.0;2676.0;3848.0
LEEDS,LEIPZIG;Wolfgang;;;;;;;;;1322.0;56.96;1650.0;;
A2,BUCHMEIER,BW1,HERMIT,LEEDS,LEO739,NRW422;Wolke;die;bewölkt;Substantiv;fem.;https://www.dwds.de/wb/Wolke;0.0;7844.0;177;3202.0;20.94;;7397.0;1047.0
BUCHMEIER,HERMIT,LEIPZIG;Wolken;;;;;;;4540.0;367;;;6390.0;5107.0;1670.0
B1,BUCHMEIER,HERMIT,LEIPZIG;Wolle;die;;Substantiv;fem.;https://www.dwds.de/wb/Wolle;0.0;5535.0;281;;;603.0;4014.0;2283.0
A1,BUCHMEIER,BW1,FEHLER100,HERMIT,LEEDS,LEIPZIG,LEO739,NRW422;wollen;;du willst, ich wollte;Verb;;https://www.dwds.de/wb/wollen#2;0.0;176.0;18985;66.0;1277.85;168.0;144.0;152595.0
BUCHMEIER,HERMIT;wollt;;;;;;;910.0;2741;;;;644.0;22936.0
BUCHMEIER,HERMIT,LEIPZIG;wollte;;;;;;;157.0;21926;;;304.0;148.0;148643.0
BUCHMEIER,HERMIT,LEIPZIG;wollten;;;;;;;621.0;4674;;;648.0;521.0;31158.0
BUCHMEIER,HERMIT;wolltest;;;;;;;855.0;2947;;;;679.0;20973.0
BUCHMEIER,HERMIT;wolltet;;;;;;;5839.0;263;;;;4953.0;1742.0
BUCHMEIER,HERMIT,LEEDS,LEIPZIG;Womit;;;;;;;3610.0;496;2841.0;24.42;5693.0;1921.0;5817.0
BUCHMEIER,HERMIT,LEEDS,LEIPZIG;womöglich;;;;;;;5944.0;258;3803.0;16.76;3224.0;3552.0;2662.0
BUCHMEIER,HERMIT,LEEDS,LEIPZIG;wonach;;;;;;;4648.0;357;3197.0;21.0;2236.0;2573.0;4052.0
BUCHMEIER,HERMIT;Wong;;;;;;;5512.0;282;;;;7271.0;1067.0
BUCHMEIER,HERMIT;Woody;;;;;;;6898.0;210;;;;9733.0;726.0
BUCHMEIER,HERMIT,LEEDS;woran;;;;;;;3784.0;464;4812.0;12.25;;1955.0;5711.0
BUCHMEIER,HERMIT,LEEDS,LEIPZIG;Worauf;;;;;;;2251.0;895;2964.0;23.14;7010.0;1368.0;8837.0
BUCHMEIER,HERMIT,LEEDS,LEIPZIG;worden;;;;;;;899.0;2789;2986.0;22.86;91.0;817.0;16568.0
BUCHMEIER,HERMIT;Worf;;;;;;;7781.0;179;;;;6242.0;1305.0
HERMIT,LEEDS;worin;;;;;;;;;4115.0;15.14;;8593.0;855.0
A2,LEEDS;Workshop;der;;Substantiv;mask.;https://www.dwds.de/wb/Workshop;0.0;;;3372.0;19.68;;;
BUCHMEIER,HERMIT,LEEDS,LEIPZIG;World;;;;;;;8058.0;171;2557.0;27.9;7066.0;5121.0;1661.0
A1,BUCHMEIER,BW1,HERMIT,LEEDS,LEIPZIG;Wort;das;Wörter;Substantiv;neutr.;https://www.dwds.de/wb/Wort;0.0;623.0;4666;195.0;342.48;660.0;561.0;28327.0
BUCHMEIER,HERMIT,LEIPZIG;Worte;;;;;;;1094.0;2165;;;1613.0;998.0;12811.0
BUCHMEIER,HERMIT,LEIPZIG;Worten;;;;;;;4047.0;430;;;1006.0;3356.0;2867.0
B1,BUCHMEIER,HERMIT;worum;;;Pronominaladverb;;https://www.dwds.de/wb/worum;0.0;3433.0;533;;;;1588.0;7357.0
B1,BUCHMEIER,HERMIT;worüber;;;Pronominaladverb;;https://www.dwds.de/wb/wor%C3%BCber;0.0;2669.0;730;;;;1487.0;8041.0
BUCHMEIER,HERMIT,LEEDS,LEIPZIG;Wovon;;;;;;;1263.0;1819;4257.0;14.47;7038.0;802.0;16791.0
BUCHMEIER,HERMIT;Wovor;;;;;;;6104.0;249;;;;3574.0;2646.0
BUCHMEIER,HERMIT;Wow;;;;;;;889.0;2823;;;;691.0;20470.0
BUCHMEIER,HERMIT,LEEDS,LEIPZIG;Wozu;;;;;;;1572.0;1383;3060.0;22.23;7836.0;1033.0;12270.0
BUCHMEIER,HERMIT;Wrack;;;;;;;7702.0;181;;;;8014.0;941.0
BUCHMEIER,HERMIT;Wraith;;;;;;;6424.0;232;;;;8226.0;908.0
BUCHMEIER,HERMIT,LEIPZIG;wuchs;;;;;;;7585.0;185;;;3815.0;6111.0;1340.0
B1,BUCHMEIER,HERMIT,LEEDS;Wunde;die;;Substantiv;fem.;https://www.dwds.de/wb/Wunde;0.0;3886.0;452;1442.0;52.52;;3276.0;2961.0
BUCHMEIER,HERMIT,LEIPZIG;Wunden;;;;;;;5172.0;310;;;9016.0;3961.0;2330.0
B1,BUCHMEIER,HERMIT,LEIPZIG;Wunder;das;;Substantiv;neutr.;https://www.dwds.de/wb/Wunder;0.0;1332.0;1686;;;1794.0;1166.0;10720.0
A1,BUCHMEIER,HERMIT,LEEDS,LEIPZIG;wunderbar;;;Adjektiv;;https://www.dwds.de/wb/wunderbar;0.0;1622.0;1331;2130.0;34.8;7371.0;1047.0;12104.0
BUCHMEIER,HERMIT;wunderbare;;;;;;;4155.0;414;;;;3363.0;2862.0
BUCHMEIER,HERMIT;wunderbaren;;;;;;;7528.0;187;;;;6697.0;1188.0
BUCHMEIER,HERMIT;wunderbarer;;;;;;;7341.0;194;;;;6857.0;1148.0
B1,BUCHMEIER,HERMIT,LEEDS,LEIPZIG;wundern;;;Verb;;https://www.dwds.de/wb/wundern;0.0;7039.0;205;2682.0;26.32;8883.0;5515.0;1515.0
B1,BUCHMEIER,HERMIT,LEEDS;wunderschön;;;Adjektiv;;https://www.dwds.de/wb/wundersch%C3%B6n;0.0;1631.0;1321;3208.0;20.91;;1260.0;9769.0
BUCHMEIER,HERMIT;wunderschöne;;;;;;;5050.0;321;;;;4042.0;2266.0
BUCHMEIER,HERMIT;wunderschönen;;;;;;;7527.0;187;;;;6760.0;1174.0
BUCHMEIER,HERMIT,LEIPZIG;wundert;;;;;;;7340.0;194;;;8313.0;6479.0;1241.0
BUCHMEIER,HERMIT;wundervoll;;;;;;;3054.0;620;;;;2308.0;4639.0
BUCHMEIER,HERMIT;wundervolle;;;;;;;6746.0;217;;;;5441.0;1544.0
A2,BUCHMEIER,HERMIT,LEEDS,LEIPZIG;Wunsch;der;;Substantiv;mask.;https://www.dwds.de/wb/Wunsch;0.0;2061.0;1012;758.0;98.65;1404.0;1871.0;5993.0
BUCHMEIER,HERMIT,LEIPZIG;wurde;;;;;;;155.0;22518;;;60.0;156.0;141236.0
BUCHMEIER,HERMIT,LEIPZIG;wurden;;;;;;;489.0;6048;;;108.0;418.0;38564.0
BUCHMEIER,HERMIT;wurdest;;;;;;;2215.0;920;;;;2011.0;5449.0
BUCHMEIER,HERMIT;Wurf;;;;;;;7923.0;175;;;;7867.0;963.0
BUCHMEIER,BW1,HERMIT;Wurm;der;Würmer;Substantiv;;;;7922.0;175;;;;7057.0;1109.0
BUCHMEIER,HERMIT;Wurmloch;;;;;;;7584.0;185;;;;8026.0;939.0
A2;wurscht;;;Adjektiv;;https://www.dwds.de/wb/wurscht;0.0;;;;;;;
A2,BW3,HERMIT,LEO739;Wurst;die;Würste;Substantiv;fem.;https://www.dwds.de/wb/Wurst;0.0;;;;;;8188.0;914.0
BUCHMEIER,HERMIT,LEIPZIG;Wurzeln;;;;;;;8135.0;169;;;5243.0;7055.0;1109.0
BUCHMEIER,HERMIT;wusste;;;;;;;418.0;7087;;;;337.0;50878.0
BUCHMEIER,HERMIT;wussten;;;;;;;1580.0;1377;;;;1130.0;11118.0
BUCHMEIER,HERMIT;wusstest;;;;;;;2458.0;803;;;;1549.0;7637.0
BUCHMEIER,HERMIT,LEEDS,LEIPZIG;Wut;;;;;;;3388.0;541;3546.0;18.46;4981.0;2680.0;3846.0
BUCHMEIER,HERMIT,LEIPZIG;wußte;;;;;;;2770.0;698;;;1990.0;6283.0;1292.0
BUCHMEIER,LEIPZIG;wußten;;;;;;;9387.0;140;;;5054.0;;
BUCHMEIER,LEIPZIG;www;;;;;;;6858.0;212;;;2647.0;;
BUCHMEIER,HERMIT,LEIPZIG,LEO739,NRW422;wächst;;;;;;;4243.0;402;;;2042.0;3522.0;2694.0
BUCHMEIER,HERMIT;Wächter;;;;;;;4685.0;354;;;;4448.0;2018.0
BUCHMEIER,HERMIT;wähle;;;;;;;9757.0;133;;;;6624.0;1207.0
A2,BUCHMEIER,HERMIT,LEEDS,LEIPZIG;wählen;;;Verb;;https://www.dwds.de/wb/w%C3%A4hlen;0.0;2648.0;738;551.0;131.93;928.0;2159.0;4986.0
LEEDS,LEIPZIG;Wähler;;;;;;;;;2754.0;25.39;2279.0;;
BUCHMEIER,FEHLER300,HERMIT,LEIPZIG;wählt;;;;;;;9482.0;138;;;6392.0;6074.0;1351.0
HERMIT,LEIPZIG;wählte;;;;;;;;;;;7890.0;8322.0;895.0
B1,BUCHMEIER,BW3,FEHLER300,HERMIT,LEEDS,LEIPZIG;während;;;;;https://www.dwds.de/wb/w%C3%A4hrend;0.0;700.0;4029;129.0;545.02;235.0;537.0;30284.0
FEHLER200,FEHLER400;währenddessen;;;;;;;;;;;;;
LEEDS,LEIPZIG;Währung;;;;;;;;;4073.0;15.31;2398.0;;
HERMIT,LEIPZIG;Wälder;;;;;;;;;;;7300.0;8093.0;927.0
BUCHMEIER,HERMIT,LEIPZIG;Wände;;;;;;;5571.0;279;;;5488.0;4512.0;1972.0
BUCHMEIER,HERMIT;wär;;;;;;;1313.0;1736;;;;641.0;23099.0
BUCHMEIER,FEHLER100,FEHLER300,HERMIT,LEIPZIG;wäre;;;;;;;160.0;21160;;;201.0;147.0;149557.0
BUCHMEIER,HERMIT,LEIPZIG;wären;;;;;;;702.0;4026;;;899.0;564.0;28193.0
B1,BUCHMEIER,BW3,HERMIT,LEEDS,LEIPZIG;Wärme;die;warm, wärmer;Substantiv;fem.;https://www.dwds.de/wb/W%C3%A4rme;0.0;6704.0;219;4212.0;14.68;6162.0;6558.0;1222.0
BUCHMEIER,HERMIT;wärst;;;;;;;983.0;2497;;;;867.0;15430.0
BUCHMEIER,HERMIT;wärt;;;;;;;6703.0;219;;;;5049.0;1702.0
BUCHMEIER,HERMIT;Wärter;;;;;;;8059.0;171;;;;6457.0;1247.0
A2,BUCHMEIER,BW3,HERMIT;Wäsche;die;waschen;Substantiv;fem.;https://www.dwds.de/wb/W%C3%A4sche;0.0;3887.0;452;;;;3604.0;2617.0
LEEDS,LEIPZIG;wöchentlich;;;;;;;;;4300.0;14.24;7777.0;;
BUCHMEIER,HERMIT;Wölfe;;;;;;;5717.0;270;;;;5997.0;1373.0
BUCHMEIER,HERMIT,LEIPZIG;Wörter;;;;;;;5466.0;286;;;7872.0;4771.0;1841.0
B1;Wörterbuch;das;;Substantiv;neutr.;https://www.dwds.de/wb/W%C3%B6rterbuch;0.0;;;;;;;
LEEDS,LEIPZIG;wörtlich;;;;;;;;;4657.0;12.83;9793.0;;
BUCHMEIER,HERMIT;wünsch;;;;;;;8239.0;166;;;;5511.0;1517.0
BUCHMEIER,HERMIT,LEIPZIG;wünsche;;;;;;;2485.0;794;;;4261.0;1505.0;7912.0
A2,BUCHMEIER,BW1,HERMIT,LEEDS,LEIPZIG;wünschen;;du wünschst, Wunsch;Verb;;https://www.dwds.de/wb/w%C3%BCnschen;0.0;2301.0;873;747.0;99.73;3265.0;1677.0;6903.0
BUCHMEIER,HERMIT;wünschst;;;;;;;7982.0;173;;;;7561.0;1016.0
BUCHMEIER,HERMIT,LEIPZIG;wünscht;;;;;;;3921.0;446;;;4217.0;3126.0;3125.0
BUCHMEIER,HERMIT;wünschte;;;;;;;1183.0;1954;;;;997.0;12812.0
BUCHMEIER,HERMIT;würd;;;;;;;3497.0;522;;;;3014.0;3293.0
BUCHMEIER,HERMIT,LEEDS,LEIPZIG;würde;;;;;;;138.0;25985;3180.0;21.13;225.0;130.0;175047.0
BUCHMEIER,HERMIT,LEIPZIG;würden;;;;;;;468.0;6302;;;238.0;347.0;49143.0
BUCHMEIER,HERMIT;würdest;;;;;;;678.0;4219;;;;530.0;30516.0
BUCHMEIER,HERMIT;würdet;;;;;;;3747.0;470;;;;2783.0;3635.0
BUCHMEIER,HERMIT;würdig;;;;;;;7526.0;187;;;;6550.0;1224.0
BUCHMEIER,BW1,HERMIT,LEO739;Würfel;der;würfeln;Substantiv;;;;8536.0;158;;;;9550.0;744.0
BUCHMEIER,HERMIT;Würmer;;;;;;;8725.0;154;;;;9271.0;774.0
BUCHMEIER,HERMIT;Würstchen;;;;;;;5752.0;268;;;;5870.0;1408.0
BUCHMEIER,HERMIT;wüsste;;;;;;;1842.0;1154;;;;1344.0;9010.0
BUCHMEIER,HERMIT;wüssten;;;;;;;5332.0;296;;;;3652.0;2578.0
BUCHMEIER,HERMIT;wüsstest;;;;;;;6658.0;221;;;;5167.0;1644.0
BUCHMEIER,HERMIT,LEEDS,LEIPZIG;Wüste;;;;;;;2820.0;681;4035.0;15.57;5613.0;3148.0;3097.0
B1,BUCHMEIER,BW3,HERMIT,LEEDS,LEO739,NRW422;wütend;;wütende, Wut;partizipiales Adjektiv;;https://www.dwds.de/wb/w%C3%BCtend;0.0;1409.0;1565;4432.0;13.7;;1100.0;11387.0
BUCHMEIER,HERMIT;Xander;;;;;;;3630.0;493;;;;7897.0;957.0
BUCHMEIER,HERMIT;Yang;;;;;;;5292.0;299;;;;5404.0;1556.0
BUCHMEIER,HERMIT;Yeah;;;;;;;668.0;4302;;;;1232.0;10043.0
BUCHMEIER,HERMIT,LEIPZIG;Yen;;;;;;;4102.0;422;;;3327.0;8890.0;816.0
BUCHMEIER,HERMIT;Yo;;;;;;;3511.0;519;;;;2750.0;3700.0
BUCHMEIER,HERMIT,LEEDS;York;;;;;;;1040.0;2324;1230.0;61.24;;887.0;15009.0
BUCHMEIER,HERMIT;Yorker;;;;;;;7921.0;175;;;;6038.0;1362.0
BUCHMEIER,HERMIT,LEEDS;you;;;;;;;1558.0;1399;1812.0;41.09;;952.0;13710.0
BUCHMEIER,HERMIT,LEEDS;your;;;;;;;4775.0;345;4205.0;14.77;;3228.0;3010.0
BUCHMEIER,HERMIT;Yu;;;;;;;7952.0;174;;;;8909.0;814.0
BUCHMEIER,HERMIT;Zach;;;;;;;5345.0;295;;;;6107.0;1342.0
BUCHMEIER,HERMIT;Zack;;;;;;;3847.0;456;;;;3856.0;2412.0
A2,BUCHMEIER,FEHLER300,HERMIT,LEEDS,LEIPZIG;Zahl;die;;Substantiv;fem.;https://www.dwds.de/wb/Zahl;0.0;3090.0;608;376.0;189.71;361.0;2583.0;4019.0
BUCHMEIER,HERMIT;zahle;;;;;;;3583.0;501;;;;3133.0;3120.0
A1,BUCHMEIER,HERMIT,LEEDS,LEIPZIG;zahlen;;;Verb;;https://www.dwds.de/wb/zahlen;0.0;1550.0;1408;924.0;82.37;956.0;1001.0;12786.0
B1,LEEDS;zahlreich;;;Adjektiv;;https://www.dwds.de/wb/zahlreich;0.0;;;618.0;117.96;;;
BUCHMEIER,HERMIT;zahlst;;;;;;;7524.0;187;;;;7434.0;1039.0
BUCHMEIER,HERMIT,LEIPZIG;zahlt;;;;;;;3533.0;515;;;2931.0;3041.0;3253.0
B1,LEEDS,LEIPZIG;Zahlung;die;;Substantiv;fem.;https://www.dwds.de/wb/Zahlung;0.0;;;2937.0;23.39;4242.0;;
A2,BUCHMEIER,HERMIT,LEEDS,LEO739,NRW422;Zahn;der;;Substantiv;mask.;https://www.dwds.de/wb/Zahn;0.0;5901.0;260;3175.0;21.2;;4886.0;1773.0
BUCHMEIER,HERMIT;Zahnarzt;;;;;;;6679.0;220;;;;5780.0;1435.0
B1,HERMIT;Zahnbürste;die;;Substantiv;fem.;https://www.dwds.de/wb/Zahnb%C3%BCrste;0.0;;;;;;9647.0;735.0
B1;Zahncreme;die;;Substantiv;fem.;https://www.dwds.de/wb/Zahncreme;0.0;;;;;;;
B1;Zahncrème;die;;Substantiv;fem.;https://www.dwds.de/wb/Zahncr%C3%A8me;0.0;;;;;;;
B1;Zahnpasta;die;;Substantiv;fem.;https://www.dwds.de/wb/Zahnpasta;0.0;;;;;;;
B1;Zange;die;;Substantiv;fem.;https://www.dwds.de/wb/Zange;0.0;;;;;;;
FEHLER400;zartbesaitet;;;;;;;;;;;;;
BUCHMEIER,HERMIT;Zauber;;;;;;;4974.0;328;;;;3342.0;2890.0
BUCHMEIER,HERMIT;Zauberer;;;;;;;4410.0;381;;;;3944.0;2343.0
BUCHMEIER,BW1,HERMIT;Zaun;der;Zäune;Substantiv;;;;5438.0;288;;;;4438.0;2027.0
LEO739;Zebrastreifen;der;;Substantiv;;;;;;;;;;
BUCHMEIER,HERMIT;Zehen;;;;;;;6921.0;209;;;;6733.0;1179.0
A1,BUCHMEIER,FEHLER300,HERMIT,LEEDS,LEIPZIG;zehn;;;Kardinalzahlwort;;https://www.dwds.de/wb/zehn;0.0;963.0;2580;614.0;118.75;237.0;646.0;22855.0
B1,BUCHMEIER,HERMIT,LEEDS,LEIPZIG;Zeichen;das;;Substantiv;neutr.;https://www.dwds.de/wb/Zeichen;0.0;1400.0;1574;873.0;85.79;1185.0;1338.0;9068.0
A2,BUCHMEIER,HERMIT,LEEDS,LEIPZIG;zeichnen;;;Verb;;https://www.dwds.de/wb/zeichnen;0.0;7006.0;206;1685.0;44.41;6130.0;6930.0;1132.0
B1,BUCHMEIER,HERMIT,LEEDS,LEIPZIG;Zeichnung;die;;Substantiv;fem.;https://www.dwds.de/wb/Zeichnung;0.0;8623.0;156;4770.0;12.43;9774.0;8857.0;820.0
BUCHMEIER,HERMIT,LEIPZIG;Zeichnungen;;;;;;;7748.0;180;;;4925.0;8406.0;882.0
BUCHMEIER,HERMIT;Zeig;;;;;;;1635.0;1317;;;;882.0;15162.0
BUCHMEIER,HERMIT,LEIPZIG;zeige;;;;;;;2371.0;845;;;4886.0;1699.0;6779.0
A2,BUCHMEIER,BW1,HERMIT,LEEDS,LEIPZIG;zeigen;;du zeigst;Verb;;https://www.dwds.de/wb/zeigen;0.0;620.0;4687;138.0;503.84;592.0;523.0;30869.0
BUCHMEIER,HERMIT;zeigst;;;;;;;5570.0;279;;;;4652.0;1900.0
BUCHMEIER,HERMIT,LEIPZIG;zeigt;;;;;;;1444.0;1532;;;368.0;1270.0;9663.0
BUCHMEIER,HERMIT,LEIPZIG;zeigte;;;;;;;3932.0;444;;;981.0;3393.0;2840.0
BUCHMEIER,HERMIT,LEIPZIG;zeigten;;;;;;;7951.0;174;;;2330.0;9100.0;793.0
B1,BUCHMEIER,HERMIT,LEEDS,LEIPZIG;Zeile;die;;Substantiv;fem.;https://www.dwds.de/wb/Zeile;0.0;5587.0;278;2151.0;34.45;4428.0;9170.0;785.0
BUCHMEIER,LEIPZIG;Zeilen;;;;;;;8724.0;154;;;4036.0;;
A1,BUCHMEIER,BW1,FEHLER100,HERMIT,LEEDS,LEIPZIG,LEO739,NRW422;Zeit;die;;Substantiv;fem.;https://www.dwds.de/wb/Zeit;0.0;131.0;26937;89.0;874.8;154.0;137.0;160393.0
BUCHMEIER,HERMIT,LEIPZIG;Zeitalter;;;;;;;9476.0;138;;;5280.0;9172.0;784.0
BUCHMEIER,HERMIT,LEIPZIG;Zeiten;;;;;;;1358.0;1650;;;719.0;1203.0;10374.0
LEEDS,LEIPZIG;zeitlich;;;;;;;;;2148.0;34.57;6509.0;;
BUCHMEIER,HERMIT,LEIPZIG;Zeitplan;;;;;;;6678.0;220;;;7324.0;6986.0;1120.0
B1,BUCHMEIER,HERMIT,LEEDS,LEIPZIG;Zeitpunkt;der;;Substantiv;mask.;https://www.dwds.de/wb/Zeitpunkt;0.0;2121.0;973;888.0;84.39;1110.0;1653.0;7024.0
LEEDS,LEIPZIG;Zeitraum;;;;;;;;;1759.0;42.51;2121.0;;
A2,BUCHMEIER,HERMIT,LEEDS,LEIPZIG;Zeitschrift;die;;Substantiv;fem.;https://www.dwds.de/wb/Zeitschrift;0.0;9277.0;142;1485.0;51.2;3015.0;8291.0;900.0
A1,BUCHMEIER,HERMIT,LEEDS,LEIPZIG;Zeitung;die;;Substantiv;fem.;https://www.dwds.de/wb/Zeitung;0.0;1855.0;1145;641.0;114.46;1016.0;1587.0;7361.0
BUCHMEIER,HERMIT,LEIPZIG;Zeitungen;;;;;;;4171.0;412;;;2276.0;3614.0;2605.0
BUCHMEIER,HERMIT;Zeitverschwendung;;;;;;;5976.0;256;;;;5453.0;1539.0
LEEDS,LEIPZIG;zeitweise;;;;;;;;;4984.0;11.68;4712.0;;
BUCHMEIER,HERMIT,LEEDS,LEIPZIG;Zelle;;;;;;;2746.0;704;1974.0;37.49;5669.0;2523.0;4139.0
BUCHMEIER,HERMIT,LEIPZIG;Zellen;;;;;;;4647.0;357;;;3078.0;5140.0;1654.0
A2,BUCHMEIER,HERMIT,LEEDS,LEIPZIG;Zelt;das;;Substantiv;neutr.;https://www.dwds.de/wb/Zelt;0.0;5171.0;310;3678.0;17.54;9352.0;4529.0;1962.0
B1;zelten;;;Verb;;https://www.dwds.de/wb/zelten;0.0;;;;;;;
A1,BUCHMEIER,HERMIT,LEIPZIG;Zentimeter;der;;Substantiv;mask., neutr.;https://www.dwds.de/wb/Zentimeter;0.0;6575.0;225;;;2772.0;5459.0;1538.0
B1,LEEDS,LEIPZIG;zentral;;;Adjektiv;;https://www.dwds.de/wb/zentral;0.0;;;760.0;98.62;9758.0;;
BUCHMEIER,HERMIT,LEEDS,LEIPZIG;Zentrale;;;;;;;3721.0;475;4399.0;13.83;2810.0;3325.0;2910.0
A2,BUCHMEIER,HERMIT,LEEDS,LEIPZIG;Zentrum;das;;Substantiv;neutr.;https://www.dwds.de/wb/Zentrum;0.0;5194.0;308;1096.0;69.59;1207.0;4676.0;1887.0
BUCHMEIER,HERMIT;zerbrechen;;;;;;;8967.0;149;;;;8386.0;884.0
BUCHMEIER,HERMIT;zerbrochen;;;;;;;6946.0;208;;;;6987.0;1120.0
BUCHMEIER,HERMIT;Zeremonie;;;;;;;6636.0;222;;;;5430.0;1548.0
BUCHMEIER,HERMIT;Zero;;;;;;;7183.0;200;;;;7675.0;996.0
BUCHMEIER,HERMIT;zerrissen;;;;;;;9183.0;144;;;;7925.0;953.0
B1,BUCHMEIER,HERMIT,LEEDS,LEIPZIG;zerstören;;;Verb;;https://www.dwds.de/wb/zerst%C3%B6ren;0.0;1525.0;1424;1283.0;59.04;6142.0;1396.0;8648.0
BUCHMEIER,HERMIT,LEIPZIG;zerstört;;;;;;;1266.0;1813;;;2197.0;1263.0;9755.0
HERMIT,LEIPZIG;zerstörte;;;;;;;;;;;9912.0;9017.0;800.0
BUCHMEIER,HERMIT,LEEDS,LEIPZIG;Zerstörung;;;;;;;5003.0;325;2853.0;24.28;4148.0;4918.0;1761.0
B1;Zertifikat;das;;Substantiv;neutr.;https://www.dwds.de/wb/Zertifikat;0.0;;;;;;;
A2,BUCHMEIER,HERMIT;Zettel;der;;Substantiv;mask.;https://www.dwds.de/wb/Zettel#1;0.0;5049.0;321;;;;4803.0;1822.0
B1,BUCHMEIER,HERMIT,LEEDS,LEIPZIG;Zeug;das;;Substantiv;neutr.;https://www.dwds.de/wb/Zeug;0.0;912.0;2736;4978.0;11.7;7439.0;859.0;15621.0
B1,BUCHMEIER,HERMIT,LEEDS,LEIPZIG;Zeuge;der;;Substantiv;mask.;https://www.dwds.de/wb/Zeuge;0.0;4334.0;390;2020.0;36.67;4884.0;2980.0;3332.0
BUCHMEIER,HERMIT,LEEDS,LEIPZIG;Zeugen;;;;;;;2891.0;664;4036.0;15.57;2455.0;1790.0;6316.0
B1,BUCHMEIER,HERMIT;Zeugin;die;;Substantiv;fem.;https://www.dwds.de/wb/Zeugin;0.0;8235.0;166;;;;5436.0;1546.0
A2,LEEDS,LEIPZIG;Zeugnis;das;;Substantiv;neutr.;https://www.dwds.de/wb/Zeugnis;0.0;;;3160.0;21.42;7695.0;;
BUCHMEIER,HERMIT,LEO739,NRW422;Ziege;die;;Substantiv;;;;7557.0;186;;;;5676.0;1464.0
BUCHMEIER,HERMIT;Zieh;;;;;;;1575.0;1380;;;;972.0;13387.0
BUCHMEIER,HERMIT;ziehe;;;;;;;2798.0;691;;;;1984.0;5563.0
A2,BUCHMEIER,HERMIT,LEEDS,LEIPZIG,LEO739,NRW422;ziehen;;;Verb;;https://www.dwds.de/wb/ziehen;0.0;952.0;2609;371.0;191.49;875.0;711.0;19643.0
BUCHMEIER,HERMIT;ziehst;;;;;;;3752.0;469;;;;2883.0;3471.0
BUCHMEIER,FEHLER300,HERMIT,LEIPZIG;zieht;;;;;;;1593.0;1359;;;1089.0;1191.0;10418.0
A2,BUCHMEIER,HERMIT,LEEDS,LEIPZIG;Ziel;das;;Substantiv;neutr.;https://www.dwds.de/wb/Ziel;0.0;1071.0;2233;241.0;284.48;383.0;993.0;12939.0
BUCHMEIER,HERMIT,LEIPZIG;Ziele;;;;;;;4170.0;412;;;1905.0;3986.0;2309.0
BUCHMEIER,HERMIT,LEEDS,LEIPZIG;zielen;;;;;;;8535.0;158;3085.0;22.04;8529.0;5165.0;1645.0
LEEDS,LEIPZIG;Zielgruppe;;;;;;;;;4113.0;15.15;8176.0;;
B1,BUCHMEIER,FEHLER100,FEHLER200,FEHLER300,FEHLER400,HERMIT,LEEDS,LEIPZIG;ziemlich;;;Adjektiv;;https://www.dwds.de/wb/ziemlich;0.0;560.0;5310;692.0;107.4;1347.0;438.0;36820.0
A1,BUCHMEIER,HERMIT,LEEDS,LEIPZIG;Zigarette;die;;Substantiv;fem.;https://www.dwds.de/wb/Zigarette;0.0;3441.0;532;4633.0;12.95;9795.0;3209.0;3025.0
BUCHMEIER,HERMIT,LEIPZIG;Zigaretten;;;;;;;3267.0;567;;;6267.0;3474.0;2740.0
BUCHMEIER,HERMIT;Zigarre;;;;;;;8906.0;150;;;;7757.0;983.0
A1,BUCHMEIER,BW1,HERMIT,LEEDS,LEIPZIG,LEO739,NRW422;Zimmer;das;;Substantiv;neutr.;https://www.dwds.de/wb/Zimmer;0.0;612.0;4751;1164.0;65.06;2403.0;513.0;31727.0
B1,LEEDS;Zins;der;;Substantiv;mask.;https://www.dwds.de/wb/Zins;0.0;;;3066.0;22.19;;;
HERMIT,LEIPZIG;Zinsen;;;;;;;;;;;2006.0;8719.0;839.0
A1;zirka;;;Adverb;;https://www.dwds.de/wb/zirka;0.0;;;;;;;
LEO739;Zirkel;der;;Substantiv;;;;;;;;;;
A2,BUCHMEIER,HERMIT,LEIPZIG;Zirkus;der;;Substantiv;mask.;https://www.dwds.de/wb/Zirkus;0.0;6466.0;230;;;9880.0;4271.0;2122.0
LEEDS,LEIPZIG;Zitat;;;;;;;;;1520.0;50.1;9438.0;;
A2,LEO739,NRW422;Zitrone;die;;Substantiv;fem.;https://www.dwds.de/wb/Zitrone;0.0;;;;;;;
BUCHMEIER,HERMIT;zittern;;;;;;;8456.0;160;;;;7073.0;1105.0
BUCHMEIER,HERMIT,LEEDS,LEIPZIG;Zivilisation;;;;;;;6216.0;242;4111.0;15.16;8039.0;5664.0;1469.0
BUCHMEIER,HERMIT,LEIPZIG;Zivilisten;;;;;;;5200.0;307;;;5894.0;5875.0;1406.0
B1;Zivilstand;der;;Substantiv;mask.;https://www.dwds.de/wb/Zivilstand;0.0;;;;;;;
B1;Znüni;;;Substantiv;neutr., mask.;https://www.dwds.de/wb/Zn%C3%BCni;0.0;;;;;;;
BUCHMEIER,HERMIT;Zoe;;;;;;;5041.0;322;;;;3451.0;2765.0
BUCHMEIER,HERMIT,LEIPZIG;zog;;;;;;;3128.0;601;;;1238.0;2408.0;4392.0
BUCHMEIER,HERMIT,LEIPZIG;zogen;;;;;;;5648.0;274;;;2849.0;5779.0;1435.0
A1,BUCHMEIER,HERMIT;Zoll;der;;Substantiv;mask.;https://www.dwds.de/wb/Zoll#2;0.0;8275.0;165;;;;7479.0;1032.0
B1,BUCHMEIER,HERMIT,LEEDS,LEIPZIG;Zone;die;;Substantiv;fem.;https://www.dwds.de/wb/Zone;0.0;4081.0;425;3659.0;17.67;6060.0;4018.0;2281.0
A2,BUCHMEIER,HERMIT,LEIPZIG,LEO739,NRW422;Zoo;der;;Substantiv;mask.;https://www.dwds.de/wb/Zoo;0.0;6237.0;241;;;9119.0;5074.0;1689.0
BUCHMEIER,HERMIT,LEEDS,LEIPZIG;Zorn;;;;;;;4027.0;432;4385.0;13.91;6119.0;4328.0;2086.0
LEO739;zornig;;;;;;;;;;;;;
A1,BUCHMEIER,BW1,HERMIT,LEEDS,LEIPZIG,LEO739,NRW111;zu;;;Präposition;;https://www.dwds.de/wb/zu#1;0.0;12.0;229130;7.0;9379.73;7.0;13.0;1424706.0
B1;zubereiten;;;Verb;;https://www.dwds.de/wb/zubereiten;0.0;;;;;;;
FEHLER200,FEHLER400;Zucchini;;;;;;;;;;;;;
A2,BUCHMEIER,HERMIT,LEIPZIG;Zucker;der;;Substantiv;mask.;https://www.dwds.de/wb/Zucker;0.0;3374.0;544;;;8801.0;3048.0;3241.0
HERMIT,LEEDS,LEIPZIG;zudem;;;;;;;;;564.0;128.95;676.0;8230.0;907.0
BUCHMEIER,HERMIT,LEEDS,LEIPZIG;zueinander;;;;;;;7005.0;206;4659.0;12.83;8846.0;6355.0;1274.0
A2,BUCHMEIER,HERMIT,LEEDS,LEIPZIG,LEO739,NRW422;zuerst;;;Adverb;;https://www.dwds.de/wb/zuerst;0.0;857.0;2938;849.0;88.43;2036.0;628.0;24005.0
B1,BUCHMEIER,HERMIT,LEEDS,LEIPZIG;Zufall;der;;Substantiv;mask.;https://www.dwds.de/wb/Zufall;0.0;2196.0;927;2102.0;35.28;3663.0;1877.0;5983.0
BUCHMEIER,HERMIT,LEEDS,LEIPZIG;zufolge;;;;;;;5975.0;256;2069.0;35.94;749.0;5089.0;1680.0
A1,BUCHMEIER,HERMIT,LEEDS,LEIPZIG;zufrieden;;;Adjektiv;;https://www.dwds.de/wb/zufrieden;0.0;1860.0;1142;1399.0;54.16;1341.0;1483.0;8061.0
B1,BUCHMEIER,HERMIT,LEEDS,LEIPZIG;zufällig;;;Adjektiv;;https://www.dwds.de/wb/zuf%C3%A4llig;0.0;1933.0;1087;2140.0;34.69;4135.0;1530.0;7739.0
A1,BUCHMEIER,HERMIT,LEEDS,LEIPZIG,LEO739,NRW422;Zug;der;;Substantiv;mask.;https://www.dwds.de/wb/Zug#1;0.0;1234.0;1867;738.0;100.85;2051.0;1072.0;11819.0
B1,BUCHMEIER,HERMIT,LEEDS,LEIPZIG;Zugang;der;;Substantiv;mask.;https://www.dwds.de/wb/Zugang;0.0;2465.0;800;1129.0;67.22;1933.0;2318.0;4610.0
BUCHMEIER,HERMIT,LEEDS;zugeben;;;;;;;3731.0;473;3033.0;22.55;;2715.0;3771.0
HERMIT,LEIPZIG;zugegeben;;;;;;;;;;;8505.0;7142.0;1093.0
B1;zugehen;;;Verb;;https://www.dwds.de/wb/zugehen;0.0;;;;;;;
BUCHMEIER,HERMIT;zugehört;;;;;;;5160.0;311;;;;4421.0;2037.0
BUCHMEIER,HERMIT,LEIPZIG;zugelassen;;;;;;;7125.0;202;;;3817.0;5739.0;1444.0
BUCHMEIER,HERMIT;zugesehen;;;;;;;9914.0;130;;;;9225.0;779.0
BUCHMEIER,HERMIT,LEIPZIG;zugestimmt;;;;;;;5900.0;260;;;4126.0;5546.0;1506.0
BUCHMEIER,HERMIT;zugestoßen;;;;;;;9017.0;148;;;;7067.0;1107.0
HERMIT,LEEDS,LEIPZIG;zugleich;;;;;;;;;694.0;107.07;799.0;8131.0;923.0
BUCHMEIER,HERMIT,LEEDS,LEIPZIG;Zugriff;;;;;;;5628.0;275;2622.0;27.13;4480.0;4624.0;1912.0
LEEDS,LEIPZIG;zugrunde;;;;;;;;;2907.0;23.7;4381.0;;
LEEDS,LEIPZIG;zugunsten;;;;;;;;;2546.0;28.07;1963.0;;
B1,LEEDS,LEIPZIG;zugänglich;;;Adjektiv;;https://www.dwds.de/wb/zug%C3%A4nglich;0.0;;;2105.0;35.23;4872.0;;
B1,BUCHMEIER,HERMIT,LEEDS;Zuhause;das;;Substantiv;neutr.;https://www.dwds.de/wb/Zuhause;0.0;1861.0;1140;4584.0;13.15;;1046.0;12137.0
BUCHMEIER,HERMIT;Zuhälter;;;;;;;6798.0;215;;;;7850.0;966.0
A2,BUCHMEIER,HERMIT,LEEDS;zuhören;;;Verb;;https://www.dwds.de/wb/zuh%C3%B6ren;0.0;2928.0;656;4438.0;13.68;;2456.0;4278.0
B1,LEEDS,LEIPZIG;Zuhörer;der;;Substantiv;mask.;https://www.dwds.de/wb/Zuh%C3%B6rer;0.0;;;4086.0;15.25;5990.0;;
B1;Zuhörerin;die;;Substantiv;fem.;https://www.dwds.de/wb/Zuh%C3%B6rerin;0.0;;;;;;;
BUCHMEIER,HERMIT,LEEDS,LEIPZIG;zukommen;;;;;;;7391.0;192;3094.0;22.0;6522.0;7436.0;1038.0
B1,BUCHMEIER,HERMIT,LEEDS,LEIPZIG;Zukunft;die;;Substantiv;fem.;https://www.dwds.de/wb/Zukunft;0.0;794.0;3278;395.0;184.23;437.0;767.0;17963.0
B1,LEEDS,LEIPZIG;zukünftig;;;Adjektiv;;https://www.dwds.de/wb/zuk%C3%BCnftig;0.0;;;1489.0;51.09;7176.0;;
BUCHMEIER,HERMIT,LEIPZIG;zukünftige;;;;;;;9598.0;136;;;7541.0;7584.0;1012.0
HERMIT,LEIPZIG;zukünftigen;;;;;;;;;;;6781.0;8651.0;848.0
BUCHMEIER,HERMIT,LEEDS,LEIPZIG;zulassen;;;;;;;2290.0;876;1748.0;42.82;7121.0;2167.0;4971.0
LEEDS,LEIPZIG;Zulassung;;;;;;;;;4328.0;14.15;5911.0;;
A2,BUCHMEIER,FEHLER300,HERMIT,LEEDS,LEIPZIG,LEO739;zuletzt;;;Adverb;;https://www.dwds.de/wb/zuletzt;0.0;3629.0;493;843.0;89.12;612.0;2243.0;4780.0
BUCHMEIER,HERMIT;zuliebe;;;;;;;7676.0;182;;;;7481.0;1031.0
LEEDS,LEIPZIG;zulässig;;;;;;;;;3102.0;21.95;5712.0;;
BUCHMEIER,BW1,HERMIT,LEEDS,LEIPZIG,LEO739,NRW111;zum;;;;;;;107.0;33448;43.0;2071.1;47.0;105.0;216201.0
A2,HERMIT;zumachen;;;Verb;;https://www.dwds.de/wb/zumachen;0.0;;;;;;8507.0;869.0
LEEDS,LEIPZIG;zumal;;;;;;;;;1671.0;44.8;1983.0;;
LEEDS,LEIPZIG;zumeist;;;;;;;;;2801.0;24.86;3274.0;;
B1,BUCHMEIER,FEHLER200,FEHLER400,HERMIT,LEEDS,LEIPZIG;zumindest;;;Adverb;;https://www.dwds.de/wb/zumindest;0.0;2171.0;941;511.0;142.8;651.0;1111.0;11261.0
LEEDS,LEIPZIG;Zunahme;;;;;;;;;3860.0;16.47;4616.0;;
B1,LEEDS,LEIPZIG;zunehmen;;;Verb;;https://www.dwds.de/wb/zunehmen;0.0;;;2999.0;22.74;7769.0;;
LEEDS,LEIPZIG;zunehmend;;;;;;;;;742.0;100.3;1524.0;;
BUCHMEIER,HERMIT;Zuneigung;;;;;;;8314.0;164;;;;6329.0;1279.0
BUCHMEIER,BW1,HERMIT,LEEDS,LEIPZIG;Zunge;die;;Substantiv;;;;2541.0;776;4561.0;13.24;9174.0;2553.0;4093.0
B1,BUCHMEIER,HERMIT,LEEDS,LEIPZIG;zunächst;;;;;https://www.dwds.de/wb/zun%C3%A4chst;0.0;7616.0;184;360.0;196.35;333.0;3681.0;2551.0
LEEDS,LEIPZIG;zuordnen;;;;;;;;;3149.0;21.5;4993.0;;
BUCHMEIER,BW1,HERMIT,LEEDS,LEIPZIG,LEO739,NRW111;zur;;;;;;;183.0;17867;48.0;1871.04;54.0;173.0;115474.0
BUCHMEIER,HERMIT,LEEDS,LEIPZIG;zurecht;;;;;;;3484.0;524;4490.0;13.5;8597.0;2808.0;3574.0
B1;zurechtkommen;;;Verb;;https://www.dwds.de/wb/zurechtkommen;0.0;;;;;;;
A1,BUCHMEIER,FEHLER400,HERMIT;zurzeit;;;Adverb;;https://www.dwds.de/wb/zurzeit;0.0;6296.0;238;;;;4273.0;2121.0
A1,BUCHMEIER,FEHLER300,HERMIT,LEEDS,LEIPZIG,LEO739,NRW422;zurück;;;Adverb;;https://www.dwds.de/wb/zur%C3%BCck;0.0;154.0;22582;206.0;327.82;244.0;162.0;133326.0
BUCHMEIER,HERMIT;zurückbringen;;;;;;;4402.0;382;;;;4112.0;2223.0
A2;zurückfahren;;;Verb;;https://www.dwds.de/wb/zur%C3%BCckfahren;0.0;;;;;;;
A2,BUCHMEIER,HERMIT;zurückgeben;;;Verb;;https://www.dwds.de/wb/zur%C3%BCckgeben;0.0;5095.0;317;;;;4332.0;2086.0
BUCHMEIER,HERMIT;zurückgebracht;;;;;;;9475.0;138;;;;8217.0;909.0
A2,BUCHMEIER,HERMIT,LEEDS,LEIPZIG;zurückgehen;;;Verb;;https://www.dwds.de/wb/zur%C3%BCckgehen;0.0;4306.0;393;3684.0;17.5;9335.0;4767.0;1842.0
BUCHMEIER,HERMIT,LEIPZIG;zurückgekehrt;;;;;;;5899.0;260;;;5053.0;5150.0;1650.0
BUCHMEIER,HERMIT;zurückgekommen;;;;;;;3956.0;441;;;;3615.0;2605.0
BUCHMEIER,HERMIT;zurückgelassen;;;;;;;5465.0;286;;;;5240.0;1614.0
HERMIT,LEIPZIG;zurückgezogen;;;;;;;;;;;5426.0;8553.0;861.0
LEEDS,LEIPZIG;zurückgreifen;;;;;;;;;4483.0;13.55;9497.0;;
BUCHMEIER,HERMIT;zurückhalten;;;;;;;7811.0;178;;;;7876.0;962.0
BUCHMEIER,HERMIT;zurückholen;;;;;;;6574.0;225;;;;5806.0;1427.0
BUCHMEIER,HERMIT,LEEDS,LEIPZIG;zurückkehren;;;;;;;3087.0;609;1961.0;37.86;4112.0;2766.0;3663.0
BUCHMEIER,HERMIT;zurückkehrt;;;;;;;9913.0;130;;;;8995.0;803.0
BUCHMEIER,HERMIT;zurückkomme;;;;;;;8387.0;162;;;;7917.0;955.0
A2,BUCHMEIER,HERMIT,LEEDS;zurückkommen;;;Verb;;https://www.dwds.de/wb/zur%C3%BCckkommen;0.0;2329.0;866;4660.0;12.83;;2208.0;4859.0
BUCHMEIER,HERMIT;zurückkommst;;;;;;;8905.0;150;;;;9189.0;783.0
BUCHMEIER,HERMIT;zurückkommt;;;;;;;5145.0;312;;;;4043.0;2265.0
BUCHMEIER,HERMIT;zurücklassen;;;;;;;5704.0;271;;;;5728.0;1448.0
A2;zurücklaufen;;;Verb;;https://www.dwds.de/wb/zur%C3%BCcklaufen;0.0;;;;;;;
BUCHMEIER,HERMIT;zurückrufen;;;;;;;5716.0;270;;;;5428.0;1549.0
BUCHMEIER,HERMIT,LEEDS,LEIPZIG;zurückziehen;;;;;;;6079.0;250;3145.0;21.53;7046.0;5600.0;1487.0
BUCHMEIER,HERMIT,LEIPZIG;zurückzukehren;;;;;;;7491.0;188;;;9182.0;6611.0;1210.0
BUCHMEIER,HERMIT;zurückzukommen;;;;;;;8861.0;151;;;;8741.0;835.0
B1,LEIPZIG;zusagen;;;Verb;;https://www.dwds.de/wb/zusagen;0.0;;;;;8677.0;;
A1,BUCHMEIER,FEHLER300,HERMIT,LEEDS,LEIPZIG,LEO739,NRW422;zusammen;;;Adverb;;https://www.dwds.de/wb/zusammen;0.0;288.0;11159;281.0;252.15;317.0;269.0;66885.0
B1,BUCHMEIER,HERMIT,LEEDS,LEIPZIG;Zusammenarbeit;die;;Substantiv;fem.;https://www.dwds.de/wb/Zusammenarbeit;0.0;5552.0;280;743.0;100.2;743.0;6392.0;1265.0
BUCHMEIER,HERMIT,LEEDS,LEIPZIG;zusammenarbeiten;;;;;;;5490.0;284;3896.0;16.31;6348.0;4714.0;1869.0
LEEDS,LEIPZIG;Zusammenbruch;;;;;;;;;4423.0;13.74;5058.0;;
B1,LEEDS;zusammenfassen;;;Verb;;https://www.dwds.de/wb/zusammenfassen;0.0;;;2862.0;24.19;;;
BUCHMEIER,HERMIT;zusammenhalten;;;;;;;8966.0;149;;;;7952.0;948.0
B1,BUCHMEIER,HERMIT,LEEDS,LEIPZIG;Zusammenhang;der;;Substantiv;mask.;https://www.dwds.de/wb/Zusammenhang;0.0;6465.0;230;423.0;170.2;840.0;5209.0;1629.0
LEEDS,LEIPZIG;Zusammensetzung;;;;;;;;;4567.0;13.21;6669.0;;
B1;zuschauen;;;Verb;;https://www.dwds.de/wb/zuschauen;0.0;;;;;;;
B1,BUCHMEIER,HERMIT,LEEDS,LEIPZIG;Zuschauer;der;;Substantiv;mask.;https://www.dwds.de/wb/Zuschauer;0.0;3373.0;544;1646.0;45.61;939.0;4486.0;1991.0
B1;Zuschauerin;die;;Substantiv;fem.;https://www.dwds.de/wb/Zuschauerin;0.0;;;;;;;
B1,LEIPZIG;Zuschlag;der;;Substantiv;mask.;https://www.dwds.de/wb/Zuschlag;0.0;;;;;6085.0;;
BUCHMEIER,HERMIT;zuschlagen;;;;;;;8313.0;164;;;;6973.0;1123.0
BUCHMEIER,HERMIT;zusehen;;;;;;;3197.0;584;;;;2965.0;3350.0
B1,BUCHMEIER,HERMIT,LEEDS,LEIPZIG;Zustand;der;;Substantiv;mask.;https://www.dwds.de/wb/Zustand;0.0;2315.0;870;807.0;93.18;1654.0;1870.0;6003.0
LEEDS,LEIPZIG;zustande;;;;;;;;;3077.0;22.11;3258.0;;
B1,BUCHMEIER,HERMIT,LEEDS,LEIPZIG;zustimmen;;;Verb;;https://www.dwds.de/wb/zustimmen;0.0;5612.0;276;2500.0;28.73;4120.0;4793.0;1828.0
B1,BUCHMEIER,HERMIT,LEEDS,LEIPZIG;Zustimmung;die;;Substantiv;fem.;https://www.dwds.de/wb/Zustimmung;0.0;7158.0;201;1764.0;42.47;1499.0;6775.0;1170.0
B1,BUCHMEIER,HERMIT,LEEDS,LEIPZIG;zuständig;;;Adjektiv;;https://www.dwds.de/wb/zust%C3%A4ndig;0.0;6078.0;250;995.0;76.15;1734.0;4704.0;1875.0
LEEDS,LEIPZIG;Zuständigkeit;;;;;;;;;4280.0;14.37;8790.0;;
BUCHMEIER,HERMIT;zustößt;;;;;;;9474.0;138;;;;7812.0;973.0
B1,HERMIT,LEEDS,LEIPZIG,LEO739;zusätzlich;;;Adjektiv;;https://www.dwds.de/wb/zus%C3%A4tzlich;0.0;;;452.0;158.23;1324.0;8731.0;836.0
BUCHMEIER,HERMIT,LEIPZIG;zusätzliche;;;;;;;9016.0;148;;;1424.0;8311.0;897.0
B1;Zutat;die;;Substantiv;fem.;https://www.dwds.de/wb/Zutat;0.0;;;;;;;
BUCHMEIER,HERMIT,LEIPZIG;zutiefst;;;;;;;8622.0;156;;;9189.0;7851.0;966.0
BUCHMEIER,HERMIT;Zutritt;;;;;;;6920.0;209;;;;5782.0;1434.0
B1,HERMIT,LEEDS;zuverlässig;;;Adjektiv;;https://www.dwds.de/wb/zuverl%C3%A4ssig;0.0;;;3494.0;18.81;;9656.0;735.0
BUCHMEIER,HERMIT,LEEDS,LEIPZIG;zuviel;;;;;;;3139.0;598;3477.0;18.89;2771.0;4792.0;1829.0
BUCHMEIER,HERMIT,LEEDS,LEIPZIG;zuvor;;;;;;;1850.0;1151;763.0;98.38;476.0;1418.0;8539.0
LEEDS,LEIPZIG;zuweilen;;;;;;;;;4745.0;12.54;6389.0;;
FEHLER200,FEHLER400;zuwider;;;;;;;;;;;;;
BUCHMEIER,HERMIT;zuzuhören;;;;;;;9423.0;139;;;;9058.0;797.0
BUCHMEIER,HERMIT;zuzusehen;;;;;;;8056.0;171;;;;8622.0;851.0
B1;Zvieri;das;;Substantiv;neutr.;https://www.dwds.de/wb/Zvieri;0.0;;;;;;;
HERMIT,LEEDS,LEIPZIG;Zwang;;;;;;;;;3027.0;22.57;6528.0;5014.0;1717.0
LEEDS,LEIPZIG;zwangsläufig;;;;;;;;;3616.0;17.93;5448.0;;
A1,BUCHMEIER,HERMIT,LEEDS,LEIPZIG;zwanzig;;;Kardinalzahlwort;;https://www.dwds.de/wb/zwanzig;0.0;7810.0;178;2444.0;29.61;1873.0;5321.0;1587.0
B1,BUCHMEIER,HERMIT,LEEDS,LEIPZIG;zwar;;;Konjunktion;;https://www.dwds.de/wb/zwar;0.0;768.0;3415;175.0;387.87;217.0;720.0;19381.0
B1,BUCHMEIER,HERMIT,LEEDS,LEIPZIG;Zweck;der;;Substantiv;mask.;https://www.dwds.de/wb/Zweck;0.0;3363.0;546;830.0;90.54;2397.0;2863.0;3494.0
BUCHMEIER,HERMIT;zwecklos;;;;;;;9755.0;133;;;;9697.0;731.0
A1,BUCHMEIER,HERMIT,LEEDS,LEIPZIG,LEO739,NRW422;zwei;;;Kardinalzahlwort;;https://www.dwds.de/wb/zwei;0.0;217.0;15029;106.0;646.45;83.0;169.0;122625.0
LEEDS,LEIPZIG;zweier;;;;;;;;;3388.0;19.53;3074.0;;
B1,BUCHMEIER,HERMIT,LEEDS,LEIPZIG;Zweifel;der;;Substantiv;mask.;https://www.dwds.de/wb/Zweifel;0.0;2272.0;884;1291.0;58.72;1125.0;1977.0;5581.0
BUCHMEIER,HERMIT,LEEDS,LEIPZIG;zweifellos;;;;;;;8965.0;149;3471.0;18.96;5424.0;5756.0;1440.0
B1,HERMIT,LEEDS;zweifeln;;;Verb;;https://www.dwds.de/wb/zweifeln;0.0;;;4697.0;12.72;;7105.0;1100.0
LEEDS,LEO739;Zweig;der;;Substantiv;;;;;;4847.0;12.11;;;
A1;zweihundert;;;Kardinalzahlwort;;https://www.dwds.de/wb/zweihundert;0.0;;;;;;;
BUCHMEIER,HERMIT,LEEDS,LEIPZIG;zweimal;;;;;;;2652.0;737;2531.0;28.24;1918.0;1986.0;5559.0
BUCHMEIER,HERMIT,LEEDS;zweit;;;;;;;6512.0;228;220.0;312.04;;5688.0;1461.0
A1,BUCHMEIER,HERMIT,LEEDS,LEIPZIG;zweite;;;Ordinalzahlwort;;https://www.dwds.de/wb/zweite;0.0;1779.0;1199;4379.0;13.93;624.0;1303.0;9403.0
BUCHMEIER,HERMIT,LEIPZIG;zweiten;;;;;;;2091.0;990;;;371.0;1687.0;6849.0
BUCHMEIER,HERMIT,LEEDS,LEIPZIG;Zweitens;;;;;;;6405.0;233;2560.0;27.89;7684.0;3749.0;2490.0
BUCHMEIER,HERMIT,LEIPZIG;zweiter;;;;;;;6040.0;252;;;3069.0;3743.0;2494.0
BUCHMEIER,HERMIT,LEIPZIG;zweites;;;;;;;5798.0;265;;;4444.0;4822.0;1808.0
B1;Zweitsprache;die;;Substantiv;fem.;https://www.dwds.de/wb/Zweitsprache;0.0;;;;;;;
BUCHMEIER,HERMIT;Zwerg;;;;;;;6336.0;236;;;;6306.0;1286.0
BUCHMEIER,HERMIT;Zwerge;;;;;;;7523.0;187;;;;8193.0;913.0
B1;Zwiebel;die;;Substantiv;fem.;https://www.dwds.de/wb/Zwiebel;0.0;;;;;;;
BUCHMEIER,HERMIT;Zwillinge;;;;;;;5498.0;283;;;;4649.0;1902.0
B1,BUCHMEIER,HERMIT,LEEDS,LEIPZIG;zwingen;;;Verb;;https://www.dwds.de/wb/zwingen;0.0;3564.0;506;1085.0;70.04;4711.0;2655.0;3879.0
LEEDS,LEIPZIG;zwingend;;;;;;;;;3844.0;16.56;8045.0;;
BUCHMEIER,HERMIT,LEIPZIG;zwingt;;;;;;;7456.0;189;;;6713.0;5925.0;1391.0
A1,BUCHMEIER,HERMIT,LEEDS,LEIPZIG;zwischen;;;Präposition;;https://www.dwds.de/wb/zwischen;0.0;625.0;4661;102.0;686.82;94.0;535.0;30326.0
BUCHMEIER,HERMIT;Zwischenfall;;;;;;;7298.0;196;;;;8552.0;861.0
BUCHMEIER,HERMIT;Zwischenzeit;;;;;;;5863.0;262;;;;4609.0;1917.0
A1,BUCHMEIER,HERMIT,LEEDS,LEIPZIG;zwölf;;;Kardinalzahlwort;;https://www.dwds.de/wb/zw%C3%B6lf;0.0;3841.0;457;1866.0;39.85;650.0;2268.0;4730.0
BUCHMEIER,HERMIT;Zylonen;;;;;;;3345.0;549;;;;7447.0;1036.0
BUCHMEIER,HERMIT;zähle;;;;;;;5511.0;282;;;;4927.0;1757.0
B1,BUCHMEIER,HERMIT,LEEDS,LEIPZIG;zählen;;;Verb;;https://www.dwds.de/wb/z%C3%A4hlen;0.0;2883.0;665;813.0;91.76;1899.0;2232.0;4804.0
BUCHMEIER,HERMIT,LEIPZIG;zählt;;;;;;;2486.0;793;;;1388.0;1949.0;5727.0
BUCHMEIER,HERMIT,LEIPZIG;Zähne;;;;;;;2558.0;769;;;7588.0;2156.0;4991.0
BUCHMEIER,HERMIT;Zähnen;;;;;;;7360.0;193;;;;6956.0;1128.0
BUCHMEIER,HERMIT;zögern;;;;;;;8134.0;169;;;;6080.0;1349.0
BUCHMEIER,HERMIT,LEIPZIG;Züge;;;;;;;8353.0;163;;;3313.0;7228.0;1077.0
B1;Zünder;der;;Substantiv;mask.;https://www.dwds.de/wb/Z%C3%BCnder;0.0;;;;;;;
B1;Zündholz;das;;Substantiv;neutr.;https://www.dwds.de/wb/Z%C3%BCndholz;0.0;;;;;;;
LEEDS,LEIPZIG;Zürich;;;;;;;;;2046.0;36.3;3094.0;;
BUCHMEIER,HERMIT,LEEDS,LEIPZIG;Ägypten;;;;;;;7675.0;183;3442.0;19.19;4285.0;7044.0;1111.0
BUCHMEIER,HERMIT;äh;;;;;;;815.0;3141;;;;567.0;27883.0
BUCHMEIER,HERMIT;Ähm;;;;;;;1316.0;1728;;;;876.0;15268.0
BUCHMEIER,HERMIT;ähnelt;;;;;;;9981.0;130;;;;9460.0;754.0
B1,BUCHMEIER,FEHLER300,HERMIT,LEEDS,LEIPZIG;ähnlich;;;Adjektiv;;https://www.dwds.de/wb/%C3%A4hnlich;0.0;1904.0;1110;419.0;173.58;1379.0;1894.0;5939.0
HERMIT,LEIPZIG;ähnliche;;;;;;;;;;;3086.0;9364.0;763.0
BUCHMEIER,HERMIT,LEIPZIG;Ähnliches;;;;;;;9980.0;130;;;7077.0;6454.0;1248.0
BUCHMEIER,HERMIT,LEEDS;Ähnlichkeit;;;;;;;8722.0;155;4832.0;12.16;;8359.0;889.0
BUCHMEIER,FEHLER300,HERMIT,LEIPZIG;älter;;;;;;;2819.0;682;;;5078.0;2253.0;4757.0
BUCHMEIER,HERMIT,LEEDS,LEIPZIG;ältere;;;;;;;9181.0;145;4927.0;11.88;2979.0;5886.0;1403.0
BUCHMEIER,HERMIT,LEIPZIG;älteren;;;;;;;9180.0;145;;;3169.0;6321.0;1282.0
HERMIT,LEIPZIG;älteste;;;;;;;;;;;5729.0;7216.0;1079.0
HERMIT,LEIPZIG;ältesten;;;;;;;;;;;5870.0;7726.0;987.0
A2,BUCHMEIER,BW3,FEHLER300,HERMIT,LEEDS,LEIPZIG;ändern;;du änderst;Verb;;https://www.dwds.de/wb/%C3%A4ndern;0.0;918.0;2721;484.0;149.71;911.0;821.0;16487.0
BUCHMEIER,HERMIT,LEIPZIG;ändert;;;;;;;2562.0;769;;;3913.0;2137.0;5052.0
BUCHMEIER,HERMIT,LEIPZIG;änderte;;;;;;;8574.0;158;;;9256.0;7528.0;1022.0
B1,BUCHMEIER,LEEDS,LEIPZIG;Änderung;die;;Substantiv;fem.;https://www.dwds.de/wb/%C3%84nderung;0.0;9702.0;135;906.0;83.26;1914.0;;
HERMIT,LEIPZIG;Änderungen;;;;;;;;;;;2059.0;9165.0;785.0
HERMIT,LEIPZIG;Ängste;;;;;;;;;;;6171.0;8644.0;848.0
B1,BUCHMEIER,FEHLER300,HERMIT;ängstlich;;;Adjektiv;;https://www.dwds.de/wb/%C3%A4ngstlich;0.0;7841.0;178;;;;6960.0;1128.0
BUCHMEIER,HERMIT;Äpfel;;;;;;;8273.0;166;;;;7478.0;1032.0
B1,BUCHMEIER,HERMIT,LEEDS,LEIPZIG;Ärger;der;;Substantiv;mask.;https://www.dwds.de/wb/%C3%84rger;0.0;1057.0;2265;3572.0;18.24;3171.0;956.0;13682.0
B1,FEHLER300;ärgerlich;;;Adjektiv;;https://www.dwds.de/wb/%C3%A4rgerlich;0.0;;;;;;;
A2,BUCHMEIER,BW3,FEHLER300,HERMIT,LEEDS;ärgern;;du ärgerst;Verb;;https://www.dwds.de/wb/%C3%A4rgern;0.0;5568.0;280;4074.0;15.3;;5528.0;1513.0
FEHLER200,FEHLER400;Ärgernis;;;;;;;;;;;;;
HERMIT,LEIPZIG;ärgert;;;;;;;;;;;8405.0;8998.0;802.0
BUCHMEIER,HERMIT;Ärmel;;;;;;;8349.0;164;;;;7918.0;955.0
BUCHMEIER,HERMIT;Ärsche;;;;;;;5193.0;309;;;;6659.0;1198.0
BUCHMEIER,HERMIT,LEIPZIG;Ärzte;;;;;;;2704.0;720;;;1538.0;2380.0;4455.0
HERMIT,LEIPZIG;Ärzten;;;;;;;;;;;5759.0;9477.0;752.0
B1,BUCHMEIER,HERMIT;Ärztin;die;;Substantiv;fem.;https://www.dwds.de/wb/%C3%84rztin;0.0;5047.0;322;;;;3895.0;2384.0
B1,LEEDS;äußerlich;;;Adjektiv;;https://www.dwds.de/wb/%C3%A4u%C3%9Ferlich;0.0;;;4785.0;12.35;;;
LEEDS,LEIPZIG;äußern;;;;;;;;;1121.0;67.93;3896.0;;
BUCHMEIER,HERMIT,LEEDS,LEIPZIG;äußerst;;;;;;;3662.0;489;1450.0;52.34;1916.0;2959.0;3357.0
LEEDS,LEIPZIG;Äußerung;;;;;;;;;2104.0;35.25;7513.0;;
B1,BUCHMEIER,HERMIT,LEEDS,LEIPZIG;öffentlich;;;Adjektiv;;https://www.dwds.de/wb/%C3%B6ffentlich;0.0;6579.0;225;248.0;275.48;1572.0;4723.0;1863.0
BUCHMEIER,HERMIT,LEIPZIG;öffentliche;;;;;;;6086.0;250;;;1314.0;5620.0;1481.0
BUCHMEIER,HERMIT,LEIPZIG;öffentlichen;;;;;;;5803.0;265;;;858.0;5504.0;1519.0
B1,BUCHMEIER,HERMIT,LEEDS,LEIPZIG;Öffentlichkeit;die;;Substantiv;fem.;https://www.dwds.de/wb/%C3%96ffentlichkeit;0.0;3764.0;467;856.0;87.52;888.0;3004.0;3306.0
BUCHMEIER,HERMIT;Öffne;;;;;;;3640.0;491;;;;2817.0;3561.0
A1,BUCHMEIER,BW3,HERMIT,LEEDS,LEIPZIG;öffnen;;du öffnest, Öffnung;Verb;;https://www.dwds.de/wb/%C3%B6ffnen;0.0;1510.0;1442;674.0;109.25;2845.0;1154.0;10809.0
BUCHMEIER,HERMIT,LEIPZIG;öffnet;;;;;;;3977.0;439;;;4317.0;2678.0;3847.0
BUCHMEIER,HERMIT,LEIPZIG;öffnete;;;;;;;8592.0;157;;;9234.0;7245.0;1073.0
LEEDS,LEIPZIG;Öffnung;;;;;;;;;3195.0;21.01;3785.0;;
B1,BUCHMEIER,HERMIT,LEEDS,LEIPZIG;öfter;;;Komparativ;;https://www.dwds.de/wb/%C3%B6fter;0.0;3107.0;606;3174.0;21.2;4303.0;2521.0;4140.0
B1,LEEDS,LEIPZIG;ökologisch;;;Adjektiv;;https://www.dwds.de/wb/%C3%B6kologisch;0.0;;;2271.0;32.36;5568.0;;
LEEDS,LEIPZIG;Ökonomie;;;;;;;;;3244.0;20.66;8583.0;;
A1,BUCHMEIER,BW1,HERMIT,LEEDS,LEIPZIG;Öl;das;ölig;Substantiv;neutr.;https://www.dwds.de/wb/%C3%96l;0.0;7505.0;188;3050.0;22.33;3540.0;3904.0;2376.0
LEEDS,LEIPZIG;Österreich;;;;;;;;;899.0;83.73;1401.0;;
LEEDS,LEIPZIG;östlich;;;;;;;;;3514.0;18.68;7609.0;;
BUCHMEIER,HERMIT,LEEDS;übel;;;;;;;1713.0;1249;3340.0;19.9;;1447.0;8362.0
A2,BUCHMEIER,BW1,HERMIT,LEEDS,LEIPZIG;üben;;du übst, Übung;Verb;;https://www.dwds.de/wb/%C3%BCben;0.0;3792.0;463;1777.0;42.19;5389.0;3221.0;3014.0
A1,BUCHMEIER,BW3,HERMIT,LEEDS,LEIPZIG,LEO739,NRW111;über;;;Präposition;;https://www.dwds.de/wb/%C3%BCber#1;0.0;121.0;29926;41.0;2145.43;42.0;116.0;196855.0
A2,BUCHMEIER,BW3,FEHLER300,HERMIT,LEEDS,LEIPZIG;überall;;;Adverb;;https://www.dwds.de/wb/%C3%BCberall;0.0;822.0;3095;914.0;82.72;1357.0;675.0;21161.0
HERMIT,LEEDS,LEIPZIG;überaus;;;;;;;;;4094.0;15.21;5267.0;6525.0;1229.0
LEEDS,LEIPZIG;Überblick;;;;;;;;;2516.0;28.51;4523.0;;
BUCHMEIER,HERMIT;überbringen;;;;;;;9553.0;137;;;;8297.0;899.0
BUCHMEIER,HERMIT;überdenken;;;;;;;9710.0;134;;;;7045.0;1111.0
LEEDS,LEIPZIG;überdies;;;;;;;;;4729.0;12.6;4938.0;;
BUCHMEIER,HERMIT,LEIPZIG;überein;;;;;;;7397.0;192;;;9478.0;6633.0;1205.0
HERMIT,LEEDS,LEIPZIG;Übereinstimmung;;;;;;;;;3865.0;16.46;7575.0;9920.0;707.0
B1,BUCHMEIER,HERMIT;überfahren;;;Verb;;https://www.dwds.de/wb/%C3%BCberfahren;0.0;5477.0;285;;;;5132.0;1656.0
BUCHMEIER,HERMIT,LEIPZIG;Überfall;;;;;;;4423.0;380;;;5164.0;3805.0;2451.0
BUCHMEIER,HERMIT,LEIPZIG;überfallen;;;;;;;4010.0;434;;;6441.0;3304.0;2936.0
BUCHMEIER,HERMIT,LEEDS,LEIPZIG;überflüssig;;;;;;;9709.0;134;3393.0;19.51;4394.0;8317.0;896.0
BUCHMEIER,HERMIT,LEIPZIG;Übergabe;;;;;;;7529.0;187;;;7942.0;9251.0;776.0
LEEDS,LEIPZIG;Übergang;;;;;;;;;2473.0;29.09;4634.0;;
BUCHMEIER,HERMIT,LEEDS,LEIPZIG;übergeben;;;;;;;2837.0;675;2597.0;27.49;3012.0;2644.0;3897.0
B1,BUCHMEIER,HERMIT,LEEDS,LEIPZIG;überhaupt;;;Adverb;;https://www.dwds.de/wb/%C3%BCberhaupt;0.0;543.0;5480;338.0;208.77;452.0;458.0;35566.0
B1;überholen;;;Verb;;https://www.dwds.de/wb/%C3%BCberholen;0.0;;;;;;;
BUCHMEIER,HERMIT;Überlass;;;;;;;9095.0;146;;;;6631.0;1206.0
BUCHMEIER,HERMIT;überlasse;;;;;;;6981.0;207;;;;6041.0;1361.0
BUCHMEIER,HERMIT,LEEDS,LEIPZIG;überlassen;;;;;;;3490.0;523;2065.0;35.98;3124.0;2614.0;3952.0
BUCHMEIER,HERMIT,LEEDS,LEIPZIG;überleben;;;;;;;1725.0;1240;2624.0;27.12;4941.0;1333.0;9139.0
BUCHMEIER,HERMIT;Überlebende;;;;;;;6774.0;216;;;;7411.0;1043.0
BUCHMEIER,HERMIT,LEIPZIG;Überlebenden;;;;;;;6446.0;231;;;9417.0;6241.0;1305.0
BUCHMEIER,HERMIT,LEIPZIG;überlebt;;;;;;;2324.0;868;;;5865.0;2052.0;5274.0
BUCHMEIER,HERMIT;Überleg;;;;;;;9552.0;137;;;;4958.0;1739.0
BUCHMEIER,HERMIT;überlege;;;;;;;6686.0;220;;;;4585.0;1930.0
B1,BUCHMEIER,HERMIT,LEEDS,LEIPZIG;überlegen;;;Verb;;https://www.dwds.de/wb/%C3%BCberlegen#1;0.0;2415.0;821;1609.0;46.69;3615.0;1806.0;6249.0
BUCHMEIER,HERMIT,LEIPZIG;überlegt;;;;;;;3072.0;614;;;6359.0;2265.0;4736.0
A2,BUCHMEIER,HERMIT;übermorgen;;;Adverb;;https://www.dwds.de/wb/%C3%BCbermorgen;0.0;9995.0;129;;;;5792.0;1430.0
A1,BUCHMEIER,HERMIT;übernachten;;;Verb;;https://www.dwds.de/wb/%C3%BCbernachten;0.0;6799.0;215;;;;5181.0;1638.0
B1;Übernachtung;die;;Substantiv;fem.;https://www.dwds.de/wb/%C3%9Cbernachtung;0.0;;;;;;;
BUCHMEIER,HERMIT,LEIPZIG;übernahm;;;;;;;9763.0;133;;;2867.0;9989.0;702.0
LEEDS,LEIPZIG;Übernahme;;;;;;;;;2423.0;29.98;1492.0;;
BUCHMEIER,HERMIT;übernehme;;;;;;;3663.0;488;;;;2974.0;3336.0
B1,BUCHMEIER,HERMIT,LEEDS,LEIPZIG;übernehmen;;;Verb;;https://www.dwds.de/wb/%C3%BCbernehmen;0.0;1823.0;1169;483.0;150.07;978.0;1381.0;8774.0
BUCHMEIER,HERMIT,LEIPZIG;übernimmt;;;;;;;5384.0;292;;;2157.0;4262.0;2126.0
BUCHMEIER,HERMIT,LEIPZIG;übernommen;;;;;;;4824.0;341;;;1139.0;4518.0;1969.0
BUCHMEIER,HERMIT;überprüfe;;;;;;;7162.0;201;;;;6033.0;1364.0
B1,BUCHMEIER,HERMIT,LEEDS,LEIPZIG;überprüfen;;;Verb;;https://www.dwds.de/wb/%C3%BCberpr%C3%BCfen;0.0;2316.0;870;1615.0;46.54;3116.0;1738.0;6561.0
BUCHMEIER,HERMIT,LEIPZIG;überprüft;;;;;;;3078.0;612;;;3519.0;2296.0;4671.0
LEEDS,LEIPZIG;Überprüfung;;;;;;;;;3272.0;20.41;4442.0;;
B1,BUCHMEIER,HERMIT;überqueren;;;Verb;;https://www.dwds.de/wb/%C3%BCberqueren;0.0;8627.0;156;;;;8329.0;893.0
B1,BUCHMEIER,HERMIT,LEEDS;überraschen;;;Verb;;https://www.dwds.de/wb/%C3%BCberraschen;0.0;5015.0;324;2509.0;28.61;;3556.0;2659.0
BUCHMEIER,HERMIT,LEEDS,LEIPZIG;überraschend;;;;;;;8243.0;166;2441.0;29.67;2261.0;6048.0;1360.0
BUCHMEIER,HERMIT,LEIPZIG;überrascht;;;;;;;1665.0;1292;;;2840.0;1314.0;9304.0
B1,BUCHMEIER,HERMIT,LEEDS,LEIPZIG;Überraschung;die;;Substantiv;fem.;https://www.dwds.de/wb/%C3%9Cberraschung;0.0;1675.0;1282;3078.0;22.1;4213.0;1241.0;9952.0
BUCHMEIER,HERMIT,LEIPZIG;Überraschungen;;;;;;;6121.0;248;;;7824.0;5220.0;1624.0
B1,BUCHMEIER,HERMIT;überreden;;;Verb;;https://www.dwds.de/wb/%C3%BCberreden;0.0;6445.0;231;;;;4859.0;1786.0
BUCHMEIER,HERMIT;überredet;;;;;;;7853.0;177;;;;6880.0;1143.0
BUCHMEIER,HERMIT,LEIPZIG;übers;;;;;;;3722.0;475;;;5407.0;2942.0;3384.0
LEEDS,LEIPZIG;überschreiten;;;;;;;;;2736.0;25.62;8441.0;;
B1,LEEDS,LEIPZIG;Überschrift;die;;Substantiv;fem.;https://www.dwds.de/wb/%C3%9Cberschrift;0.0;;;4467.0;13.61;8670.0;;
HERMIT,LEIPZIG;überschritten;;;;;;;;;;;4057.0;9259.0;775.0
BUCHMEIER,HERMIT,LEEDS,LEIPZIG;übersehen;;;;;;;5242.0;304;3105.0;21.92;4961.0;3631.0;2595.0
A2,BUCHMEIER,HERMIT,LEEDS;übersetzen;;;Verb;;https://www.dwds.de/wb/%C3%BCbersetzen;0.0;9018.0;148;2592.0;27.57;;8823.0;824.0
B1;Übersetzer;der;;Substantiv;mask.;https://www.dwds.de/wb/%C3%9Cbersetzer;0.0;;;;;;;
B1;Übersetzerin;die;;Substantiv;fem.;https://www.dwds.de/wb/%C3%9Cbersetzerin;0.0;;;;;;;
BUCHMEIER,HERMIT,LEIPZIG;Übersetzt;;;;;;;2334.0;863;;;5524.0;2191.0;4903.0
A2,BUCHMEIER,HERMIT,LEEDS,LEIPZIG;Übersetzung;die;;Substantiv;fem.;https://www.dwds.de/wb/%C3%9Cbersetzung;0.0;1742.0;1229;2157.0;34.37;5585.0;2076.0;5207.0
LEEDS,LEIPZIG;Übersicht;;;;;;;;;2640.0;26.89;5884.0;;
BUCHMEIER,HERMIT,LEIPZIG;überstanden;;;;;;;8062.0;171;;;8573.0;7350.0;1056.0
BUCHMEIER,HERMIT;überstehen;;;;;;;6515.0;228;;;;6314.0;1284.0
B1;Überstunde;die;;Substantiv;fem.;https://www.dwds.de/wb/%C3%9Cberstunde;0.0;;;;;;;
BUCHMEIER,HERMIT,LEIPZIG;Überstunden;;;;;;;9994.0;129;;;7451.0;7538.0;1020.0
FEHLER200,FEHLER400;übersät;;;;;;;;;;;;;
BUCHMEIER,HERMIT,LEEDS,LEIPZIG;übertragen;;;;;;;4935.0;331;1287.0;58.83;1775.0;4532.0;1960.0
BUCHMEIER,HERMIT,LEEDS,LEIPZIG;Übertragung;;;;;;;7362.0;193;2967.0;23.11;4930.0;7239.0;1075.0
B1,BUCHMEIER,HERMIT,LEEDS;übertreiben;;;Verb;;https://www.dwds.de/wb/%C3%BCbertreiben;0.0;7986.0;173;4879.0;12.01;;7031.0;1112.0
BUCHMEIER,HERMIT,LEIPZIG;übertrieben;;;;;;;4542.0;367;;;9124.0;4480.0;1993.0
BUCHMEIER,HERMIT,LEEDS,LEIPZIG;überwachen;;;;;;;5044.0;322;3991.0;15.79;7985.0;4231.0;2144.0
BUCHMEIER,HERMIT,LEIPZIG;überwacht;;;;;;;5799.0;265;;;8192.0;5346.0;1576.0
BUCHMEIER,HERMIT,LEEDS,LEIPZIG;Überwachung;;;;;;;6577.0;225;3856.0;16.48;6036.0;6701.0;1186.0
A1;überweisen;;;Verb;;https://www.dwds.de/wb/%C3%BCberweisen;0.0;;;;;;;
B1;Überweisung;die;;Substantiv;fem.;https://www.dwds.de/wb/%C3%9Cberweisung;0.0;;;;;;;
LEEDS,LEIPZIG;überwiegend;;;;;;;;;1785.0;41.95;2104.0;;
BUCHMEIER,HERMIT,LEEDS,LEIPZIG;überwinden;;;;;;;6924.0;209;2029.0;36.57;4825.0;6476.0;1242.0
LEEDS,LEIPZIG;Überwindung;;;;;;;;;4945.0;11.79;9975.0;;
B1,BUCHMEIER,HERMIT,LEEDS,LEIPZIG;überzeugen;;;Verb;;https://www.dwds.de/wb/%C3%BCberzeugen;0.0;2877.0;666;1555.0;48.83;3461.0;2189.0;4906.0
BUCHMEIER,HERMIT,LEEDS,LEIPZIG;überzeugend;;;;;;;6948.0;208;3392.0;19.51;6872.0;6108.0;1341.0
BUCHMEIER,HERMIT,LEEDS,LEIPZIG;überzeugt;;;;;;;2439.0;811;2059.0;36.09;1604.0;1928.0;5788.0
B1,HERMIT,LEEDS,LEIPZIG;Überzeugung;die;;Substantiv;fem.;https://www.dwds.de/wb/%C3%9Cberzeugung;0.0;;;2045.0;36.33;3379.0;9032.0;799.0
BUCHMEIER,HERMIT;üble;;;;;;;8867.0;151;;;;7801.0;975.0
B1,BUCHMEIER,HERMIT,LEEDS,LEIPZIG;üblich;;;Adjektiv;;https://www.dwds.de/wb/%C3%BCblich;0.0;6685.0;220;1102.0;69.14;3292.0;5055.0;1699.0
BUCHMEIER,HERMIT,LEIPZIG;übliche;;;;;;;9051.0;147;;;6445.0;4619.0;1914.0
BUCHMEIER,HERMIT,LEIPZIG;üblichen;;;;;;;8022.0;172;;;2694.0;6677.0;1192.0
B1,BUCHMEIER,HERMIT,LEEDS,LEIPZIG;übrig;;;Adjektiv;;https://www.dwds.de/wb/%C3%BCbrig;0.0;1396.0;1578;627.0;115.95;2802.0;1422.0;8515.0
HERMIT,LEIPZIG;übrigen;;;;;;;;;;;1946.0;7731.0;986.0
B1,BUCHMEIER,FEHLER200,FEHLER400,HERMIT,LEEDS,LEIPZIG;übrigens;;;Adverb;;https://www.dwds.de/wb/%C3%BCbrigens;0.0;2111.0;980;898.0;83.79;1834.0;1264.0;9753.0
B1,BUCHMEIER,BW3,HERMIT,LEEDS,LEIPZIG;Übung;die;üben, du übst;Substantiv;fem.;https://www.dwds.de/wb/%C3%9Cbung;0.0;3944.0;443;2293.0;31.97;8984.0;3809.0;2449.0
